timestamp,open,high,low,close,volume,close_time,quote_av,trades,tb_base_av,tb_quote_av,ignore
2020-07-23 14:00:00,509.5,845.0,509.5,575.12,5663.4183299999995,1595514599999,3567512.7307344,11922,3283.4351,2059851.2162694999,0
2020-07-23 14:30:00,575.38,581.19,560.0,560.0,688.29957,1595516399999,394104.5860789,1145,257.97102,148111.812836,0
2020-07-23 15:00:00,558.0,569.48,546.0,552.51,697.97316,1595518199999,388996.43512459996,1146,293.66132999999996,164005.99125679999,0
2020-07-23 15:30:00,550.88,553.7,545.69,548.52,157.74676000000005,1595519999999,86633.7642527,304,63.0747,34721.2764645,0
2020-07-23 16:00:00,549.71,549.8,532.35,539.6,392.8118,1595521799999,211984.58020599998,698,149.71679,80722.3911963,0
2020-07-23 16:30:00,539.75,549.88,539.6,548.81,159.34023,1595523599999,86939.34683380001,651,128.50433,70148.8325458,0
2020-07-23 17:00:00,548.81,551.21,535.0,546.7,151.57011,1595525399999,82877.8875579,311,66.89245,36744.0094682,0
2020-07-23 17:30:00,545.87,552.17,535.0,535.19,150.02008999999995,1595527199999,81346.97273230001,282,38.29355,20915.4953157,0
2020-07-23 18:00:00,535.29,538.06,522.39,532.26,98.76822,1595528999999,52372.286865099995,215,41.51277,21961.9714656,0
2020-07-23 18:30:00,529.71,532.66,527.14,527.73,55.30578000000001,1595530799999,29320.2255931,103,36.4265,19332.9939669,0
2020-07-23 19:00:00,527.65,527.73,522.0,524.87,84.26573,1595532599999,44207.37283480001,134,15.120470000000001,7938.9438275,0
2020-07-23 19:30:00,524.09,533.23,522.17,533.1,74.18706999999998,1595534399999,39279.331212699995,123,36.0375,19068.735075599998,0
2020-07-23 20:00:00,533.1,533.38,520.0,522.5,197.91751000000002,1595536199999,104073.4545658,186,79.15469,41708.4486797,0
2020-07-23 20:30:00,522.5,522.78,518.11,519.0,100.58851999999999,1595537999999,52301.36452330001,120,25.89719,13483.230346200002,0
2020-07-23 21:00:00,519.03,538.22,518.11,535.0,130.69523999999998,1595539799999,69339.85769419999,225,92.67954,49187.663906199996,0
2020-07-23 21:30:00,533.13,536.66,532.96,533.29,19.932000000000002,1595541599999,10661.797990000001,40,9.92324,5317.7620165,0
2020-07-23 22:00:00,533.3,543.38,533.29,543.18,52.83388000000001,1595543399999,28433.6080069,94,43.57772,23486.4239226,0
2020-07-23 22:30:00,543.18,543.18,529.87,530.8,144.09223,1595545199999,77218.239707,159,19.9967,10713.1815972,0
2020-07-23 23:00:00,530.8,530.8,526.0,529.79,36.81941,1595546999999,19451.9958438,59,7.76837,4109.7234445,0
2020-07-23 23:30:00,529.79,530.0,525.6,529.32,28.80428,1595548799999,15191.3636326,40,2.78573,1473.6825699,0
2020-07-24 00:00:00,530.15,544.5,530.15,540.0,125.40756,1595550599999,67763.8579385,164,76.64883,41387.152251,0
2020-07-24 00:30:00,538.67,540.0,532.0,536.38,39.04246,1595552399999,20953.019563799997,86,8.85576,4751.6028008,0
2020-07-24 01:00:00,536.38,553.0,536.01,547.09,205.92427,1595554199999,112920.64467739999,318,114.65038,62806.49231290001,0
2020-07-24 01:30:00,547.75,548.39,538.92,538.92,52.903040000000004,1595555999999,28776.7360671,88,10.79167,5858.290969600002,0
2020-07-24 02:00:00,538.92,539.38,525.89,529.61,234.09544,1595557799999,124681.9722806,372,72.71114,38516.449845099996,0
2020-07-24 02:30:00,529.71,532.17,527.6,532.17,31.7538,1595559599999,16810.949527700002,78,20.339679999999998,10764.2357268,0
2020-07-24 03:00:00,532.28,536.53,532.17,536.53,60.72979,1595561399999,32497.414806200002,63,50.27933,26913.213214999996,0
2020-07-24 03:30:00,536.55,536.55,532.62,532.62,14.535079999999999,1595563199999,7789.8585335,13,11.75118,6305.0861415,0
2020-07-24 04:00:00,531.57,535.31,531.56,533.24,15.54396,1595564999999,8293.7011189,21,7.00097,3740.3569227,0
2020-07-24 04:30:00,533.07,534.95,528.89,529.5,27.74367,1595566799999,14749.800152700001,46,6.7097,3567.154874000001,0
2020-07-24 05:00:00,529.5,529.5,522.0,522.02,37.43612,1595568599999,19639.2985354,54,2.84705,1498.9205531,0
2020-07-24 05:30:00,522.02,522.88,518.73,521.52,122.48655,1595570399999,63784.5807007,139,29.1577,15194.725381299999,0
2020-07-24 06:00:00,519.01,521.4,513.95,515.0,84.29038,1595572199999,43573.1783991,83,23.09997000000001,11926.3218643,0
2020-07-24 06:30:00,516.62,517.21,514.45,514.45,18.27955,1595573999999,9427.1987651,49,5.01125,2587.0410612,0
2020-07-24 07:00:00,517.19,517.19,506.22,510.0,133.64235,1595575799999,68082.706046,184,27.37329,13958.829945700001,0
2020-07-24 07:30:00,509.0,510.63,504.57,508.25,63.3791,1595577599999,32159.8176488,89,13.239720000000002,6736.725495300001,0
2020-07-24 08:00:00,508.39,508.78,505.72,506.66,41.07954,1595579399999,20828.3403872,57,10.8732,5527.6998942,0
2020-07-24 08:30:00,506.66,509.8,506.66,509.8,21.1095,1595581199999,10716.7878012,50,10.61398,5398.818523399998,0
2020-07-24 09:00:00,509.71,510.78,507.48,510.56,30.23405,1595582999999,15404.508605500001,74,15.710270000000001,8009.146317399999,0
2020-07-24 09:30:00,510.56,510.79,507.66,507.94,35.31867000000001,1595584799999,17995.494299500002,80,7.7229600000000005,3937.1286726999997,0
2020-07-24 10:00:00,509.0,510.38,507.66,508.4,31.27614,1595586599999,15908.4823299,55,17.3252,8818.360977200002,0
2020-07-24 10:30:00,508.4,509.52,506.37,508.08,62.118719999999996,1595588399999,31550.502849599998,101,8.58924,4365.245239800001,0
2020-07-24 11:00:00,506.78,507.77,503.11,505.02,88.80034,1595590199999,44893.6690339,163,21.93703,11096.393576299999,0
2020-07-24 11:30:00,505.02,509.35,504.58,509.35,151.43344,1595591999999,76646.4727697,137,38.81813,19663.6557415,0
2020-07-24 12:00:00,508.49,516.29,508.49,515.6,104.13886,1595593799999,53379.8699806,129,28.50174,14633.3917132,0
2020-07-24 12:30:00,515.6,515.6,510.84,511.01,39.74621,1595595599999,20370.674896599998,78,21.03463,10782.029953399999,0
2020-07-24 13:00:00,511.16,511.16,508.85,508.85,22.12957,1595597399999,11277.169840100001,36,7.956539999999999,4056.4487718,0
2020-07-24 13:30:00,508.7,510.98,508.7,508.87,8.15598,1595599199999,4163.394099499998,13,7.85535,4010.4237983000003,0
2020-07-24 14:00:00,509.11,518.64,509.11,515.47,99.59249,1595600999999,51356.3575199,143,61.053940000000004,31497.1644027,0
2020-07-24 14:30:00,514.62,518.5,514.38,518.5,37.39894,1595602799999,19308.8879378,73,26.15561,13511.0658789,0
2020-07-24 15:00:00,518.53,520.85,517.65,519.51,16.99419,1595604599999,8830.9304231,40,15.020779999999998,7807.7997926,0
2020-07-24 15:30:00,519.0,519.0,514.13,514.13,27.77845,1595606399999,14347.416803299999,54,12.22809,6324.8330163,0
2020-07-24 16:00:00,514.23,521.83,513.31,517.07,45.616009999999996,1595608199999,23636.826613900004,50,29.916359999999997,15555.374381799998,0
2020-07-24 16:30:00,516.32,516.32,513.28,515.45,14.578870000000002,1595609999999,7488.763197499998,22,8.941139999999997,4594.7102923,0
2020-07-24 17:00:00,513.01,514.37,510.78,510.78,16.30834,1595611799999,8345.3204957,32,5.81004,2978.2081329999996,0
2020-07-24 17:30:00,510.8,513.01,509.74,509.79,19.968320000000002,1595613599999,10190.372880600002,45,14.021479999999999,7158.207096699999,0
2020-07-24 18:00:00,509.79,514.21,509.79,514.21,6.34349,1595615399999,3255.6873532,27,1.4474200000000002,741.0298853999999,0
2020-07-24 18:30:00,515.54,517.77,511.0,511.0,8.26982,1595617199999,4248.9877753,24,1.20891,620.3347253,0
2020-07-24 19:00:00,512.41,513.35,510.4,511.0,29.975690000000004,1595618999999,15328.8628331,35,2.66585,1363.6519551,0
2020-07-24 19:30:00,510.07,510.07,509.32,510.0,4.69653,1595620799999,2394.6346128,9,0.0,0.0,0
2020-07-24 20:00:00,511.0,511.55,510.1,510.5,5.60493,1595622599999,2864.7425308,16,2.05327,1049.8959088,0
2020-07-24 20:30:00,510.51,512.9,510.51,512.9,16.39211,1595624399999,8393.579749600001,24,3.9123300000000003,2005.2504682999997,0
2020-07-24 21:00:00,512.93,514.32,511.57,514.32,23.94396,1595626199999,12284.1338782,41,9.26313,4756.001927699999,0
2020-07-24 21:30:00,514.7,516.54,514.7,516.16,5.41579,1595627999999,2791.2471425999997,14,3.41985,1763.7535555999998,0
2020-07-24 22:00:00,516.4,519.27,516.39,516.9,53.00855,1595629799999,27418.630326,113,19.552989999999998,10121.57573,0
2020-07-24 22:30:00,516.9,518.82,515.57,515.57,30.348609999999997,1595631599999,15665.712091100002,45,2.85301,1475.0709683,0
2020-07-24 23:00:00,518.82,518.82,516.0,516.0,7.7370899999999985,1595633399999,3994.5636744999997,10,3.43879,1774.7077774,0
2020-07-24 23:30:00,518.51,518.91,514.0,514.0,20.65575,1595635199999,10657.9691442,48,8.282910000000001,4285.8112393,0
2020-07-25 00:00:00,514.0,514.09,514.0,514.09,0.30589,1595636999999,157.25008219999995,3,0.00045999999999999996,0.23644,0
2020-07-25 00:30:00,513.78,513.86,512.94,513.15,27.05466,1595638799999,13895.3873651,50,5.0199300000000004,2578.4829763000002,0
2020-07-25 01:00:00,513.15,513.59,511.08,511.08,19.49279,1595640599999,9994.5066824,31,3.9689099999999997,2035.6012217999998,0
2020-07-25 01:30:00,510.59,511.79,508.0,509.07,73.9575,1595642399999,37685.9907155,69,39.08786,19940.2953114,0
2020-07-25 02:00:00,509.25,510.17,506.79,509.31,61.99491,1595644199999,31516.413061799998,63,12.05793,6131.4816032,0
2020-07-25 02:30:00,509.31,512.35,509.31,511.45,15.43784,1595645999999,7896.511356999998,28,10.80178,5524.846912100003,0
2020-07-25 03:00:00,511.45,512.12,505.8,507.79,201.18288,1595647799999,102433.71761939999,164,110.88215,56515.597679,0
2020-07-25 03:30:00,507.5,507.5,506.82,506.85,11.42718,1595649599999,5791.9133642,34,1.07064,542.7010652,0
2020-07-25 04:00:00,506.85,509.17,506.0,508.38,25.56074,1595651399999,12958.278651999999,27,18.46304,9359.9047393,0
2020-07-25 04:30:00,506.31,508.68,505.19,508.68,51.01945,1595653199999,25830.7858771,40,10.39343,5283.666907600002,0
2020-07-25 05:00:00,509.08,509.18,506.05,506.05,9.64177,1595654999999,4900.0732555,23,8.002239999999999,4067.4681481,0
2020-07-25 05:30:00,509.0,509.19,506.6,509.15,4.73382,1595656799999,2407.7991474,17,2.0853099999999998,1061.4412472000001,0
2020-07-25 06:00:00,506.61,508.3,500.35,505.0,106.58337,1595658599999,53698.15191950001,114,22.76447000000001,11479.6058328,0
2020-07-25 06:30:00,505.0,505.54,501.36,504.54,104.0791,1595660399999,52431.8232801,117,51.4183,25931.103473599997,0
2020-07-25 07:00:00,502.58,505.03,500.52,502.0,35.80622,1595662199999,17965.8086212,31,14.981910000000001,7525.0966608,0
2020-07-25 07:30:00,502.01,505.25,502.01,505.25,4.80872,1595663999999,2425.7626555,9,4.15172,2095.203748,0
2020-07-25 08:00:00,505.25,506.92,504.06,506.92,6.9069199999999995,1595665799999,3493.2933668000005,20,5.73792,2902.857226800001,0
2020-07-25 08:30:00,507.3,507.87,505.36,507.86,15.63211,1595667599999,7907.985903399999,28,15.27014,7724.8109667,0
2020-07-25 09:00:00,507.85,507.85,505.46,505.46,1.9379400000000002,1595669399999,979.5641301,6,0.027939999999999996,14.1355301,0
2020-07-25 09:30:00,504.53,511.88,503.99,509.28,67.34985999999999,1595671199999,34211.005073299995,106,52.681309999999996,26807.3845384,0
2020-07-25 10:00:00,511.78,511.99,510.0,511.5,16.8267,1595672999999,8609.6449561,25,16.8267,8609.6449561,0
2020-07-25 10:30:00,509.61,509.8,508.53,508.53,19.629260000000002,1595674799999,9997.3980971,19,8.03974,4093.7134064999996,0
2020-07-25 11:00:00,508.03,509.46,507.37,509.46,35.47902,1595676599999,18027.8450301,44,18.159779999999998,9229.680358299998,0
2020-07-25 11:30:00,508.48,508.48,507.59,508.01,10.83157,1595678399999,5503.4489752,16,3.13591,1592.3013781,0
2020-07-25 12:00:00,507.58,508.37,507.5,508.37,3.3461800000000004,1595680199999,1699.4623531,5,3.3111900000000003,1681.7021289000006,0
2020-07-25 12:30:00,508.05,508.05,506.78,506.78,9.86046,1595681999999,4999.5301218,19,0.39341,199.8719505,0
2020-07-25 13:00:00,506.5,506.5,502.69,503.44,39.02334000000001,1595683799999,19660.752201599997,60,6.51037,3275.5380973,0
2020-07-25 13:30:00,503.44,505.09,502.0,502.0,43.24847000000001,1595685599999,21751.553145599995,50,1.24686,628.5865222,0
2020-07-25 14:00:00,502.26,502.26,501.44,501.73,12.51355,1595687399999,6279.9166525,22,1.3039399999999999,653.9707922,0
2020-07-25 14:30:00,501.48,501.48,499.19,499.58,89.75001999999998,1595689199999,44886.30072260001,146,53.767630000000004,26886.216451,0
2020-07-25 15:00:00,499.66,500.0,499.09,499.12,63.883869999999995,1595690999999,31932.7445421,63,52.21334,26106.0701004,0
2020-07-25 15:30:00,499.1,499.92,498.76,499.64,8.640419999999999,1595692799999,4312.8018346,13,3.15975,1578.7148541,0
2020-07-25 16:00:00,500.0,500.0,499.99,500.0,90.86308000000001,1595694599999,45431.4908825,88,90.86308000000001,45431.4908825,0
2020-07-25 16:30:00,500.0,501.0,498.53,500.71,9.5499,1595696399999,4773.362663399998,34,4.81851,2409.0276193000004,0
2020-07-25 17:00:00,500.0,508.5,500.0,508.4,64.09526,1595698199999,32350.241555599998,136,50.78772,25622.6309904,0
2020-07-25 17:30:00,508.39,510.79,506.05,510.79,65.25251999999999,1595699999999,33208.4022136,91,42.58779000000001,21680.197182900003,0
2020-07-25 18:00:00,510.9,519.11,510.0,519.11,22.73299,1595701799999,11681.6281987,68,22.62049,11623.7625537,0
2020-07-25 18:30:00,517.06,519.0,515.02,519.0,9.41489,1595703599999,4867.361964399999,25,3.8528599999999997,1997.8866338,0
2020-07-25 19:00:00,519.0,519.9,519.0,519.9,4.74759,1595705399999,2466.3132181999995,18,1.2575100000000001,653.739449,0
2020-07-25 19:30:00,519.9,520.12,518.99,519.82,10.6391,1595707199999,5524.6317954,19,3.7245,1935.8373603,0
2020-07-25 20:00:00,518.08,518.08,516.25,516.42,4.50106,1595708999999,2327.934539,13,0.09422,48.7960976,0
2020-07-25 20:30:00,516.36,519.0,516.27,516.47,10.52997,1595710799999,5445.425548800001,29,3.68557,1907.0338457000007,0
2020-07-25 21:00:00,517.25,518.34,516.28,518.34,6.4166099999999995,1595712599999,3318.6865331,23,4.809159999999999,2488.7451346000007,0
2020-07-25 21:30:00,518.99,520.0,517.68,519.95,15.80471,1595714399999,8194.1828295,34,4.34471,2255.788079,0
2020-07-25 22:00:00,519.95,520.52,518.49,520.52,2.81976,1595716199999,1467.1895882000001,15,2.6821099999999998,1395.8194397,0
2020-07-25 22:30:00,520.52,523.33,518.75,523.33,31.22983,1595717999999,16275.7173866,93,22.87678,11936.7441951,0
2020-07-25 23:00:00,522.87,536.86,520.5,534.03,80.9822,1595719799999,42993.7722546,193,71.01616999999997,37699.6303182,0
2020-07-25 23:30:00,534.92,534.92,523.74,525.43,77.00218000000002,1595721599999,40682.0370783,130,37.21215,19675.624142400004,0
2020-07-26 00:00:00,525.25,540.08,524.12,538.81,106.42876000000001,1595723399999,56578.327988900004,160,100.87049,53623.6324619,0
2020-07-26 00:30:00,537.38,537.38,529.13,529.37,97.69543,1595725199999,52267.2411255,137,37.35068,19973.2610768,0
2020-07-26 01:00:00,528.68,530.54,526.99,529.5,40.3425,1595726999999,21323.6051931,36,10.86857,5761.2166369,0
2020-07-26 01:30:00,530.2,532.45,528.43,532.45,9.7926,1595728799999,5201.2646749,21,9.15927,4865.783923,0
2020-07-26 02:00:00,532.57,539.21,532.57,537.67,80.83419,1595730599999,43387.01074380001,122,72.61323,38965.7952625,0
2020-07-26 02:30:00,537.67,537.67,528.49,528.49,36.57221,1595732399999,19521.3632013,67,0.41178000000000003,220.0966704,0
2020-07-26 03:00:00,531.26,532.53,531.26,531.77,7.322210000000001,1595734199999,3893.5723096,18,6.7567,3593.0659507,0
2020-07-26 03:30:00,531.77,533.13,531.77,531.94,13.21765,1595735999999,7035.080527399999,23,7.4093,3945.3613423,0
2020-07-26 04:00:00,532.59,534.92,532.59,534.9,18.832520000000002,1595737799999,10059.062789200001,44,11.085410000000001,5920.197203700001,0
2020-07-26 04:30:00,534.99,537.76,534.84,537.76,26.28633,1595739599999,14099.007846399998,67,10.79198,5790.2550486,0
2020-07-26 05:00:00,537.76,539.23,537.15,539.23,17.46414,1595741399999,9402.596779000001,43,15.52481,8359.1301246,0
2020-07-26 05:30:00,539.52,545.34,538.92,539.11,176.48818,1595743199999,95663.4525845,242,94.76346,51374.1703838,0
2020-07-26 06:00:00,539.1,539.1,537.29,537.29,13.785829999999999,1595744999999,7417.8646363000025,26,6.8095300000000005,3662.4849259000002,0
2020-07-26 06:30:00,538.06,538.06,531.26,532.95,36.97679,1595746799999,19738.4763869,70,8.5359,4556.544094200001,0
2020-07-26 07:00:00,533.92,536.75,533.69,536.75,34.40652,1595748599999,18401.6185576,75,17.73081,9489.728836299999,0
2020-07-26 07:30:00,538.83,552.34,538.83,552.0,68.59079,1595750399999,37509.68950630001,135,51.83034,28286.6140523,0
2020-07-26 08:00:00,551.93,552.57,544.17,545.25,63.800369999999994,1595752199999,34957.63212340001,98,28.630309999999998,15685.482404100001,0
2020-07-26 08:30:00,545.25,549.63,545.25,549.0,31.19888,1595753999999,17113.2287426,79,23.65729,12982.4665719,0
2020-07-26 09:00:00,547.96,549.2,545.0,547.23,62.34513000000001,1595755799999,34076.4860663,82,31.4841,17208.224384999998,0
2020-07-26 09:30:00,545.58,546.0,540.85,543.8,123.29203000000001,1595757599999,67130.3308324,134,12.84865,6998.8632949,0
2020-07-26 10:00:00,543.8,545.0,533.44,541.47,96.4243,1595759399999,52201.5003258,144,49.44834,26801.077151400004,0
2020-07-26 10:30:00,541.47,543.08,521.09,525.78,163.27004,1595761199999,86754.811862,315,34.06084,18088.7883123,0
2020-07-26 11:00:00,525.96,526.33,523.47,524.88,14.05378,1595762999999,7376.9778602,60,9.537360000000001,5007.2951094,0
2020-07-26 11:30:00,523.88,528.13,523.88,528.13,8.15,1595764799999,4294.0467602,22,8.15,4294.0467602,0
2020-07-26 12:00:00,527.75,528.36,526.89,528.35,6.9139,1595766599999,3648.972883,43,3.49396,1845.204538,0
2020-07-26 12:30:00,527.34,527.34,517.78,519.38,70.03262,1595768399999,36541.9276535,143,10.26291,5354.9586663,0
2020-07-26 13:00:00,519.23,519.81,518.01,518.01,37.703959999999995,1595770199999,19548.940229099997,45,14.994760000000001,7770.3172118,0
2020-07-26 13:30:00,518.5,518.69,517.05,518.69,5.63941,1595771999999,2922.446108500001,14,3.22949,1674.0222115,0
2020-07-26 14:00:00,518.06,519.59,518.06,519.59,4.45273,1595773799999,2309.2953608000007,7,2.40185,1246.816468,0
2020-07-26 14:30:00,520.17,523.28,520.13,523.28,70.20088,1595775599999,36601.808246900015,66,32.74204,17075.6024936,0
2020-07-26 15:00:00,523.76,528.54,523.76,527.64,31.570140000000002,1595777399999,16612.5218102,39,29.62657,15587.7501994,0
2020-07-26 15:30:00,527.67,529.0,527.66,528.85,16.869770000000006,1595779199999,8919.6385272,31,3.8043099999999996,2011.6121592999998,0
2020-07-26 16:00:00,527.68,528.39,525.23,525.23,28.21977,1595780999999,14860.9449146,37,2.63848,1393.1667212000002,0
2020-07-26 16:30:00,525.19,525.6,521.17,521.17,13.259329999999999,1595782799999,6942.6643322,19,2.60609,1367.1450864,0
2020-07-26 17:00:00,521.12,521.73,521.12,521.73,0.7109,1595784599999,370.4875893,4,0.03833,19.9979109,0
2020-07-26 17:30:00,520.83,520.83,518.51,518.51,10.33205,1595786399999,5367.2833596,17,0.15037,78.10217800000002,0
2020-07-26 18:00:00,518.45,518.92,517.92,518.92,4.07137,1595788199999,2110.7282797000007,12,0.9940000000000001,515.7761320000002,0
2020-07-26 18:30:00,518.1,518.39,516.5,517.32,15.41286,1595789999999,7972.781934999999,26,2.76777,1433.8223627,0
2020-07-26 19:00:00,517.05,517.05,515.82,515.96,1.9829700000000001,1595791799999,1023.1884494999999,11,0.0225,11.633625,0
2020-07-26 19:30:00,516.2,517.27,515.78,517.03,8.38705,1595793599999,4330.44426,22,5.77829,2981.889598,0
2020-07-26 20:00:00,516.94,516.94,513.9,514.0,11.910839999999999,1595795399999,6142.8531151,32,5.43594,2807.6917436999997,0
2020-07-26 20:30:00,512.33,516.38,511.7,516.38,57.50918000000001,1595797199999,29530.1632481,48,32.7594,16833.1245859,0
2020-07-26 21:00:00,516.37,516.69,515.14,516.24,8.915339999999997,1595798999999,4600.081220800002,22,6.67502,3443.2749468,0
2020-07-26 21:30:00,516.74,516.81,516.21,516.63,2.74134,1595800799999,1415.7609627999998,4,1.12151,579.5885185,0
2020-07-26 22:00:00,517.03,520.67,517.03,520.67,23.58296,1595802599999,12247.3051829,37,21.10322,10956.9453515,0
2020-07-26 22:30:00,519.86,520.56,518.46,518.46,3.2220400000000002,1595804399999,1676.0252236,8,2.95204,1535.9061605999998,0
2020-07-26 23:00:00,518.45,519.11,517.71,519.11,0.88251,1595806199999,457.434039,9,0.37783,195.9272135,0
2020-07-26 23:30:00,520.66,521.46,519.91,521.46,3.80725,1595807999999,1984.3006411,12,3.5642199999999997,1857.9469138,0
2020-07-27 00:00:00,520.59,521.13,518.66,521.13,10.84891,1595809799999,5638.301733,16,0.02113,11.0114769,0
2020-07-27 00:30:00,520.21,521.73,518.35,519.9,12.97283,1595811599999,6739.2630602,23,1.93613,1008.6684574,0
2020-07-27 01:00:00,521.74,522.28,520.1,522.28,1.7531900000000002,1595813399999,914.3174041000001,10,1.41177,736.7448621,0
2020-07-27 01:30:00,522.32,523.41,519.9,523.41,135.4743,1595815199999,70574.54045,84,82.09722,42733.571802,0
2020-07-27 02:00:00,523.45,524.92,523.4,523.46,61.43248000000001,1595816999999,32198.6432801,39,25.83185,13537.1545794,0
2020-07-27 02:30:00,523.46,526.18,523.21,526.13,7.55156,1595818799999,3964.9555162,17,5.74354,3018.7189386,0
2020-07-27 03:00:00,526.21,527.31,523.27,527.19,65.86946999999999,1595820599999,34574.508905,36,28.88686,15215.8264849,0
2020-07-27 03:30:00,527.18,527.2,516.76,517.0,39.66556,1595822399999,20659.8779281,68,13.30199,6949.6487625,0
2020-07-27 04:00:00,518.99,523.46,514.41,522.81,72.49169,1595824199999,37749.23508180001,123,36.61866,19071.919667500002,0
2020-07-27 04:30:00,522.78,522.78,519.17,519.17,3.9969300000000003,1595825999999,2079.6281754,8,1.0678,557.8683664,0
2020-07-27 05:00:00,519.17,519.17,517.4,517.4,3.0502,1595827799999,1580.5525665999999,12,0.02121,11.011595699999999,0
2020-07-27 05:30:00,517.25,518.5,516.11,517.73,23.90125,1595829599999,12353.945214200001,44,7.66973,3966.8227755000003,0
2020-07-27 06:00:00,517.73,518.33,516.27,516.95,2.79293,1595831399999,1442.8668807,11,0.46399999999999997,240.23872000000003,0
2020-07-27 06:30:00,516.95,516.95,516.95,516.95,1.19316,1595833199999,616.804062,3,1.19316,616.804062,0
2020-07-27 07:00:00,517.51,517.54,515.04,515.04,9.20787,1595834999999,4752.1993651,15,0.9697100000000001,501.7974221,0
2020-07-27 07:30:00,515.0,515.0,510.44,510.44,63.848659999999995,1595836799999,32714.1461212,60,12.3247,6312.044196800001,0
2020-07-27 08:00:00,510.44,514.98,510.44,514.68,77.63514,1595838599999,39704.4602643,58,42.19574,21572.884731000002,0
2020-07-27 08:30:00,514.73,515.36,513.72,515.34,5.75596,1595840399999,2962.7344832,16,4.05537,2088.6271313,0
2020-07-27 09:00:00,515.51,516.61,514.17,514.17,12.40648,1595842199999,6396.2986439,20,7.78023,4012.7875702,0
2020-07-27 09:30:00,512.81,515.57,512.6,513.67,34.27438,1595843999999,17600.3781534,16,2.28399,1173.74295,0
2020-07-27 10:00:00,512.5,515.92,512.5,515.5,9.81504,1595845799999,5054.1305437,14,7.335960000000001,3780.6422213,0
2020-07-27 10:30:00,515.41,516.24,515.41,516.24,4.67565,1595847599999,2411.3088141,13,4.67565,2411.3088141,0
2020-07-27 11:00:00,515.8,516.36,515.24,515.27,6.36246,1595849399999,3280.3190495999997,12,0.96401,497.1623006,0
2020-07-27 11:30:00,516.19,517.83,513.39,516.97,29.193920000000002,1595851199999,15040.430940399998,26,8.89392,4598.3828942,0
2020-07-27 12:00:00,515.9,517.79,515.9,517.79,1.51718,1595852999999,784.022066,5,1.29341,668.5791230000002,0
2020-07-27 12:30:00,516.08,518.55,516.08,518.55,18.74026,1595854799999,9708.905998100001,23,10.72663,5557.7168867,0
2020-07-27 13:00:00,519.65,520.98,519.65,520.98,5.58364,1595856599999,2903.4651908000005,15,5.52859,2874.8546048,0
2020-07-27 13:30:00,518.43,527.33,518.43,527.33,73.65381,1595858399999,38507.09586,71,34.4861,18036.170418,0
2020-07-27 14:00:00,527.13,530.86,526.5,530.27,94.15759,1595860199999,49878.9668366,74,25.99052,13763.788934900002,0
2020-07-27 14:30:00,530.27,530.48,513.8,513.8,113.61586000000001,1595861999999,59372.92880140001,103,22.82777,11955.8577369,0
2020-07-27 15:00:00,514.45,514.45,501.69,501.69,84.03598000000002,1595863799999,42468.099952599994,89,9.38413,4731.8034341,0
2020-07-27 15:30:00,504.24,504.95,503.71,504.95,12.9911,1595865599999,6548.029451899999,22,4.90353,2472.6370473,0
2020-07-27 16:00:00,504.76,506.4,503.17,505.15,22.811510000000002,1595867399999,11512.625308,45,12.37122,6250.2062084,0
2020-07-27 16:30:00,505.0,506.46,504.0,506.24,36.619859999999996,1595869199999,18501.269951599996,100,13.58782,6872.142395100002,0
2020-07-27 17:00:00,506.24,507.33,503.0,503.04,68.74351,1595870999999,34704.9004164,84,33.080999999999996,16708.478089,0
2020-07-27 17:30:00,505.19,517.93,501.91,517.93,206.90706,1595872799999,105304.6955693,188,108.36397,55378.7913189,0
2020-07-27 18:00:00,515.68,515.68,507.83,509.46,30.724840000000004,1595874599999,15667.325566,48,1.54853,790.0324668,0
2020-07-27 18:30:00,509.68,514.26,509.68,514.26,7.25663,1595876399999,3723.9499883000003,28,6.23926,3205.3338547,0
2020-07-27 19:00:00,514.26,515.68,510.24,515.68,21.43111,1595878199999,10994.5986782,44,6.93688,3571.5962151999997,0
2020-07-27 19:30:00,515.79,517.33,513.7,517.33,4.33574,1595879999999,2234.7026259,13,2.92916,1512.1320580999998,0
2020-07-27 20:00:00,517.25,517.25,514.91,514.91,3.18992,1595881799999,1646.8262103,6,3.11092,1606.1483203,0
2020-07-27 20:30:00,514.89,516.0,513.66,516.0,4.73044,1595883599999,2436.6425329,11,2.1487,1108.4129205,0
2020-07-27 21:00:00,514.05,514.05,509.81,510.38,26.90233,1595885399999,13761.4569586,39,0.71575,365.8691506,0
2020-07-27 21:30:00,510.78,512.79,510.78,512.79,5.5674800000000015,1595887199999,2851.1178334,15,3.0946700000000003,1586.4614816,0
2020-07-27 22:00:00,509.3,513.83,508.29,511.22,10.86683,1595888999999,5544.0449976,49,2.5782599999999998,1323.6820692,0
2020-07-27 22:30:00,511.22,511.22,508.25,508.75,36.4814,1595890799999,18585.4273804,44,7.56663,3854.1314742,0
2020-07-27 23:00:00,510.21,511.99,506.36,509.48,16.81682,1595892599999,8545.0081713,31,0.77372,395.6420086,0
2020-07-27 23:30:00,511.09,512.7,509.07,509.07,23.917370000000002,1595894399999,12190.0069983,31,16.12227,8219.7837205,0
2020-07-28 00:00:00,510.76,510.76,508.27,509.0,2.9851799999999997,1595896199999,1519.4888642,12,0.28669,146.42978440000005,0
2020-07-28 00:30:00,508.16,508.16,503.06,504.53,72.96467,1595897999999,36893.0073182,61,18.599420000000002,9400.1598609,0
2020-07-28 01:00:00,505.76,508.64,505.6,508.64,14.320310000000001,1595899799999,7263.1495771,26,12.84938,6518.701128600002,0
2020-07-28 01:30:00,508.64,512.09,508.15,511.88,19.49522,1595901599999,9940.7984749,31,18.80001,9586.7795246,0
2020-07-28 02:00:00,511.86,515.24,511.72,514.11,23.610770000000002,1595903399999,12139.3561034,25,19.55365,10052.646784,0
2020-07-28 02:30:00,514.04,514.04,510.57,510.57,43.9586,1595905199999,22546.9880592,49,29.416320000000002,15096.9360975,0
2020-07-28 03:00:00,510.35,510.92,509.64,509.95,6.40877,1595906999999,3268.4840082,19,0.11807999999999999,60.3158321,0
2020-07-28 03:30:00,509.53,513.05,509.53,510.99,0.11896,1595908799999,60.753028,4,0.02539,12.9740361,0
2020-07-28 04:00:00,512.87,512.87,510.99,511.6,5.74759,1595910599999,2943.8369096,15,0.15509,79.52335079999997,0
2020-07-28 04:30:00,511.61,513.82,511.61,512.67,6.836239999999999,1595912399999,3503.754040300001,22,4.082330000000002,2093.5609503,0
2020-07-28 05:00:00,511.6,514.8,511.6,514.36,16.68944,1595914199999,8565.1976703,29,10.816289999999999,5560.1628463,0
2020-07-28 05:30:00,511.98,513.28,511.72,511.72,23.30331,1595915999999,11929.559466399998,20,3.60771,1850.1540713,0
2020-07-28 06:00:00,512.0,514.36,511.6,514.36,2.18971,1595917799999,1122.3068167000001,14,1.99145,1020.6168431,0
2020-07-28 06:30:00,514.36,514.36,512.62,512.62,1.12553,1595919599999,577.3530096,4,0.0,0.0,0
2020-07-28 07:00:00,514.57,514.58,507.55,508.5,17.28857,1595921399999,8816.5220764,24,1.09554,560.4954491000002,0
2020-07-28 07:30:00,507.39,507.39,504.94,505.2,13.55374,1595923199999,6856.1139191,32,3.8027300000000004,1922.7313964000002,0
2020-07-28 08:00:00,506.0,506.81,505.07,506.81,2.74857,1595924999999,1390.8861696,10,0.5515800000000001,279.54480939999996,0
2020-07-28 08:30:00,505.64,506.48,504.92,504.92,2.79563,1595926799999,1413.5723587000002,8,0.72463,366.91191230000004,0
2020-07-28 09:00:00,505.0,505.0,502.01,502.01,17.55763,1595928599999,8839.9651106,32,5.0031300000000005,2520.046868,0
2020-07-28 09:30:00,502.71,503.88,502.0,502.89,6.73663,1595930399999,3392.145265300001,8,4.0613,2045.6863049000006,0
2020-07-28 10:00:00,503.74,503.74,498.0,499.44,45.69404,1595932199999,22892.9911001,54,5.71005,2867.1572760000013,0
2020-07-28 10:30:00,499.0,499.98,498.14,499.98,11.675980000000001,1595933999999,5828.1535969999995,12,3.57015,1783.0375127999994,0
2020-07-28 11:00:00,499.97,501.66,499.97,501.66,36.16935,1595935799999,18116.8504369,43,12.7833,6400.9063569,0
2020-07-28 11:30:00,501.71,505.33,500.33,505.33,18.20052,1595937599999,9153.9570699,21,11.705169999999999,5886.4546997,0
2020-07-28 12:00:00,506.13,506.27,505.0,506.27,6.51363,1595939399999,3291.8182925,15,2.51363,1271.8182925,0
2020-07-28 12:30:00,506.44,510.19,504.71,506.88,41.20117,1595941199999,20935.449827400003,34,38.49501,19566.0290227,0
2020-07-28 13:00:00,506.0,506.0,505.73,505.73,2.03785,1595942999999,1030.8821,3,0.0,0.0,0
2020-07-28 13:30:00,505.73,506.48,505.03,506.48,25.28211,1595944799999,12770.1935732,20,21.13264,10674.016859700001,0
2020-07-28 14:00:00,506.09,507.68,505.02,507.68,27.008709999999997,1595946599999,13656.6871901,36,8.90175,4498.4298625,0
2020-07-28 14:30:00,507.68,508.11,506.13,507.49,42.73422,1595948399999,21670.4690539,33,3.82616,1942.7991184999998,0
2020-07-28 15:00:00,507.92,507.92,506.41,506.41,4.29068,1595950199999,2177.9348760000007,6,4.0556800000000015,2058.928526,0
2020-07-28 15:30:00,505.59,508.1,505.59,506.57,2.70787,1595951999999,1373.3801308,4,0.6378699999999999,324.1017470000001,0
2020-07-28 16:00:00,508.1,508.1,501.64,504.46,112.37021000000001,1595953799999,56642.3245899,97,62.43234,31463.361407599998,0
2020-07-28 16:30:00,501.85,505.39,501.85,505.39,0.29489,1595955599999,148.7181658,3,0.2056,103.9079793,0
2020-07-28 17:00:00,503.61,503.61,501.35,501.99,16.90469,1595957399999,8490.281944499999,16,1.7664900000000001,886.6863335,0
2020-07-28 17:30:00,502.6,502.93,501.87,501.87,6.9108300000000025,1595959199999,3470.4171732,14,2.16393,1087.6037701,0
2020-07-28 18:00:00,502.22,502.78,501.08,501.08,24.39714,1595960999999,12257.6106574,27,7.29568,3665.7275365,0
2020-07-28 18:30:00,501.17,503.55,501.17,503.55,19.54131,1595962799999,9825.496270799998,25,18.61455,9359.7723474,0
2020-07-28 19:00:00,502.85,504.37,502.85,504.37,4.79718,1595964599999,2417.4596734,14,4.6711800000000006,2354.0919934,0
2020-07-28 19:30:00,504.49,505.53,504.49,505.53,3.0504599999999997,1595966399999,1539.6381371,9,3.00192,1515.1239809,0
2020-07-28 20:00:00,505.68,506.37,505.68,506.37,4.79223,1595968199999,2424.509026,12,3.69222,1867.903966,0
2020-07-28 20:30:00,506.39,512.46,506.39,512.38,14.418729999999998,1595969999999,7340.6429655,28,13.3254,6783.169895800002,0
2020-07-28 21:00:00,512.45,517.0,512.45,516.55,67.23594,1595971799999,34615.626509400005,50,24.4754,12593.9065594,0
2020-07-28 21:30:00,518.5,519.58,514.45,514.74,24.52094,1595973599999,12671.3649016,36,8.82452,4575.2515493,0
2020-07-28 22:00:00,515.23,515.23,513.13,513.13,5.78848,1595975399999,2974.8523705,15,1.1065399999999999,569.4920949,0
2020-07-28 22:30:00,512.97,516.36,512.84,514.52,30.81955,1595977199999,15860.089328,27,26.74134,13761.0382424,0
2020-07-28 23:00:00,515.87,516.67,515.87,516.67,4.07935,1595978999999,2105.3048102000002,9,4.07935,2105.3048102000002,0
2020-07-28 23:30:00,516.26,516.68,516.07,516.68,1.57686,1595980799999,814.6457677999997,8,1.46686,757.8628982000001,0
2020-07-29 00:00:00,517.58,517.73,516.68,516.69,20.72205,1595982599999,10708.8201047,24,18.77069,9700.591185700001,0
2020-07-29 00:30:00,516.69,516.98,516.68,516.98,1.69278,1595984399999,874.8758109999999,9,0.68903,356.03555,0
2020-07-29 01:00:00,515.63,517.22,514.62,514.62,33.32908,1595986199999,17182.6221314,33,23.71066,12225.7330833,0
2020-07-29 01:30:00,514.44,514.56,513.56,514.15,3.70729,1595987999999,1905.2043387,10,0.2592,133.2791911,0
2020-07-29 02:00:00,513.42,514.67,513.39,513.39,1.15642,1595989799999,593.7440539,3,0.02159,11.111725300000002,0
2020-07-29 02:30:00,513.39,513.39,513.39,513.39,0.0,1595991599999,0.0,0,0.0,0.0,0
2020-07-29 03:00:00,513.82,513.82,512.5,513.28,53.91696999999999,1595993399999,27640.6534866,32,42.064609999999995,21559.628801400002,0
2020-07-29 03:30:00,514.0,514.0,512.0,512.0,44.61255,1595995199999,22890.77402740001,36,24.665979999999998,12663.2959592,0
2020-07-29 04:00:00,513.53,515.2,513.21,514.59,2.72688,1595996999999,1402.7277620999994,9,1.55667,801.6643312000001,0
2020-07-29 04:30:00,512.95,514.49,512.95,514.49,3.0680099999999997,1595998799999,1578.0120609,9,2.7889,1434.8425864,0
2020-07-29 05:00:00,514.84,514.84,514.84,514.84,0.26575,1596000599999,136.81873000000002,1,0.26575,136.81873000000002,0
2020-07-29 05:30:00,513.45,513.57,512.42,513.57,2.4329,1596002399999,1248.9711780999999,7,1.0,513.57,0
2020-07-29 06:00:00,513.17,517.71,513.17,516.83,15.031820000000002,1596004199999,7757.920568899999,119,14.5756,7522.4464689,0
2020-07-29 06:30:00,517.04,519.18,517.04,519.17,10.0781,1596005999999,5226.2788947,17,7.973039999999999,4133.378816699998,0
2020-07-29 07:00:00,519.17,524.06,517.58,524.06,47.40405,1596007799999,24669.939812599998,58,40.1487,20891.421325299998,0
2020-07-29 07:30:00,524.06,524.06,524.06,524.06,0.04451,1596009599999,23.325910600000004,1,0.04451,23.325910600000004,0
2020-07-29 08:00:00,523.9,526.71,522.74,525.14,57.2772,1596011399999,30081.3643561,40,22.2763,11692.6992131,0
2020-07-29 08:30:00,526.77,532.24,526.33,530.6,85.6674,1596013199999,45287.149925699996,111,70.31883,37190.516141500004,0
2020-07-29 09:00:00,530.51,533.14,528.36,533.14,39.786970000000004,1596014999999,21141.4056104,61,33.17668,17638.8051906,0
2020-07-29 09:30:00,533.14,536.2,531.03,531.03,127.02633999999999,1596016799999,67938.5373786,131,39.78452,21267.4706916,0
2020-07-29 10:00:00,531.03,531.03,525.3,525.38,76.4519,1596018599999,40300.97409130001,76,20.00038,10552.4788895,0
2020-07-29 10:30:00,525.0,525.0,521.26,523.31,60.95469,1596020399999,31867.8873892,76,17.44479,9121.1691666,0
2020-07-29 11:00:00,525.0,526.34,524.19,526.34,26.81835,1596022199999,14082.485295200002,24,15.12483,7943.3524538,0
2020-07-29 11:30:00,525.8,529.15,525.03,529.15,20.52178,1596023999999,10801.1754211,27,19.98078,10517.1341911,0
2020-07-29 12:00:00,529.58,532.71,529.35,532.71,36.35802,1596025799999,19333.0657936,36,32.07285,17055.1303338,0
2020-07-29 12:30:00,532.92,533.25,531.81,533.25,3.06487,1596027599999,1632.7747372000001,7,1.98836,1060.2759541,0
2020-07-29 13:00:00,531.14,532.6,528.64,528.64,12.90344,1596029399999,6836.9149823,16,0.2031,107.5943247,0
2020-07-29 13:30:00,528.34,529.12,527.66,528.85,2.12799,1596031199999,1125.1637062999996,6,1.11891,592.0325535000002,0
2020-07-29 14:00:00,528.2,528.85,528.2,528.8,4.97768,1596032999999,2631.519012,12,3.9776800000000003,2103.319012,0
2020-07-29 14:30:00,528.8,528.8,527.17,527.17,11.44272,1596034799999,6042.046727800002,33,4.80612,2541.2130911,0
2020-07-29 15:00:00,528.36,528.8,527.0,527.0,14.539539999999999,1596036599999,7673.9129921999975,29,12.75757,6734.7013589,0
2020-07-29 15:30:00,528.0,528.0,527.09,528.0,1.80093,1596038399999,950.7515872000001,9,1.62445,857.7096,0
2020-07-29 16:00:00,528.85,531.15,528.85,531.15,7.0896300000000005,1596040199999,3759.5321394000002,10,5.20645,2761.3525804,0
2020-07-29 16:30:00,531.41,532.62,531.15,532.0,8.648060000000001,1596041999999,4600.4514914,20,6.6802,3554.0451811,0
2020-07-29 17:00:00,532.0,543.18,531.58,540.98,118.10221000000001,1596043799999,63683.94815210001,174,101.13747,54560.49139630001,0
2020-07-29 17:30:00,541.99,544.76,530.92,537.24,183.99678,1596045599999,99270.3059775,218,88.81083000000002,48065.4976228,0
2020-07-29 18:00:00,537.56,545.11,536.43,536.43,52.063520000000004,1596047399999,28116.2853732,108,29.83,16110.7791769,0
2020-07-29 18:30:00,536.57,537.87,533.76,536.22,47.37774,1596049199999,25394.892862200002,73,13.05615,7010.6837264,0
2020-07-29 19:00:00,537.12,539.68,536.8,539.68,11.819,1596050999999,6358.3562595,23,8.36282,4502.1221264,0
2020-07-29 19:30:00,539.75,542.37,539.75,542.37,6.54533,1596052799999,3543.501132,20,6.52649,3533.3118948,0
2020-07-29 20:00:00,542.49,542.92,534.2,534.2,68.78154,1596054599999,37106.0534701,78,31.65372,17149.600200999994,0
2020-07-29 20:30:00,534.77,534.77,534.2,534.2,0.61011,1596056399999,326.1606864,5,0.42091999999999996,225.09538840000002,0
2020-07-29 21:00:00,534.77,536.32,534.0,536.32,42.12022,1596058199999,22502.9146392,28,33.367509999999996,17825.456402400006,0
2020-07-29 21:30:00,536.32,540.08,536.32,540.0,5.52926,1596059999999,2976.4924951,13,5.45372,2935.7008951,0
2020-07-29 22:00:00,539.15,542.23,539.15,541.14,13.21367,1596061799999,7146.8835462,24,3.6461099999999997,1973.0063729000005,0
2020-07-29 22:30:00,541.19,542.9,538.83,541.83,34.020759999999996,1596063599999,18415.646020400003,29,9.7,5262.480598800002,0
2020-07-29 23:00:00,541.83,545.48,541.83,545.48,20.06863,1596065399999,10923.7938962,39,16.99464,9249.9995444,0
2020-07-29 23:30:00,545.48,549.0,544.84,544.84,75.2476,1596067199999,41153.254685500004,76,45.8486,25095.3078511,0
2020-07-30 00:00:00,544.93,546.18,534.62,538.53,60.91891,1596068999999,32856.8770323,83,7.88605,4262.5661005,0
2020-07-30 00:30:00,538.97,539.29,537.83,538.94,17.32272,1596070799999,9322.226841299998,19,12.90952,6947.850660100001,0
2020-07-30 01:00:00,539.42,541.01,537.04,541.01,56.42396,1596072599999,30441.77748550001,60,19.792170000000002,10691.267179200002,0
2020-07-30 01:30:00,541.05,544.0,541.05,543.31,39.70451,1596074399999,21546.3501277,40,24.41658,13249.9713168,0
2020-07-30 02:00:00,543.02,545.0,543.02,544.01,19.244220000000002,1596076199999,10472.715790600001,26,16.09702,8759.6335146,0
2020-07-30 02:30:00,545.11,545.83,541.95,541.95,52.46925,1596077999999,28531.186405,38,26.504929999999998,14411.2734536,0
2020-07-30 03:00:00,541.19,544.42,541.19,544.42,12.34486,1596079799999,6708.2895021,15,11.34043,6164.7020304,0
2020-07-30 03:30:00,543.31,543.31,541.72,543.3,4.125380000000002,1596081599999,2237.434946300001,7,1.4857799999999999,807.227587,0
2020-07-30 04:00:00,542.35,543.71,541.03,543.59,14.51109,1596083399999,7882.744504699999,16,1.54129,837.920951,0
2020-07-30 04:30:00,544.13,545.73,544.13,544.88,10.17867,1596085199999,5549.5047844,24,3.0993,1689.9007769000002,0
2020-07-30 05:00:00,544.83,546.39,544.83,545.24,45.94275,1596086999999,25079.1358177,14,41.664770000000004,22747.179281200002,0
2020-07-30 05:30:00,545.24,547.18,544.22,545.49,24.558429999999998,1596088799999,13415.811877799999,25,11.62844,6348.3944808,0
2020-07-30 06:00:00,545.31,546.46,544.5,546.46,27.159440000000004,1596090599999,14810.5115389,41,24.441589999999998,13330.6422139,0
2020-07-30 06:30:00,546.46,547.46,545.52,545.52,29.63738,1596092399999,16191.4953194,41,8.42956,4609.593207800001,0
2020-07-30 07:00:00,547.28,547.79,545.0,547.79,19.523870000000002,1596094199999,10659.9105265,38,12.168439999999999,6646.5122263,0
2020-07-30 07:30:00,547.79,549.17,545.04,545.46,28.572229999999998,1596095999999,15606.0656815,40,23.81928,13014.4069562,0
2020-07-30 08:00:00,545.46,545.46,543.3,543.3,14.20461,1596097799999,7734.3373117,29,1.24281,677.3886253,0
2020-07-30 08:30:00,543.08,543.55,541.81,542.68,39.0719,1596099599999,21209.9012947,49,14.715879999999999,7985.856396100001,0
2020-07-30 09:00:00,541.79,543.65,541.28,542.04,28.037640000000003,1596101399999,15219.273426499998,27,6.67422,3624.3855595,0
2020-07-30 09:30:00,541.8,541.8,540.28,540.65,9.74772,1596103199999,5271.4878081,20,1.75163,948.838646,0
2020-07-30 10:00:00,540.65,540.99,539.85,540.99,66.13176,1596104999999,35713.0095916,51,47.02428,25393.6004042,0
2020-07-30 10:30:00,539.89,541.8,539.78,541.8,5.84178,1596106799999,3157.9623769,9,2.10931,1142.7391040999996,0
2020-07-30 11:00:00,541.8,553.0,541.8,549.6,141.21851999999996,1596108599999,77269.7300316,249,54.70126,29964.0954883,0
2020-07-30 11:30:00,549.07,551.17,549.07,551.17,69.893,1596110399999,38443.7305351,66,14.56308,8012.2023485,0
2020-07-30 12:00:00,551.17,552.17,547.53,548.73,33.44052,1596112199999,18425.200770099997,65,21.400779999999997,11798.2119695,0
2020-07-30 12:30:00,547.39,548.64,546.24,546.84,10.9653,1596113999999,6003.6736251,15,9.56794,5240.022454999998,0
2020-07-30 13:00:00,546.01,546.88,542.96,545.82,90.43016,1596115799999,49264.6359018,104,32.34854,17629.7960767,0
2020-07-30 13:30:00,545.93,550.6,543.55,550.6,123.55926000000001,1596117599999,67692.84023890001,194,39.42387,21597.111667400004,0
2020-07-30 14:00:00,550.6,554.0,546.44,554.0,99.01701,1596119399999,54602.28016649999,128,49.58058,27373.342053900004,0
2020-07-30 14:30:00,554.19,559.07,554.0,558.79,71.52184,1596121199999,39829.6600022,174,51.53777,28688.9116394,0
2020-07-30 15:00:00,558.79,561.85,558.48,560.85,85.9452,1596122999999,48095.610290699995,117,46.01784,25749.8359056,0
2020-07-30 15:30:00,560.92,565.44,560.92,565.03,54.268190000000004,1596124799999,30561.273617699997,97,40.672959999999996,22912.039945900004,0
2020-07-30 16:00:00,564.65,566.28,555.05,559.23,86.4999,1596126599999,48401.587295699996,168,21.02176,11787.7162995,0
2020-07-30 16:30:00,560.75,561.82,558.71,559.7,18.97447,1596128399999,10616.0172683,25,11.99698,6713.800024699999,0
2020-07-30 17:00:00,559.7,562.19,558.54,562.07,24.5185,1596130199999,13731.0469083,30,15.15526,8489.6771773,0
2020-07-30 17:30:00,561.6,565.45,560.0,565.45,32.816109999999995,1596131999999,18468.0915419,54,26.19144,14757.941987900002,0
2020-07-30 18:00:00,565.02,568.5,564.67,568.35,39.251999999999995,1596133799999,22270.2950512,56,35.50379,20146.2590168,0
2020-07-30 18:30:00,568.42,570.0,564.26,564.29,73.09565,1596135599999,41554.6577446,92,33.29885,18959.535224900006,0
2020-07-30 19:00:00,564.89,571.18,564.14,567.49,119.94956,1596137399999,68140.01153890001,192,49.30968,27969.9338501,0
2020-07-30 19:30:00,568.92,569.88,565.07,566.7,11.58714,1596139199999,6564.850788100001,20,4.53662,2567.7473109000002,0
2020-07-30 20:00:00,566.0,569.0,566.0,568.9,11.78385,1596140999999,6684.481061500002,18,4.473269999999999,2542.7372397,0
2020-07-30 20:30:00,569.04,569.51,566.0,566.85,20.78892,1596142799999,11808.8732323,26,8.95964,5097.3615452,0
2020-07-30 21:00:00,566.01,566.49,555.17,562.51,250.66771,1596144599999,140500.4347052,281,71.66287,40147.9774167,0
2020-07-30 21:30:00,562.67,568.63,562.67,568.28,101.61453,1596146399999,57568.89949249999,116,49.90464,28250.2894866,0
2020-07-30 22:00:00,568.45,575.86,568.45,574.32,66.41575999999999,1596148199999,38036.2029062,172,50.9371,29152.551095599996,0
2020-07-30 22:30:00,573.74,577.63,573.14,577.63,9.81948,1596149999999,5659.3447153000025,43,6.38516,3680.0527079999997,0
2020-07-30 23:00:00,577.75,578.34,565.17,572.35,126.4812,1596151799999,72439.35706699999,205,31.21602,17970.5062502,0
2020-07-30 23:30:00,572.88,574.43,566.73,572.22,57.373169999999995,1596153599999,32758.9157987,103,33.347390000000004,19091.151308,0
2020-07-31 00:00:00,572.39,574.76,571.77,571.77,14.81231,1596155399999,8494.836443600001,44,10.62345,6091.8836336,0
2020-07-31 00:30:00,571.0,574.06,570.41,573.24,49.62168,1596157199999,28395.092728099997,48,26.12313,14954.8445861,0
2020-07-31 01:00:00,573.86,574.51,571.0,571.0,10.491010000000001,1596158999999,6016.6760071,31,0.4537100000000001,259.8982985,0
2020-07-31 01:30:00,571.0,571.88,563.59,563.92,72.53678000000002,1596160799999,41172.324638599996,122,10.08923,5744.5244116,0
2020-07-31 02:00:00,564.28,564.28,562.8,562.9,17.70635,1596162599999,9979.3956165,29,6.38742,3601.4494511999997,0
2020-07-31 02:30:00,562.8,562.8,556.75,556.92,45.2249,1596164399999,25295.696769799997,92,4.06458,2277.1440556,0
2020-07-31 03:00:00,556.75,556.75,552.69,555.35,81.84222,1596166199999,45387.1592836,122,21.876360000000002,12122.7882103,0
2020-07-31 03:30:00,557.66,559.77,557.66,559.74,23.512629999999998,1596167999999,13141.817281799998,27,20.65159,11545.1743314,0
2020-07-31 04:00:00,559.96,560.42,559.74,559.91,10.68319,1596169799999,5982.6160331,18,6.3259,3543.6665284999995,0
2020-07-31 04:30:00,560.25,562.8,560.25,562.64,33.404309999999995,1596171599999,18758.5192902,99,25.633860000000002,14395.3186289,0
2020-07-31 05:00:00,562.75,563.66,562.64,563.66,10.95186,1596173399999,6165.5383057,19,6.763889999999999,3809.1018179,0
2020-07-31 05:30:00,563.66,563.72,563.66,563.72,1.38781,1596175199999,782.2983797999997,6,0.27981,157.71877980000005,0
2020-07-31 06:00:00,563.8,565.24,563.8,564.41,19.720679999999998,1596176999999,11129.8585529,25,7.0046399999999975,3953.8906239,0
2020-07-31 06:30:00,565.0,566.16,564.41,566.16,27.76408,1596178799999,15685.664822600002,32,20.4201,11538.9969174,0
2020-07-31 07:00:00,566.19,566.49,564.41,564.41,17.37921,1596180599999,9822.872248,21,3.76775,2133.4599519000008,0
2020-07-31 07:30:00,566.2,566.21,565.86,566.21,1.8217299999999998,1596182399999,1031.3779469,11,1.52873,865.5809669,0
2020-07-31 08:00:00,566.21,567.12,563.6,565.8,82.89811999999998,1596184199999,46862.2287257,82,26.09505,14750.4673417,0
2020-07-31 08:30:00,565.94,566.7,563.97,564.7,16.64412,1596185999999,9400.6006083,36,10.36942,5856.091904,0
2020-07-31 09:00:00,564.7,566.1,563.0,566.1,42.45568,1596187799999,23955.400684099997,46,14.26196,8051.5067178,0
2020-07-31 09:30:00,566.1,567.42,565.19,567.31,24.71671,1596189599999,13998.873719100002,27,10.23453,5799.0287408999975,0
2020-07-31 10:00:00,566.36,567.57,566.36,567.57,7.74083,1596191399999,4390.391608,16,6.43875,3652.6812944,0
2020-07-31 10:30:00,567.61,571.02,567.44,570.41,29.4536,1596193199999,16773.009742,42,17.68435,10063.646009200002,0
2020-07-31 11:00:00,570.49,570.97,568.49,569.29,10.95633,1596194999999,6248.4960938,15,9.92112,5657.5995609,0
2020-07-31 11:30:00,568.49,569.29,568.48,569.19,9.894860000000001,1596196799999,5628.223346,10,3.55306,2022.5715274,0
2020-07-31 12:00:00,568.48,568.55,567.89,568.4,2.96181,1596198599999,1682.9477542,19,0.09199,52.296414500000004,0
2020-07-31 12:30:00,567.87,569.06,567.87,568.43,7.1334399999999984,1596200399999,4055.5347439,31,4.21625,2397.4636373000008,0
2020-07-31 13:00:00,568.5,569.3,566.54,567.61,15.188020000000002,1596202199999,8622.9575548,19,3.502,1989.4873082000001,0
2020-07-31 13:30:00,567.74,569.21,566.74,567.61,7.750589999999999,1596203999999,4400.991746500001,17,2.9304900000000003,1665.5041845,0
2020-07-31 14:00:00,568.14,569.31,561.51,563.93,116.56733999999999,1596205799999,65719.0468202,92,74.63409,42047.706147300014,0
2020-07-31 14:30:00,563.35,563.35,559.08,559.38,20.43948,1596207599999,11475.514281799999,54,4.38225,2459.6882686,0
2020-07-31 15:00:00,559.39,560.26,558.43,559.58,36.94177,1596209399999,20680.0085759,62,16.09379,9011.7166202,0
2020-07-31 15:30:00,559.91,560.77,558.8,558.8,189.81636,1596211199999,106293.8410262,178,17.41285,9758.276831000001,0
2020-07-31 16:00:00,559.0,559.18,556.2,556.89,35.5804,1596212999999,19845.773178299998,67,6.60832,3689.3929566,0
2020-07-31 16:30:00,556.89,557.98,556.67,557.76,4.83905,1596214799999,2695.2816414999998,15,0.98054,546.4347092,0
2020-07-31 17:00:00,556.64,557.23,556.01,556.96,4.32258,1596216599999,2404.9042917,12,0.94786,528.0146164,0
2020-07-31 17:30:00,556.01,556.23,556.01,556.23,0.18488,1596218399999,102.8241688,2,0.0,0.0,0
2020-07-31 18:00:00,556.23,556.95,556.23,556.95,1.10091,1596220199999,612.8297445000002,3,0.70491,392.5626645,0
2020-07-31 18:30:00,556.63,558.31,556.16,556.55,10.55563,1596221999999,5875.962782899999,18,5.0022199999999994,2784.4629677,0
2020-07-31 19:00:00,556.13,556.55,555.7,555.7,5.1806,1596223799999,2880.7243161999995,31,0.2777,154.5517843,0
2020-07-31 19:30:00,555.55,556.14,554.72,556.14,8.75258,1596225599999,4860.2506293000015,18,1.21648,675.5099625,0
2020-07-31 20:00:00,556.14,556.59,555.48,555.73,5.17542,1596227399999,2876.7952444000002,12,1.4019,779.9226334,0
2020-07-31 20:30:00,556.19,556.38,556.08,556.33,5.97699,1596229199999,3324.9734817,16,0.65371,363.5869649,0
2020-07-31 21:00:00,556.21,557.07,555.89,556.95,1.46631,1596230999999,815.8696967,9,0.37886,211.0471162,0
2020-07-31 21:30:00,556.95,557.7,556.48,557.02,5.9844,1596232799999,3333.0333079,17,1.44413,804.5095477000001,0
2020-07-31 22:00:00,557.3,558.89,557.17,557.78,17.15243,1596234599999,9570.5103344,25,9.96307,5561.8552941000025,0
2020-07-31 22:30:00,558.28,558.95,558.14,558.95,1.8497400000000002,1596236399999,1032.6671704,7,0.58068,324.2095408,0
2020-07-31 23:00:00,558.25,558.95,557.98,558.1,2.01812,1596238199999,1126.7644281999999,7,0.77932,435.40451399999995,0
2020-07-31 23:30:00,557.93,557.93,555.17,555.17,2.04777,1596239999999,1138.7635372000002,8,0.0,0.0,0
2020-08-01 00:00:00,555.29,555.55,553.16,553.16,7.54323,1596241799999,4182.237417099999,29,0.12214000000000001,67.719408,0
2020-08-01 00:30:00,553.06,553.62,551.86,552.71,39.31728,1596243599999,21726.4277592,46,9.396989999999999,5194.108031100001,0
2020-08-01 01:00:00,552.3,555.39,551.74,555.11,7.52085,1596245399999,4163.4602257,28,3.95842,2194.0143428,0
2020-08-01 01:30:00,555.11,558.69,555.11,558.37,34.61739,1596247199999,19291.761877599998,49,31.889,17773.168609599998,0
2020-08-01 02:00:00,558.37,559.18,557.79,559.18,16.33589,1596248999999,9121.4536866,27,12.239360000000001,6835.2515758,0
2020-08-01 02:30:00,559.49,561.17,559.49,560.84,27.185229999999997,1596250799999,15224.502820500002,48,20.68925,11585.5053757,0
2020-08-01 03:00:00,560.84,561.39,560.84,561.39,12.31855,1596252599999,6912.4234069999975,27,4.15313,2331.2560585,0
2020-08-01 03:30:00,561.39,561.94,558.17,560.53,54.117169999999994,1596254399999,30348.3639287,38,11.0551,6195.835308,0
2020-08-01 04:00:00,561.9,563.59,558.47,558.47,94.19123,1596256199999,52878.481529000004,111,74.37385,41746.33593,0
2020-08-01 04:30:00,559.46,561.12,558.4,559.45,64.94911,1596257999999,36368.8418573,65,27.771859999999997,15547.0083324,0
2020-08-01 05:00:00,561.4,564.2,561.4,563.06,51.14775,1596259799999,28788.4004462,76,16.39207,9216.9730744,0
2020-08-01 05:30:00,563.03,563.04,560.55,560.55,17.44953,1596261599999,9808.0588414,36,3.94856,2222.1808741,0
2020-08-01 06:00:00,560.4,561.92,559.82,561.92,36.4354,1596263399999,20438.084885599998,50,22.38304,12559.7471965,0
2020-08-01 06:30:00,562.62,567.05,560.75,564.7,57.3908,1596265199999,32357.207435400003,102,35.87102,20240.1915407,0
2020-08-01 07:00:00,566.48,568.72,566.48,566.49,26.20733,1596266999999,14876.125036899999,49,20.797829999999998,11806.7913011,0
2020-08-01 07:30:00,565.13,566.5,565.06,565.06,8.312389999999999,1596268799999,4701.105388,15,2.31072,1307.1779392,0
2020-08-01 08:00:00,565.06,565.75,563.85,563.85,7.0512,1596270599999,3982.4182674999997,29,2.90557,1642.1304793,0
2020-08-01 08:30:00,563.38,563.38,562.08,563.1,10.10662,1596272399999,5687.5659318000025,17,0.57858,325.5553943999999,0
2020-08-01 09:00:00,563.99,568.07,563.99,567.79,33.63386,1596274199999,19038.2523425,56,22.24859,12600.5796865,0
2020-08-01 09:30:00,567.77,568.14,565.77,566.39,14.89766,1596275999999,8441.5879794,35,8.442680000000001,4786.345407399999,0
2020-08-01 10:00:00,566.42,572.03,566.06,570.31,110.04323000000001,1596277799999,62670.8202426,191,103.87745,59170.161862199995,0
2020-08-01 10:30:00,569.79,573.0,569.79,572.93,118.42027,1596279599999,67674.5751227,136,85.41935,48805.216484599994,0
2020-08-01 11:00:00,572.92,574.0,571.28,572.8,61.41052,1596281399999,35193.726189,128,34.6099,19842.3452527,0
2020-08-01 11:30:00,573.99,574.53,572.64,574.53,41.578179999999996,1596283199999,23847.3185599,109,9.14443,5249.152367399999,0
2020-08-01 12:00:00,574.02,575.01,573.56,573.6,9.48811,1596284999999,5450.5739213,40,5.0357199999999995,2893.1794229,0
2020-08-01 12:30:00,573.6,573.6,572.22,572.69,3.6650400000000003,1596286799999,2101.1369052,17,0.26687,152.8337803,0
2020-08-01 13:00:00,571.87,573.57,568.38,569.47,47.537890000000004,1596288599999,27152.635723699997,77,19.643810000000002,11230.337318,0
2020-08-01 13:30:00,568.3,569.51,567.93,569.51,47.40233,1596290399999,26982.12386660001,87,18.439339999999998,10496.7097556,0
2020-08-01 14:00:00,569.5,570.67,568.84,569.11,91.8034,1596292199999,52335.1803934,87,47.45364,27059.411582200002,0
2020-08-01 14:30:00,570.32,571.16,569.41,570.12,14.168220000000002,1596293999999,8083.702231899999,23,8.73129,4982.6834599,0
2020-08-01 15:00:00,569.46,571.97,569.13,571.5,17.35761,1596295799999,9910.121150799998,53,6.07417,3467.7457424000013,0
2020-08-01 15:30:00,571.5,574.79,571.5,574.79,27.95382,1596297599999,16030.8413034,53,17.737779999999994,10169.013808700001,0
2020-08-01 16:00:00,574.24,575.92,572.78,573.42,38.805679999999995,1596299399999,22286.520398099998,84,18.98816,10905.079704700001,0
2020-08-01 16:30:00,574.46,577.1,573.58,575.0,28.952170000000002,1596301199999,16660.6117415,80,14.05884,8097.545408499999,0
2020-08-01 17:00:00,575.42,576.58,573.4,574.69,58.1371,1596302999999,33424.8075032,106,9.86742,5674.505249399999,0
2020-08-01 17:30:00,574.69,579.22,573.1,579.22,65.10073,1596304799999,37463.0394929,118,21.32507,12298.8628409,0
2020-08-01 18:00:00,578.92,579.77,577.02,579.58,36.859429999999996,1596306599999,21336.0707156,78,15.376470000000001,8903.7704541,0
2020-08-01 18:30:00,578.46,580.66,578.46,580.66,12.47415,1596308399999,7232.34669,33,9.57807,5555.450561399999,0
2020-08-01 19:00:00,580.66,584.82,580.64,583.98,41.55154,1596310199999,24235.21730890001,100,26.88935,15668.973459399998,0
2020-08-01 19:30:00,584.14,587.62,583.49,586.91,83.45026999999997,1596311999999,48836.4215959,161,36.9076,21634.21315,0
2020-08-01 20:00:00,587.03,592.6,586.87,592.47,123.3956,1596313799999,72815.6626209,125,83.60379,49358.2143068,0
2020-08-01 20:30:00,592.47,597.44,592.47,597.43,37.83402,1596315599999,22519.7142383,103,30.48752,18151.9779839,0
2020-08-01 21:00:00,597.49,598.77,596.44,598.12,43.397079999999995,1596317399999,25953.6609406,81,20.55581,12293.8435744,0
2020-08-01 21:30:00,598.12,598.12,588.64,591.15,84.12346,1596319199999,49788.06430869999,113,27.536920000000002,16277.159397100002,0
2020-08-01 22:00:00,590.58,592.05,590.37,591.84,26.52948,1596320999999,15695.422685299998,24,12.316089999999999,7285.5226081,0
2020-08-01 22:30:00,591.84,592.66,591.53,592.49,0.8001,1596322799999,473.92269739999995,5,0.65856,390.1916512,0
2020-08-01 23:00:00,592.54,592.81,591.86,591.86,5.7592,1596324599999,3410.6624203,14,1.34905,799.4099269,0
2020-08-01 23:30:00,592.81,594.69,592.81,594.69,45.94488,1596326399999,27286.6793819,52,36.976409999999994,21959.772085099998,0
2020-08-02 00:00:00,594.69,598.15,594.69,598.14,36.39926,1596328199999,21711.7733133,47,34.27432,20446.546275099998,0
2020-08-02 00:30:00,598.0,599.0,596.23,598.36,33.4063,1596329999999,19978.358717099996,54,10.81398,6471.1432391,0
2020-08-02 01:00:00,599.0,601.35,598.41,601.06,115.70796999999999,1596331799999,69466.6555617,89,86.23438,51758.0990458,0
2020-08-02 01:30:00,600.99,606.1,599.46,606.1,45.409279999999995,1596333599999,27375.2607819,196,40.15159,24215.901254599998,0
2020-08-02 02:00:00,605.78,624.15,605.78,623.42,390.62397000000004,1596335399999,240411.23037950002,503,267.03009,164253.7243218,0
2020-08-02 02:30:00,623.5,623.92,616.27,616.52,53.84319,1596337199999,33367.4929793,103,8.77872,5451.8473162,0
2020-08-02 03:00:00,616.47,620.36,615.12,618.06,62.39971,1596338999999,38532.0902165,79,26.47192,16345.707590799999,0
2020-08-02 03:30:00,618.06,624.02,617.02,623.62,121.90351000000001,1596340799999,75689.76009299999,173,72.58534,45065.15770980001,0
2020-08-02 04:00:00,623.71,631.34,622.77,623.51,104.04345,1596342599999,65232.6838803,180,65.9354,41321.2420001,0
2020-08-02 04:30:00,623.47,623.47,529.0,573.3,383.70425,1596344399999,228539.9031635,596,83.4414,47999.1556052,0
2020-08-02 05:00:00,574.0,579.11,566.56,573.53,127.75076999999999,1596346199999,73097.1006715,246,93.22951,53350.9463556,0
2020-08-02 05:30:00,573.38,577.7,569.21,569.64,131.71008999999998,1596347999999,75470.67103,206,21.380329999999997,12311.8169019,0
2020-08-02 06:00:00,569.64,570.79,562.65,564.41,89.28367,1596349799999,50432.0734687,120,4.74871,2690.4658001,0
2020-08-02 06:30:00,564.23,569.57,562.21,567.97,67.88797,1596351599999,38524.0682849,106,45.43377,25794.3463533,0
2020-08-02 07:00:00,568.02,577.21,568.02,577.21,151.07725,1596353399999,86613.1140279,150,120.81907,69253.4136225,0
2020-08-02 07:30:00,577.55,586.79,576.84,583.81,111.21779,1596355199999,64832.8118801,136,91.31259,53199.433002499994,0
2020-08-02 08:00:00,583.72,583.72,581.39,583.0,48.86489,1596356999999,28476.863554000003,51,3.43329,2000.7669,0
2020-08-02 08:30:00,582.56,582.56,575.98,578.45,67.99513,1596358799999,39290.467461500004,59,21.41863,12379.237856200001,0
2020-08-02 09:00:00,578.53,579.77,578.26,578.26,13.35701,1596360599999,7736.381611499999,19,13.05691,7562.5793485,0
2020-08-02 09:30:00,579.57,579.57,578.26,578.55,2.6110900000000004,1596362399999,1510.6757761,8,0.33033,191.4493581,0
2020-08-02 10:00:00,578.27,578.6,577.77,577.77,2.14525,1596364199999,1240.9875777,18,1.9574599999999998,1132.4246514000001,0
2020-08-02 10:30:00,577.82,579.97,575.81,579.64,65.04879,1596365999999,37624.1751196,46,53.192859999999996,30776.738091299998,0
2020-08-02 11:00:00,577.4,577.4,571.21,571.25,88.71261,1596367799999,50789.07461619999,146,41.00249,23433.0901889,0
2020-08-02 11:30:00,571.25,571.46,560.93,561.75,98.83726999999999,1596369599999,55873.863581599995,135,10.58438,5945.7187335,0
2020-08-02 12:00:00,562.12,562.12,556.75,556.75,15.336110000000001,1596371399999,8571.5667398,41,2.7970599999999997,1566.2153326,0
2020-08-02 12:30:00,557.3,557.3,554.17,554.17,44.83895,1596373199999,24915.570194699998,43,17.3986,9661.0717772,0
2020-08-02 13:00:00,554.03,555.93,553.92,554.39,34.00977,1596374999999,18865.502602200002,47,7.476210000000001,4148.3095298,0
2020-08-02 13:30:00,554.83,555.86,554.39,555.33,4.5566,1596376799999,2527.0613535,10,1.76282,978.0277151,0
2020-08-02 14:00:00,555.55,556.18,554.28,554.49,19.57338,1596378599999,10858.7196244,29,13.5867,7537.9109740999975,0
2020-08-02 14:30:00,555.78,563.25,555.78,563.25,35.52306,1596380399999,19908.086236400002,47,32.61273,18273.0333342,0
2020-08-02 15:00:00,563.37,564.53,563.37,564.53,10.61994,1596382199999,5988.8251226,16,8.84804,4989.8456216,0
2020-08-02 15:30:00,564.53,569.09,564.21,567.6,22.59234,1596383999999,12795.416264899999,42,16.89605,9574.4996719,0
2020-08-02 16:00:00,568.43,570.22,565.78,565.78,14.621310000000001,1596385799999,8321.205743999999,28,10.426219999999999,5938.2594799,0
2020-08-02 16:30:00,566.56,569.62,565.84,569.62,2.84376,1596387599999,1611.0456054,10,0.03902,22.17107080000001,0
2020-08-02 17:00:00,570.0,572.44,570.0,571.0,17.80097,1596389399999,10170.542596100002,39,14.103570000000001,8060.3067967,0
2020-08-02 17:30:00,571.0,571.58,571.0,571.58,15.576089999999999,1596391199999,8899.9733604,36,2.52203,1441.2654032,0
2020-08-02 18:00:00,571.61,572.01,571.39,572.01,4.1115900000000005,1596392999999,2349.9293639,7,1.7704900000000001,1012.2264729,0
2020-08-02 18:30:00,572.08,572.51,571.39,571.39,2.72832,1596394799999,1560.7825822,15,2.59039,1481.9707595,0
2020-08-02 19:00:00,572.27,577.99,572.27,577.72,126.66467,1596396599999,72865.64820920001,126,82.94118,47739.76994100001,0
2020-08-02 19:30:00,578.28,579.12,572.69,573.09,86.92985999999998,1596398399999,49967.1174811,96,49.37139000000001,28382.6876138,0
2020-08-02 20:00:00,572.92,572.92,569.19,569.19,28.734340000000003,1596400199999,16421.0855865,29,2.12436,1214.2977674,0
2020-08-02 20:30:00,569.86,571.23,569.15,571.23,8.13275,1596401999999,4636.802952,25,6.3064,3596.4969376999998,0
2020-08-02 21:00:00,571.23,571.23,571.23,571.23,0.01769,1596403799999,10.1050587,1,0.01769,10.1050587,0
2020-08-02 21:30:00,569.14,570.93,568.12,569.07,5.97716,1596405599999,3401.6853748999997,22,0.74122,423.03772580000003,0
2020-08-02 22:00:00,568.62,571.3,567.92,571.3,1.8995799999999998,1596407399999,1082.7835998,6,1.69461,966.3770374,0
2020-08-02 22:30:00,571.47,571.8,571.47,571.8,1.34791,1596409199999,770.404938,2,1.34791,770.404938,0
2020-08-02 23:00:00,571.77,571.88,567.84,569.45,20.49308,1596410999999,11696.3195046,21,1.8082599999999998,1033.8127922,0
2020-08-02 23:30:00,568.37,568.37,567.34,567.72,10.76521,1596412799999,6115.3065036000025,17,4.4331,2519.530272,0
2020-08-03 00:00:00,566.96,568.7,566.71,568.7,33.2451,1596414599999,18860.7661268,40,3.8559,2189.1113601,0
2020-08-03 00:30:00,567.08,571.15,567.08,571.15,14.97259,1596416399999,8535.305384700001,30,11.09492,6330.5618866,0
2020-08-03 01:00:00,571.16,572.96,571.16,572.51,15.18467,1596418199999,8687.5007616,34,14.85979,8501.562702399999,0
2020-08-03 01:30:00,572.93,573.04,572.0,572.0,21.52745,1596419999999,12325.0316352,20,19.78184,11325.7048224,0
2020-08-03 02:00:00,573.28,573.41,572.82,572.82,0.25945999999999997,1596421799999,148.74694240000005,3,0.21945,125.8284142,0
2020-08-03 02:30:00,573.71,573.85,573.07,573.07,0.41478000000000004,1596423599999,237.9776454,4,0.33224000000000004,190.65178840000002,0
2020-08-03 03:00:00,573.98,573.98,570.64,571.04,1.17022,1596425399999,669.3093125,7,0.24456999999999998,140.1701072,0
2020-08-03 03:30:00,570.0,571.03,569.93,571.03,3.3157099999999997,1596427199999,1890.9876534000002,7,1.0507799999999998,600.0269034,0
2020-08-03 04:00:00,571.03,571.6,571.03,571.6,0.41573999999999994,1596428999999,237.62663849999998,3,0.41573999999999994,237.62663849999998,0
2020-08-03 04:30:00,571.67,571.67,570.53,570.53,1.17341,1596430799999,670.5949825,3,0.90322,516.3437774,0
2020-08-03 05:00:00,570.72,572.07,570.72,571.83,1.3748,1596432599999,785.1693425,6,0.44695,255.59569449999998,0
2020-08-03 05:30:00,572.78,574.9,572.15,573.22,6.41857,1596434399999,3684.3801779,9,5.49894,3157.6029248000004,0
2020-08-03 06:00:00,574.15,575.26,574.15,574.96,7.157610000000001,1596436199999,4112.8739085,19,7.157610000000001,4112.8739085,0
2020-08-03 06:30:00,575.3,575.88,575.3,575.56,4.20544,1596437999999,2420.3980348,12,4.17034,2400.1958788,0
2020-08-03 07:00:00,575.07,579.96,575.07,578.18,43.86039,1596439799999,25339.8952021,63,23.11621,13336.5583332,0
2020-08-03 07:30:00,579.17,579.66,579.17,579.66,4.76064,1596441599999,2758.6590886,19,4.23449,2453.70098,0
2020-08-03 08:00:00,579.78,580.03,579.6,579.6,44.21784,1596443399999,25630.4098945,29,2.87954,1669.9936272,0
2020-08-03 08:30:00,579.64,580.05,579.6,579.63,61.6289,1596445199999,35720.1387842,10,0.018969999999999997,11.0035485,0
2020-08-03 09:00:00,579.63,580.36,579.6,579.63,5.68677,1596446999999,3297.0045462,17,1.11232,645.5094636,0
2020-08-03 09:30:00,579.64,580.45,579.6,579.6,47.526379999999996,1596448799999,27547.091495999997,57,2.8639799999999997,1660.6515035,0
2020-08-03 10:00:00,579.63,580.4,579.6,580.4,13.54451,1596450599999,7851.2436669,19,12.93379,7497.2703549,0
2020-08-03 10:30:00,579.6,580.62,579.6,580.62,2.67217,1596452399999,1549.7468806,14,1.31568,763.5252766,0
2020-08-03 11:00:00,580.68,581.04,580.0,580.57,8.99916,1596454199999,5221.1607376,33,2.96316,1720.2807375999994,0
2020-08-03 11:30:00,580.0,581.64,579.6,581.06,54.25761,1596455999999,31529.5528296,41,17.70451,10286.918642499999,0
2020-08-03 12:00:00,581.08,581.48,580.67,581.48,3.68476,1596457799999,2141.5352125,13,3.10312,1803.7581997000002,0
2020-08-03 12:30:00,581.48,586.34,581.48,586.16,99.0674,1596459599999,57859.6373676,122,72.93521,42590.2984823,0
2020-08-03 13:00:00,586.16,586.68,586.0,586.68,8.25327,1596461399999,4839.5656891,24,4.5252,2652.8811026,0
2020-08-03 13:30:00,586.55,588.15,586.32,587.83,32.67113,1596463199999,19190.0798496,46,24.90699,14631.290867700001,0
2020-08-03 14:00:00,587.86,588.98,587.57,588.26,10.69795,1596464999999,6291.1225961,29,7.0117600000000015,4124.403993,0
2020-08-03 14:30:00,588.34,589.77,588.34,589.71,13.94244,1596466799999,8213.5757966,27,12.885110000000001,7590.7643863,0
2020-08-03 15:00:00,589.82,591.44,589.71,591.2,11.03237,1596468599999,6517.238911399999,30,9.744539999999999,5756.9238538,0
2020-08-03 15:30:00,590.68,591.51,589.71,590.5,12.85628,1596470399999,7596.955162199999,27,8.044939999999999,4755.8962218000015,0
2020-08-03 16:00:00,589.71,591.93,589.71,589.72,13.130220000000001,1596472199999,7760.349926100002,28,8.512310000000001,5035.782494100001,0
2020-08-03 16:30:00,589.72,591.43,588.98,588.98,25.7239,1596473999999,15178.607353200001,44,9.155660000000001,5410.6073099,0
2020-08-03 17:00:00,590.26,591.87,589.22,590.56,10.98113,1596475799999,6486.527308,17,8.27541,4890.6111008,0
2020-08-03 17:30:00,591.86,592.19,585.88,587.32,10.96059,1596477599999,6451.5583993,55,3.48653,2058.0642317,0
2020-08-03 18:00:00,587.86,589.98,587.84,589.98,8.584710000000001,1596479399999,5056.117811300001,16,8.216280000000001,4838.9578007,0
2020-08-03 18:30:00,590.24,597.25,590.24,597.25,59.2528,1596481199999,35201.1650656,89,58.54163000000001,34778.706251999996,0
2020-08-03 19:00:00,597.25,597.35,596.12,596.12,15.0945,1596482999999,9007.7815183,41,0.47605,284.2127814,0
2020-08-03 19:30:00,596.24,597.38,595.72,596.23,6.99252,1596484799999,4170.5558868,17,1.49405,891.9523720000003,0
2020-08-03 20:00:00,597.24,599.2,597.24,598.76,30.47976,1596486599999,18234.6627906,45,28.377609999999997,16976.5816054,0
2020-08-03 20:30:00,598.81,607.62,598.81,607.62,22.88014,1596488399999,13790.132872600001,60,21.800639999999998,13140.406351799998,0
2020-08-03 21:00:00,607.76,607.83,603.06,603.61,21.486729999999998,1596490199999,13001.2547869,49,5.52674,3350.6864391999998,0
2020-08-03 21:30:00,603.82,603.82,599.16,601.3,16.29223,1596491999999,9803.7336808,51,1.7050900000000002,1025.2092264,0
2020-08-03 22:00:00,599.81,599.81,598.21,599.52,26.52403,1596493799999,15878.137025799999,50,10.68235,6394.0544641999995,0
2020-08-03 22:30:00,599.52,599.52,596.49,596.84,22.07881,1596495599999,13198.0586594,53,11.04321,6602.6924229,0
2020-08-03 23:00:00,596.5,596.57,592.16,592.35,48.32419,1596497399999,28756.373146399997,87,6.37314,3793.6226607,0
2020-08-03 23:30:00,592.21,593.0,588.52,593.0,102.76384,1596499199999,60821.94414830001,116,40.39532,23914.3490263,0
2020-08-04 00:00:00,593.0,606.25,593.0,606.25,199.00601,1596500999999,119226.20547449999,219,120.45431,72193.37390610001,0
2020-08-04 00:30:00,603.88,610.41,603.88,610.41,45.66957,1596502799999,27742.3567472,88,37.17969,22579.2469902,0
2020-08-04 01:00:00,610.57,612.14,609.39,610.52,13.762179999999999,1596504599999,8402.1672463,42,6.243609999999999,3816.2448304,0
2020-08-04 01:30:00,610.52,612.17,610.52,611.4,4.04829,1596506399999,2473.1676582,14,0.62168,380.427904,0
2020-08-04 02:00:00,611.24,612.23,610.91,610.91,4.04711,1596508199999,2474.1189608000004,7,0.55095,337.2867935,0
2020-08-04 02:30:00,611.94,611.94,605.62,606.2,65.3692,1596509999999,39791.5831454,72,8.4899,5170.1835037,0
2020-08-04 03:00:00,606.2,606.2,603.95,604.47,20.236539999999998,1596511799999,12235.703907,40,1.22914,743.1360296,0
2020-08-04 03:30:00,604.84,604.84,600.94,601.4,49.24308,1596513599999,29662.83067620001,89,12.51653,7544.4113133,0
2020-08-04 04:00:00,602.63,605.25,602.27,605.25,6.15608,1596515399999,3711.6094568000003,19,3.3298699999999997,2009.0006761,0
2020-08-04 04:30:00,605.13,606.42,602.89,603.25,19.584210000000002,1596517199999,11835.9564923,31,7.40318,4481.2908801,0
2020-08-04 05:00:00,603.21,605.68,603.21,605.15,47.70596,1596518999999,28878.4675448,51,23.06796,13962.3346387,0
2020-08-04 05:30:00,605.15,605.16,599.11,605.16,39.333259999999996,1596520799999,23690.064505500002,34,0.04717,28.3941838,0
2020-08-04 06:00:00,604.42,605.3,604.23,604.76,8.45946,1596522599999,5114.8399077,20,5.02395,3038.3233626999995,0
2020-08-04 06:30:00,604.4,604.77,597.18,599.62,32.23703,1596524399999,19344.745301599996,58,15.296679999999999,9181.980082200002,0
2020-08-04 07:00:00,598.76,599.33,595.72,597.08,97.49716,1596526199999,58253.8556388,182,64.41299000000001,38489.701959,0
2020-08-04 07:30:00,595.6,599.89,595.59,599.89,23.451729999999998,1596527999999,14035.137211899999,54,22.1744,13273.8259346,0
2020-08-04 08:00:00,599.61,601.22,599.37,600.61,17.243570000000002,1596529799999,10349.5764176,37,15.87147,9525.924485,0
2020-08-04 08:30:00,601.0,601.75,600.94,601.61,8.97316,1596531599999,5395.024943,15,4.373,2629.69639,0
2020-08-04 09:00:00,601.52,603.19,600.74,603.03,33.73641,1596533399999,20304.1025235,58,21.24781,12792.4895006,0
2020-08-04 09:30:00,603.03,603.11,601.28,602.67,15.685329999999999,1596535199999,9451.4208402,34,4.88388,2943.9642602,0
2020-08-04 10:00:00,602.67,603.63,602.0,602.02,8.404760000000001,1596536999999,5064.5459651,30,3.4640699999999995,2088.4136655,0
2020-08-04 10:30:00,602.02,602.35,602.0,602.01,12.59098,1596538799999,7580.2997918,12,0.64993,391.25786,0
2020-08-04 11:00:00,602.01,602.01,596.88,597.29,41.70832,1596540599999,24962.053376099997,67,2.00318,1200.6815711,0
2020-08-04 11:30:00,597.29,598.16,594.17,594.37,70.42605999999998,1596542399999,41982.2687934,115,32.51079,19380.4553592,0
2020-08-04 12:00:00,594.72,595.38,592.66,593.0,32.573859999999996,1596544199999,19335.7091449,76,7.6704300000000005,4550.4731177,0
2020-08-04 12:30:00,593.0,593.0,591.04,591.04,6.18761,1596545999999,3666.0147969000004,14,2.70122,1600.3441212,0
2020-08-04 13:00:00,590.66,591.46,590.6,590.6,4.66368,1596547799999,2754.5785684,9,1.88762,1114.9657892,0
2020-08-04 13:30:00,590.59,590.59,587.5,588.33,25.6967,1596549599999,15131.6227079,45,0.32606,191.96050300000002,0
2020-08-04 14:00:00,588.33,588.33,586.83,587.25,32.30705,1596551399999,18973.216066,44,26.528240000000004,15580.250996399998,0
2020-08-04 14:30:00,587.25,587.25,585.36,585.36,104.00751,1596553199999,61049.96150770001,124,79.86477,46900.0347175,0
2020-08-04 15:00:00,585.78,586.89,584.28,585.89,58.56363,1596554999999,34328.433460500004,70,20.76795,12173.2774283,0
2020-08-04 15:30:00,585.87,585.87,581.83,582.7,121.45008999999999,1596556799999,70850.9863031,159,24.62596,14368.5380424,0
2020-08-04 16:00:00,582.64,584.67,581.8,581.96,22.40161,1596558599999,13063.6005036,45,9.09115,5308.2245809,0
2020-08-04 16:30:00,582.83,583.53,580.03,580.57,22.40944,1596560399999,13019.372958299999,74,0.93217,542.7306118,0
2020-08-04 17:00:00,580.59,581.27,579.69,579.69,13.434520000000001,1596562199999,7794.586154800001,58,1.17203,680.7900186,0
2020-08-04 17:30:00,580.18,580.18,577.84,579.48,27.84595,1596563999999,16117.1062618,82,5.99483,3473.516816400001,0
2020-08-04 18:00:00,579.32,580.38,578.2,579.01,11.007819999999999,1596565799999,6382.9002174,19,6.27963,3642.2812435,0
2020-08-04 18:30:00,578.05,579.12,577.79,579.0,2.7976099999999997,1596567599999,1618.3234834,16,0.7739199999999999,448.05124450000005,0
2020-08-04 19:00:00,578.83,578.83,578.83,578.83,1.22765,1596569399999,710.6006495,5,0.0,0.0,0
2020-08-04 19:30:00,578.83,582.66,578.25,582.47,30.01758,1596571199999,17445.382645299997,45,28.28043,16437.5534555,0
2020-08-04 20:00:00,582.56,583.4,582.56,583.4,9.2477,1596572999999,5391.2219976000015,23,6.79605,3960.9293876,0
2020-08-04 20:30:00,583.4,585.23,583.4,585.23,10.05718,1596574799999,5875.6028397,28,6.39506,3737.8001696999995,0
2020-08-04 21:00:00,585.23,586.41,585.0,585.57,9.04073,1596576599999,5293.629567600001,26,1.1112600000000001,651.2869485,0
2020-08-04 21:30:00,585.0,585.0,580.2,580.2,42.0079,1596578399999,24443.1660276,48,0.9276399999999999,540.115195,0
2020-08-04 22:00:00,580.76,581.39,579.06,579.06,15.123029999999998,1596580199999,8773.344544,33,3.49191,2028.9112292999998,0
2020-08-04 22:30:00,580.26,581.67,580.26,581.67,11.601189999999999,1596581999999,6740.5570223,35,9.92628,5767.4509625,0
2020-08-04 23:00:00,582.06,585.67,581.4,583.97,47.39878,1596583799999,27621.807059,58,19.00292,11077.5761588,0
2020-08-04 23:30:00,583.89,584.49,583.68,584.49,12.391060000000001,1596585599999,7237.418648100002,26,11.391060000000001,6653.5886481000025,0
2020-08-05 00:00:00,584.56,584.57,583.55,583.55,6.365559999999999,1596587399999,3719.2556005,15,1.16795,682.6769316000001,0
2020-08-05 00:30:00,583.98,584.79,583.98,584.79,2.81242,1596589199999,1644.2723084000006,5,2.48608,1453.6962752,0
2020-08-05 01:00:00,584.79,584.79,584.79,584.79,0.10819000000000001,1596590999999,63.268430099999996,2,0.10819000000000001,63.268430099999996,0
2020-08-05 01:30:00,584.7,585.36,584.7,585.36,18.54417,1596592799999,10847.4475187,6,18.54417,10847.4475187,0
2020-08-05 02:00:00,585.44,585.44,583.99,583.99,0.24315,1596594599999,142.191599,3,0.13409000000000001,78.5016496,0
2020-08-05 02:30:00,584.56,584.56,584.22,584.22,0.6066199999999999,1596596399999,354.4267636,2,0.0,0.0,0
2020-08-05 03:00:00,584.6,585.66,584.6,585.61,1.33343,1596598199999,780.6359618,7,1.11763,654.4692522999999,0
2020-08-05 03:30:00,585.67,585.67,585.64,585.64,0.12,1596599999999,70.2792,2,0.12,70.2792,0
2020-08-05 04:00:00,585.79,585.91,584.21,584.21,4.5360000000000005,1596601799999,2655.6178670000004,21,3.01842,1768.2815216,0
2020-08-05 04:30:00,584.77,585.92,584.77,585.92,1.5746200000000001,1596603599999,922.0347082000001,4,1.5746200000000001,922.0347082000001,0
2020-08-05 05:00:00,586.09,587.25,585.54,585.54,14.581560000000001,1596605399999,8558.598086599999,14,11.73852,6890.7625626,0
2020-08-05 05:30:00,586.53,587.25,585.82,587.21,4.48497,1596607199999,2630.2699721999998,11,1.72823,1014.7241835000001,0
2020-08-05 06:00:00,585.87,587.25,585.68,585.68,14.67464,1596608999999,8613.0081098,8,11.00953,6465.3464925,0
2020-08-05 06:30:00,587.08,587.25,585.71,587.25,1.8575,1596610799999,1089.06103,5,0.22981,134.92408999999998,0
2020-08-05 07:00:00,587.25,587.25,587.25,587.25,0.08514,1596612599999,49.998465,1,0.08514,49.998465,0
2020-08-05 07:30:00,585.6,586.66,585.15,585.22,27.80624000000001,1596614399999,16272.6173824,30,22.61794,13236.5237092,0
2020-08-05 08:00:00,585.22,585.22,582.92,583.25,12.65162,1596616199999,7385.676210100001,25,0.23001,134.5577001,0
2020-08-05 08:30:00,583.15,583.48,582.49,582.82,16.543879999999998,1596617999999,9639.036826200001,17,13.08482,7622.7649053000005,0
2020-08-05 09:00:00,583.48,584.01,581.47,584.0,22.97279,1596619799999,13380.0177355,39,3.82266,2230.5152187,0
2020-08-05 09:30:00,584.0,585.41,584.0,585.41,9.24221,1596621599999,5402.226236399999,17,7.99148,4671.6722537,0
2020-08-05 10:00:00,585.41,585.66,584.59,584.88,6.2290800000000015,1596623399999,3646.7181301,16,4.86568,2848.8353792,0
2020-08-05 10:30:00,584.88,585.81,584.69,584.78,1.07789,1596625199999,630.310788,5,0.06833,39.9843854,0
2020-08-05 11:00:00,584.55,590.08,583.88,589.97,7.66639,1596626999999,4498.145135399999,22,5.8239300000000025,3421.3819324,0
2020-08-05 11:30:00,590.24,592.21,589.97,592.21,30.90542,1596628799999,18281.249109200002,58,27.31969,16159.4287785,0
2020-08-05 12:00:00,592.21,592.39,591.92,592.06,17.39191,1596630599999,10296.854037000001,23,6.0117,3559.0989728,0
2020-08-05 12:30:00,592.61,594.42,591.04,593.25,31.275540000000003,1596632399999,18547.246795500007,66,19.55376,11605.3283158,0
2020-08-05 13:00:00,592.34,593.17,588.64,590.94,56.21666999999999,1596634199999,33203.3170949,86,7.90775,4672.5578153000015,0
2020-08-05 13:30:00,593.25,594.18,593.23,594.18,24.18602000000001,1596635999999,14360.959632799995,49,24.00967,14256.331177799999,0
2020-08-05 14:00:00,594.18,596.18,593.49,595.21,30.84109,1596637799999,18362.6544243,74,26.654120000000002,15872.6081696,0
2020-08-05 14:30:00,595.9,596.39,594.04,596.39,23.03173,1596639599999,13720.4886463,42,7.2839100000000006,4340.6948876999995,0
2020-08-05 15:00:00,595.68,599.74,595.37,598.85,49.75138,1596641399999,29735.4149411,79,41.5843,24858.496212000002,0
2020-08-05 15:30:00,598.97,599.51,595.06,596.22,30.99458,1596643199999,18523.6469917,64,2.80944,1683.0043833,0
2020-08-05 16:00:00,597.24,597.24,595.13,595.13,9.76472,1596644999999,5819.4236768,25,0.61345,365.53968050000003,0
2020-08-05 16:30:00,595.01,595.49,594.15,594.15,10.45027,1596646799999,6213.770202100001,20,1.09296,650.8057599,0
2020-08-05 17:00:00,594.1,594.27,592.87,592.87,3.53381,1596648599999,2097.3744868,21,1.3977700000000002,830.1441406,0
2020-08-05 17:30:00,594.8,596.34,594.8,595.11,3.15384,1596650399999,1878.9466596999998,6,1.7579900000000002,1048.2242267000001,0
2020-08-05 18:00:00,595.19,596.09,593.79,596.09,10.869660000000001,1596652199999,6468.832957,16,2.38806,1420.9687638,0
2020-08-05 18:30:00,596.02,596.5,595.29,596.5,0.59947,1596653999999,357.0965197,4,0.08634,51.448482,0
2020-08-05 19:00:00,594.27,594.27,591.8,591.8,8.90165,1596655799999,5272.7192913,20,1.1008200000000001,652.0517168,0
2020-08-05 19:30:00,591.8,592.64,591.75,592.38,2.46555,1596657599999,1459.0559892,8,0.03751,22.2250488,0
2020-08-05 20:00:00,592.38,595.68,592.38,595.68,3.1842799999999998,1596659399999,1894.1166862999999,12,2.03499,1210.1185741,0
2020-08-05 20:30:00,595.08,595.8,595.07,595.31,2.70961,1596661199999,1612.8162239,11,0.446,265.71609,0
2020-08-05 21:00:00,595.8,596.75,595.8,596.18,12.02937,1596662999999,7174.6920883,20,11.722489999999999,6991.5614483,0
2020-08-05 21:30:00,596.18,596.18,596.0,596.02,9.14136,1596664799999,5448.9911126000015,16,9.05747,5398.9909947999995,0
2020-08-05 22:00:00,595.26,596.02,590.68,593.34,36.05923,1596666599999,21373.765118400002,88,0.90512,536.6758692,0
2020-08-05 22:30:00,593.26,593.81,592.92,592.92,5.3247,1596668399999,3158.931333400001,14,1.5251,905.6040502999997,0
2020-08-05 23:00:00,592.89,592.89,592.27,592.27,7.89049,1596670199999,4676.4243154,7,0.0,0.0,0
2020-08-05 23:30:00,592.08,592.67,592.06,592.67,3.7929699999999995,1596671999999,2246.7359291,8,2.49085,1475.7867195000001,0
2020-08-06 00:00:00,592.67,594.3,592.04,592.76,11.32961,1596673799999,6724.4810137999975,45,3.9412599999999998,2340.1484726,0
2020-08-06 00:30:00,592.88,592.88,590.97,592.55,13.337579999999999,1596675599999,7891.787553300002,17,1.3174700000000001,778.7446411000003,0
2020-08-06 01:00:00,590.91,592.24,589.8,590.0,30.56642,1596677399999,18060.7458555,38,8.25272,4876.0679058999995,0
2020-08-06 01:30:00,589.79,589.79,587.79,589.13,13.18406,1596679199999,7766.8804043,26,2.07857,1224.8433592000001,0
2020-08-06 02:00:00,588.37,589.13,587.36,587.78,9.70117,1596680999999,5703.014816,24,2.0707299999999997,1217.6418752,0
2020-08-06 02:30:00,587.37,587.78,586.47,587.23,12.62316,1596682799999,7408.933596100002,23,0.76205,447.51895700000006,0
2020-08-06 03:00:00,586.47,587.23,585.08,585.66,23.91656,1596684599999,14008.0217601,34,5.15774,3022.140985,0
2020-08-06 03:30:00,585.66,585.66,584.88,584.88,9.53818,1596686399999,5580.7280015,14,1.0893899999999999,637.89063,0
2020-08-06 04:00:00,585.56,585.56,582.7,583.4,37.26594,1596688199999,21754.555936,47,2.3506400000000003,1372.6449183,0
2020-08-06 04:30:00,582.75,583.61,581.98,582.53,32.47545,1596689999999,18918.3021437,61,18.91059,11017.5338155,0
2020-08-06 05:00:00,582.82,583.6,582.82,583.6,2.5914099999999998,1596691799999,1510.9898756,6,0.31617,184.36003200000002,0
2020-08-06 05:30:00,583.5,583.5,582.71,583.0,13.57034,1596693599999,7909.3564972,24,0.8294299999999999,483.4174998,0
2020-08-06 06:00:00,582.71,583.61,582.02,582.61,21.74468,1596695399999,12673.475001100001,28,6.18163,3603.4104079000003,0
2020-08-06 06:30:00,582.63,584.17,581.52,584.17,12.356160000000001,1596697199999,7193.880378,28,0.5838300000000001,340.7426853,0
2020-08-06 07:00:00,583.91,584.71,582.89,583.89,10.58729,1596698999999,6180.1174791,28,7.1187,4157.7783804,0
2020-08-06 07:30:00,582.87,583.0,580.67,580.67,49.26141,1596700799999,28674.963565099995,78,38.115829999999995,22199.0587287,0
2020-08-06 08:00:00,580.63,581.81,580.63,581.81,10.902239999999999,1596702599999,6331.6519783999975,15,8.26548,4800.149399100002,0
2020-08-06 08:30:00,581.81,581.81,580.84,581.81,1.17087,1596704399999,680.5818988,12,0.88879,516.7095371,0
2020-08-06 09:00:00,581.06,581.85,581.06,581.71,2.90757,1596706199999,1691.6151355,4,0.2897,168.55035700000005,0
2020-08-06 09:30:00,583.11,584.38,582.21,582.21,31.581640000000004,1596707999999,18406.5585343,36,20.77167,12108.6231059,0
2020-08-06 10:00:00,582.44,583.0,581.71,581.72,3.24057,1596709799999,1885.54759,8,0.04257,24.81831,0
2020-08-06 10:30:00,581.72,581.72,578.38,578.38,30.63435,1596711599999,17758.5707343,63,1.04793,607.7425611000001,0
2020-08-06 11:00:00,578.34,578.87,577.45,577.45,14.315529999999999,1596713399999,8272.610243100002,34,2.6634700000000002,1539.7543677,0
2020-08-06 11:30:00,577.45,580.31,577.32,580.31,12.555589999999999,1596715199999,7268.2936359,26,4.37709,2534.9081519,0
2020-08-06 12:00:00,579.53,580.94,579.1,580.89,11.94117,1596716999999,6924.1109869,18,1.61447,937.6628681,0
2020-08-06 12:30:00,580.91,580.99,580.46,580.99,9.14123,1596718799999,5310.8868094,25,9.12123,5299.2753461,0
2020-08-06 13:00:00,580.98,581.14,580.27,580.28,5.38468,1596720599999,3126.9348245,9,3.0,1743.1007340999995,0
2020-08-06 13:30:00,581.12,583.1,580.82,582.73,19.22694,1596722399999,11193.8254688,50,8.93469,5202.014071000001,0
2020-08-06 14:00:00,582.21,582.97,580.04,580.04,13.21976,1596724199999,7687.685086300001,27,3.11015,1809.3568267,0
2020-08-06 14:30:00,580.8,584.71,580.79,584.62,14.773420000000002,1596725999999,8616.259871,53,10.16053,5930.652194899999,0
2020-08-06 15:00:00,584.62,587.88,584.45,587.02,25.24742,1596727799999,14785.882967399999,74,11.656310000000001,6826.8291653,0
2020-08-06 15:30:00,586.98,590.0,586.98,590.0,25.7346,1596729599999,15162.699009900001,52,11.91848,7023.1162246,0
2020-08-06 16:00:00,590.0,593.82,589.14,593.36,24.229210000000002,1596731399999,14342.3819831,66,19.20018,11368.153091299999,0
2020-08-06 16:30:00,593.36,593.36,589.69,590.47,30.893309999999996,1596733199999,18256.360108200002,51,19.102870000000006,11292.805984899998,0
2020-08-06 17:00:00,591.33,591.79,588.65,589.8,31.425440000000002,1596734999999,18550.7263431,45,12.62181,7463.2950516,0
2020-08-06 17:30:00,589.78,590.64,588.0,588.0,18.49149,1596736799999,10886.6612389,28,0.20342000000000002,119.96779479999998,0
2020-08-06 18:00:00,588.53,588.53,588.0,588.0,2.0638,1596738599999,1214.5435539999999,5,1.9418,1142.807554,0
2020-08-06 18:30:00,589.05,589.05,588.0,588.96,3.38249,1596740399999,1989.5237548,13,0.61221,360.5719383,0
2020-08-06 19:00:00,588.98,589.36,588.02,588.02,5.42951,1596742199999,3197.9817938,8,5.26497,3101.228983,0
2020-08-06 19:30:00,588.03,589.32,588.02,588.28,2.22643,1596743999999,1311.1010157,9,1.81152,1067.1070183,0
2020-08-06 20:00:00,588.28,589.06,588.01,588.01,2.3348299999999997,1596745799999,1373.0721183,8,0.01913,11.268717800000001,0
2020-08-06 20:30:00,588.74,590.97,588.74,589.61,39.54282,1596747599999,23309.7178273,61,39.03518,23010.3981254,0
2020-08-06 21:00:00,590.17,591.9,588.41,588.41,22.98982,1596749399999,13591.174796000001,26,22.81682,13489.379866,0
2020-08-06 21:30:00,588.41,588.7,586.03,587.18,27.79565,1596751199999,16338.070744499999,40,2.63748,1551.6297853,0
2020-08-06 22:00:00,587.18,587.89,586.89,587.0,3.07451,1596752999999,1805.6883254000002,6,0.9607100000000001,564.7918018999999,0
2020-08-06 22:30:00,587.09,588.0,586.86,586.86,1.4738799999999999,1596754799999,866.1847662999999,5,1.04955,617.110721,0
2020-08-06 23:00:00,586.85,587.42,586.61,586.61,7.9573800000000015,1596756599999,4670.2915402,18,0.76562,449.31270020000005,0
2020-08-06 23:30:00,586.44,587.03,585.93,586.7,13.15686,1596758399999,7719.2357831,29,6.21024,3645.3498868,0
2020-08-07 00:00:00,585.93,587.02,585.84,586.73,22.552120000000002,1596760199999,13216.7973293,19,4.30736,2527.1977314,0
2020-08-07 00:30:00,586.59,587.54,586.04,587.54,4.83528,1596761999999,2839.0089101,9,3.69671,2171.685387,0
2020-08-07 01:00:00,588.0,588.18,584.63,584.63,14.669629999999998,1596763799999,8608.620410700001,23,4.37683,2565.2482806,0
2020-08-07 01:30:00,585.92,586.47,584.88,586.43,23.89613,1596765599999,14000.0100408,37,10.57024,6195.0648119,0
2020-08-07 02:00:00,585.01,585.62,582.21,583.87,18.33994,1596767399999,10704.189778599999,33,7.074269999999999,4126.6307044,0
2020-08-07 02:30:00,583.96,586.61,583.96,586.17,32.35024,1596769199999,18928.8126387,41,29.07969000000001,17014.712661200007,0
2020-08-07 03:00:00,586.17,587.33,585.29,587.0,13.34039,1596770999999,7831.0862391,27,8.7123,5113.6472427,0
2020-08-07 03:30:00,586.67,587.69,585.1,585.91,12.15259,1596772799999,7126.8111707,19,5.8887,3459.0426556,0
2020-08-07 04:00:00,585.91,585.91,585.91,585.91,0.8749600000000001,1596774599999,512.6478136,4,0.0,0.0,0
2020-08-07 04:30:00,585.98,586.93,585.98,586.04,0.8520399999999999,1596776399999,499.45251669999993,4,0.17065,100.1596045,0
2020-08-07 05:00:00,587.09,588.34,587.0,588.34,13.505339999999999,1596778199999,7937.1663538,14,12.505339999999999,7350.1663538,0
2020-08-07 05:30:00,588.64,591.81,588.64,590.53,67.05915,1596779999999,39563.6764379,87,48.44636,28594.240327499996,0
2020-08-07 06:00:00,591.47,591.52,590.4,590.4,6.19142,1596781799999,3661.1928389,12,2.65095,1568.057994,0
2020-08-07 06:30:00,591.61,591.99,590.37,591.96,14.0019,1596783599999,8285.757102399999,33,9.85367,5831.2991306999975,0
2020-08-07 07:00:00,591.98,592.07,590.0,591.32,19.70116,1596785399999,11636.1949841,30,4.3958699999999995,2597.9921258,0
2020-08-07 07:30:00,592.08,592.33,591.5,591.5,6.27274,1596787199999,3714.6642684,4,6.12558,3627.6191284,0
2020-08-07 08:00:00,591.5,592.42,591.5,592.42,4.4555,1596788999999,2637.0774775,8,2.13855,1266.6015525,0
2020-08-07 08:30:00,591.5,592.51,590.73,592.18,4.40753,1596790799999,2608.111283800001,14,2.33073,1380.0332403,0
2020-08-07 09:00:00,590.74,593.37,590.74,593.37,24.053060000000002,1596792599999,14246.1886714,48,16.09236,9532.2337128,0
2020-08-07 09:30:00,592.23,593.14,590.8,591.52,6.28755,1596794399999,3726.4905587,30,4.58973,2721.2193376,0
2020-08-07 10:00:00,592.4,592.72,587.0,587.07,19.71204,1596796199999,11612.2516305,54,2.14257,1261.0804090999998,0
2020-08-07 10:30:00,587.07,588.0,586.98,587.63,12.83035,1596797999999,7534.3232769,32,0.26532,155.80941069999997,0
2020-08-07 11:00:00,587.63,587.63,586.75,586.75,9.64885,1596799799999,5663.8183235,23,0.01958,11.4958096,0
2020-08-07 11:30:00,586.77,589.95,586.51,587.98,17.85586,1596801599999,10499.0943888,49,12.34737,7266.2031846,0
2020-08-07 12:00:00,587.98,588.64,586.51,588.55,2.0142,1596803399999,1184.5279396,14,0.9066799999999999,533.4444848999998,0
2020-08-07 12:30:00,586.65,586.65,586.47,586.47,1.81808,1596805199999,1066.4212994999998,4,0.050289999999999994,29.493576300000004,0
2020-08-07 13:00:00,588.37,590.71,586.58,590.71,7.60809,1596806999999,4487.743536399998,15,7.3754100000000005,4351.2245308,0
2020-08-07 13:30:00,589.8,591.9,589.8,591.87,11.9017,1596808799999,7030.832311200003,22,11.9017,7030.832311200003,0
2020-08-07 14:00:00,591.01,591.88,582.84,584.01,105.58818000000001,1596810599999,61896.530348399996,166,22.88534,13512.706135600001,0
2020-08-07 14:30:00,582.84,583.97,581.0,581.2,24.7178,1596812399999,14397.493526700002,46,5.27377,3075.5845550999998,0
2020-08-07 15:00:00,581.19,581.61,580.46,580.46,6.40065,1596814199999,3719.093283300001,33,0.3566,207.30634799999999,0
2020-08-07 15:30:00,581.46,582.03,580.58,580.69,2.26795,1596815999999,1318.5901542000001,12,1.31682,766.1977433999997,0
2020-08-07 16:00:00,581.0,581.0,580.38,580.7,6.53865,1596817799999,3797.1073934,12,2.62489,1525.0610900000001,0
2020-08-07 16:30:00,580.68,581.69,580.34,580.34,5.6395300000000015,1596819599999,3277.794677,10,1.72003,1000.5242507000003,0
2020-08-07 17:00:00,581.45,581.45,576.67,576.67,60.61849,1596821399999,35081.947170199994,120,7.64888,4433.6015908,0
2020-08-07 17:30:00,576.67,576.67,567.32,567.32,91.13691999999999,1596823199999,52149.8946356,285,7.0913,4057.3123216,0
2020-08-07 18:00:00,567.32,567.32,564.58,564.58,14.24579,1596824999999,8066.9917152,63,0.26518,150.2761554,0
2020-08-07 18:30:00,565.25,567.81,562.54,567.81,26.793120000000002,1596826799999,15136.3764764,69,22.06175,12467.6308488,0
2020-08-07 19:00:00,567.82,569.05,567.23,569.05,15.2854,1596828599999,8688.134328799999,46,12.39798,7049.2747442,0
2020-08-07 19:30:00,569.18,570.77,569.18,570.77,7.5770800000000005,1596830399999,4320.8009919,21,4.5243,2579.5520873000005,0
2020-08-07 20:00:00,570.83,572.28,570.83,572.28,5.73864,1596832199999,3280.6686658000012,20,5.32552,3044.504284800001,0
2020-08-07 20:30:00,571.92,574.55,571.92,574.14,9.33705,1596833999999,5351.4649001,25,8.718760000000001,4997.8159214,0
2020-08-07 21:00:00,573.88,575.0,573.88,575.0,3.3171,1596835799999,1906.0327816,21,3.2785699999999998,1883.9211852,0
2020-08-07 21:30:00,575.08,575.29,575.01,575.01,2.5204299999999997,1596837599999,1449.4310863,9,1.36176,783.1564272,0
2020-08-07 22:00:00,574.95,575.39,574.95,575.39,0.75075,1596839399999,431.86074249999996,3,0.49325,283.81111749999997,0
2020-08-07 22:30:00,575.7,578.35,575.7,578.35,49.43827,1596841199999,28530.1991926,63,29.89967,17250.2030034,0
2020-08-07 23:00:00,578.28,578.36,577.88,578.36,1.32059,1596842999999,763.6181172,8,1.1054899999999999,639.3161292000002,0
2020-08-07 23:30:00,578.36,579.36,578.36,579.36,3.56265,1596844799999,2060.710443,10,3.56265,2060.710443,0
2020-08-08 00:00:00,579.44,579.78,577.56,579.78,12.0112,1596846599999,6948.5231870000025,15,2.73596,1585.9422402999999,0
2020-08-08 00:30:00,580.06,580.13,576.63,576.63,11.69835,1596848399999,6769.3031178,19,5.8,3364.4139147,0
2020-08-08 01:00:00,576.93,579.0,576.63,578.58,31.348609999999997,1596850199999,18141.004753,46,7.1619,4141.4946668,0
2020-08-08 01:30:00,578.58,578.58,578.31,578.31,0.03773,1596851999999,21.8250363,2,0.0,0.0,0
2020-08-08 02:00:00,578.2,578.2,577.2,577.2,8.40143,1596853799999,4854.0006529,13,0.0,0.0,0
2020-08-08 02:30:00,577.2,577.2,576.67,577.2,13.409479999999999,1596855599999,7739.2038656,21,12.16757,7022.8647981999975,0
2020-08-08 03:00:00,577.2,577.2,576.6,576.6,3.8578900000000003,1596857399999,2226.1408988000007,6,2.80698,1620.1831382,0
2020-08-08 03:30:00,576.52,576.59,576.42,576.56,2.9555599999999997,1596859199999,1703.8349672000006,12,0.0,0.0,0
2020-08-08 04:00:00,576.56,576.56,575.45,576.26,10.26741,1596860999999,5916.2881535,41,1.0590899999999999,610.3110267999998,0
2020-08-08 04:30:00,576.0,576.0,575.55,575.55,3.77947,1596862799999,2176.0939297,9,0.0,0.0,0
2020-08-08 05:00:00,575.53,576.26,575.29,575.29,5.46908,1596864599999,3147.68439,13,0.74369,428.4268829,0
2020-08-08 05:30:00,576.12,576.12,574.95,574.95,2.4062200000000002,1596866399999,1384.0498929999999,6,0.1912,110.15414399999999,0
2020-08-08 06:00:00,576.44,576.44,575.2,575.2,3.15963,1596868199999,1821.1411219999998,5,1.7349599999999998,1000.1003424,0
2020-08-08 06:30:00,575.73,576.79,575.73,575.85,0.42868,1596869999999,246.86745359999998,3,0.03468,20.0030772,0
2020-08-08 07:00:00,576.93,577.54,576.63,577.21,3.3261800000000004,1596871799999,1919.5972188,7,2.4,1385.5340454000002,0
2020-08-08 07:30:00,576.28,576.28,575.42,575.42,10.571,1596873599999,6090.5382611999985,17,3.7461900000000004,2158.5063248,0
2020-08-08 08:00:00,576.04,576.65,575.47,575.47,11.0008,1596875399999,6338.8010438,21,3.2940699999999996,1899.5254655,0
2020-08-08 08:30:00,575.47,575.47,574.88,574.88,3.61082,1596877199999,2077.0900099,9,0.0,0.0,0
2020-08-08 09:00:00,575.3,575.3,575.3,575.3,0.47615,1596878999999,273.929095,1,0.0,0.0,0
2020-08-08 09:30:00,576.41,576.51,576.41,576.51,0.54586,1596880799999,314.6677486,4,0.54586,314.6677486,0
2020-08-08 10:00:00,577.21,579.05,576.51,579.05,12.7478,1596882599999,7368.6193971,22,12.404530000000001,7170.2393761,0
2020-08-08 10:30:00,579.04,582.09,578.75,581.91,77.30161,1596884399999,44911.2628203,74,59.4048,34510.6291125,0
2020-08-08 11:00:00,581.91,582.2,581.0,581.09,3.7386699999999995,1596886199999,2174.9913883,10,2.8083099999999996,1634.3317927,0
2020-08-08 11:30:00,581.27,584.08,580.55,583.22,50.59317,1596887999999,29496.170776200004,74,17.36352,10121.9339811,0
2020-08-08 12:00:00,583.22,584.14,581.77,583.95,19.50465,1596889799999,11377.025724299998,36,14.86868,8678.0579881,0
2020-08-08 12:30:00,583.68,584.13,583.35,584.13,3.7363199999999996,1596891599999,2182.0286969999997,9,3.19132,1864.014177,0
2020-08-08 13:00:00,583.33,584.27,583.27,583.36,4.22771,1596893399999,2468.0703257,14,2.36226,1379.981082,0
2020-08-08 13:30:00,584.28,584.7,583.95,584.7,5.535,1596895199999,3234.821130000001,8,5.442,3180.51378,0
2020-08-08 14:00:00,584.71,585.02,583.8,584.77,2.30845,1596896999999,1348.8875427,6,1.30866,765.2101407,0
2020-08-08 14:30:00,584.82,585.14,584.78,585.14,1.26889,1596898799999,742.1870227,8,1.26889,742.1870227,0
2020-08-08 15:00:00,585.14,586.07,585.14,585.4,19.006429999999998,1596900599999,11131.0358636,41,16.45838,9639.438351,0
2020-08-08 15:30:00,586.07,586.19,585.33,585.36,1.59197,1596902399999,932.5821894999999,8,0.95909,562.1339538999998,0
2020-08-08 16:00:00,585.45,586.01,582.74,582.74,11.477039999999999,1596904199999,6708.7498042,52,0.8418200000000001,492.6833768,0
2020-08-08 16:30:00,583.51,583.8,581.79,581.79,6.6828600000000025,1596905999999,3893.3457541000002,32,1.24145,724.4075297999997,0
2020-08-08 17:00:00,581.7,582.15,581.69,581.85,1.9517099999999998,1596907799999,1135.4868264000004,8,0.24406999999999998,142.08535049999998,0
2020-08-08 17:30:00,582.95,583.24,582.45,582.45,1.09176,1596909599999,636.2848278,7,0.6941,404.6677608,0
2020-08-08 18:00:00,582.51,582.51,582.46,582.46,0.08642999999999999,1596911399999,50.345450799999995,3,0.0,0.0,0
2020-08-08 18:30:00,582.46,584.11,582.22,582.31,4.00482,1596913199999,2335.59564,12,2.52095,1471.6005761,0
2020-08-08 19:00:00,582.34,582.34,582.34,582.34,1.0,1596914999999,582.34,1,0.0,0.0,0
2020-08-08 19:30:00,582.34,583.67,582.34,583.67,0.41953999999999997,1596916799999,244.69443540000003,5,0.39954,233.04763540000002,0
2020-08-08 20:00:00,582.18,583.57,581.85,581.85,0.57571,1596918599999,335.3050178000001,5,0.16375,95.50475870000001,0
2020-08-08 20:30:00,581.85,582.62,581.85,582.62,0.18703,1596920399999,108.8677267,5,0.05756,33.5356072,0
2020-08-08 21:00:00,581.85,582.41,581.43,581.43,4.44545,1596922199999,2586.6773805,13,1.0512299999999999,612.1505659,0
2020-08-08 21:30:00,582.43,582.69,581.26,582.69,2.8677,1596923999999,1668.4239304999999,5,1.21127,705.5174287000001,0
2020-08-08 22:00:00,582.55,582.55,582.3,582.3,1.3536299999999999,1596925799999,788.511672,3,1.18696,691.4597309999997,0
2020-08-08 22:30:00,581.16,582.49,581.16,581.16,3.8002,1596927599999,2211.4520777,10,2.36413,1376.5597265000001,0
2020-08-08 23:00:00,581.16,582.48,581.16,582.14,7.19349,1596929399999,4181.3608284,7,5.98102,3476.7217631999997,0
2020-08-08 23:30:00,581.84,582.9,581.14,582.48,42.33278,1596931199999,24670.220297599997,39,14.91269,8688.8078528,0
2020-08-09 00:00:00,583.55,586.73,583.55,586.4,54.32198,1596932999999,31831.345411500002,76,28.792690000000004,16860.7755204,0
2020-08-09 00:30:00,586.5,586.82,584.74,584.74,14.40603,1596934799999,8445.806855300001,22,5.31262,3116.6237149999997,0
2020-08-09 01:00:00,585.1,587.09,584.14,585.28,20.731920000000002,1596936599999,12144.5512888,27,8.54673,5015.6161813,0
2020-08-09 01:30:00,585.28,585.79,583.79,585.79,16.76969,1596938399999,9798.2968439,18,6.44468,3762.7166325999997,0
2020-08-09 02:00:00,584.93,586.01,584.56,585.72,5.61744,1596940199999,3289.3831869,10,3.46024,2026.8455105,0
2020-08-09 02:30:00,584.12,587.65,584.11,587.09,68.36912,1596941999999,40092.9612623,66,68.27091999999999,40035.561536199995,0
2020-08-09 03:00:00,587.09,587.32,585.83,587.32,3.25558,1596943799999,1909.2557243,15,1.15763,679.7438739,0
2020-08-09 03:30:00,587.31,587.31,585.83,585.83,3.0956200000000003,1596945599999,1817.9954697,5,0.91559,537.7262624,0
2020-08-09 04:00:00,587.43,587.43,586.17,586.17,0.78794,1596947399999,462.3386183,6,0.66694,391.4120483,0
2020-08-09 04:30:00,587.15,587.46,585.55,586.73,27.48361,1596949199999,16100.465802200002,38,19.82496,11613.951599700002,0
2020-08-09 05:00:00,586.0,587.34,586.0,587.34,1.4328299999999998,1596950999999,839.7606069,7,0.08315,48.8087369,0
2020-08-09 05:30:00,587.01,587.39,586.0,586.0,5.29694,1596952799999,3109.5470225999998,10,4.3365599999999995,2546.7638679,0
2020-08-09 06:00:00,586.0,586.91,584.8,585.3,8.59873,1596954599999,5037.6361767,16,2.19579,1288.5487747000002,0
2020-08-09 06:30:00,585.31,585.93,584.5,584.5,10.66635,1596956399999,6241.2460702,19,5.8551699999999975,3427.4260371,0
2020-08-09 07:00:00,584.51,586.02,584.51,585.2,7.97607,1596958199999,4663.8486096,14,2.18807,1280.7047295999996,0
2020-08-09 07:30:00,584.92,588.0,584.68,584.68,30.94569000000001,1596959999999,18143.189734400006,38,23.278779999999998,13654.803752000002,0
2020-08-09 08:00:00,585.71,587.59,585.54,587.45,6.31524,1596961799999,3706.6586451,19,5.1856300000000015,3044.083879,0
2020-08-09 08:30:00,587.45,588.82,587.16,587.36,15.25552,1596963599999,8975.7998823,32,12.30804,7244.1513196000005,0
2020-08-09 09:00:00,588.86,589.95,588.72,589.95,11.28608,1596965399999,6653.711027,28,9.84269,5802.4296279,0
2020-08-09 09:30:00,589.68,589.75,585.23,586.05,39.79701,1596967199999,23380.4555867,71,22.09705,12990.698229700001,0
2020-08-09 10:00:00,585.96,585.96,582.26,582.26,120.59031999999999,1596968999999,70388.1815886,101,38.88687,22659.0835762,0
2020-08-09 10:30:00,582.26,583.05,581.83,581.84,8.19174,1596970799999,4769.293028800002,25,0.7376,429.8519158,0
2020-08-09 11:00:00,581.84,583.39,581.84,583.39,6.1185599999999996,1596972599999,3563.0539458999997,20,3.7902699999999996,2208.2526731999997,0
2020-08-09 11:30:00,582.02,583.58,581.83,582.21,5.25335,1596974399999,3060.1858954,16,2.09835,1224.0294268,0
2020-08-09 12:00:00,583.13,583.67,583.13,583.57,2.7379700000000002,1596976199999,1597.3412317,5,2.7379700000000002,1597.3412317,0
2020-08-09 12:30:00,583.67,584.5,583.11,584.5,17.05946,1596977999999,9964.540645899999,36,17.039620000000006,9952.9717435,0
2020-08-09 13:00:00,584.58,584.58,583.26,584.14,2.71044,1596979799999,1581.7718340999998,25,1.6073,937.9670305999999,0
2020-08-09 13:30:00,584.59,584.76,583.01,583.01,8.15595,1596981599999,4759.392503800002,17,2.09594,1225.37788,0
2020-08-09 14:00:00,583.01,583.43,582.21,582.45,22.5316,1596983399999,13132.7014111,28,3.93485,2293.6602524,0
2020-08-09 14:30:00,582.21,582.45,581.72,582.18,35.10824,1596985199999,20439.323321400007,55,22.85995,13308.760419799999,0
2020-08-09 15:00:00,581.72,583.19,581.15,583.12,14.38406,1596986999999,8373.5713031,37,5.954,3470.8604994999996,0
2020-08-09 15:30:00,584.0,584.48,583.47,584.48,13.05993,1596988799999,7628.292465199997,20,5.50557,3216.6872012,0
2020-08-09 16:00:00,584.48,585.83,584.48,585.83,19.70736,1596990599999,11531.095787799999,46,17.587770000000006,10291.8947938,0
2020-08-09 16:30:00,585.67,586.77,585.67,586.77,25.02589,1596992399999,14670.929000999999,50,18.20082,10670.426150799998,0
2020-08-09 17:00:00,586.51,588.0,586.51,587.94,34.46135,1596994199999,20235.587163099997,46,22.34731,13124.2572055,0
2020-08-09 17:30:00,587.94,589.68,587.32,588.59,23.53071,1596995999999,13847.9120007,51,16.050829999999998,9446.998109799999,0
2020-08-09 18:00:00,588.24,588.36,584.34,585.29,54.23839,1596997799999,31780.8875616,86,27.93913,16378.1011728,0
2020-08-09 18:30:00,585.38,586.43,585.15,586.43,17.60728,1596999599999,10313.3438516,37,12.88808,7551.0935988,0
2020-08-09 19:00:00,586.43,587.2,586.43,586.83,0.53576,1597001399999,314.4107518,5,0.53576,314.4107518,0
2020-08-09 19:30:00,586.83,588.24,586.12,588.0,13.88672,1597003199999,8160.34128,37,10.21542,6003.962486199999,0
2020-08-09 20:00:00,588.43,591.23,588.01,588.01,59.39219,1597004999999,35065.6889968,121,21.80423,12874.182206,0
2020-08-09 20:30:00,588.9,591.27,588.9,591.27,15.24264,1597006799999,9002.726230299999,44,14.200870000000002,8386.8005532,0
2020-08-09 21:00:00,591.24,594.62,591.24,593.0,95.07326,1597008599999,56373.183708000004,155,75.06741,44513.165599500004,0
2020-08-09 21:30:00,593.85,595.18,591.9,591.97,34.77732,1597010399999,20617.8239067,47,27.623170000000002,16375.044285799999,0
2020-08-09 22:00:00,591.92,593.15,590.27,590.74,10.68609,1597012199999,6327.1842898,32,4.34101,2571.5997681999997,0
2020-08-09 22:30:00,591.02,595.22,591.02,592.83,21.71104,1597013999999,12881.8804549,48,11.80325,7002.4379728,0
2020-08-09 23:00:00,594.65,596.71,593.7,596.5,15.435179999999999,1597015799999,9191.2432948,52,13.87238,8261.4415626,0
2020-08-09 23:30:00,596.71,597.78,594.94,595.78,123.47991999999999,1597017599999,73621.06227719999,179,94.63365,56425.08589169999,0
2020-08-10 00:00:00,596.38,597.92,596.21,597.92,13.80691,1597019399999,8241.4254796,29,11.61877,6936.455462800001,0
2020-08-10 00:30:00,597.92,603.9,597.3,603.9,105.24073,1597021199999,63208.15890419999,177,94.7064,56888.31746930001,0
2020-08-10 01:00:00,603.12,606.08,601.89,606.08,129.01247,1597022999999,77974.30339079999,191,88.16779,53285.55305259999,0
2020-08-10 01:30:00,606.09,614.17,605.64,614.03,189.66553000000002,1597024799999,115452.2063933,305,132.01271,80416.4830163,0
2020-08-10 02:00:00,614.03,615.77,608.47,608.47,88.55596,1597026599999,54199.12117769999,205,26.26008,16121.4785903,0
2020-08-10 02:30:00,609.79,611.72,606.99,606.99,30.402440000000002,1597028399999,18524.1339659,68,10.54764,6436.7689672,0
2020-08-10 03:00:00,606.88,607.51,603.09,603.09,58.51629000000001,1597030199999,35411.0386348,132,31.32397000000001,18955.9121727,0
2020-08-10 03:30:00,603.85,607.71,602.65,607.7,51.67179,1597031999999,31279.0590986,104,38.72237,23446.169119,0
2020-08-10 04:00:00,607.7,611.72,607.7,611.03,67.87841,1597033799999,41353.7760144,107,62.44055,38048.763494,0
2020-08-10 04:30:00,611.03,620.4,610.83,616.57,238.57657999999998,1597035599999,147197.76093579998,347,151.74589,93555.8118371,0
2020-08-10 05:00:00,616.57,617.05,613.58,614.84,68.029,1597037399999,41815.516578099996,106,24.59056,15119.614956600002,0
2020-08-10 05:30:00,614.47,615.63,613.81,614.64,24.42476,1597039199999,15010.0200662,53,20.4907,12593.513975700002,0
2020-08-10 06:00:00,614.64,618.3,614.37,617.35,42.47833,1597040999999,26206.2673286,65,24.516779999999997,15119.411196000001,0
2020-08-10 06:30:00,618.24,618.84,613.72,615.0,108.00605,1597042799999,66500.0285201,107,34.174240000000005,21087.0080124,0
2020-08-10 07:00:00,615.0,615.76,612.8,615.69,40.91045,1597044599999,25155.0151927,88,8.86329,5452.1722044,0
2020-08-10 07:30:00,615.77,619.84,615.29,619.06,25.68069,1597046399999,15873.9691657,63,23.68753,14643.793105899998,0
2020-08-10 08:00:00,619.14,625.18,619.14,624.01,173.07233,1597048199999,107655.6387556,317,142.98713999999995,88913.55705630002,0
2020-08-10 08:30:00,624.01,624.01,619.23,620.17,28.78937,1597049999999,17885.9161401,76,5.38995,3345.121836,0
2020-08-10 09:00:00,620.17,623.3,620.1,621.8,27.55701,1597051799999,17133.6110621,63,17.9063,11136.122368600001,0
2020-08-10 09:30:00,622.0,628.23,622.0,625.99,64.625,1597053599999,40414.401109599996,148,53.04633000000001,33187.4155239,0
2020-08-10 10:00:00,626.01,628.23,615.28,615.28,238.77691000000002,1597055399999,148527.7549617,267,83.66669,52091.0921814,0
2020-08-10 10:30:00,615.03,615.26,608.42,612.79,167.4939,1597057199999,102439.6176171,225,62.663669999999996,38331.04345,0
2020-08-10 11:00:00,612.8,615.68,612.8,615.08,32.53463,1597058999999,19980.029608599998,72,16.503610000000002,10133.589031,0
2020-08-10 11:30:00,614.76,615.44,612.79,615.44,25.55441,1597060799999,15697.703785299998,95,14.054820000000001,8640.690484499999,0
2020-08-10 12:00:00,615.0,617.94,615.0,616.67,54.44709,1597062599999,33548.40391540001,68,27.5837,17007.539562,0
2020-08-10 12:30:00,616.49,620.81,616.07,620.81,45.13707,1597064399999,27936.9797778,118,34.715790000000005,21504.3503385,0
2020-08-10 13:00:00,620.15,627.04,619.92,625.82,61.21311,1597066199999,38167.0585017,168,58.38901,36404.605047300014,0
2020-08-10 13:30:00,627.08,630.0,627.08,630.0,35.60800000000001,1597067999999,22378.0100975,100,29.97267,18841.8633608,0
2020-08-10 14:00:00,629.17,632.37,629.0,632.37,38.06877,1597069799999,24007.9812843,72,14.67474,9254.3994398,0
2020-08-10 14:30:00,632.37,634.16,627.17,628.6,176.29183999999995,1597071599999,111198.5505654,377,65.33051,41216.59189619999,0
2020-08-10 15:00:00,627.74,630.0,626.81,627.67,65.7266,1597073399999,41292.55957219999,104,33.947790000000005,21350.849070700002,0
2020-08-10 15:30:00,627.67,629.09,627.0,628.67,10.57601,1597075199999,6642.3092133,23,7.35785,4622.6027791,0
2020-08-10 16:00:00,628.67,632.2,628.38,629.81,40.514179999999996,1597076999999,25545.4308343,113,20.80344,13109.103710700001,0
2020-08-10 16:30:00,629.47,630.02,628.06,629.43,14.46246,1597078799999,9101.4685415,84,8.75048,5508.368822300001,0
2020-08-10 17:00:00,629.29,631.56,628.06,630.13,32.168009999999995,1597080599999,20272.6282025,52,17.197020000000002,10845.4931486,0
2020-08-10 17:30:00,630.94,630.95,627.19,628.81,1.81098,1597082399999,1138.2642873,13,0.4543100000000001,286.2235472,0
2020-08-10 18:00:00,627.19,627.19,624.36,626.48,30.0955,1597084199999,18843.1097627,71,3.3126,2075.4586574,0
2020-08-10 18:30:00,626.44,626.49,623.93,624.27,6.964339999999999,1597085999999,4350.8837929,17,2.70612,1693.4672465999995,0
2020-08-10 19:00:00,623.93,625.34,623.83,625.34,10.39555,1597087799999,6493.8367312,31,1.75423,1096.1097862,0
2020-08-10 19:30:00,625.11,627.1,624.5,626.03,10.47519,1597089599999,6549.7639021,20,6.25244,3912.4715100000003,0
2020-08-10 20:00:00,624.56,625.94,624.1,625.68,8.903030000000003,1597091399999,5560.0553383999995,20,1.9415799999999999,1213.8283155,0
2020-08-10 20:30:00,623.93,625.99,623.77,625.21,9.30376,1597093199999,5811.1850713999975,27,3.70676,2318.1833314,0
2020-08-10 21:00:00,624.31,627.84,623.73,626.98,10.664060000000001,1597094999999,6671.4933683,22,6.42448,4026.1319864,0
2020-08-10 21:30:00,626.91,628.06,626.91,628.03,2.78735,1597096799999,1750.1703960999994,20,2.22973,1400.2050819,0
2020-08-10 22:00:00,627.65,628.06,623.28,623.51,41.49175,1597098599999,25928.742079599997,83,8.711889999999999,5462.8187127,0
2020-08-10 22:30:00,625.74,625.92,624.68,625.85,4.07899,1597100399999,2550.6688491,10,3.6737699999999998,2297.1594863,0
2020-08-10 23:00:00,625.08,626.71,625.08,626.71,10.41891,1597102199999,6520.396345300002,25,8.751660000000001,5478.2317153,0
2020-08-10 23:30:00,626.71,629.08,623.18,623.18,31.33091,1597103999999,19629.4091955,83,7.71877,4849.7422276,0
2020-08-11 00:00:00,623.62,625.54,622.37,624.52,44.19459000000001,1597105799999,27552.089812199996,43,23.351129999999998,14558.133006200002,0
2020-08-11 00:30:00,624.52,626.76,624.52,626.76,28.839879999999997,1597107599999,18047.695009299998,40,10.9087,6829.480536900001,0
2020-08-11 01:00:00,626.86,627.52,626.28,627.0,3.70834,1597109399999,2323.7412001999996,18,2.57628,1613.9323225,0
2020-08-11 01:30:00,627.0,627.0,619.82,619.82,45.25625,1597111199999,28135.070653099996,99,5.69757,3539.6427259,0
2020-08-11 02:00:00,620.55,620.97,618.5,620.26,12.451210000000001,1597112999999,7714.969132100001,32,3.63665,2255.7513339,0
2020-08-11 02:30:00,618.86,620.48,614.72,616.66,118.64933,1597114799999,73165.9376544,139,16.04965,9887.935027,0
2020-08-11 03:00:00,616.66,619.07,616.66,619.07,19.93644,1597116599999,12312.8680709,34,9.60339,5935.4742728,0
2020-08-11 03:30:00,619.07,619.84,616.84,618.45,36.91558,1597118399999,22832.3262178,54,19.368029999999997,11989.6805974,0
2020-08-11 04:00:00,618.62,619.84,617.0,619.52,45.63045,1597120199999,28207.759986799996,51,8.0396,4973.478939399999,0
2020-08-11 04:30:00,617.92,617.94,615.9,616.08,15.83731,1597121999999,9771.227419600002,32,8.896189999999997,5491.7042917,0
2020-08-11 05:00:00,615.81,615.81,611.3,612.67,35.27581,1597123799999,21621.7511857,94,5.99821,3674.5498911,0
2020-08-11 05:30:00,612.84,613.65,611.75,612.51,16.470589999999998,1597125599999,10095.7314855,35,10.00463,6133.370671399999,0
2020-08-11 06:00:00,612.93,614.98,611.31,614.98,11.14519,1597127399999,6827.227725,27,8.10716,4969.833514399998,0
2020-08-11 06:30:00,615.0,617.22,615.0,615.49,34.05433,1597129199999,20978.8438729,64,29.26408,18029.663261,0
2020-08-11 07:00:00,617.07,617.69,615.49,617.69,20.14834,1597130999999,12424.0367654,28,9.05482,5582.2836492,0
2020-08-11 07:30:00,617.24,618.88,616.48,618.88,47.41653,1597132799999,29290.167379000002,79,42.41748,26204.3807575,0
2020-08-11 08:00:00,618.88,620.11,617.99,617.99,81.66332,1597134599999,50516.5881404,83,65.53528,40540.3295331,0
2020-08-11 08:30:00,617.82,621.89,616.36,617.81,107.20318999999999,1597136399999,66284.93115019999,120,72.69358000000003,44952.0351387,0
2020-08-11 09:00:00,615.77,617.04,614.92,615.48,23.508229999999998,1597138199999,14480.7298933,41,11.114419999999999,6848.4467718999995,0
2020-08-11 09:30:00,615.23,615.23,613.81,614.04,17.617720000000006,1597139999999,10826.196490299999,42,2.6785200000000002,1646.9510825,0
2020-08-11 10:00:00,613.97,615.42,613.66,614.79,11.415239999999999,1597141799999,7009.297689499997,28,1.0369899999999999,637.2813993,0
2020-08-11 10:30:00,614.36,615.0,611.05,612.65,54.92397,1597143599999,33658.3640922,59,6.9513300000000005,4264.2799906,0
2020-08-11 11:00:00,612.82,614.2,611.84,612.53,12.769630000000001,1597145399999,7834.763790800002,18,3.6288099999999996,2227.895102,0
2020-08-11 11:30:00,613.34,613.58,612.44,612.44,14.741679999999999,1597147199999,9041.203392799998,35,5.0,3066.9620804,0
2020-08-11 12:00:00,612.52,614.0,611.72,611.93,17.8629,1597148999999,10939.588955500001,37,2.33255,1430.41779,0
2020-08-11 12:30:00,612.44,613.42,610.24,610.24,15.5997,1597150799999,9543.3692293,45,2.52291,1545.3546804999999,0
2020-08-11 13:00:00,610.04,610.04,597.78,597.78,180.47938,1597152599999,108908.38596649999,335,19.2915,11632.2015532,0
2020-08-11 13:30:00,597.78,598.83,593.85,596.75,163.15605,1597154399999,97423.2924645,267,41.71475,24904.8901565,0
2020-08-11 14:00:00,596.75,599.28,595.11,598.18,29.58509,1597156199999,17674.7837145,79,23.20366,13873.141987,0
2020-08-11 14:30:00,598.51,598.51,593.84,593.84,12.154919999999999,1597157999999,7236.1683963,40,3.08965,1842.1812562,0
2020-08-11 15:00:00,594.57,595.25,592.0,592.58,51.3363,1597159799999,30478.4991888,141,25.32637,15036.8386604,0
2020-08-11 15:30:00,593.68,597.81,591.31,593.6,49.21575,1597161599999,29268.6402161,66,25.384510000000002,15105.230985499995,0
2020-08-11 16:00:00,594.33,595.35,582.8,585.04,206.2161,1597163399999,121250.7836453,261,62.85005,36887.2736754,0
2020-08-11 16:30:00,585.04,587.19,583.57,586.32,56.70088000000001,1597165199999,33192.7936814,84,20.3474,11926.3302562,0
2020-08-11 17:00:00,583.67,588.5,583.57,588.5,52.52709,1597166999999,30858.828656,75,35.21458,20689.7145776,0
2020-08-11 17:30:00,588.12,591.44,588.12,591.3,24.66956,1597168799999,14550.119363499998,71,23.28258,13733.115934200001,0
2020-08-11 18:00:00,591.39,607.43,591.38,603.99,140.20208,1597170599999,84074.3449535,247,99.89565999999999,59949.15584990001,0
2020-08-11 18:30:00,607.28,609.64,605.71,608.65,21.08941,1597172399999,12814.194486700002,61,15.075,9167.8362775,0
2020-08-11 19:00:00,608.65,611.24,605.99,609.72,35.33559,1597174199999,21522.1715004,78,23.92964,14597.9470449,0
2020-08-11 19:30:00,609.72,610.33,606.15,608.2,54.408159999999995,1597175999999,33170.845942,80,25.72269,15675.6552588,0
2020-08-11 20:00:00,608.2,608.2,599.77,600.69,84.16313000000002,1597177799999,50813.1681639,233,1.00604,607.2883996,0
2020-08-11 20:30:00,602.39,602.72,586.1,587.19,77.24325999999998,1597179599999,45867.1414017,182,26.81533,15857.2091932,0
2020-08-11 21:00:00,587.12,601.45,585.86,586.0,195.7802,1597181399999,115761.03706900001,180,142.75481000000005,84606.9568561,0
2020-08-11 21:30:00,586.0,586.46,581.38,585.82,153.22299999999996,1597183199999,89427.85969910002,106,39.1091,22875.9544254,0
2020-08-11 22:00:00,585.82,586.07,582.2,585.76,87.30981,1597184999999,51019.8795389,89,32.14928,18803.4976092,0
2020-08-11 22:30:00,585.11,587.31,584.21,587.15,13.74555,1597186799999,8063.0460237000025,28,11.56183,6782.842092199999,0
2020-08-11 23:00:00,587.05,589.79,587.05,589.79,23.23864,1597188599999,13676.154669299998,44,22.67661,13346.041694299998,0
2020-08-11 23:30:00,590.03,599.75,589.12,599.75,104.98428,1597190399999,62346.9553704,134,87.19767,51820.0920937,0
2020-08-12 00:00:00,599.74,612.94,599.73,609.71,213.89075,1597192199999,129996.5024191,283,171.24491,103971.31676039999,0
2020-08-12 00:30:00,609.71,614.0,609.71,612.14,91.37245,1597193999999,55966.395553999995,113,37.8243,23156.0410189,0
2020-08-12 01:00:00,612.74,650.24,611.96,647.04,797.33583,1597195799999,504701.67240790004,1041,419.45023,265162.75698570005,0
2020-08-12 01:30:00,645.02,670.12,642.71,667.0,549.1691900000002,1597197599999,358996.6291024001,1144,176.45238,115186.7667159,0
2020-08-12 02:00:00,669.3,732.47,655.61,704.34,842.85615,1597199399999,575111.201626,1878,347.95803,239176.36232199997,0
2020-08-12 02:30:00,704.61,720.0,675.29,698.69,1044.3595699999996,1597201199999,723707.4380289002,1681,374.10638,258594.4507822,0
2020-08-12 03:00:00,700.92,728.43,690.11,690.39,509.50052999999997,1597202999999,359352.5334524,1175,271.2753,191542.7334059,0
2020-08-12 03:30:00,690.17,700.49,682.44,687.3,341.04654,1597204799999,236093.71842800002,623,121.19327,83833.8809907,0
2020-08-12 04:00:00,684.24,701.3,681.18,693.64,400.12653,1597206599999,275492.867703,807,120.24108000000001,82547.56275239999,0
2020-08-12 04:30:00,693.64,725.0,692.14,705.43,320.70517,1597208399999,227254.44324570004,703,141.5913,100637.22088230001,0
2020-08-12 05:00:00,704.38,725.0,704.38,709.48,190.71337,1597210199999,136411.4146289,435,75.59555999999998,53943.54499830001,0
2020-08-12 05:30:00,709.47,720.0,698.21,698.95,260.07613,1597211999999,183887.93997160002,463,117.41785,83271.39100369999,0
2020-08-12 06:00:00,698.62,702.5,687.07,698.3,502.11913,1597213799999,348978.4731423,605,272.2778,189502.3714724,0
2020-08-12 06:30:00,700.54,710.28,699.37,706.35,185.91487,1597215599999,131083.578921,420,120.18828,84765.09579610001,0
2020-08-12 07:00:00,706.37,728.41,706.37,724.11,384.87235,1597217399999,276210.7188249,656,258.91329,185919.36944779998,0
2020-08-12 07:30:00,722.36,728.67,716.88,727.0,386.1985,1597219199999,279399.7782305,568,193.37083,139817.9078348,0
2020-08-12 08:00:00,727.0,750.0,727.0,736.06,398.77304,1597220999999,293971.607547,860,243.14893999999998,179210.4566036,0
2020-08-12 08:30:00,736.06,738.07,729.42,729.42,115.06086,1597222799999,84568.0605899,208,25.8038,18972.946757499998,0
2020-08-12 09:00:00,731.3,734.18,728.44,730.02,104.1589,1597224599999,76175.1288022,229,45.54888,33313.4448747,0
2020-08-12 09:30:00,730.02,752.82,728.92,745.27,417.81861000000004,1597226399999,309400.9063672,677,234.41754,173805.19734860002,0
2020-08-12 10:00:00,743.28,764.18,743.0,752.82,556.95752,1597228199999,420369.6522169,875,333.90009,252398.6055774,0
2020-08-12 10:30:00,752.82,752.82,735.02,738.09,234.4614,1597229999999,173495.7234705,518,54.78561,40537.7992362,0
2020-08-12 11:00:00,738.72,752.65,735.68,748.66,257.46945,1597231799999,192382.2443481,406,142.46434,106330.21813010001,0
2020-08-12 11:30:00,748.63,753.71,746.09,749.81,228.87894,1597233599999,171706.53956429998,309,140.62616,105475.35782260001,0
2020-08-12 12:00:00,749.81,793.0,748.73,782.38,580.63173,1597235399999,450910.8350856,1351,306.7838799999999,237991.62253789997,0
2020-08-12 12:30:00,782.38,800.0,770.35,795.99,388.97777,1597237199999,305713.0303373,770,134.10268,105430.4757321,0
2020-08-12 13:00:00,796.07,841.0,790.43,810.44,640.1492,1597238999999,522136.7757983,1867,300.10148,245749.94085820002,0
2020-08-12 13:30:00,810.44,812.08,798.83,809.41,417.19532999999996,1597240799999,336516.325521,826,179.7002,145010.6858739,0
2020-08-12 14:00:00,804.37,811.0,770.15,784.94,478.04838,1597242599999,378862.0371987,1261,235.96977,187337.38249229998,0
2020-08-12 14:30:00,784.0,795.62,772.93,772.93,481.44739000000004,1597244399999,377618.681683,1022,269.89399,212480.4417972,0
2020-08-12 15:00:00,772.0,773.69,748.12,748.12,736.74197,1597246199999,557317.8799529,1041,399.14,301710.23355440004,0
2020-08-12 15:30:00,749.18,768.0,746.83,763.12,404.89186,1597247999999,307189.55557990004,774,243.11182999999997,184343.43949340002,0
2020-08-12 16:00:00,762.07,775.67,761.69,768.87,457.79703,1597249799999,352728.4815785,860,236.70572,182215.7658576,0
2020-08-12 16:30:00,768.94,778.2,766.2,773.04,143.87534,1597251599999,111016.02617389998,324,86.17949,66529.7513335,0
2020-08-12 17:00:00,773.05,777.77,756.36,758.42,257.79449,1597253399999,198569.8478471,437,105.62397,81764.5865467,0
2020-08-12 17:30:00,756.29,759.38,750.0,752.21,67.84042,1597255199999,51135.5504352,194,17.308970000000002,13063.532273899995,0
2020-08-12 18:00:00,750.78,752.82,730.85,733.0,521.55517,1597256999999,387651.5885014,747,237.30702000000002,176363.8240938,0
2020-08-12 18:30:00,732.0,735.53,727.74,727.88,150.22619,1597258799999,109660.4036833,322,83.65374,61088.862041299995,0
2020-08-12 19:00:00,730.81,735.69,728.45,730.74,49.62135,1597260599999,36393.5188242,214,27.013840000000002,19830.8608772,0
2020-08-12 19:30:00,730.74,738.7,728.96,738.0,123.54138,1597262399999,90776.3177768,183,65.63065999999999,48245.9920897,0
2020-08-12 20:00:00,738.25,741.45,728.99,729.89,434.55729,1597264199999,318189.909257,473,269.00992,196730.8742264,0
2020-08-12 20:30:00,729.89,731.96,726.93,728.26,177.27798,1597265999999,129169.70726719999,274,143.73281,104735.58368719999,0
2020-08-12 21:00:00,726.87,729.77,719.0,719.0,222.78957000000003,1597267799999,161215.37848729998,395,155.55342,112636.9370375,0
2020-08-12 21:30:00,719.0,720.0,715.47,715.9,246.38662999999997,1597269599999,176562.98758010005,201,71.59604,51301.283228099994,0
2020-08-12 22:00:00,715.9,723.64,715.61,721.88,69.13045,1597271399999,49823.9007482,157,52.47798,37831.3482919,0
2020-08-12 22:30:00,721.0,722.05,718.42,719.83,126.08752,1597273199999,90783.30765680001,181,83.87058,60396.96893250001,0
2020-08-12 23:00:00,720.21,722.27,718.0,720.0,123.90961000000001,1597274999999,89152.62181810001,183,88.55828000000002,63735.7941727,0
2020-08-12 23:30:00,720.0,723.91,718.79,719.99,167.70731,1597276799999,120915.55432309999,294,131.53034,94815.9179906,0
2020-08-13 00:00:00,719.99,738.92,719.57,736.6,393.89897,1597278599999,287996.2712309,535,176.03126,128565.14449130002,0
2020-08-13 00:30:00,735.0,743.53,731.04,743.1,328.90299,1597280399999,242402.262769,320,209.95148999999998,155161.78233760002,0
2020-08-13 01:00:00,743.31,758.0,743.1,757.99,437.36190999999997,1597282199999,328602.06234570005,619,343.65216000000015,258062.0194317,0
2020-08-13 01:30:00,758.0,794.32,756.82,793.57,999.0276,1597283999999,771694.0522435,899,855.5554199999997,660334.74271,0
2020-08-13 02:00:00,793.45,800.67,779.62,799.58,638.65517,1597285799999,503790.496908,992,404.73402000000004,319543.0624902,0
2020-08-13 02:30:00,799.58,799.58,787.53,794.72,380.04312000000004,1597287599999,301480.2339475,479,199.01842,157848.3981129,0
2020-08-13 03:00:00,794.73,823.33,794.0,807.91,484.82333,1597289399999,391339.8058338,1096,232.67774,187761.9332728,0
2020-08-13 03:30:00,806.92,807.91,788.18,797.44,866.41124,1597291199999,690700.6833803001,924,279.32107,222410.642072,0
2020-08-13 04:00:00,798.46,806.75,796.54,805.87,442.40199,1597292999999,354406.0599633,319,138.36518999999998,110962.633309,0
2020-08-13 04:30:00,805.88,806.38,800.08,800.08,117.82655,1597294799999,94633.553109,183,50.90207,40875.470637,0
2020-08-13 05:00:00,800.08,801.4,783.04,785.01,421.14337,1597296599999,333012.59197909996,532,199.54484,157790.0935522,0
2020-08-13 05:30:00,785.01,787.07,780.03,786.11,161.71107,1597298399999,126688.87703599999,370,104.79933,82148.3671067,0
2020-08-13 06:00:00,786.18,796.93,785.03,786.13,362.42309,1597300199999,286757.5105998,485,223.58541,176915.8526508,0
2020-08-13 06:30:00,786.11,819.77,785.9,819.77,503.51994,1597301999999,404826.8918538,759,351.83693,283016.0972735,0
2020-08-13 07:00:00,819.13,875.0,812.08,814.92,1525.96645,1597303799999,1271495.7389822,3347,924.7322199999999,771157.2166878,0
2020-08-13 07:30:00,814.91,828.17,813.94,818.0,571.6444,1597305599999,468298.80624709994,1070,263.1502,215890.5344061,0
2020-08-13 08:00:00,816.97,818.0,756.19,756.19,1699.4280399999998,1597307399999,1332609.6828969,2912,586.69395,461912.40991570003,0
2020-08-13 08:30:00,758.05,769.27,688.37,715.48,2437.28298,1597309199999,1781392.3773806999,3558,1283.45344,939720.0262956999,0
2020-08-13 09:00:00,719.27,728.69,695.0,723.96,1158.82575,1597310999999,823465.7711702,1518,608.41624,434069.4485457,0
2020-08-13 09:30:00,726.98,740.14,707.73,735.53,1636.7128300000006,1597312799999,1193616.7689943002,1982,1040.9365699999996,759757.9178517,0
2020-08-13 10:00:00,735.54,750.43,735.5,749.77,553.77765,1597314599999,410938.1971854,725,343.43235,254967.01992750002,0
2020-08-13 10:30:00,747.24,754.08,738.66,746.0,721.92679,1597316399999,539201.2902957,1881,449.07131,335664.04371759994,0
2020-08-13 11:00:00,745.99,777.0,740.1,754.43,1206.75137,1597318199999,917999.3522097999,3795,685.95312,521764.6434097,0
2020-08-13 11:30:00,754.43,755.85,738.99,750.72,772.67768,1597319999999,577282.6501591,1962,409.43765,305830.047925,0
2020-08-13 12:00:00,750.72,761.63,747.65,748.9,748.8486,1597321799999,565949.6907173,2140,411.2574,311103.435166,0
2020-08-13 12:30:00,749.01,822.86,745.04,806.94,3692.1809700000003,1597323599999,2910690.2536111,5057,2122.99548,1674438.0498243,0
2020-08-13 13:00:00,805.55,807.0,785.64,792.38,1885.0854199999999,1597325399999,1500630.3141123,4006,791.6075400000003,630654.81054,0
2020-08-13 13:30:00,791.11,793.07,756.0,774.45,1518.40094,1597327199999,1170490.8852404,3172,795.80467,613303.2122359,0
2020-08-13 14:00:00,774.02,780.0,761.49,778.34,888.6179900000003,1597328999999,684577.4221403,1634,460.90909000000005,355756.8294453,0
2020-08-13 14:30:00,778.34,781.97,762.6,764.44,589.26065,1597330799999,455969.89970109996,1084,262.77263999999997,203547.177426,0
2020-08-13 15:00:00,764.44,773.08,752.0,755.02,733.61866,1597332599999,559240.552596,1313,334.12237999999996,255111.6678579,0
2020-08-13 15:30:00,754.99,793.43,753.91,789.39,791.8000400000003,1597334399999,607686.3012991999,1819,526.5801799999998,405070.9762529,0
2020-08-13 16:00:00,789.4,790.73,763.09,766.05,541.7778400000002,1597336199999,419485.2529195,1210,231.92094,179581.7737923,0
2020-08-13 16:30:00,766.15,780.0,766.07,778.41,144.65876,1597337999999,111860.57031860002,322,96.2422,74439.2365872,0
2020-08-13 17:00:00,777.93,781.46,769.62,772.28,152.13178,1597339799999,118019.09849660001,349,94.99538000000001,73772.81463010001,0
2020-08-13 17:30:00,772.43,773.92,768.5,773.92,102.15298,1597341599999,78763.6803358,227,60.00906,46294.3538103,0
2020-08-13 18:00:00,771.98,784.27,771.98,779.0,223.15502,1597343399999,174041.4107319,501,130.49836000000002,101734.2127803,0
2020-08-13 18:30:00,779.0,782.03,771.54,772.72,144.58175,1597345199999,112011.12053830002,254,75.77077,58721.7651186,0
2020-08-13 19:00:00,772.72,774.28,771.54,774.28,33.55336,1597346999999,25939.3723655,163,25.82541,19968.7650079,0
2020-08-13 19:30:00,774.28,786.44,773.72,784.87,109.19911,1597348799999,85255.9327717,324,89.40476,69805.75823119999,0
2020-08-13 20:00:00,784.87,786.53,770.44,774.25,261.24441,1597350599999,203115.39116479998,402,76.06531,59122.6425696,0
2020-08-13 20:30:00,773.65,781.69,773.04,779.29,129.00748000000002,1597352399999,100276.6628895,175,64.55223000000001,50182.812086800004,0
2020-08-13 21:00:00,779.29,782.0,765.8,769.11,315.05506,1597354199999,243063.79950560004,577,156.53538999999995,120822.292456,0
2020-08-13 21:30:00,769.96,775.2,769.13,774.54,120.09966999999999,1597355999999,92761.8461334,194,52.40743,40495.6964887,0
2020-08-13 22:00:00,775.28,787.08,770.25,785.47,285.13968,1597357799999,222282.3636138,474,123.48358,96512.9414108,0
2020-08-13 22:30:00,785.74,788.94,780.12,782.04,228.05602000000002,1597359599999,179159.1373219,471,109.65683999999999,86212.1046953,0
2020-08-13 23:00:00,781.51,787.2,778.44,784.27,110.07603999999999,1597361399999,86091.1062367,219,71.76341,56190.8995982,0
2020-08-13 23:30:00,784.42,792.26,781.73,789.72,275.03159,1597363199999,216758.287554,509,158.93796,125308.88599509999,0
2020-08-14 00:00:00,789.72,796.99,786.15,786.15,367.13879,1597364999999,291742.8504539,516,253.59177999999997,201813.00696529998,0
2020-08-14 00:30:00,787.88,791.53,785.12,789.94,147.64732,1597366799999,116257.658984,295,75.62885,59604.8197508,0
2020-08-14 01:00:00,789.6,806.56,788.36,804.6,415.43462,1597368599999,330942.97004459996,1003,292.25358,233164.9558367,0
2020-08-14 01:30:00,804.77,814.76,788.69,797.01,766.93578,1597370399999,616714.74717,1673,381.65002000000004,306985.15927009995,0
2020-08-14 02:00:00,797.75,808.2,747.16,750.44,1757.3414699999994,1597372199999,1356531.0276302,3999,626.0577099999998,484258.59801129997,0
2020-08-14 02:30:00,750.42,759.58,735.32,737.16,770.77963,1597373999999,579241.1856875999,2001,250.44454,188813.28711160002,0
2020-08-14 03:00:00,736.32,740.68,723.82,733.03,648.96698,1597375799999,475282.2527095,1919,346.64585,253821.68594820003,0
2020-08-14 03:30:00,733.0,737.5,731.73,734.52,244.82655,1597377599999,179697.1997749,848,148.29061000000004,108877.18382030001,0
2020-08-14 04:00:00,735.39,745.86,734.51,744.13,369.03173,1597379399999,273297.73560829996,859,260.02271,192639.9734986,0
2020-08-14 04:30:00,742.92,744.93,733.6,737.44,254.67269,1597381199999,188120.8844355,696,121.66701,89943.9373642,0
2020-08-14 05:00:00,736.53,739.24,733.44,733.45,122.80566,1597382999999,90449.56141960001,360,47.72672,35189.5190551,0
2020-08-14 05:30:00,733.34,736.67,729.41,729.41,83.50673,1597384799999,61216.75941869999,213,29.010890000000003,21292.0993257,0
2020-08-14 06:00:00,729.82,731.22,723.64,729.98,236.01517,1597386599999,171767.4642261,536,92.93124,67676.13408080001,0
2020-08-14 06:30:00,729.98,735.0,727.26,734.0,77.34697,1597388399999,56611.856046,321,41.74514,30543.5986446,0
2020-08-14 07:00:00,734.0,734.5,723.65,734.02,170.74125,1597390199999,124829.6073201,608,116.03198,84925.1362683,0
2020-08-14 07:30:00,734.75,739.76,729.43,738.81,135.74558000000002,1597391999999,99751.25567989999,324,67.22821,49492.9904444,0
2020-08-14 08:00:00,738.81,745.55,738.8,744.9,102.26095,1597393799999,75911.19797260001,363,71.97099,53431.0053741,0
2020-08-14 08:30:00,745.29,748.27,734.99,737.18,214.23653,1597395599999,158890.2889533,486,84.52371,62803.1213018,0
2020-08-14 09:00:00,737.18,738.9,735.1,736.23,67.82596,1597397399999,50010.234033099994,278,43.74342,32256.432084599997,0
2020-08-14 09:30:00,738.06,738.12,734.6,738.12,70.81329000000002,1597399199999,52128.4276603,142,27.66279,20374.8505343,0
2020-08-14 10:00:00,737.79,739.99,732.52,735.92,95.57656,1597400999999,70371.3896585,190,23.17911,17096.7061344,0
2020-08-14 10:30:00,735.0,738.12,732.54,736.62,147.50551000000004,1597402799999,108520.70324070001,324,35.68374,26266.2431104,0
2020-08-14 11:00:00,735.0,741.4,733.0,739.62,64.83136,1597404599999,47833.9124871,165,38.707409999999996,28544.6655796,0
2020-08-14 11:30:00,739.62,741.86,738.14,740.0,65.97976,1597406399999,48776.1398398,96,22.97491,16992.0521065,0
2020-08-14 12:00:00,740.59,742.73,738.32,742.72,58.40365,1597408199999,43228.839520999994,138,44.94913,33277.9791841,0
2020-08-14 12:30:00,742.71,742.72,737.49,739.0,72.60844,1597409999999,53689.41278689999,130,35.08679,25952.7314645,0
2020-08-14 13:00:00,740.42,740.42,735.88,738.34,61.70802,1597411799999,45536.7600566,160,33.71567,24876.226022799998,0
2020-08-14 13:30:00,736.62,738.24,731.0,734.58,191.69031,1597413599999,140638.872462,347,114.5238,84067.2721685,0
2020-08-14 14:00:00,735.16,735.78,723.26,726.14,167.66676,1597415399999,121968.446386,410,63.35583000000001,46135.342740199994,0
2020-08-14 14:30:00,726.14,727.96,722.0,727.08,99.73258,1597417199999,72220.98799139999,239,34.839059999999996,25267.7209144,0
2020-08-14 15:00:00,726.3,728.4,723.29,723.65,68.30889,1597418999999,49568.387255300004,199,14.830929999999999,10767.7124999,0
2020-08-14 15:30:00,723.65,724.96,722.0,724.96,135.36511000000002,1597420799999,97812.5467873,254,47.16256,34109.3686279,0
2020-08-14 16:00:00,723.27,727.6,722.0,722.0,155.42807,1597422599999,112482.8902447,269,69.45043000000001,50330.22753490001,0
2020-08-14 16:30:00,722.0,723.24,720.0,720.0,195.60623999999999,1597424399999,140928.81270070001,299,22.65385,16335.392527899998,0
2020-08-14 17:00:00,720.0,721.3,717.78,721.03,234.8923,1597426199999,169021.6508394,296,82.91355,59668.51089380001,0
2020-08-14 17:30:00,721.03,726.44,719.72,726.44,65.02216,1597427999999,47006.0790665,171,45.981629999999996,33267.3280977,0
2020-08-14 18:00:00,724.75,729.14,724.68,728.94,39.50101,1597429799999,28706.7586455,92,16.683120000000002,12133.993319,0
2020-08-14 18:30:00,729.37,733.15,728.44,730.29,80.11348000000002,1597431599999,58561.261878900004,221,33.87128,24763.416682299998,0
2020-08-14 19:00:00,730.3,731.42,729.5,731.42,25.61134,1597433399999,18701.3192438,68,10.077960000000001,7361.894407800001,0
2020-08-14 19:30:00,731.78,731.98,729.56,730.78,7.3731,1597435199999,5387.2913143,19,6.974939999999999,5096.464392,0
2020-08-14 20:00:00,729.5,733.94,729.5,732.5,37.28727,1597436999999,27263.2718753,100,23.21169,16975.930755700007,0
2020-08-14 20:30:00,732.5,733.95,728.5,728.5,36.24331,1597438799999,26504.733966599997,84,18.6423,13660.887378799998,0
2020-08-14 21:00:00,728.43,728.5,723.0,723.69,86.12995,1597440599999,62392.11038119999,160,12.49509,9058.184007700003,0
2020-08-14 21:30:00,723.65,724.95,721.87,724.69,45.00728,1597442399999,32559.3845681,101,30.606709999999996,22156.64426840001,0
2020-08-14 22:00:00,722.04,725.19,721.89,725.06,10.1714,1597444199999,7362.449454800001,50,3.62759,2629.9738091,0
2020-08-14 22:30:00,725.1,727.96,724.85,727.36,13.44449,1597445999999,9768.183115,41,9.80242,7124.555879500002,0
2020-08-14 23:00:00,727.36,730.61,723.74,727.58,31.54999,1597447799999,22969.7319917,80,19.846410000000002,14465.801456000001,0
2020-08-14 23:30:00,728.59,731.14,726.96,729.14,42.41531,1597449599999,30940.957031700003,98,22.76576,16619.154811200002,0
2020-08-15 00:00:00,729.21,731.78,724.51,726.26,84.29495,1597451399999,61445.1482268,228,22.91139,16729.8139209,0
2020-08-15 00:30:00,726.71,728.12,725.03,725.19,68.49231,1597453199999,49732.069683999995,181,25.80827,18755.463116799998,0
2020-08-15 01:00:00,726.49,726.49,721.87,722.83,69.38241,1597454999999,50235.7814505,164,7.0838399999999995,5128.4299293,0
2020-08-15 01:30:00,724.09,724.58,721.87,722.76,101.89536,1597456799999,73647.3688798,163,16.52111,11954.681947399999,0
2020-08-15 02:00:00,722.76,725.49,720.0,720.59,139.28635,1597458599999,100467.8006503,216,10.21354,7388.3320999,0
2020-08-15 02:30:00,720.0,720.71,720.0,720.13,26.47979,1597460399999,19068.9066319,49,1.39244,1003.3553498,0
2020-08-15 03:00:00,720.12,720.21,717.73,719.25,79.9875,1597462199999,57527.464286300004,184,37.9466,27299.0846859,0
2020-08-15 03:30:00,718.92,721.9,717.51,720.0,103.83841,1597463999999,74720.26042230001,173,84.09725999999998,60512.92893709999,0
2020-08-15 04:00:00,721.68,723.32,719.44,720.53,26.74326,1597465799999,19290.545558,93,11.44101,8259.9023244,0
2020-08-15 04:30:00,720.8,721.0,719.89,719.89,10.465010000000001,1597467599999,7542.520623800001,21,8.4365,6080.9983625,0
2020-08-15 05:00:00,720.0,720.76,703.63,707.53,407.43009,1597469399999,290012.7692157,852,127.13351999999999,90305.1442339,0
2020-08-15 05:30:00,707.53,710.0,705.71,708.66,53.07268000000001,1597471199999,37596.586569,179,23.86109,16916.969986,0
2020-08-15 06:00:00,709.58,710.0,703.03,704.4,42.71147,1597472999999,30157.5816468,114,12.11439,8593.524176,0
2020-08-15 06:30:00,704.42,706.0,701.25,703.85,99.89331,1597474799999,70243.7745123,294,35.32373,24870.0572785,0
2020-08-15 07:00:00,705.02,707.86,680.0,685.0,805.78846,1597476599999,557169.3281470999,1601,398.36297,275518.1767982001,0
2020-08-15 07:30:00,684.75,690.25,682.08,689.54,336.68665,1597478399999,231153.03790320002,562,204.02271000000002,140056.8472895,0
2020-08-15 08:00:00,689.59,693.82,688.88,690.0,248.52969,1597480199999,171814.5926377,617,139.29338,96337.209079,0
2020-08-15 08:30:00,690.0,690.54,683.4,683.97,134.93773000000002,1597481999999,92516.9364509,330,32.438359999999996,22237.1423979,0
2020-08-15 09:00:00,683.97,691.35,683.96,690.22,105.18631,1597483799999,72522.7263508,174,68.8171,47450.5272689,0
2020-08-15 09:30:00,690.48,694.28,690.0,692.98,232.09177999999997,1597485599999,160439.0636971,443,118.80587,82134.2842222,0
2020-08-15 10:00:00,692.98,694.32,690.08,691.88,24.03094,1597487399999,16652.978949599998,101,13.90518,9641.2357121,0
2020-08-15 10:30:00,692.83,693.88,691.7,691.7,27.37927,1597489199999,18967.319413499998,105,12.18079,8441.587814499999,0
2020-08-15 11:00:00,692.32,693.33,690.51,691.68,27.52488,1597490999999,19041.3813806,83,13.77963,9540.5420923,0
2020-08-15 11:30:00,691.6,692.8,685.27,686.34,51.39048,1597492799999,35421.632395,119,6.50347,4494.991198100001,0
2020-08-15 12:00:00,685.5,687.5,683.9,687.14,60.03525,1597494599999,41145.4244161,119,31.285140000000002,21449.9941917,0
2020-08-15 12:30:00,688.5,690.6,687.0,688.79,66.27316,1597496399999,45638.8122655,150,21.15054,14576.2448496,0
2020-08-15 13:00:00,688.79,704.28,688.42,695.23,370.83132,1597498199999,258711.35131189998,779,204.20137,142376.8435069,0
2020-08-15 13:30:00,697.65,700.66,689.99,694.7,356.31712999999996,1597499999999,246820.04027979999,595,203.67308,140854.9995403,0
2020-08-15 14:00:00,694.7,701.43,693.02,701.43,115.1543,1597501799999,80234.184999,232,72.0694,50236.0475708,0
2020-08-15 14:30:00,701.45,706.04,698.0,705.67,108.12243000000001,1597503599999,75904.0834533,270,51.9845,36557.43179890001,0
2020-08-15 15:00:00,706.0,708.53,701.88,707.14,177.22632,1597505399999,124911.87164530001,398,83.62846,58982.0613822,0
2020-08-15 15:30:00,707.14,714.17,706.2,710.9,112.42191000000001,1597507199999,79777.2487342,293,65.08617,46236.18874,0
2020-08-15 16:00:00,711.84,714.04,700.9,700.9,147.62214,1597508999999,104251.5443629,316,71.74899,50735.34669669999,0
2020-08-15 16:30:00,701.87,701.87,698.78,701.5,26.9756,1597510799999,18895.287564500002,71,9.91372,6949.5522482,0
2020-08-15 17:00:00,701.5,704.54,701.42,704.29,42.337920000000004,1597512599999,29745.538392500002,80,36.86923,25908.2925788,0
2020-08-15 17:30:00,704.28,707.5,704.28,706.91,44.8839,1597514399999,31675.5423072,113,29.857909999999997,21062.7613212,0
2020-08-15 18:00:00,707.27,708.44,706.78,707.57,19.77775,1597516199999,13995.8505157,46,7.773060000000001,5500.660314,0
2020-08-15 18:30:00,707.58,708.2,703.55,704.22,43.72894,1597517999999,30859.3029582,107,24.92553,17586.886984099998,0
2020-08-15 19:00:00,704.22,706.23,702.41,702.41,29.49141,1597519799999,20785.385586,78,20.335279999999997,14336.9157766,0
2020-08-15 19:30:00,702.75,702.75,699.93,699.93,61.70596,1597521599999,43286.00386419999,92,28.871779999999998,20253.35902,0
2020-08-15 20:00:00,701.32,704.84,699.61,704.84,36.89503,1597523399999,25920.401449200002,65,32.38341,22761.4159273,0
2020-08-15 20:30:00,703.89,703.89,695.6,697.0,72.17797,1597525199999,50471.2797211,167,10.00814,6999.5144978,0
2020-08-15 21:00:00,695.77,698.92,688.89,691.09,124.82779,1597526999999,86591.3129626,284,58.75826,40860.0161325,0
2020-08-15 21:30:00,691.0,693.23,685.0,688.14,101.3076,1597528799999,69893.2914372,225,45.34854,31337.4983889,0
2020-08-15 22:00:00,686.92,695.39,686.92,695.39,84.29356999999997,1597530599999,58335.1959114,153,51.8755,35900.1965384,0
2020-08-15 22:30:00,695.36,697.4,694.89,696.81,13.753960000000001,1597532399999,9577.7088458,37,8.05718,5611.3554706999985,0
2020-08-15 23:00:00,696.81,696.81,689.46,692.93,155.0389,1597534199999,107533.57878129999,286,99.26874000000001,68880.3495516,0
2020-08-15 23:30:00,694.01,695.59,693.2,695.59,13.25234,1597535999999,9198.0257991,41,8.851389999999997,6144.038188600001,0
2020-08-16 00:00:00,694.12,695.58,691.56,693.29,19.68204,1597537799999,13638.350027200002,33,8.776769999999999,6085.4947271,0
2020-08-16 00:30:00,694.22,696.24,694.02,696.24,19.84901,1597539599999,13793.832404700002,59,16.559910000000002,11510.237903399999,0
2020-08-16 01:00:00,694.7,695.82,688.78,691.56,86.45296,1597541399999,59893.9376462,144,38.6288,26790.571082599996,0
2020-08-16 01:30:00,691.15,692.95,688.79,692.95,36.34601,1597543199999,25147.37986,85,13.607339999999999,9415.525400499999,0
2020-08-16 02:00:00,693.3,693.92,689.65,691.56,41.4013,1597544999999,28623.935093,88,22.06403,15256.9471019,0
2020-08-16 02:30:00,691.62,704.59,690.88,701.72,227.85223,1597546799999,159550.698469,556,183.73615,128670.03374910002,0
2020-08-16 03:00:00,702.37,704.82,700.42,702.16,56.08573000000001,1597548599999,39408.2049035,129,34.22224,24047.7582406,0
2020-08-16 03:30:00,701.95,703.25,701.86,703.21,36.235859999999995,1597550399999,25455.25485,70,19.76099,13884.5622602,0
2020-08-16 04:00:00,703.69,703.69,700.31,702.71,70.40735,1597552199999,49396.876227999994,157,48.6133,34102.58080030001,0
2020-08-16 04:30:00,702.71,704.97,702.7,703.04,31.31543,1597553999999,22051.0289907,83,22.09507,15562.8528241,0
2020-08-16 05:00:00,702.5,702.98,701.44,701.49,13.85377,1597555799999,9724.3175459,34,4.14334,2908.464023400001,0
2020-08-16 05:30:00,702.6,703.2,701.06,701.91,19.09294,1597557599999,13401.590941299999,46,16.504179999999998,11585.2503636,0
2020-08-16 06:00:00,701.91,702.06,701.66,702.05,31.73372,1597559399999,22278.208157,64,28.62632,20097.114653,0
2020-08-16 06:30:00,702.05,702.06,699.92,702.04,24.98023,1597561199999,17518.3186095,59,8.45872,5937.3054273,0
2020-08-16 07:00:00,702.04,702.06,700.28,701.3,45.29185,1597562999999,31774.6955139,102,31.969459999999998,22435.621838599996,0
2020-08-16 07:30:00,701.3,702.06,701.19,702.05,44.58572,1597564799999,31291.3961046,76,24.92035,17492.166273099996,0
2020-08-16 08:00:00,702.05,704.81,699.79,701.04,189.20701,1597566599999,132893.62365010002,289,69.93476,49168.734075,0
2020-08-16 08:30:00,700.8,704.68,699.76,703.1,35.47094,1597568399999,24919.7920077,97,25.71216,18067.2759974,0
2020-08-16 09:00:00,704.19,705.33,701.93,702.5,63.9822,1597570199999,45038.8290524,142,27.934390000000004,19675.745093,0
2020-08-16 09:30:00,702.21,703.83,701.51,702.21,24.40559,1597571999999,17153.426256799998,58,17.75329,12481.690183600002,0
2020-08-16 10:00:00,702.21,702.46,700.59,701.48,37.23121,1597573799999,26136.903839900002,82,16.36054,11487.5174112,0
2020-08-16 10:30:00,701.13,703.32,698.38,701.33,126.07213999999999,1597575599999,88245.5291993,269,64.82683,45411.244133800006,0
2020-08-16 11:00:00,701.0,701.67,690.54,690.95,310.83275,1597577399999,216580.38980889998,593,131.62331,91920.44598989999,0
2020-08-16 11:30:00,691.72,692.65,684.97,689.65,158.6032,1597579199999,109224.86236530001,214,62.5287,43123.361696399996,0
2020-08-16 12:00:00,688.63,690.3,683.64,684.48,134.47651000000002,1597580999999,92179.7416045,213,48.47461,33243.1847242,0
2020-08-16 12:30:00,684.48,686.48,683.72,686.48,52.793119999999995,1597582799999,36169.2996626,96,29.683429999999998,20346.6521709,0
2020-08-16 13:00:00,685.59,689.29,685.59,689.29,29.33282,1597584599999,20184.8941815,77,11.31974,7795.057842199999,0
2020-08-16 13:30:00,688.89,691.06,688.89,691.05,14.251,1597586399999,9840.488330799999,35,12.22513,8440.8490003,0
2020-08-16 14:00:00,690.87,691.7,689.95,689.95,36.01325,1597588199999,24868.1999354,75,15.03595,10386.2531206,0
2020-08-16 14:30:00,689.95,689.95,686.24,687.0,32.13134,1597589999999,22085.7862002,60,13.29165,9137.7617301,0
2020-08-16 15:00:00,687.0,691.02,686.87,691.02,44.74787,1597591799999,30865.8808478,85,26.467440000000003,18251.710438799997,0
2020-08-16 15:30:00,691.02,694.27,689.79,693.74,35.42474,1597593599999,24526.706776599996,76,24.60755,17048.4284596,0
2020-08-16 16:00:00,693.84,695.98,690.97,692.35,88.40077,1597595399999,61355.120381400004,178,37.9686,26365.5848445,0
2020-08-16 16:30:00,692.39,695.4,692.02,695.4,5.10907,1597597199999,3541.9994233,14,4.8344,3351.4857499,0
2020-08-16 17:00:00,695.06,697.14,695.06,697.14,23.87264,1597598999999,16621.013775299998,54,17.63221,12276.532670999999,0
2020-08-16 17:30:00,696.09,697.14,691.43,695.38,49.28775,1597600799999,34194.2189134,109,26.57177,18441.1091662,0
2020-08-16 18:00:00,695.38,697.88,694.82,695.59,90.04111999999998,1597602599999,62752.8851619,97,17.52347,12210.465648200001,0
2020-08-16 18:30:00,695.59,697.86,692.88,696.7,28.559759999999997,1597604399999,19864.9295017,81,25.42066,17684.9233509,0
2020-08-16 19:00:00,697.18,697.88,695.57,697.13,26.67664000000001,1597606199999,18603.442013,71,16.75646,11691.879335299998,0
2020-08-16 19:30:00,697.87,697.87,690.65,690.65,92.05194,1597607999999,63870.852476199994,128,48.32725,33536.1986574,0
2020-08-16 20:00:00,690.59,691.71,687.01,687.01,37.60237,1597609799999,25924.110445,86,11.634910000000001,8028.569421100001,0
2020-08-16 20:30:00,687.7,687.7,683.41,687.07,61.35694,1597611599999,42022.983478099995,114,32.275259999999996,22104.6386846,0
2020-08-16 21:00:00,687.62,688.83,687.21,688.64,7.65797,1597613399999,5271.9294226,27,5.4542699999999975,3755.3646039000014,0
2020-08-16 21:30:00,688.32,692.62,687.4,692.54,18.464489999999998,1597615199999,12750.912729700001,86,12.7669,8818.5553869,0
2020-08-16 22:00:00,692.54,692.54,685.13,689.41,74.22244,1597616999999,51211.3185714,121,21.82593,15094.346190200002,0
2020-08-16 22:30:00,690.78,691.46,689.55,690.85,34.815,1597618799999,24037.1130533,52,13.15845,9087.0507453,0
2020-08-16 23:00:00,690.26,693.27,689.92,693.27,11.52759,1597620599999,7968.032054,30,10.887319999999999,7526.0875332000005,0
2020-08-16 23:30:00,693.3,695.12,693.27,693.27,20.30224,1597622399999,14090.4162674,35,12.38516,8598.100503799997,0
2020-08-17 00:00:00,693.48,695.11,692.78,694.39,29.8552,1597624199999,20708.7636529,79,12.90175,8952.0746566,0
2020-08-17 00:30:00,694.38,695.12,692.39,692.39,30.20454,1597625999999,20941.5706465,62,11.89335,8243.7435618,0
2020-08-17 01:00:00,692.39,693.4,690.27,690.62,8.24157,1597627799999,5696.2861836,30,3.37226,2332.8516441,0
2020-08-17 01:30:00,690.36,690.61,686.57,690.27,90.80376,1597629599999,62523.7564229,126,56.07893000000001,38624.0148177,0
2020-08-17 02:00:00,690.53,691.56,688.75,691.56,8.217939999999999,1597631399999,5671.1406805,18,3.36047,2322.2821541,0
2020-08-17 02:30:00,690.64,693.2,689.68,693.2,8.15217,1597633199999,5639.4300383,23,5.26441,3644.97906,0
2020-08-17 03:00:00,693.3,693.86,691.0,692.48,36.96792,1597634999999,25583.8159932,92,20.78854,14387.582084900001,0
2020-08-17 03:30:00,691.55,694.25,691.55,693.07,18.73751,1597636799999,12975.03597,31,14.858139999999999,10289.5126681,0
2020-08-17 04:00:00,693.33,694.06,685.19,685.9,144.10419,1597638599999,99374.60376839999,291,46.7537,32261.6840013,0
2020-08-17 04:30:00,685.82,686.5,685.0,686.17,34.26089,1597640399999,23495.9142871,80,27.190929999999998,18648.764462799998,0
2020-08-17 05:00:00,686.18,724.38,681.45,709.82,1219.82937,1597642199999,861792.3723084999,2887,855.3753,603955.2862863,0
2020-08-17 05:30:00,710.46,722.9,709.76,716.0,205.21868999999998,1597643999999,147070.983714,445,94.14623,67507.3340988,0
2020-08-17 06:00:00,714.9,715.57,705.68,705.68,213.1138,1597645799999,151011.2925877,449,93.34431,66121.5325458,0
2020-08-17 06:30:00,706.5,712.54,706.08,707.73,160.73701,1597647599999,114041.6001902,301,40.70345,28837.434497000002,0
2020-08-17 07:00:00,707.36,707.36,702.0,704.75,60.571690000000004,1597649399999,42685.0649381,163,20.92107,14736.6528395,0
2020-08-17 07:30:00,704.75,715.0,704.75,709.2,138.68069,1597651199999,98579.4520576,313,87.46933,62128.091568699994,0
2020-08-17 08:00:00,708.8,714.26,708.61,714.26,46.73872,1597652999999,33206.056470200005,98,32.678000000000004,23228.2679562,0
2020-08-17 08:30:00,713.72,723.14,713.72,718.6,144.06269,1597654799999,103539.6811199,296,92.71821,66634.485202,0
2020-08-17 09:00:00,717.45,718.62,712.0,718.62,87.52452,1597656599999,62526.7086972,186,35.89991,25664.6708684,0
2020-08-17 09:30:00,718.0,728.69,717.58,725.0,249.21968999999999,1597658399999,180757.226063,570,196.42417,142414.0019351,0
2020-08-17 10:00:00,724.76,727.06,720.0,721.59,72.84851,1597660199999,52666.0013459,199,10.64719,7699.7290011000005,0
2020-08-17 10:30:00,721.3,722.81,706.86,710.34,199.17744,1597661999999,142051.01946820001,404,46.36875,33099.4682225,0
2020-08-17 11:00:00,710.43,717.66,710.35,717.36,45.17692,1597663799999,32191.18616,137,38.00002,27071.816372400004,0
2020-08-17 11:30:00,716.86,717.92,714.19,715.6,45.50515,1597665599999,32608.8727802,131,23.04335,16527.735152200006,0
2020-08-17 12:00:00,716.51,716.51,707.64,710.98,171.81767,1597667399999,121968.9855362,321,52.812819999999995,37514.674993,0
2020-08-17 12:30:00,710.98,714.59,707.14,712.0,135.08136000000002,1597669199999,96065.0551265,264,45.50516,32379.912985299998,0
2020-08-17 13:00:00,712.0,712.0,680.0,684.2,453.25337,1597670999999,315931.89353400003,993,90.16369,62755.7041419,0
2020-08-17 13:30:00,682.88,700.47,682.88,694.09,185.48487,1597672799999,128693.1890135,515,84.20512,58268.0466893,0
2020-08-17 14:00:00,694.99,697.78,687.25,688.32,190.80997,1597674599999,132261.6413707,446,46.5511,32304.802895200002,0
2020-08-17 14:30:00,688.02,692.93,688.02,692.66,87.07831,1597676399999,60109.9348836,275,56.8125,39229.7665605,0
2020-08-17 15:00:00,692.01,697.5,691.46,694.5,47.045,1597678199999,32657.9373702,135,22.48033,15628.599166299999,0
2020-08-17 15:30:00,694.5,696.24,688.96,693.3,76.13523,1597679999999,52617.5795342,201,20.20919,13975.863237799998,0
2020-08-17 16:00:00,693.14,694.19,689.7,693.83,79.84716,1597681799999,55225.5299717,186,19.48686,13500.829811399999,0
2020-08-17 16:30:00,693.83,698.7,693.73,698.7,36.8459,1597683599999,25658.1777099,134,18.08268,12587.3569606,0
2020-08-17 17:00:00,698.91,703.56,698.91,703.56,78.92929000000002,1597685399999,55345.22964530001,218,36.45663,25567.74668320001,0
2020-08-17 17:30:00,703.56,704.12,700.39,700.39,30.855929999999997,1597687199999,21676.813274,105,8.14395,5725.8138173,0
2020-08-17 18:00:00,700.43,700.46,695.0,695.37,48.873490000000004,1597688999999,34114.1549458,106,6.0881300000000005,4241.0923427,0
2020-08-17 18:30:00,695.43,695.43,691.46,691.46,29.922459999999997,1597690799999,20736.458323,65,10.042869999999999,6953.3007447,0
2020-08-17 19:00:00,691.03,695.2,691.03,691.03,24.17392000000001,1597692599999,16749.263415399993,89,5.093999999999999,3525.3223353,0
2020-08-17 19:30:00,691.03,694.92,690.0,694.5,32.29659,1597694399999,22355.1279033,52,28.70494,19873.037093900002,0
2020-08-17 20:00:00,694.81,695.75,689.55,690.92,98.57058,1597696199999,68324.1235761,132,13.439570000000002,9335.489133600002,0
2020-08-17 20:30:00,690.45,690.45,687.29,688.0,136.62695,1597697999999,94035.7662593,159,86.37035,59433.32036209999,0
2020-08-17 21:00:00,687.86,688.0,686.58,687.4,27.765940000000004,1597699799999,19092.5549949,56,14.772670000000002,10163.577376000001,0
2020-08-17 21:30:00,687.84,688.0,686.41,687.24,31.63461,1597701599999,21747.050012400006,50,13.73608,9448.502097499999,0
2020-08-17 22:00:00,687.68,688.75,687.14,688.29,62.05448000000001,1597703399999,42694.9661779,87,46.92604,32287.49977200001,0
2020-08-17 22:30:00,687.89,690.28,687.77,690.28,51.22302,1597705199999,35256.9666605,96,35.84657,24669.01978050001,0
2020-08-17 23:00:00,690.44,694.56,690.0,692.43,108.85733,1597706999999,75446.93642669999,182,39.206959999999995,27168.484483999997,0
2020-08-17 23:30:00,692.31,692.43,685.0,686.0,141.0304,1597708799999,97050.7415674,224,58.47254,40196.140096099996,0
2020-08-18 00:00:00,685.18,690.81,685.13,689.62,80.58743,1597710599999,55353.1037638,153,76.51528,52559.001310600004,0
2020-08-18 00:30:00,689.72,690.99,689.24,690.99,12.62808,1597712399999,8714.6082174,60,6.40635,4422.9975386000015,0
2020-08-18 01:00:00,690.81,693.81,690.47,691.71,51.90715,1597714199999,35922.1287911,164,35.12958,24308.035804400002,0
2020-08-18 01:30:00,691.71,691.71,678.91,678.91,382.26961,1597715999999,260678.1146431,602,245.85884,167309.72282179998,0
2020-08-18 02:00:00,679.64,681.82,677.96,678.92,107.88994,1597717799999,73355.40856950001,303,49.361259999999994,33575.239902,0
2020-08-18 02:30:00,678.42,685.46,676.53,678.85,122.67843,1597719599999,83287.3009733,215,77.97383,52978.4541766,0
2020-08-18 03:00:00,678.03,683.85,678.03,681.81,103.90021,1597721399999,70854.1929967,174,46.3107,31578.253713,0
2020-08-18 03:30:00,681.77,682.7,679.73,679.83,16.616979999999998,1597723199999,11314.0546408,53,3.19385,2176.5789295,0
2020-08-18 04:00:00,680.25,681.27,676.75,676.83,110.68898,1597724999999,75049.48718839999,234,65.14748,44163.200204,0
2020-08-18 04:30:00,677.1,677.1,663.31,663.84,274.61484,1597726799999,184178.67234829997,616,81.18189,54404.5876418,0
2020-08-18 05:00:00,663.32,668.5,663.27,668.5,99.38629,1597728599999,66154.8486339,218,88.92608,59208.8656447,0
2020-08-18 05:30:00,668.6,669.02,663.0,665.07,126.80138000000001,1597730399999,84455.16757810001,176,48.371990000000004,32255.174211799997,0
2020-08-18 06:00:00,664.73,664.74,662.74,663.79,38.29005,1597732199999,25413.589411099998,98,8.053339999999999,5346.2453983999985,0
2020-08-18 06:30:00,663.43,668.44,663.43,668.34,93.57859,1597733999999,62321.8149064,128,47.78331,31823.1963078,0
2020-08-18 07:00:00,669.03,669.73,659.76,669.43,99.22516,1597735799999,66066.5001701,155,15.648679999999999,10475.5085574,0
2020-08-18 07:30:00,669.27,670.15,667.86,670.04,40.72896,1597737599999,27241.5641007,96,19.864079999999998,13293.4811116,0
2020-08-18 08:00:00,670.0,672.87,670.0,672.87,12.585289999999999,1597739399999,8446.1283345,52,11.00157,7383.5543221,0
2020-08-18 08:30:00,672.78,678.26,672.19,677.26,109.98862,1597741199999,74363.4361146,334,68.1907,46099.043490599994,0
2020-08-18 09:00:00,676.42,679.15,675.0,675.35,108.52649,1597742999999,73505.1651624,219,43.42795,29420.861621499997,0
2020-08-18 09:30:00,675.79,676.48,673.89,675.51,39.52588,1597744799999,26680.7379364,68,9.66658,6531.7285953,0
2020-08-18 10:00:00,675.15,680.9,675.15,680.24,24.92211,1597746599999,16919.4879605,78,21.37615,14508.5664104,0
2020-08-18 10:30:00,680.24,682.45,677.36,682.01,44.220459999999996,1597748399999,30061.4396718,116,28.08405,19107.041070400002,0
2020-08-18 11:00:00,680.79,687.17,680.24,680.64,132.02811,1597750199999,90299.5879506,288,66.38515,45464.0695317,0
2020-08-18 11:30:00,680.85,681.35,676.73,677.06,64.31105,1597751999999,43677.3145426,160,12.753060000000001,8675.3007546,0
2020-08-18 12:00:00,677.06,677.72,671.52,673.44,75.37207,1597753799999,50805.5035629,164,19.04691,12844.5640877,0
2020-08-18 12:30:00,673.78,675.82,673.09,675.82,16.14619,1597755599999,10897.4973199,49,14.904000000000002,10060.5806917,0
2020-08-18 13:00:00,675.82,676.15,671.26,672.57,27.76565,1597757399999,18700.2595412,93,13.538179999999999,9121.353289899998,0
2020-08-18 13:30:00,672.52,672.52,645.01,649.69,309.5689,1597759199999,203548.3469964,639,102.58555,67365.05045980001,0
2020-08-18 14:00:00,650.08,659.47,647.77,648.6,369.49067,1597760999999,241573.8451649,657,220.12878999999998,143894.29256960002,0
2020-08-18 14:30:00,650.1,654.39,648.04,654.39,74.00072,1597762799999,48158.5407325,184,48.13035,31320.998345300002,0
2020-08-18 15:00:00,654.41,662.0,654.41,661.46,57.9051,1597764599999,38129.5677913,173,52.8027,34768.347382,0
2020-08-18 15:30:00,660.02,660.02,655.06,656.16,32.081520000000005,1597766399999,21092.742807799998,48,6.86337,4518.320426199999,0
2020-08-18 16:00:00,655.19,662.37,655.18,661.67,72.66541,1597768199999,47965.3537338,160,34.4621,22748.4511337,0
2020-08-18 16:30:00,661.75,665.05,660.64,664.99,24.22314,1597769999999,16072.5461299,58,22.68721,15053.984316999999,0
2020-08-18 17:00:00,665.3,668.31,663.91,664.22,23.41402,1597771799999,15617.2210186,73,11.79337,7866.6056713,0
2020-08-18 17:30:00,663.75,665.72,662.7,664.39,16.203879999999998,1597773599999,10761.7655744,35,4.897419999999999,3253.5484985,0
2020-08-18 18:00:00,664.37,664.89,662.71,663.21,15.12019,1597775399999,10037.7863133,51,5.63769,3743.3078092,0
2020-08-18 18:30:00,662.72,664.47,660.9,662.71,22.96087,1597777199999,15210.5104426,60,6.7711,4492.0432772,0
2020-08-18 19:00:00,662.07,666.06,662.07,666.06,13.4169,1597778999999,8903.7922636,40,12.82752,8511.7999109,0
2020-08-18 19:30:00,666.05,667.28,665.16,665.89,12.112860000000001,1597780799999,8069.6261697,41,2.4493400000000003,1632.2789347,0
2020-08-18 20:00:00,665.0,665.0,663.89,664.3,4.548109999999999,1597782599999,3020.1669943,14,4.22042,2802.4718546999998,0
2020-08-18 20:30:00,664.9,666.1,664.32,664.32,8.93516,1597784399999,5944.8688691000025,21,4.67366,3111.3683957,0
2020-08-18 21:00:00,664.58,666.14,663.09,666.14,16.91499,1597786199999,11244.1664498,30,10.60549,7056.1292616,0
2020-08-18 21:30:00,666.43,677.3,666.43,677.05,139.96681,1597787999999,94068.39326819999,227,89.68119,60317.601475,0
2020-08-18 22:00:00,677.36,679.71,677.17,679.47,38.18887,1597789799999,25913.8260088,116,12.583,8537.8753513,0
2020-08-18 22:30:00,679.47,682.99,678.03,681.38,52.03559,1597791599999,35447.108252499995,103,36.69484,25004.9201286,0
2020-08-18 23:00:00,681.16,682.1,674.16,674.42,70.90389,1597793399999,48091.25254140001,138,17.94554,12230.3143911,0
2020-08-18 23:30:00,674.42,674.87,669.79,674.86,136.46296999999998,1597795199999,91711.5197738,209,47.86445,32180.051471900013,0
2020-08-19 00:00:00,674.75,681.85,674.75,681.55,77.50729,1597796999999,52603.355121199995,125,73.80725,50090.8861179,0
2020-08-19 00:30:00,681.89,682.61,679.71,680.58,14.707889999999999,1597798799999,10020.4026518,43,3.1573700000000002,2153.9271799000007,0
2020-08-19 01:00:00,681.69,683.31,676.69,680.36,75.78434,1597800599999,51569.565675,94,18.9745,12949.5446656,0
2020-08-19 01:30:00,680.67,680.67,676.1,676.69,19.013189999999998,1597802399999,12896.9810706,42,0.37539,255.0691201,0
2020-08-19 02:00:00,677.0,677.0,668.98,671.07,54.23121,1597804199999,36494.9871924,93,9.1455,6145.4395156,0
2020-08-19 02:30:00,670.41,671.83,669.36,669.79,30.69489,1597805999999,20582.899451499998,43,17.14351,11503.4062575,0
2020-08-19 03:00:00,669.35,669.98,664.0,664.0,88.97103,1597807799999,59237.92243300001,171,21.63981,14419.546950799999,0
2020-08-19 03:30:00,664.22,664.35,660.49,660.49,293.15819,1597809599999,194069.2280629,283,61.40951999999999,40626.8448978,0
2020-08-19 04:00:00,660.49,672.67,638.91,638.91,353.04408,1597811399999,230774.7355364,580,60.90486,40230.5403756,0
2020-08-19 04:30:00,638.92,645.3,622.0,643.53,371.73176,1597813199999,236992.3795369,670,262.35958,167618.3042515,0
2020-08-19 05:00:00,644.2,646.14,639.21,640.59,181.70941000000002,1597814999999,116762.91946440001,243,65.71145,42249.4870649,0
2020-08-19 05:30:00,641.29,644.31,639.29,640.27,105.82083,1597816799999,67939.36211259999,177,62.030719999999995,39851.6837509,0
2020-08-19 06:00:00,640.25,640.25,630.64,635.64,210.25423999999998,1597818599999,133461.2091338,293,72.19740999999998,45791.1590334,0
2020-08-19 06:30:00,634.21,643.24,634.21,643.05,90.78434,1597820399999,58008.669458899996,177,76.4492,48819.217309199994,0
2020-08-19 07:00:00,643.47,648.41,643.23,647.28,44.906209999999994,1597822199999,29002.0183935,112,30.03807,19393.6088315,0
2020-08-19 07:30:00,647.56,650.67,647.56,650.67,15.494129999999998,1597823999999,10058.681373899999,45,10.32126,6705.9447178,0
2020-08-19 08:00:00,650.69,655.89,650.15,655.64,42.825109999999995,1597825799999,27980.5640314,111,39.65827,25915.8873842,0
2020-08-19 08:30:00,656.26,657.51,650.02,650.62,85.37351,1597827599999,55847.6252418,135,18.22682,11922.010018500001,0
2020-08-19 09:00:00,650.9,655.5,648.41,653.05,84.38557,1597829399999,54988.24908530001,103,61.9503,40406.7582045,0
2020-08-19 09:30:00,653.22,655.01,651.1,653.32,52.44416999999999,1597831199999,34256.658824,59,16.845229999999994,11013.3824237,0
2020-08-19 10:00:00,653.07,653.2,646.56,647.11,77.5128,1597832999999,50335.33489280001,121,20.31685,13184.752807500001,0
2020-08-19 10:30:00,646.67,647.58,636.58,643.75,162.87253,1597834799999,104317.0875084,238,78.60843,50304.8512074,0
2020-08-19 11:00:00,643.57,644.82,642.77,644.82,18.21349,1597836599999,11726.8571272,45,16.01298,10311.2221233,0
2020-08-19 11:30:00,645.24,647.36,644.82,646.72,10.369069999999999,1597838399999,6701.2321959,43,6.07303,3925.0190773000004,0
2020-08-19 12:00:00,646.69,647.59,645.34,647.59,20.25083,1597840199999,13079.8567405,31,11.20473,7238.801777799998,0
2020-08-19 12:30:00,647.74,649.8,647.74,649.75,27.967259999999996,1597841999999,18153.9919558,46,16.580029999999994,10760.592527399998,0
2020-08-19 13:00:00,647.98,649.87,644.47,644.98,93.33388000000001,1597843799999,60426.166651600004,229,40.03144,25945.906036400003,0
2020-08-19 13:30:00,644.98,650.87,643.16,647.2,245.79181,1597845599999,159176.1038207,292,109.64707,71002.42291010001,0
2020-08-19 14:00:00,647.2,651.68,645.08,651.29,66.69852,1597847399999,43215.578143,136,31.59763,20507.659754400003,0
2020-08-19 14:30:00,651.66,653.16,641.92,642.03,108.5503,1597849199999,70242.3485453,164,17.40621,11285.5706795,0
2020-08-19 15:00:00,641.68,644.26,638.17,642.48,153.54449,1597850999999,98511.62670739999,199,87.28832,56077.5744515,0
2020-08-19 15:30:00,643.29,643.92,636.51,643.04,124.58004,1597852799999,79864.39159269999,172,65.3445,41920.1793667,0
2020-08-19 16:00:00,642.91,646.83,637.21,646.0,149.99662,1597854599999,96490.7576732,222,54.30985,34908.0394399,0
2020-08-19 16:30:00,646.0,648.29,642.43,645.12,138.05318,1597856399999,88966.7868877,195,59.865730000000006,38618.7966292,0
2020-08-19 17:00:00,645.37,648.88,645.37,647.0,85.31725,1597858199999,55217.20778890001,96,34.61031,22410.053561200002,0
2020-08-19 17:30:00,647.0,656.08,642.3,656.08,185.86366,1597859999999,120292.3077936,365,104.39918,67736.4327804,0
2020-08-19 18:00:00,656.08,657.21,649.03,651.51,266.46244,1597861799999,174018.0348574,425,142.4491,93024.8532982,0
2020-08-19 18:30:00,650.09,652.83,646.83,652.25,129.71783,1597863599999,84218.1285499,187,86.35602,56108.47683130001,0
2020-08-19 19:00:00,651.42,651.45,644.58,644.88,95.15521,1597865399999,61641.610904199995,132,27.241770000000002,17623.023964,0
2020-08-19 19:30:00,645.28,648.49,641.72,641.72,84.33075,1597867199999,54360.811770399996,135,21.393639999999998,13834.7251553,0
2020-08-19 20:00:00,642.96,643.33,633.86,636.65,124.3857,1597868999999,79316.99107989999,172,53.82649,34288.2057143,0
2020-08-19 20:30:00,636.46,640.22,635.03,638.98,100.46849,1597870799999,64056.103560899996,113,50.00186,31913.9522954,0
2020-08-19 21:00:00,639.5,642.58,639.5,642.58,24.9165,1597872599999,15965.5109852,45,24.81525,15900.6925607,0
2020-08-19 21:30:00,641.56,647.18,641.56,646.12,106.86981999999999,1597874399999,68869.1618198,135,56.16141999999999,36199.1562221,0
2020-08-19 22:00:00,646.74,649.26,646.5,649.26,17.07154,1597876199999,11060.8983972,34,14.50004,9396.6246327,0
2020-08-19 22:30:00,649.29,649.35,647.34,649.24,61.09393000000001,1597877999999,39647.61291780001,110,12.73235,8266.4601334,0
2020-08-19 23:00:00,649.57,652.8,641.05,648.3,224.6036,1597879799999,145757.43508660002,205,91.00859,59207.00098580001,0
2020-08-19 23:30:00,651.23,651.23,648.0,648.9,19.24067,1597881599999,12504.3984681,35,13.71558,8914.561452700002,0
2020-08-20 00:00:00,649.48,654.99,649.48,653.68,59.89386,1597883399999,39114.2573745,92,58.8805,38452.3030495,0
2020-08-20 00:30:00,654.69,666.08,654.69,661.67,268.86913,1597885199999,177988.3342779,463,159.1667,105310.6391233,0
2020-08-20 01:00:00,661.64,663.52,661.25,662.23,18.3417,1597886999999,12149.049641,23,14.836689999999999,9830.6059623,0
2020-08-20 01:30:00,661.77,665.01,661.77,662.82,67.23302,1597888799999,44592.058013099995,100,38.12924,25295.7463387,0
2020-08-20 02:00:00,662.79,663.29,653.98,654.53,153.74358,1597890599999,101392.7495726,239,84.20709000000002,55589.592144099995,0
2020-08-20 02:30:00,654.53,656.09,648.98,652.13,59.86821,1597892399999,39017.1830564,79,23.473110000000002,15336.420492899999,0
2020-08-20 03:00:00,649.56,650.42,648.15,648.74,47.13792,1597894199999,30596.821299799998,70,22.85399,14841.2746319,0
2020-08-20 03:30:00,649.76,650.42,647.37,647.47,31.07354,1597895999999,20147.1190257,50,9.25488,6014.8571666,0
2020-08-20 04:00:00,647.13,652.48,646.35,652.4,73.60313000000002,1597897799999,47820.8116403,98,57.280969999999996,37252.4824753,0
2020-08-20 04:30:00,652.44,655.08,648.88,648.88,111.41448000000001,1597899599999,72612.9365345,157,58.74484,38267.1966688,0
2020-08-20 05:00:00,650.57,655.55,648.5,654.87,170.06124,1597901399999,110977.3877389,231,143.34288999999995,93590.0885961,0
2020-08-20 05:30:00,654.93,659.33,653.27,658.03,154.32378,1597903199999,101225.0547752,210,105.64778000000001,69285.66733839999,0
2020-08-20 06:00:00,656.69,663.42,654.8,663.42,28.910999999999998,1597904999999,19063.706758400003,84,24.55604,16196.9496771,0
2020-08-20 06:30:00,663.42,665.68,662.17,662.48,42.91708,1597906799999,28482.13794940001,93,18.85451,12524.4203174,0
2020-08-20 07:00:00,662.49,663.03,660.3,661.57,21.88736,1597908599999,14486.881257199999,29,2.9816700000000003,1975.1469607000001,0
2020-08-20 07:30:00,661.57,661.57,657.13,657.64,76.4018,1597910399999,50373.137148300004,166,37.94336,25031.0064869,0
2020-08-20 08:00:00,656.67,657.53,654.32,656.05,46.66048,1597912199999,30603.4315837,61,20.15225,13222.2768452,0
2020-08-20 08:30:00,656.05,660.92,655.02,659.93,41.147659999999995,1597913999999,27070.595939099996,93,33.63471,22140.683312099998,0
2020-08-20 09:00:00,660.98,661.62,656.13,661.46,72.98262,1597915799999,48144.21663130001,150,34.026309999999995,22469.891226800002,0
2020-08-20 09:30:00,661.42,661.59,659.67,661.0,122.4912,1597917599999,80873.6200043,151,57.622730000000004,38054.0667296,0
2020-08-20 10:00:00,661.22,662.44,660.77,662.35,21.317729999999997,1597919399999,14109.3475963,57,15.92914,10543.95419,0
2020-08-20 10:30:00,661.77,662.42,660.86,662.3,36.446329999999996,1597921199999,24110.4082938,84,28.302979999999998,18725.254219299997,0
2020-08-20 11:00:00,662.3,662.75,660.0,662.75,66.05124,1597922999999,43658.6340685,122,12.04882,7965.8344449,0
2020-08-20 11:30:00,661.78,668.85,661.11,667.61,129.99573999999998,1597924799999,86634.3911497,215,69.00711,45987.3627624,0
2020-08-20 12:00:00,668.15,676.83,667.61,675.29,125.26288999999998,1597926599999,84458.2921489,241,69.49802,46803.8361486,0
2020-08-20 12:30:00,674.09,674.25,671.49,672.5,154.58459,1597928399999,103989.4586109,138,70.12091,47187.1029945,0
2020-08-20 13:00:00,673.08,677.61,667.61,670.29,212.91948,1597930199999,143104.32246820006,331,98.19997,66104.07428740001,0
2020-08-20 13:30:00,670.29,672.1,667.68,670.94,40.83351,1597931999999,27361.298007999998,81,24.62021,16510.222067299994,0
2020-08-20 14:00:00,670.94,671.7,670.77,671.7,30.717859999999998,1597933799999,20609.132397499998,34,6.745239999999999,4527.2398765,0
2020-08-20 14:30:00,671.7,673.4,671.25,673.31,40.970859999999995,1597935599999,27542.7204787,80,32.351040000000005,21747.745835799997,0
2020-08-20 15:00:00,673.44,679.17,673.44,678.92,70.98751,1597937399999,48051.2524417,118,48.1641,32594.015212000002,0
2020-08-20 15:30:00,678.94,683.05,678.92,681.94,134.86216000000002,1597939199999,91853.37111869999,295,39.160270000000004,26686.439041999998,0
2020-08-20 16:00:00,681.93,694.54,681.93,690.48,303.88439,1597940999999,209703.0838536,510,188.38498,129892.8679026,0
2020-08-20 16:30:00,691.75,697.97,689.59,694.15,219.47236,1597942799999,152373.2595706,320,96.39556999999999,66939.8875895,0
2020-08-20 17:00:00,695.53,697.96,681.94,684.5,241.05841,1597944599999,166260.1864496,367,88.35665999999998,60900.7367393,0
2020-08-20 17:30:00,684.51,684.55,675.54,677.54,90.65302,1597946399999,61673.89568740001,206,36.67622,24945.9156974,0
2020-08-20 18:00:00,676.57,677.48,673.9,675.12,88.53283,1597948199999,59797.4723362,193,56.1486,37936.4029046,0
2020-08-20 18:30:00,675.5,677.38,671.65,676.58,82.94977,1597949999999,55940.923801,145,46.90064,31662.8521686,0
2020-08-20 19:00:00,676.63,679.0,676.63,678.27,45.39506,1597951799999,30782.1656519,74,24.98101,16934.7683861,0
2020-08-20 19:30:00,678.27,680.13,671.65,673.39,168.37034,1597953599999,113724.27271730002,233,76.06841999999997,51335.45641590001,0
2020-08-20 20:00:00,673.39,675.0,673.23,674.74,8.98016,1597955399999,6053.9381187,25,0.92514,624.1655196,0
2020-08-20 20:30:00,674.74,675.02,672.41,674.0,15.327670000000001,1597957199999,10327.5965877,41,9.68494,6528.446559,0
2020-08-20 21:00:00,673.24,676.9,673.24,676.9,49.71529,1597958999999,33582.0148916,115,20.569860000000002,13882.884753299999,0
2020-08-20 21:30:00,676.7,676.7,673.64,674.3,17.254479999999994,1597960799999,11640.728924500001,26,1.37875,932.1404936,0
2020-08-20 22:00:00,674.28,675.53,669.24,669.91,90.32584,1597962599999,60703.6433253,124,26.71834,17945.6369404,0
2020-08-20 22:30:00,671.08,672.39,669.24,669.36,16.94066,1597964399999,11361.5753461,32,7.020919999999999,4713.6074401999995,0
2020-08-20 23:00:00,670.71,672.84,666.04,666.43,232.18438999999998,1597966199999,155113.7232831,205,72.80836,48669.6240002,0
2020-08-20 23:30:00,666.04,666.43,660.37,661.69,86.21797,1597967999999,57166.5885992,197,21.555970000000002,14324.985293799999,0
2020-08-21 00:00:00,661.54,666.42,660.43,663.69,110.49309,1597969799999,73205.30159019999,213,63.58359,42132.7368165,0
2020-08-21 00:30:00,662.89,664.21,661.44,661.67,34.859559999999995,1597971599999,23088.3021122,90,21.39359,14178.4443184,0
2020-08-21 01:00:00,662.45,662.45,658.32,660.73,69.95002,1597973399999,46191.339220999995,90,8.80378,5816.214446,0
2020-08-21 01:30:00,660.74,661.63,653.81,655.1,118.28378000000001,1597975199999,77677.0880867,215,68.35370999999999,44925.1188051,0
2020-08-21 02:00:00,656.51,658.55,656.5,658.55,31.38455,1597976999999,20635.1057067,83,19.522370000000002,12842.0491093,0
2020-08-21 02:30:00,657.01,658.39,649.62,649.62,142.04443,1597978799999,92947.46868769999,252,36.376459999999994,23872.633115099998,0
2020-08-21 03:00:00,652.67,653.7,647.02,653.26,213.91438,1597980599999,139170.39262149998,342,122.22113,79597.5464878,0
2020-08-21 03:30:00,653.03,657.88,652.0,657.88,80.62754,1597982399999,52780.1931575,125,57.39323,37571.9194259,0
2020-08-21 04:00:00,657.88,664.23,657.88,663.42,102.85271999999999,1597984199999,67986.16601209999,233,50.19181,33184.6308545,0
2020-08-21 04:30:00,662.23,665.38,661.64,663.94,48.61676,1597985999999,32283.030249,77,40.22483,26720.6644943,0
2020-08-21 05:00:00,664.5,665.48,657.92,660.62,94.91835999999999,1597987799999,62806.010868,146,32.16022,21301.1281035,0
2020-08-21 05:30:00,659.34,665.88,659.34,665.22,50.24773,1597989599999,33340.3027227,96,34.02305,22564.095704099997,0
2020-08-21 06:00:00,665.0,668.13,660.71,664.42,223.18473999999998,1597991399999,148392.5601226,279,110.3482,73483.32316619999,0
2020-08-21 06:30:00,664.28,665.0,662.7,663.91,18.20179,1597993199999,12087.4090408,36,10.09102,6706.5243308,0
2020-08-21 07:00:00,664.99,670.46,664.99,670.25,152.12192,1597994999999,101662.597367,247,71.4549,47713.9740186,0
2020-08-21 07:30:00,670.62,671.29,657.62,659.28,175.97791,1597996799999,116727.528625,272,39.7217,26315.5146795,0
2020-08-21 08:00:00,661.5,663.3,660.92,661.17,76.72121,1597998599999,50771.0554856,108,54.2449,35903.50361080001,0
2020-08-21 08:30:00,661.17,661.17,653.05,657.96,131.49361000000002,1598000399999,86383.5344361,235,48.30025,31761.1251533,0
2020-08-21 09:00:00,657.95,660.79,656.99,659.96,49.21165,1598002199999,32420.302556700004,94,35.20709,23200.4126476,0
2020-08-21 09:30:00,659.96,663.67,657.59,659.53,134.81282,1598003999999,89182.4022516,342,86.5125,57273.6281612,0
2020-08-21 10:00:00,658.38,658.38,654.84,657.52,34.89136,1598005799999,22927.671083,57,8.70323,5725.339717600001,0
2020-08-21 10:30:00,656.43,659.03,655.58,659.03,25.711470000000002,1598007599999,16900.99616,46,16.88871,11112.0630036,0
2020-08-21 11:00:00,658.54,660.98,658.11,659.58,38.701679999999996,1598009399999,25526.4385863,68,31.571109999999997,20822.129682900002,0
2020-08-21 11:30:00,660.02,660.02,645.03,646.73,311.1757,1598011199999,202401.69072790002,437,98.18483,63728.09995909999,0
2020-08-21 12:00:00,647.25,647.53,637.18,641.88,196.98633999999998,1598012999999,126321.8442849,313,74.50896,47808.4430319,0
2020-08-21 12:30:00,641.67,650.0,641.57,650.0,109.91393000000001,1598014799999,71093.73059430001,152,102.81075,66516.3460177,0
2020-08-21 13:00:00,650.0,650.6,644.21,648.98,71.51561,1598016599999,46345.3419225,89,22.84458,14838.0966389,0
2020-08-21 13:30:00,648.01,649.68,644.03,645.35,61.90869,1598018399999,40062.900938,97,17.84151,11580.3058955,0
2020-08-21 14:00:00,645.35,646.56,642.4,646.45,78.51068000000002,1598020199999,50592.7910549,98,32.633590000000005,21048.731109700002,0
2020-08-21 14:30:00,645.38,648.62,642.85,648.61,43.84167,1598021999999,28315.679899199997,91,32.91727,21276.587612,0
2020-08-21 15:00:00,648.6,648.6,644.04,644.04,33.73198,1598023799999,21806.7332285,57,20.16677,13047.3322163,0
2020-08-21 15:30:00,643.93,647.0,643.37,644.69,41.58316,1598025599999,26849.0430246,69,27.11675,17521.9040748,0
2020-08-21 16:00:00,644.74,647.79,643.04,645.93,46.52746,1598027399999,30001.17827990001,63,11.85078,7657.428826800001,0
2020-08-21 16:30:00,644.64,645.59,642.93,644.3,47.21718,1598029199999,30399.326652599997,56,0.85356,550.986416,0
2020-08-21 17:00:00,643.6,647.48,640.68,642.27,71.7872,1598030999999,46228.3247227,106,37.80317,24406.6188319,0
2020-08-21 17:30:00,642.88,642.88,638.79,639.35,35.54879000000001,1598032799999,22762.9078366,64,1.43528,919.6489777,0
2020-08-21 18:00:00,639.74,641.76,631.36,632.06,127.33691,1598034599999,80995.298948,189,34.88684,22169.493887,0
2020-08-21 18:30:00,632.05,633.6,619.38,627.6,260.33686,1598036399999,162474.2614085,428,143.56535,89501.6497703,0
2020-08-21 19:00:00,627.6,631.84,627.52,631.18,69.75131999999999,1598038199999,43914.5560235,127,36.94963,23269.9228007,0
2020-08-21 19:30:00,631.26,635.48,630.47,635.46,32.094229999999996,1598039999999,20341.322013900004,68,24.426579999999998,15480.639598,0
2020-08-21 20:00:00,635.2,636.47,634.13,635.83,81.34889,1598041799999,51676.226934599996,93,63.0196,40038.14050369999,0
2020-08-21 20:30:00,635.25,635.72,630.64,630.64,54.33323000000001,1598043599999,34392.0492538,75,1.97173,1250.4222941,0
2020-08-21 21:00:00,630.37,634.0,617.41,618.51,222.68732999999997,1598045399999,139036.02937270002,321,109.69016,68562.81595060001,0
2020-08-21 21:30:00,618.51,619.31,601.58,602.76,334.21086,1598047199999,203432.1324248,546,134.54918999999998,82007.65860319999,0
2020-08-21 22:00:00,602.28,620.77,602.28,617.75,232.57217999999997,1598048999999,142624.3212859,372,164.31498,100551.7306134,0
2020-08-21 22:30:00,616.73,617.17,614.6,616.03,13.2782,1598050799999,8177.4972481,43,6.15666,3793.1956443999998,0
2020-08-21 23:00:00,615.01,618.5,603.27,603.9,146.38713,1598052599999,89358.1986264,198,36.00505,22078.690125099998,0
2020-08-21 23:30:00,603.28,604.44,601.5,603.17,112.41496000000001,1598054399999,67777.02704500001,169,61.95349,37361.83108780001,0
2020-08-22 00:00:00,603.37,604.56,593.59,595.08,282.6425700000001,1598056199999,169013.719597,389,28.206540000000004,16941.013049200006,0
2020-08-22 00:30:00,596.79,598.2,593.73,597.5,145.36155,1598057999999,86751.416243,227,86.01066999999998,51362.76217169999,0
2020-08-22 01:00:00,596.16,600.24,596.16,599.84,38.29167,1598059799999,22906.412656099998,64,33.08682,19800.518461099997,0
2020-08-22 01:30:00,600.3,600.3,598.43,600.29,38.37079,1598061599999,23010.705247799997,60,19.21079,11525.5385982,0
2020-08-22 02:00:00,600.29,610.06,600.2,610.06,72.99079,1598063399999,44202.681607599996,163,59.60386,36088.188817199996,0
2020-08-22 02:30:00,610.06,612.68,608.58,612.68,48.718579999999996,1598065199999,29738.0692418,77,17.8942,10949.0440124,0
2020-08-22 03:00:00,612.43,620.8,611.99,614.77,147.16287,1598066999999,90750.8672657,260,88.48531,54638.5535485,0
2020-08-22 03:30:00,614.75,614.75,606.41,606.41,59.34238000000001,1598068799999,36154.6175951,92,21.684179999999998,13204.9041224,0
2020-08-22 04:00:00,606.76,608.3,605.19,605.94,48.390879999999996,1598070599999,29376.168744200004,74,38.81479,23567.5218152,0
2020-08-22 04:30:00,604.88,610.96,604.87,606.13,93.57661,1598072399999,56881.3887658,119,48.95829000000001,29792.328438,0
2020-08-22 05:00:00,606.05,612.77,605.54,611.71,79.93378,1598074199999,48674.4069355,115,76.21264000000002,46411.3376506,0
2020-08-22 05:30:00,611.7,614.81,611.19,614.8,41.31951,1598075999999,25333.5498148,76,22.2406,13636.462776299999,0
2020-08-22 06:00:00,615.03,618.61,615.03,618.61,49.02839,1598077799999,30239.7461653,82,18.7124,11539.8637837,0
2020-08-22 06:30:00,618.71,621.04,617.51,620.72,54.4913,1598079599999,33762.717398400004,85,34.19628,21210.8676458,0
2020-08-22 07:00:00,619.91,619.93,615.95,617.07,86.61664,1598081399999,53543.9898436,135,8.82502,5447.9767452,0
2020-08-22 07:30:00,617.66,628.77,615.68,623.2,370.65761000000003,1598083199999,230112.80555879997,509,188.75325,117198.9674557,0
2020-08-22 08:00:00,622.24,628.47,617.44,626.96,156.47798,1598084999999,97390.93768280001,202,117.8555,73398.6507783,0
2020-08-22 08:30:00,628.29,630.0,619.36,620.51,264.61691,1598086799999,165419.9247052,430,80.62062,50548.0195366,0
2020-08-22 09:00:00,619.99,628.74,619.99,625.93,181.41231000000002,1598088599999,113441.41575150001,262,96.9509,60578.4847941,0
2020-08-22 09:30:00,623.79,631.34,623.37,630.72,103.67953,1598090399999,65016.5582074,137,77.12838,48338.8758014,0
2020-08-22 10:00:00,630.82,633.21,623.87,625.36,284.0909200000001,1598092199999,178706.336653,340,87.96709,55296.793391,0
2020-08-22 10:30:00,625.7,631.61,622.33,623.62,248.21062999999998,1598093999999,155585.2548549,338,113.70776000000001,71224.76996889999,0
2020-08-22 11:00:00,623.62,632.93,623.29,625.52,174.982,1598095799999,109787.352151,199,92.60283000000001,58102.7894516,0
2020-08-22 11:30:00,625.02,626.25,623.59,625.79,71.9563,1598097599999,44986.0808265,88,55.900890000000004,34960.0658167,0
2020-08-22 12:00:00,626.21,629.76,625.64,629.16,30.427770000000002,1598099399999,19111.2345759,39,30.404290000000003,19096.544548700003,0
2020-08-22 12:30:00,629.42,635.46,627.61,628.03,161.91725,1598101199999,102308.5110363,214,63.50735,40197.24234880001,0
2020-08-22 13:00:00,627.85,628.95,626.09,627.42,29.38782,1598102999999,18443.7747629,36,19.05489,11963.047895200001,0
2020-08-22 13:30:00,626.32,629.96,626.31,629.96,19.21956,1598104799999,12090.5911355,37,6.90758,4346.7552586,0
2020-08-22 14:00:00,629.96,630.6,623.48,624.29,67.34275,1598106599999,42173.953414699994,97,13.84443,8646.855094,0
2020-08-22 14:30:00,623.84,632.63,623.84,631.77,175.37702,1598108399999,110159.24701660001,260,127.30858,79931.6504084,0
2020-08-22 15:00:00,632.56,634.98,623.47,624.98,432.43772,1598110199999,271891.42025300005,638,194.17879,122314.2115274,0
2020-08-22 15:30:00,625.12,632.91,625.12,631.04,229.04831000000001,1598111999999,144030.82501960002,345,154.74168,97268.37888039999,0
2020-08-22 16:00:00,632.31,637.0,625.13,628.37,509.3584,1598113799999,320849.5829715,630,232.12659,146244.4277305,0
2020-08-22 16:30:00,628.68,630.01,623.43,626.38,94.73759,1598115599999,59312.8231299,122,40.26225,25218.5163838,0
2020-08-22 17:00:00,626.39,632.87,623.37,631.88,365.80888999999996,1598117399999,229603.2180166,469,203.16888,127593.8150872,0
2020-08-22 17:30:00,632.59,637.0,625.43,630.18,330.8334700000001,1598119199999,208970.2594677,451,140.83222,88945.6939748,0
2020-08-22 18:00:00,630.65,638.9,628.14,628.74,234.05091000000002,1598120999999,148074.8429548,309,132.03506000000002,83551.5408553,0
2020-08-22 18:30:00,628.72,632.9,625.12,628.29,224.00111,1598122799999,140698.15592710002,322,120.0735,75398.0872791,0
2020-08-22 19:00:00,628.55,638.5,627.51,637.06,104.52175,1598124599999,66249.248865,186,62.38755,39552.1490245,0
2020-08-22 19:30:00,638.13,638.35,627.43,633.17,289.44627,1598126399999,183286.69494689998,459,103.71439000000001,65587.42094580001,0
2020-08-22 20:00:00,631.9,641.34,630.64,633.93,517.45254,1598128199999,329212.1557854,747,285.05932,181317.10451540002,0
2020-08-22 20:30:00,635.07,641.17,633.69,633.69,195.31676000000002,1598129999999,124468.32790250001,327,92.74332,59205.2130576,0
2020-08-22 21:00:00,633.3,638.83,632.27,634.23,143.32856999999996,1598131799999,91191.4458377,213,70.64319,44897.076279400004,0
2020-08-22 21:30:00,634.7,641.94,633.25,636.08,256.63198,1598133599999,163526.38031960002,292,126.72883999999999,80818.842473,0
2020-08-22 22:00:00,636.16,638.04,635.45,636.75,12.7838,1598135399999,8140.3586958000005,32,7.36389,4693.1572141999995,0
2020-08-22 22:30:00,636.22,640.45,635.27,637.48,23.13154,1598137199999,14776.201662399999,49,22.375220000000002,14295.010913600001,0
2020-08-22 23:00:00,638.68,645.44,636.75,644.14,59.07189,1598138999999,37909.1350494,96,38.16428,24509.89682970001,0
2020-08-22 23:30:00,645.3,650.66,640.7,642.87,176.15999,1598140799999,113691.18082589998,358,63.71644000000001,41113.63947069999,0
2020-08-23 00:00:00,642.8,647.46,638.62,646.33,82.27373,1598142599999,52912.641636,161,45.01845,28980.9129157,0
2020-08-23 00:30:00,646.33,650.3,640.36,642.17,167.87900000000005,1598144399999,108382.36080580001,243,65.79759,42492.3642558,0
2020-08-23 01:00:00,642.33,642.33,635.33,637.67,64.26377,1598146199999,40992.983516800006,113,40.00943,25517.0735378,0
2020-08-23 01:30:00,638.09,640.45,634.82,636.21,78.9388,1598147999999,50309.52785940001,122,41.05823,26215.121963900005,0
2020-08-23 02:00:00,636.49,639.2,636.49,639.01,64.35576999999999,1598149799999,41043.5704894,70,22.3638,14266.1434659,0
2020-08-23 02:30:00,639.02,639.24,638.11,639.24,5.60479,1598151599999,3581.4608101999997,11,5.38652,3442.1802170999995,0
2020-08-23 03:00:00,638.72,640.01,630.86,633.8,182.9098,1598153399999,115921.755597,236,88.99984,56311.498109500004,0
2020-08-23 03:30:00,632.62,633.41,629.8,633.37,111.37955,1598155199999,70358.815406,149,60.46246,38186.0723931,0
2020-08-23 04:00:00,633.74,633.74,630.0,630.0,44.16995,1598156999999,27928.5353475,71,1.2235,772.3360609,0
2020-08-23 04:30:00,629.98,631.24,626.35,626.35,85.80854000000002,1598158799999,53975.79826340001,105,36.43136,22964.883078900002,0
2020-08-23 05:00:00,628.69,630.0,627.49,630.0,29.7236,1598160599999,18704.9966872,51,22.02271,13865.598707700005,0
2020-08-23 05:30:00,630.0,633.07,629.54,632.05,80.51789000000002,1598162399999,50836.7985808,112,35.138870000000004,22199.528632799997,0
2020-08-23 06:00:00,632.05,634.0,631.78,631.78,26.1183,1598164199999,16529.5461817,31,16.397289999999998,10382.8416083,0
2020-08-23 06:30:00,633.14,635.6,631.73,632.86,68.22164000000001,1598165999999,43219.486432800004,69,34.6763,21992.905454,0
2020-08-23 07:00:00,632.75,634.08,631.42,632.33,24.89228,1598167799999,15737.224701199999,38,0.34426999999999996,217.7435792,0
2020-08-23 07:30:00,632.33,633.81,632.33,632.43,17.62487,1598169599999,11147.1702971,19,2.19125,1387.8950189000002,0
2020-08-23 08:00:00,632.33,632.97,629.93,632.15,19.72914,1598171399999,12463.176592200001,40,4.3102599999999995,2723.1564181,0
2020-08-23 08:30:00,631.81,632.9,629.32,629.87,59.47217,1598173199999,37529.3890439,102,24.92776,15755.246512900001,0
2020-08-23 09:00:00,630.93,633.79,629.92,632.38,28.495759999999997,1598174999999,18029.377110499998,34,24.28003,15366.6507947,0
2020-08-23 09:30:00,633.13,633.13,628.71,629.0,74.63558,1598176799999,47002.7171301,86,31.44448,19782.618894299998,0
2020-08-23 10:00:00,628.51,629.49,627.89,629.49,13.03588,1598178599999,8193.378580300001,19,7.374439999999999,4637.2744805,0
2020-08-23 10:30:00,629.78,629.78,624.03,624.13,57.29744,1598180399999,35893.2631166,78,9.058060000000001,5685.7273599,0
2020-08-23 11:00:00,624.12,625.28,621.36,621.46,68.53805,1598182199999,42762.1603075,78,45.59758,28479.494479400004,0
2020-08-23 11:30:00,623.12,626.57,623.12,624.36,57.22439,1598183999999,35747.5099936,77,16.07558,10052.5985192,0
2020-08-23 12:00:00,625.19,626.49,622.83,622.83,45.59489,1598185799999,28488.9540222,63,23.36365,14613.249761399999,0
2020-08-23 12:30:00,624.88,625.65,623.72,625.47,18.72857,1598187599999,11704.6898448,24,14.0049,8757.355214799998,0
2020-08-23 13:00:00,624.27,626.07,623.32,623.65,21.791610000000002,1598189399999,13613.3525655,47,8.32318,5205.867424100001,0
2020-08-23 13:30:00,625.05,629.95,625.05,627.87,101.23116999999999,1598191199999,63532.4267842,152,40.997370000000004,25720.9764974,0
2020-08-23 14:00:00,627.77,631.92,627.77,630.26,67.0897,1598192999999,42292.083534300014,81,36.79822,23203.1594832,0
2020-08-23 14:30:00,630.02,630.02,628.91,628.95,14.01433,1598194799999,8816.0298421,17,2.6181,1648.0967070999998,0
2020-08-23 15:00:00,629.09,632.68,629.09,632.15,44.31242,1598196599999,27987.499111400004,36,44.10229,27855.161064099997,0
2020-08-23 15:30:00,631.0,632.34,627.04,630.67,168.12874,1598198399999,105872.88053560001,162,68.80066,43352.3433151,0
2020-08-23 16:00:00,630.84,630.84,628.71,629.81,10.501619999999999,1598200199999,6607.8703191,17,2.9702599999999997,1871.1227127999998,0
2020-08-23 16:30:00,629.87,631.55,628.98,629.45,40.59848,1598201999999,25576.1684095,41,11.603580000000001,7317.4839887,0
2020-08-23 17:00:00,630.73,631.15,629.45,629.68,14.86873,1598203799999,9377.609384799998,18,13.038730000000001,8225.4662949,0
2020-08-23 17:30:00,630.65,631.78,629.24,629.53,34.52006,1598205599999,21765.876827400003,35,19.6032,12373.2820892,0
2020-08-23 18:00:00,630.0,631.65,629.44,631.6,18.11748,1598207399999,11429.0128777,35,14.990879999999999,9460.6373434,0
2020-08-23 18:30:00,631.83,637.89,631.83,635.35,198.85231000000002,1598209199999,126335.47580839999,433,89.70551,57012.3392356,0
2020-08-23 19:00:00,634.6,640.08,631.83,640.0,82.71670999999998,1598210999999,52548.300064999996,336,57.727830000000004,36710.0824371,0
2020-08-23 19:30:00,639.77,646.26,639.77,643.91,111.31691000000001,1598212799999,71677.50056880001,255,22.022029999999997,14193.9420398,0
2020-08-23 20:00:00,645.36,645.58,639.49,639.75,82.66893,1598214599999,53014.3474605,149,14.51932,9327.1887453,0
2020-08-23 20:30:00,639.77,642.95,639.77,640.9,68.76861,1598216399999,44110.5002398,67,43.084959999999995,27632.081191400004,0
2020-08-23 21:00:00,640.47,640.89,639.37,640.89,6.4278900000000005,1598218199999,4113.4793981,8,1.84169,1180.3207040999996,0
2020-08-23 21:30:00,640.48,640.48,638.39,639.0,19.53556,1598219999999,12491.155502299998,29,13.66785,8741.4624341,0
2020-08-23 22:00:00,638.71,640.67,638.68,640.67,16.125120000000006,1598221799999,10310.4530582,25,15.671439999999999,10020.6808052,0
2020-08-23 22:30:00,639.96,641.4,639.96,641.4,5.2057,1598223599999,3332.1544995,11,0.65964,422.63748110000006,0
2020-08-23 23:00:00,641.4,641.73,638.51,640.8,76.23418000000002,1598225399999,48771.7540362,75,40.72916,26091.1286586,0
2020-08-23 23:30:00,639.2,640.1,638.49,638.49,24.87513,1598227199999,15892.7327843,41,0.89517,572.1939886,0
2020-08-24 00:00:00,638.71,639.91,636.58,639.05,21.5627,1598228999999,13745.285456799998,40,3.07619,1964.7921049000001,0
2020-08-24 00:30:00,638.26,638.26,637.08,637.97,8.070210000000001,1598230799999,5143.9920868,9,0.24172,154.2159084,0
2020-08-24 01:00:00,637.4,637.4,636.37,636.89,15.01878,1598232599999,9563.0351722,17,4.8,3056.589760000001,0
2020-08-24 01:30:00,636.88,638.3,635.91,638.3,37.30814,1598234399999,23763.934067299997,39,22.25743,14182.807733599999,0
2020-08-24 02:00:00,636.89,640.44,636.89,638.93,8.24796,1598236199999,5268.2867884,13,7.8746,5030.2121552,0
2020-08-24 02:30:00,640.45,641.12,639.3,640.62,19.73112,1598237999999,12637.9752241,23,16.79245,10759.2468349,0
2020-08-24 03:00:00,640.62,641.43,640.0,640.73,33.668459999999996,1598239799999,21566.0272487,27,24.13281,15456.2461354,0
2020-08-24 03:30:00,640.98,641.23,638.6,640.42,39.4853,1598241599999,25255.8201508,44,6.4816199999999995,4148.241932,0
2020-08-24 04:00:00,640.59,641.21,638.47,638.47,11.7615,1598243399999,7517.810649699999,19,1.9943,1277.6730745,0
2020-08-24 04:30:00,638.36,639.0,638.21,638.45,9.21611,1598245199999,5883.404486500001,8,0.0,0.0,0
2020-08-24 05:00:00,640.0,640.93,639.99,640.93,22.22188,1598246999999,14226.5257762,20,17.56171,11242.758730299998,0
2020-08-24 05:30:00,641.24,641.7,639.89,641.47,5.68766,1598248799999,3645.4009932999998,9,5.38432,3451.2967607,0
2020-08-24 06:00:00,641.38,643.32,641.19,641.87,47.9775,1598250599999,30798.9935992,50,31.26147000000001,20077.516463,0
2020-08-24 06:30:00,642.27,646.31,642.27,646.31,49.354459999999996,1598252399999,31828.121196900003,79,34.66734,22365.8279162,0
2020-08-24 07:00:00,646.52,649.31,645.87,649.31,39.77997,1598254199999,25761.490638,58,37.0004,23964.0919465,0
2020-08-24 07:30:00,649.3,649.78,645.87,646.66,51.23554,1598255999999,33193.6178792,69,14.07937,9122.5127422,0
2020-08-24 08:00:00,646.66,654.57,646.65,650.99,146.68705,1598257799999,95337.6497146,191,103.391,67216.120926,0
2020-08-24 08:30:00,652.75,653.14,648.03,651.97,35.73728,1598259599999,23255.75719270001,64,8.82552,5757.7876252999995,0
2020-08-24 09:00:00,653.27,653.69,648.83,649.97,32.462379999999996,1598261399999,21161.2810419,62,16.94572,11057.8065891,0
2020-08-24 09:30:00,649.52,650.79,645.74,647.3,63.60655,1598263199999,41207.346032099995,62,20.24434,13127.0716325,0
2020-08-24 10:00:00,647.3,653.74,647.3,652.85,116.76255,1598264999999,75867.9043533,136,99.62441,64722.627960699996,0
2020-08-24 10:30:00,652.19,654.26,651.27,652.53,38.85535,1598266799999,25381.2170958,40,29.01197,18960.7717487,0
2020-08-24 11:00:00,653.67,659.78,653.67,658.3,64.03947,1598268599999,42146.4246209,212,37.25155,24497.33172440001,0
2020-08-24 11:30:00,658.3,658.3,652.69,653.46,86.69960999999998,1598270399999,56860.29332100001,121,27.33881,17949.027367299994,0
2020-08-24 12:00:00,655.28,659.6,653.55,654.54,66.8547,1598272199999,43893.737207599996,112,30.272340000000003,19870.826232099997,0
2020-08-24 12:30:00,654.35,654.89,646.9,649.22,225.23846,1598273999999,146449.9459965,254,107.27368999999999,69670.25420689999,0
2020-08-24 13:00:00,648.57,656.86,648.57,650.95,162.01963999999995,1598275799999,105692.94021839999,198,48.75334,31813.389851599997,0
2020-08-24 13:30:00,650.96,657.43,648.73,655.58,136.81558,1598277599999,89330.509393,168,95.82783,62555.017302199994,0
2020-08-24 14:00:00,655.28,660.0,647.8,657.73,253.43322999999998,1598279399999,165758.5827498,289,117.16255,76501.6695592,0
2020-08-24 14:30:00,657.63,658.32,648.33,649.74,390.49322,1598281199999,254990.85626350003,499,162.13676999999996,105971.99783580001,0
2020-08-24 15:00:00,648.91,655.08,647.67,651.47,221.82926,1598282999999,144494.97818829998,278,124.71813,81261.7359161,0
2020-08-24 15:30:00,652.72,665.21,652.45,662.95,202.10646,1598284799999,133502.9985248,255,118.37596,78294.33857050001,0
2020-08-24 16:00:00,663.15,675.0,657.66,674.8,308.32731,1598286599999,205012.76949029998,497,181.2403,120815.7906075,0
2020-08-24 16:30:00,673.74,690.0,665.93,690.0,528.59914,1598288399999,357933.2452005999,924,275.65762,187269.3518793,0
2020-08-24 17:00:00,690.0,694.32,673.78,673.85,544.5740000000002,1598290199999,372544.1683907,836,238.73248999999998,163712.92440010002,0
2020-08-24 17:30:00,673.86,696.35,673.85,686.43,735.29674,1598291999999,505618.56901359995,1058,352.6758,242228.59248910003,0
2020-08-24 18:00:00,687.33,693.19,667.02,670.38,785.97063,1598293799999,532363.1176607,1463,422.51142999999996,286871.8918952,0
2020-08-24 18:30:00,669.4,679.72,668.93,679.72,113.62377,1598295599999,76684.0320862,176,75.85054000000002,51170.0419759,0
2020-08-24 19:00:00,679.72,679.72,663.65,669.59,327.91389,1598297399999,220086.2599624,461,135.60797,90737.5172955,0
2020-08-24 19:30:00,669.1,673.86,663.67,672.04,487.61543,1598299199999,325803.03953729995,624,303.95319,203239.04813900002,0
2020-08-24 20:00:00,672.52,676.13,666.6,667.05,224.90476,1598300999999,151069.94880410001,287,61.98791,41742.8976735,0
2020-08-24 20:30:00,666.81,676.37,666.24,669.46,414.58837,1598302799999,278145.6007231,565,226.81007999999997,152340.25746079994,0
2020-08-24 21:00:00,669.26,674.15,666.99,669.65,307.04898,1598304599999,205761.22411470002,474,142.19673999999995,95393.15312280001,0
2020-08-24 21:30:00,670.84,681.27,670.84,679.71,95.94479,1598306399999,64851.1939929,137,69.72288,47125.9262553,0
2020-08-24 22:00:00,680.29,681.97,674.42,679.91,137.80925,1598308199999,93529.1798089,197,63.422509999999996,43065.8686806,0
2020-08-24 22:30:00,679.03,681.41,679.03,681.34,13.08831,1598309999999,8908.8999615,32,12.74987,8678.829066799999,0
2020-08-24 23:00:00,680.09,682.78,678.0,679.79,61.602619999999995,1598311799999,41892.0577874,76,7.4424,5076.5842357,0
2020-08-24 23:30:00,678.79,678.79,677.33,677.33,10.87761,1598313599999,7376.644306300002,42,3.49488,2370.7344679000007,0
2020-08-25 00:00:00,677.17,678.41,667.81,671.9,185.04377,1598315399999,124464.3889608,361,88.55891,59579.4762726,0
2020-08-25 00:30:00,672.71,675.13,663.7,672.45,191.82934,1598317199999,128372.75431560002,282,93.21683,62485.6252169,0
2020-08-25 01:00:00,672.41,672.45,665.58,666.77,84.97966,1598318999999,56865.882208200004,96,2.08635,1391.3089164,0
2020-08-25 01:30:00,666.42,672.77,664.83,672.77,100.60834,1598320799999,67289.5576048,125,70.57411,47198.3749801,0
2020-08-25 02:00:00,673.04,673.76,667.1,668.95,73.69507,1598322599999,49383.378983999995,85,24.2564,16235.557163799998,0
2020-08-25 02:30:00,669.37,669.47,663.65,667.3,115.25487,1598324399999,76742.83591549999,144,68.187,45408.4561044,0
2020-08-25 03:00:00,667.1,670.02,666.37,667.85,73.08116,1598326199999,48832.07096680001,90,34.10671,22823.47801240001,0
2020-08-25 03:30:00,667.85,671.41,666.02,668.62,91.77557,1598327999999,61366.1369885,89,29.23912,19601.3236435,0
2020-08-25 04:00:00,667.35,670.0,659.04,660.16,291.00716,1598329799999,193224.7985051,414,154.67674,102754.1295819,0
2020-08-25 04:30:00,661.23,667.16,657.4,660.68,224.00787000000003,1598331599999,148224.2494813,243,128.29533999999998,84971.6639284,0
2020-08-25 05:00:00,660.68,661.93,656.6,657.7,38.22376,1598333399999,25186.8526835,55,6.3091,4162.7457747,0
2020-08-25 05:30:00,658.7,666.66,652.25,653.42,435.47174,1598335199999,286586.1992336,639,202.97793000000001,133784.77636730002,0
2020-08-25 06:00:00,652.45,658.21,651.9,654.27,104.94617,1598336999999,68756.047458,146,51.61591,33857.9126408,0
2020-08-25 06:30:00,654.28,660.41,649.61,654.72,669.1792,1598338799999,438327.5890693,942,348.55605,228664.51949099998,0
2020-08-25 07:00:00,653.5,659.76,651.98,659.21,324.21513,1598340599999,212610.01035979998,421,163.33716,107227.7382122,0
2020-08-25 07:30:00,656.3,665.86,655.87,658.68,334.29129,1598342399999,220780.7427394,554,165.16048,109256.42997219999,0
2020-08-25 08:00:00,658.69,658.88,649.72,649.72,97.3039,1598344199999,63607.4758342,141,32.249520000000004,21071.9187991,0
2020-08-25 08:30:00,649.29,667.06,646.94,664.21,330.07533,1598345999999,217318.1162828,388,192.85703999999998,126478.434407,0
2020-08-25 09:00:00,664.21,665.4,663.06,664.32,67.59021,1598347799999,44898.0673858,57,27.17758,18064.6450838,0
2020-08-25 09:30:00,664.05,668.11,664.05,668.11,48.8223,1598349599999,32539.270274900002,50,44.50571,29667.5577949,0
2020-08-25 10:00:00,668.1,668.12,664.13,664.13,56.29445,1598351399999,37497.783749,63,13.186379999999998,8807.6572637,0
2020-08-25 10:30:00,665.97,673.05,665.97,673.05,104.78013,1598353199999,70125.2866012,130,86.88176,58150.8727584,0
2020-08-25 11:00:00,673.1,675.27,668.21,668.82,158.26306,1598354999999,106468.59564419999,191,49.98493,33662.7732675,0
2020-08-25 11:30:00,667.9,672.75,664.76,672.37,114.20541999999999,1598356799999,76329.4470716,152,80.74209,53979.7801178,0
2020-08-25 12:00:00,672.36,672.9,654.65,656.84,229.50072000000003,1598358599999,152485.1756257,355,61.32167,40878.7438028,0
2020-08-25 12:30:00,656.54,663.76,654.99,662.3,161.50295,1598360399999,106431.9859958,224,122.91756000000001,81014.5593471,0
2020-08-25 13:00:00,662.3,664.53,657.47,661.28,182.08286,1598362199999,120337.058507,185,77.43997,51266.10855,0
2020-08-25 13:30:00,660.02,660.02,648.27,652.61,149.74847,1598363999999,98027.85822889999,171,82.82595,54199.218973899995,0
2020-08-25 14:00:00,651.53,652.7,642.17,649.75,185.03413999999998,1598365799999,119741.30032249998,265,106.66577,69104.22718310001,0
2020-08-25 14:30:00,650.7,651.48,643.25,643.42,78.29071,1598367599999,50650.1258135,126,7.94641,5168.0353001,0
2020-08-25 15:00:00,643.14,646.18,634.63,635.84,191.93443,1598369399999,122810.8857303,295,64.52124,41376.748856599996,0
2020-08-25 15:30:00,636.62,640.74,631.84,637.7,331.51373,1598371199999,210829.84541900002,366,182.27906000000002,116077.4148861,0
2020-08-25 16:00:00,637.6,642.18,632.96,642.18,108.53411000000001,1598372999999,69217.7472028,146,75.51685,48245.66825340001,0
2020-08-25 16:30:00,642.35,643.45,628.71,629.71,170.90628,1598374799999,108999.24019419999,207,34.83076,22294.520492099997,0
2020-08-25 17:00:00,629.82,634.12,624.15,627.8,209.28564,1598376599999,131467.7128188,406,96.55654,60811.17675599999,0
2020-08-25 17:30:00,629.3,632.17,617.95,620.62,202.01725,1598378399999,126696.5378277,243,79.61499,50143.303243,0
2020-08-25 18:00:00,620.64,626.37,609.65,624.38,412.93448,1598380199999,255608.22038389998,457,260.23904,161434.456092,0
2020-08-25 18:30:00,624.39,628.27,620.3,627.22,114.979,1598381999999,71735.2583415,152,47.483779999999996,29688.3281624,0
2020-08-25 19:00:00,627.22,631.01,621.65,630.23,104.47275,1598383799999,65529.0672148,125,50.79144,31933.638847799997,0
2020-08-25 19:30:00,629.98,630.2,627.1,627.33,31.902309999999996,1598385599999,20040.215010900003,40,2.5274099999999997,1591.6001988,0
2020-08-25 20:00:00,627.14,629.07,626.73,627.11,2.60129,1598387399999,1631.7574550000006,15,0.79185,496.73039789999996,0
2020-08-25 20:30:00,627.76,631.83,625.58,626.45,47.27618,1598389199999,29726.075775300003,77,26.558529999999998,16731.4190847,0
2020-08-25 21:00:00,626.79,630.58,626.28,630.55,9.9754,1598390999999,6282.0630411,32,9.37837,5908.0425081,0
2020-08-25 21:30:00,629.64,632.76,629.56,632.76,6.0536900000000005,1598392799999,3819.0838041,23,3.89805,2461.6080656999998,0
2020-08-25 22:00:00,630.81,634.14,629.73,633.42,16.78632,1598394599999,10624.1664316,28,13.32495,8442.550520300001,0
2020-08-25 22:30:00,633.45,635.33,632.57,635.03,23.84291,1598396399999,15126.658662399996,42,14.084979999999998,8939.6959195,0
2020-08-25 23:00:00,635.03,635.77,634.26,635.77,9.40577,1598398199999,5971.7092857,18,4.64722,2953.1110709000004,0
2020-08-25 23:30:00,635.95,638.97,635.43,638.1,37.891870000000004,1598399999999,24126.6624801,65,14.928120000000002,9514.8188685,0
2020-08-26 00:00:00,638.09,640.38,631.49,635.36,108.22441,1598401799999,68858.3641869,155,25.11905,16010.198550699999,0
2020-08-26 00:30:00,635.54,636.74,630.22,631.97,63.576769999999996,1598403599999,40275.4267009,58,31.00021,19682.0521306,0
2020-08-26 01:00:00,630.68,634.26,630.03,633.84,86.29115999999998,1598405399999,54581.09310190001,84,56.70669,35921.1222085,0
2020-08-26 01:30:00,633.44,633.65,630.63,632.07,50.796620000000004,1598407199999,32134.616418299996,57,33.862559999999995,21428.8320278,0
2020-08-26 02:00:00,631.49,632.51,629.32,631.0,39.6177,1598408999999,25006.092606799997,56,27.79148,17549.1467339,0
2020-08-26 02:30:00,630.88,637.26,630.88,635.5,102.22339000000001,1598410799999,64844.5563621,94,71.89972,45568.9237749,0
2020-08-26 03:00:00,635.71,637.43,633.51,635.47,36.17951,1598412599999,22977.2153216,45,5.70585,3634.2994993,0
2020-08-26 03:30:00,633.7,636.14,629.0,633.04,205.27678,1598414399999,129662.7623579,184,112.80096,71217.87525810003,0
2020-08-26 04:00:00,634.54,636.76,633.92,636.53,30.282140000000002,1598416199999,19250.9791439,38,30.227859999999996,19216.569966299998,0
2020-08-26 04:30:00,635.2,636.64,635.2,636.64,22.702560000000002,1598417999999,14425.797904899999,23,0.08466,53.8953389,0
2020-08-26 05:00:00,636.71,641.96,636.71,641.67,92.74613000000001,1598419799999,59343.46135669999,145,38.07901,24353.801629499998,0
2020-08-26 05:30:00,641.66,642.17,638.5,639.41,10.020430000000001,1598421599999,6419.870989,27,3.90939,2509.2400000999996,0
2020-08-26 06:00:00,640.81,646.84,637.52,641.41,94.41436,1598423399999,60668.2947897,110,55.636759999999995,35794.4562196,0
2020-08-26 06:30:00,641.41,644.47,639.95,641.64,56.72739,1598425199999,36419.540353699995,79,20.78804,13373.743508,0
2020-08-26 07:00:00,642.31,642.58,635.0,637.59,241.863,1598426999999,154482.743174,259,129.08748,82466.687235,0
2020-08-26 07:30:00,636.43,643.2,636.28,642.42,88.81314,1598428799999,56883.3816091,121,60.88389,39011.4613989,0
2020-08-26 08:00:00,642.23,646.44,641.22,644.26,52.97215,1598430599999,34112.7379381,88,30.11494,19421.3728355,0
2020-08-26 08:30:00,645.64,647.33,638.62,643.71,122.49837,1598432399999,78641.6217357,206,52.17175,33588.889452999996,0
2020-08-26 09:00:00,643.71,650.0,640.23,644.71,210.80088999999998,1598434199999,135990.3587669,276,91.26476,59005.4831694,0
2020-08-26 09:30:00,646.13,646.13,641.87,643.9,50.89076,1598435999999,32720.9693512,60,16.74149,10759.0886799,0
2020-08-26 10:00:00,643.86,648.65,641.44,648.43,89.46127,1598437799999,57742.3866202,206,62.70743,40503.68373590001,0
2020-08-26 10:30:00,648.43,650.0,643.72,646.49,98.53113,1598439599999,63722.6494036,144,32.56089,21109.328638400002,0
2020-08-26 11:00:00,646.0,649.94,646.0,647.77,54.48594,1598441399999,35306.4572199,56,25.95982,16838.8135862,0
2020-08-26 11:30:00,648.98,650.0,643.27,643.27,68.70254,1598443199999,44467.2120236,103,30.623790000000003,19882.7219264,0
2020-08-26 12:00:00,646.26,648.01,643.22,643.5,67.40149,1598444999999,43541.129146,127,26.67545,17264.0768747,0
2020-08-26 12:30:00,643.04,644.47,632.6,635.38,159.59435,1598446799999,101714.4321193,205,86.65149,55127.032272000004,0
2020-08-26 13:00:00,635.29,636.24,631.99,632.51,34.516490000000005,1598448599999,21857.3251631,55,4.02762,2559.9483553000005,0
2020-08-26 13:30:00,633.65,638.74,631.71,638.74,148.43309,1598450399999,94353.83989049999,239,99.63399,63408.9271028,0
2020-08-26 14:00:00,638.74,644.0,637.53,642.31,113.03455,1598452199999,72470.9736668,130,74.27807,47646.182208499995,0
2020-08-26 14:30:00,643.42,646.57,638.13,643.01,196.00981000000002,1598453999999,126008.84881889999,376,105.39785,67897.9833356,0
2020-08-26 15:00:00,643.01,648.4,637.76,638.68,442.749,1598455799999,284386.0618802,829,213.17482,137100.879203,0
2020-08-26 15:30:00,638.43,639.8,634.36,635.95,175.08291,1598457599999,111375.8422043,236,78.38588,49898.1086192,0
2020-08-26 16:00:00,636.5,639.71,632.21,639.4,175.06633,1598459399999,111389.32234140001,219,90.11822,57442.49931290001,0
2020-08-26 16:30:00,638.56,639.27,632.24,636.69,173.92334,1598461199999,110601.29222680001,309,72.14090999999998,45967.727983599994,0
2020-08-26 17:00:00,636.55,640.97,634.75,639.51,89.40472,1598462999999,57017.08649550001,127,51.06704000000001,32618.921017,0
2020-08-26 17:30:00,640.86,655.0,638.24,651.45,308.24354,1598464799999,199406.12074120002,711,203.58219,131911.4622939,0
2020-08-26 18:00:00,651.15,653.04,635.04,640.17,288.00176,1598466599999,185242.87968620003,636,104.42115,67201.8933929,0
2020-08-26 18:30:00,640.34,642.58,640.34,641.24,68.48309,1598468399999,43870.8932797,58,17.47781,11208.448002500001,0
2020-08-26 19:00:00,640.44,643.96,640.44,640.48,27.02873,1598470199999,17368.441886700002,35,26.853170000000002,17256.0033123,0
2020-08-26 19:30:00,640.47,641.97,637.88,639.08,48.23216,1598471999999,30859.4780297,56,17.72534,11356.425768100002,0
2020-08-26 20:00:00,639.89,643.02,637.16,639.33,96.94587,1598473799999,61996.91653990001,143,40.87507,26192.551878,0
2020-08-26 20:30:00,639.61,644.89,639.06,641.7,66.78214,1598475599999,42849.7966082,109,51.02839,32753.492854900003,0
2020-08-26 21:00:00,642.07,642.07,637.62,638.02,38.488620000000004,1598477399999,24612.5184222,55,6.95375,4450.2848791999995,0
2020-08-26 21:30:00,638.6,645.94,637.15,644.54,147.73662,1598479199999,94924.0502502,184,78.69338,50609.698832300004,0
2020-08-26 22:00:00,643.16,643.68,637.66,637.66,89.33927,1598480999999,57257.36548759999,102,53.76778,34494.1720896,0
2020-08-26 22:30:00,638.39,644.08,636.77,639.94,94.56359,1598482799999,60604.088701199995,138,55.759159999999994,35795.5755152,0
2020-08-26 23:00:00,640.47,642.27,638.81,641.16,23.35618,1598484599999,14969.4294692,36,9.633519999999999,6180.030431,0
2020-08-26 23:30:00,641.43,643.09,639.71,640.77,34.68725,1598486399999,22250.4132624,59,10.52957,6763.7018794,0
2020-08-27 00:00:00,640.77,642.54,640.77,642.54,14.95987,1598488199999,9601.264693899999,44,4.13976,2657.780102,0
2020-08-27 00:30:00,642.28,645.51,639.9,643.65,71.79393,1598489999999,46131.956138300004,174,30.96984,19904.7534512,0
2020-08-27 01:00:00,644.78,646.02,639.53,643.1,113.60068000000001,1598491799999,72964.337983,292,36.34028,23396.1758136,0
2020-08-27 01:30:00,643.52,643.53,636.6,641.05,105.49023000000001,1598493599999,67572.5277336,140,48.07765,30857.8263548,0
2020-08-27 02:00:00,640.47,645.29,637.68,640.15,56.21286,1598495399999,36020.7354436,116,29.75259,19104.216386300002,0
2020-08-27 02:30:00,640.48,643.3,635.11,638.07,206.24188999999998,1598497199999,131723.205118,372,88.28947,56461.2636344,0
2020-08-27 03:00:00,638.27,640.59,637.8,640.59,19.65685,1598498999999,12577.7981627,43,14.13982,9048.1619357,0
2020-08-27 03:30:00,640.57,640.59,636.85,636.85,49.24436,1598500799999,31473.534222099996,96,21.39875,13683.6107614,0
2020-08-27 04:00:00,636.86,638.15,636.41,636.41,22.78828,1598502599999,14522.540271899998,50,14.87132,9479.3525517,0
2020-08-27 04:30:00,636.47,638.0,636.4,637.13,13.313039999999999,1598504399999,8482.7834796,49,5.4639,3481.134404,0
2020-08-27 05:00:00,637.19,638.0,635.12,637.12,70.82939,1598506199999,45043.488808099995,99,31.59163,20088.327095200002,0
2020-08-27 05:30:00,636.34,637.8,635.5,636.05,34.72875,1598507999999,22107.0727957,95,14.18785,9032.019147399997,0
2020-08-27 06:00:00,636.54,637.19,636.54,637.19,25.64444,1598509799999,16337.901249899998,75,18.75754,11952.1169126,0
2020-08-27 06:30:00,637.19,641.3,636.97,638.13,60.796409999999995,1598511599999,38785.10177250001,167,49.66788,31686.9805551,0
2020-08-27 07:00:00,637.56,638.0,636.97,638.0,0.9958,1598513399999,635.1830089,9,0.87156,556.0320654,0
2020-08-27 07:30:00,638.0,639.14,637.7,639.14,12.1206,1598515199999,7737.238248999999,47,11.59805,7403.4693739999975,0
2020-08-27 08:00:00,639.08,639.91,636.97,638.48,20.13034,1598516999999,12845.1355661,36,8.1954,5233.298825399998,0
2020-08-27 08:30:00,637.84,637.84,635.51,635.51,43.003409999999995,1598518799999,27358.1909573,69,11.31352,7199.2205222,0
2020-08-27 09:00:00,635.67,635.67,634.51,635.07,137.42864,1598520599999,87266.3500058,453,109.92253000000001,69798.0379765,0
2020-08-27 09:30:00,635.07,640.46,634.59,636.82,138.53009,1598522399999,88110.6364513,406,111.19298,70700.7134735,0
2020-08-27 10:00:00,636.53,636.82,634.15,634.2,47.31831,1598524199999,30062.308983099996,80,25.51206,16205.022356600002,0
2020-08-27 10:30:00,634.2,635.43,631.85,635.08,75.53430999999998,1598525999999,47864.0690454,145,40.259,25527.9053502,0
2020-08-27 11:00:00,635.07,635.07,630.2,632.21,123.9137,1598527799999,78437.405479,156,48.65636,30825.878152599995,0
2020-08-27 11:30:00,631.72,632.71,625.49,629.42,49.61165,1598529599999,31183.8667365,118,12.51238,7874.319377500001,0
2020-08-27 12:00:00,630.58,635.02,628.02,628.02,129.85526000000002,1598531399999,82021.54438210001,165,71.53664,45262.0819506,0
2020-08-27 12:30:00,629.62,634.04,627.9,633.32,88.72907,1598533199999,56029.824526,122,62.88284,39748.332977499995,0
2020-08-27 13:00:00,631.8,642.72,631.28,639.16,348.4594,1598534999999,222061.55428389998,455,181.81733,115896.6147766,0
2020-08-27 13:30:00,640.36,645.02,636.61,638.35,228.52504,1598536799999,146438.8231303,355,99.23485,63672.96805519999,0
2020-08-27 14:00:00,639.74,642.12,626.33,627.77,226.67837999999998,1598538599999,143321.4944504,361,98.80107,62506.2614297,0
2020-08-27 14:30:00,628.5,629.2,624.09,624.9,62.938230000000004,1598540399999,39438.4288614,113,20.64835,12964.6838388,0
2020-08-27 15:00:00,627.07,629.51,623.01,624.52,37.35796,1598542199999,23397.3238646,64,12.14862,7629.3841895,0
2020-08-27 15:30:00,624.34,625.49,623.6,623.6,24.10621,1598543999999,15061.128000100001,32,17.37515,10859.3842818,0
2020-08-27 16:00:00,623.55,625.24,619.5,620.82,100.99413,1598545799999,62928.138455800006,129,44.47461,27768.159363700004,0
2020-08-27 16:30:00,620.82,621.69,613.82,613.82,80.99736999999998,1598547599999,50059.5513986,156,18.15849,11270.3854981,0
2020-08-27 17:00:00,615.97,617.39,609.25,615.65,224.29537000000002,1598549399999,137699.7622799,274,157.01484,96493.76954260001,0
2020-08-27 17:30:00,615.5,619.34,610.94,618.38,117.62317,1598551199999,72275.17421980001,142,45.951209999999996,28314.3232306,0
2020-08-27 18:00:00,618.33,620.15,613.93,618.59,62.231230000000004,1598552999999,38381.3484204,77,19.920820000000006,12328.2158839,0
2020-08-27 18:30:00,616.64,620.67,614.15,617.76,78.92833,1598554799999,48755.7290999,86,61.25391,37882.208884199994,0
2020-08-27 19:00:00,617.31,620.67,615.84,619.36,41.03129000000001,1598556599999,25359.8785093,51,17.49756,10831.8789593,0
2020-08-27 19:30:00,618.8,620.48,615.86,619.01,11.43334,1598558399999,7064.9338033,28,7.10278,4387.2169147,0
2020-08-27 20:00:00,617.39,621.09,615.0,620.28,58.4663,1598560199999,36151.56158269999,40,38.7419,24006.308312099998,0
2020-08-27 20:30:00,618.96,618.96,611.95,613.77,78.15778,1598561999999,48044.44557330001,110,18.6775,11506.0961,0
2020-08-27 21:00:00,613.76,615.78,613.65,615.78,11.3931,1598563799999,6994.3102038000025,15,0.90149,554.1429433999998,0
2020-08-27 21:30:00,616.86,618.18,612.93,615.27,49.64428,1598565599999,30555.5817577,62,13.88144,8570.0217472,0
2020-08-27 22:00:00,616.25,619.05,611.74,614.76,136.73309,1598567399999,84264.012391,174,76.59206,47278.9742449,0
2020-08-27 22:30:00,615.45,616.35,611.72,613.99,105.23342,1598569199999,64588.6094631,170,33.49308,20600.8113787,0
2020-08-27 23:00:00,613.24,619.22,612.14,618.35,89.80443000000002,1598570999999,55342.3643118,115,59.0614,36469.5750454,0
2020-08-27 23:30:00,618.5,618.86,613.67,614.97,79.44445,1598572799999,48961.214881199994,93,27.4783,16985.639450900002,0
2020-08-28 00:00:00,617.99,617.99,611.22,612.58,68.70178,1598574599999,42191.0792046,135,12.558060000000001,7712.6974896,0
2020-08-28 00:30:00,612.58,615.77,610.63,614.77,73.83234,1598576399999,45276.0468232,93,57.049440000000004,35018.1445106,0
2020-08-28 01:00:00,614.94,619.59,614.65,619.59,79.28761999999998,1598578199999,48917.2682745,100,44.02268,27161.9775728,0
2020-08-28 01:30:00,618.25,620.33,617.03,619.48,29.32205,1598579999999,18151.644448900002,65,15.06521,9336.2680766,0
2020-08-28 02:00:00,619.87,621.14,614.48,621.14,156.16696000000005,1598581799999,96611.8106628,212,47.47934,29454.00285360001,0
2020-08-28 02:30:00,620.36,620.92,614.54,617.38,98.11371,1598583599999,60664.6045853,139,47.20344,29237.162204000004,0
2020-08-28 03:00:00,617.89,620.17,616.53,617.22,14.78214,1598585399999,9137.4185285,39,3.22323,1994.8044936000001,0
2020-08-28 03:30:00,617.22,621.33,616.19,620.72,76.84629,1598587199999,47556.464400699995,100,61.16539,37868.648344400004,0
2020-08-28 04:00:00,620.83,624.02,620.08,623.32,32.4663,1598588999999,20204.209163,81,24.10785,15004.861303799995,0
2020-08-28 04:30:00,623.36,623.36,618.29,622.48,107.74689,1598590799999,66904.798166,103,31.10582,19314.917634999998,0
2020-08-28 05:00:00,623.03,623.86,621.67,622.27,26.754379999999998,1598592599999,16667.9023999,32,22.00435,13712.494794,0
2020-08-28 05:30:00,623.0,626.18,620.99,625.06,58.62687,1598594399999,36535.9758594,72,49.3467,30759.3288436,0
2020-08-28 06:00:00,625.06,625.81,621.28,621.28,63.05709,1598596199999,39365.4620677,80,8.6401,5406.523226199999,0
2020-08-28 06:30:00,622.2,625.08,621.28,625.07,56.12438,1598597999999,34994.161595800004,76,29.532459999999997,18418.767894,0
2020-08-28 07:00:00,624.6,625.27,619.42,619.42,34.74075,1598599799999,21572.5591928,48,1.89241,1179.2577863,0
2020-08-28 07:30:00,621.52,622.02,619.2,620.04,29.85715,1598601599999,18529.8932407,36,20.31503,12618.7536248,0
2020-08-28 08:00:00,620.76,621.45,618.67,620.0,64.04603,1598603399999,39704.617637999996,52,41.738279999999996,25877.673617,0
2020-08-28 08:30:00,618.94,620.71,616.04,617.0,71.9921,1598605199999,44489.520502,96,21.1727,13095.692774500001,0
2020-08-28 09:00:00,617.49,623.76,616.33,621.82,175.00875,1598606999999,108649.26462780002,181,95.68383,59390.950491100004,0
2020-08-28 09:30:00,622.21,626.41,622.21,626.39,31.08404,1598608799999,19414.361388999998,68,29.85456,18646.9710553,0
2020-08-28 10:00:00,626.39,631.23,623.71,623.71,177.99399,1598610599999,111614.1679586,451,79.13226,49700.154939199994,0
2020-08-28 10:30:00,625.22,629.84,624.72,628.18,101.61180999999999,1598612399999,63712.315823699995,366,96.46043,60484.8121077,0
2020-08-28 11:00:00,628.18,630.29,617.02,618.22,269.00785,1598614199999,167491.2612156,681,132.42795,82563.1624656,0
2020-08-28 11:30:00,618.21,620.24,617.07,620.2,45.0825,1598615999999,27910.229922900002,239,30.77073,19061.3739751,0
2020-08-28 12:00:00,620.13,621.23,618.92,621.02,19.73645,1598617799999,12238.4192394,39,5.2712900000000005,3270.4562726999998,0
2020-08-28 12:30:00,621.53,623.73,617.92,621.12,85.82321,1598619599999,53264.6154248,132,27.85463,17314.306201599997,0
2020-08-28 13:00:00,620.59,622.05,619.34,619.52,27.876459999999998,1598621399999,17294.652991799998,41,10.845239999999999,6736.8302861,0
2020-08-28 13:30:00,620.86,623.71,619.22,622.7,46.621,1598623199999,28990.159342799998,59,33.76188,21016.6102931,0
2020-08-28 14:00:00,622.19,625.24,621.55,622.85,52.011379999999996,1598624999999,32443.2731996,76,42.512840000000004,26531.2832148,0
2020-08-28 14:30:00,623.13,629.55,623.13,627.46,100.06511,1598626799999,62603.95884430001,156,66.04114,41339.9535947,0
2020-08-28 15:00:00,626.61,629.79,623.8,627.84,175.80303999999995,1598628599999,110070.4024178,290,61.6595,38698.1136128,0
2020-08-28 15:30:00,628.42,629.01,621.61,621.63,180.57906,1598630399999,112881.21230580001,158,75.1069,47005.807771,0
2020-08-28 16:00:00,623.78,624.1,619.47,622.47,147.66536000000005,1598632199999,91772.5949289,283,69.47721,43188.3996683,0
2020-08-28 16:30:00,621.5,624.46,619.37,623.5,103.30054,1598633999999,64220.6104205,195,69.60056,43292.0944351,0
2020-08-28 17:00:00,623.5,627.04,623.5,626.16,51.70823,1598635799999,32338.9081204,109,21.32891,13343.386832799999,0
2020-08-28 17:30:00,625.92,627.53,620.84,623.48,76.27691999999998,1598637599999,47642.17231730001,120,32.4449,20284.5933625,0
2020-08-28 18:00:00,623.82,628.68,623.01,627.98,54.63499,1598639399999,34222.7906987,87,36.73863,23026.2906924,0
2020-08-28 18:30:00,627.44,627.72,623.19,625.57,57.29265,1598641199999,35855.052122199995,83,10.5318,6602.4840359,0
2020-08-28 19:00:00,625.84,632.41,625.84,631.5,51.18483,1598642999999,32260.420861900002,133,39.70965,25026.4737586,0
2020-08-28 19:30:00,631.01,635.75,630.82,635.61,32.30527,1598644799999,20473.7384853,63,23.709529999999997,15033.060849599999,0
2020-08-28 20:00:00,635.89,636.78,632.67,634.91,97.28135999999999,1598646599999,61803.69588740001,176,29.51447000000001,18768.8649018,0
2020-08-28 20:30:00,633.49,634.18,631.28,633.69,18.42456,1598648399999,11654.7196797,29,2.23999,1419.5205234,0
2020-08-28 21:00:00,633.69,635.02,631.65,631.89,41.78705,1598650199999,26471.6953663,42,24.12507,15300.3262227,0
2020-08-28 21:30:00,632.05,634.1,629.87,631.15,74.28273,1598651999999,46950.3515384,89,37.87544000000001,23978.8666165,0
2020-08-28 22:00:00,631.19,631.8,627.43,628.11,71.40623000000002,1598653799999,44927.18523919999,104,22.83931,14391.681624200002,0
2020-08-28 22:30:00,628.85,629.44,628.33,628.34,3.63705,1598655599999,2286.7569279,13,1.32954,835.7999819,0
2020-08-28 23:00:00,629.24,632.22,626.77,629.35,112.13091999999999,1598657399999,70575.4206986,155,51.71457,32597.3870421,0
2020-08-28 23:30:00,629.59,636.35,629.55,635.96,58.154959999999996,1598659199999,36796.5368196,148,50.38483,31879.612299599998,0
2020-08-29 00:00:00,636.3,640.05,633.73,637.06,133.45253,1598660999999,84970.31925860001,354,54.089009999999995,34461.274567500004,0
2020-08-29 00:30:00,638.38,638.54,633.95,637.83,73.49244,1598662799999,46782.0874246,111,33.83935,21570.7348556,0
2020-08-29 01:00:00,637.03,641.35,636.23,641.35,60.81547,1598664599999,38852.53641469999,97,44.73005,28601.6744994,0
2020-08-29 01:30:00,641.47,644.52,636.25,637.1,174.95784,1598666399999,112114.54473069998,322,58.13008000000001,37317.613159,0
2020-08-29 02:00:00,637.09,637.09,631.72,633.89,87.71819,1598668199999,55622.0651038,145,42.7248,27095.4568402,0
2020-08-29 02:30:00,633.0,634.69,632.45,634.18,20.93822,1598669999999,13274.904069299999,32,19.70399,12493.8225283,0
2020-08-29 03:00:00,634.05,635.02,630.15,633.86,51.31953,1598671799999,32490.043320999997,73,31.03109000000001,19674.1197536,0
2020-08-29 03:30:00,633.74,634.92,631.16,632.33,21.635089999999998,1598673599999,13690.128404299998,61,5.70892,3615.0517495999998,0
2020-08-29 04:00:00,632.35,633.69,631.61,632.92,3.10987,1598675399999,1966.5316177000002,30,0.34107,215.947097,0
2020-08-29 04:30:00,632.89,633.5,631.61,632.87,8.63453,1598677199999,5460.118341699998,33,4.204,2661.1234109,0
2020-08-29 05:00:00,633.3,635.02,633.26,634.0,21.3161,1598678999999,13523.443148700002,37,19.6802,12487.085946700001,0
2020-08-29 05:30:00,632.97,634.93,632.94,634.09,27.76917000000001,1598680799999,17609.5453061,20,12.40509,7867.666289399999,0
2020-08-29 06:00:00,633.97,635.62,633.5,635.38,75.67143,1598682599999,48028.8667601,70,48.40649000000001,30739.4470866,0
2020-08-29 06:30:00,635.21,635.99,633.51,634.5,10.18252,1598684399999,6456.3258803,17,2.3715200000000003,1506.2632113,0
2020-08-29 07:00:00,634.8,635.99,633.35,634.61,66.46913,1598686199999,42151.2202155,52,32.58976,20684.0171423,0
2020-08-29 07:30:00,635.62,638.0,633.76,637.0,69.91882,1598687999999,44486.558278,118,30.262940000000004,19271.6644213,0
2020-08-29 08:00:00,636.55,640.0,635.15,640.0,82.90196999999998,1598689799999,52865.3874239,113,35.41336,22599.522439900004,0
2020-08-29 08:30:00,640.0,641.25,638.69,639.3,58.942809999999994,1598691599999,37731.962002399996,112,20.03961,12834.231388,0
2020-08-29 09:00:00,640.0,640.0,636.89,639.73,53.90181,1598693399999,34398.8901624,90,23.73639,15173.3352565,0
2020-08-29 09:30:00,638.17,642.85,637.81,637.95,88.41115,1598695199999,56593.9222232,159,51.62159000000001,33056.9736372,0
2020-08-29 10:00:00,638.61,638.61,635.01,636.6,35.26766,1598696999999,22444.841141,81,4.75774,3030.5443049,0
2020-08-29 10:30:00,635.65,637.19,633.45,633.45,71.61735999999998,1598698799999,45438.52083630001,109,23.54634,14964.463157,0
2020-08-29 11:00:00,634.84,636.71,633.45,636.13,105.04838000000001,1598700599999,66742.7624675,130,92.38905,58720.14728609999,0
2020-08-29 11:30:00,635.76,635.76,634.36,635.46,14.593960000000001,1598702399999,9266.2718603,32,8.80695,5593.7205778000025,0
2020-08-29 12:00:00,635.46,636.38,633.45,634.38,35.84121,1598704199999,22747.718523,62,12.056939999999999,7665.6412242,0
2020-08-29 12:30:00,634.45,635.14,632.34,632.54,124.72016,1598705999999,79005.07448119999,109,17.165960000000002,10872.5298722,0
2020-08-29 13:00:00,634.52,634.73,631.84,633.73,55.86741,1598707799999,35355.8961496,123,49.136720000000004,31097.5106615,0
2020-08-29 13:30:00,634.29,634.29,630.0,632.02,53.276740000000004,1598709599999,33628.441698,89,15.714,9916.2535931,0
2020-08-29 14:00:00,630.49,631.65,629.17,630.59,72.99812,1598711399999,45996.21517240001,146,19.73766,12455.5474354,0
2020-08-29 14:30:00,630.96,633.33,630.6,631.37,44.49824,1598713199999,28104.698199799997,93,16.90556,10691.2946451,0
2020-08-29 15:00:00,631.46,633.21,631.33,631.82,29.09252,1598714999999,18405.149581,55,20.18029,12773.2591029,0
2020-08-29 15:30:00,633.52,633.53,631.35,631.41,13.69491,1598716799999,8652.564600200001,23,1.38812,878.7217130000001,0
2020-08-29 16:00:00,632.9,634.03,631.04,633.89,19.49312,1598718599999,12331.998357999999,37,11.207089999999999,7100.7966206,0
2020-08-29 16:30:00,633.9,634.69,633.4,633.65,17.13777,1598720399999,10864.349573200001,34,4.94258,3134.3097889,0
2020-08-29 17:00:00,633.95,634.9,633.01,634.4,3.14799,1598722199999,1997.3339627,14,2.12151,1346.7384839000001,0
2020-08-29 17:30:00,635.0,637.27,634.16,635.18,35.22532,1598723999999,22375.023364400004,56,12.89017,8199.3654925,0
2020-08-29 18:00:00,635.7,638.79,635.7,638.61,53.78169000000001,1598725799999,34276.91098,86,26.015079999999998,16606.8399776,0
2020-08-29 18:30:00,638.42,642.87,636.92,642.72,70.2004,1598727599999,44900.6154768,123,48.12332,30781.5216392,0
2020-08-29 19:00:00,642.71,644.39,640.36,640.77,48.31601,1598729399999,31073.0719939,124,16.992739999999998,10937.989061700002,0
2020-08-29 19:30:00,640.76,641.56,636.92,638.24,54.26025,1598731199999,34641.7647524,78,10.30955,6580.6081116999985,0
2020-08-29 20:00:00,637.17,638.22,636.48,638.22,18.92482,1598732999999,12063.8315264,46,13.19294,8413.2373927,0
2020-08-29 20:30:00,638.22,639.17,635.96,638.45,19.62053,1598734799999,12507.380699299998,34,3.67691,2343.2126714,0
2020-08-29 21:00:00,639.32,642.54,635.09,641.76,92.72434,1598736599999,59207.0406523,148,72.34380999999998,46212.601376599996,0
2020-08-29 21:30:00,642.21,642.4,636.67,637.54,41.38834,1598738399999,26485.961570800002,93,10.8726,6978.768516600001,0
2020-08-29 22:00:00,638.3,638.3,633.63,633.63,34.21698,1598740199999,21766.5581015,57,3.2671200000000002,2078.1766518,0
2020-08-29 22:30:00,633.34,634.99,631.29,632.48,60.1552,1598741999999,38103.061236300004,80,46.7552,29621.48225170001,0
2020-08-29 23:00:00,632.48,637.95,632.0,632.03,62.84873,1598743799999,39890.969484800014,120,42.89633,27247.0876485,0
2020-08-29 23:30:00,632.02,632.81,629.68,631.21,45.06333,1598745599999,28433.1802435,98,20.6363,13019.1859922,0
2020-08-30 00:00:00,630.83,633.32,629.84,632.04,37.48718,1598747399999,23668.0176963,126,15.12321,9547.4506824,0
2020-08-30 00:30:00,631.79,632.86,630.05,631.0,34.53621,1598749199999,21802.1187118,76,21.630020000000002,13652.4817773,0
2020-08-30 01:00:00,630.09,632.32,629.0,631.7,51.77766,1598750999999,32679.1394077,106,33.94565,21428.4651217,0
2020-08-30 01:30:00,631.78,635.22,629.55,631.43,46.58127,1598752799999,29437.703738999997,109,22.85706,14458.2333479,0
2020-08-30 02:00:00,632.98,633.29,629.43,630.39,57.22729,1598754599999,36096.6097438,80,18.73961,11831.917673200001,0
2020-08-30 02:30:00,631.34,632.14,630.0,631.91,19.57923,1598756399999,12354.0409429,44,1.54589,976.5520505000001,0
2020-08-30 03:00:00,631.69,650.47,630.47,650.47,225.33956,1598758199999,144642.22517370002,530,152.43328,97727.55140639999,0
2020-08-30 03:30:00,650.37,653.14,645.18,649.69,351.67327,1598759999999,228559.12897979998,668,179.57915,116720.09128889999,0
2020-08-30 04:00:00,649.69,660.0,648.99,660.0,250.88667,1598761799999,164196.0122661,489,140.41681,91972.8540998,0
2020-08-30 04:30:00,660.0,660.0,650.46,655.33,300.99189,1598763599999,197368.40129100002,431,171.90135,112857.94726260002,0
2020-08-30 05:00:00,655.33,662.36,654.54,658.87,238.75545,1598765399999,157457.9368608,399,125.30933999999999,82592.60337839999,0
2020-08-30 05:30:00,657.53,667.0,656.89,665.18,221.53069,1598767199999,146925.78002670006,334,168.68747,111907.5158529,0
2020-08-30 06:00:00,664.88,676.02,664.65,672.53,199.07209,1598768999999,133535.32552910002,515,106.41896000000001,71463.49654369999,0
2020-08-30 06:30:00,673.16,673.16,661.43,664.3,187.66218999999998,1598770799999,125112.97550180001,301,95.60114,63723.1777108,0
2020-08-30 07:00:00,663.85,665.35,661.19,662.67,35.62017,1598772599999,23618.7726194,86,9.92038,6583.6456275,0
2020-08-30 07:30:00,663.04,665.74,662.13,664.89,33.814659999999996,1598774399999,22455.3273448,55,14.93246,9926.2746487,0
2020-08-30 08:00:00,664.13,664.22,660.6,660.6,75.71826,1598776199999,50196.986962099996,84,32.897009999999995,21817.012067900007,0
2020-08-30 08:30:00,661.67,664.26,657.45,659.13,282.40812,1598777999999,186393.8396901,341,181.77299,120000.4731645,0
2020-08-30 09:00:00,659.03,660.0,658.72,659.42,44.12972,1598779799999,29118.6357024,79,36.60224,24157.0161405,0
2020-08-30 09:30:00,659.62,662.75,659.45,662.28,51.51457,1598781599999,34051.825501,69,36.75501,24294.3152725,0
2020-08-30 10:00:00,662.16,662.16,659.4,659.87,12.80439,1598783399999,8452.3858918,22,2.08142,1377.9814000999993,0
2020-08-30 10:30:00,659.88,660.99,657.02,657.9,53.307069999999996,1598785199999,35151.386117400005,72,17.13222,11319.1479938,0
2020-08-30 11:00:00,657.9,658.72,656.77,658.72,22.8396,1598786999999,15026.289885499995,50,3.59555,2367.4212505,0
2020-08-30 11:30:00,658.5,661.14,657.41,660.53,34.19866,1598788799999,22550.43638670001,69,23.425710000000002,15462.5814757,0
2020-08-30 12:00:00,658.84,659.84,653.29,656.24,67.96868,1598790599999,44598.753783,190,42.81993,28109.158580299998,0
2020-08-30 12:30:00,654.89,656.21,653.0,654.13,69.23301,1598792399999,45278.3191571,138,34.35139,22474.6080152,0
2020-08-30 13:00:00,653.67,656.36,652.51,655.28,31.87701,1598794199999,20858.0984667,79,7.66171,5020.6846821,0
2020-08-30 13:30:00,654.0,656.16,653.71,655.45,25.91461,1598795999999,16965.889506,58,10.57255,6930.2866257,0
2020-08-30 14:00:00,655.44,665.66,654.96,664.7,67.08204,1598797799999,44279.3085477,178,54.67626,36109.1673648,0
2020-08-30 14:30:00,665.66,674.86,665.66,670.14,223.57793999999998,1598799599999,150084.8554685,538,111.14854,74653.70616919997,0
2020-08-30 15:00:00,670.22,673.33,668.45,673.02,71.55636,1598801399999,48021.6015999,120,66.67183,44746.0062894,0
2020-08-30 15:30:00,671.64,686.32,671.24,682.78,366.32113,1598803199999,249093.52137270002,747,197.65343000000001,134412.41532620002,0
2020-08-30 16:00:00,680.71,682.88,671.52,673.17,173.13631,1598804999999,117430.22175350001,299,49.6094,33695.519670099995,0
2020-08-30 16:30:00,673.12,679.23,651.8,670.02,346.43228999999997,1598806799999,232768.38658850003,538,87.03495,58669.843983700004,0
2020-08-30 17:00:00,670.72,672.6,665.94,672.58,97.13192,1598808599999,65019.9486332,215,63.54388,42561.0307159,0
2020-08-30 17:30:00,672.62,673.31,671.2,673.07,24.47695,1598810399999,16454.1120982,45,4.133719999999999,2781.4040185,0
2020-08-30 18:00:00,672.96,674.5,671.9,674.15,11.09488,1598812199999,7470.111414,45,8.142669999999999,5483.3528682,0
2020-08-30 18:30:00,674.15,674.19,671.83,674.19,30.01592,1598813999999,20208.573447799998,49,10.26805,6918.7514478,0
2020-08-30 19:00:00,674.47,676.99,674.35,676.99,23.620810000000002,1598815799999,15958.9026587,55,21.298579999999998,14390.830961700001,0
2020-08-30 19:30:00,676.99,677.2,673.51,673.81,31.08135,1598817599999,20992.7246019,53,16.09925,10873.601967499999,0
2020-08-30 20:00:00,674.96,675.57,672.09,673.66,25.1987,1598819399999,16982.613053600002,41,11.27795,7614.3977316,0
2020-08-30 20:30:00,673.56,673.88,672.0,673.87,10.383989999999999,1598821199999,6984.564006000001,33,2.02385,1363.0424738,0
2020-08-30 21:00:00,673.88,673.88,671.72,672.27,5.90995,1598822999999,3976.6368416999994,19,3.6909099999999997,2484.266701400001,0
2020-08-30 21:30:00,671.55,673.47,667.64,668.93,58.30389,1598824799999,39097.491267699996,112,22.594160000000002,15166.920947999999,0
2020-08-30 22:00:00,670.11,673.24,665.34,667.31,70.84265,1598826599999,47436.1499297,108,43.26829,29029.8987913,0
2020-08-30 22:30:00,668.67,672.43,667.02,671.56,115.93356000000001,1598828399999,77695.0071546,171,49.16425,32968.4065089,0
2020-08-30 23:00:00,671.57,678.21,671.57,675.06,109.35233999999998,1598830199999,73835.63233260001,200,64.60103000000001,43618.232306699996,0
2020-08-30 23:30:00,676.36,678.46,673.91,675.83,38.1717,1598831999999,25838.009735099997,88,21.03858,14248.736100400001,0
2020-08-31 00:00:00,677.41,679.72,675.05,678.85,48.71176,1598833799999,32975.8766943,105,16.41497,11139.6678338,0
2020-08-31 00:30:00,678.85,684.31,677.14,677.37,97.56699,1598835599999,66443.98004919999,225,45.57193,31076.118725599998,0
2020-08-31 01:00:00,677.22,678.72,674.86,675.95,44.03972,1598837399999,29818.062551599996,91,24.78455,16788.437046,0
2020-08-31 01:30:00,676.04,677.69,674.63,674.63,9.48664,1598839199999,6415.2994845,28,6.8234,4617.5269806000015,0
2020-08-31 02:00:00,675.9,675.9,672.3,672.3,69.62544,1598840999999,46882.543974500004,88,15.257370000000002,10282.333923999999,0
2020-08-31 02:30:00,674.47,675.82,672.07,672.07,34.88192,1598842799999,23512.2646631,67,14.905289999999999,10056.833668700001,0
2020-08-31 03:00:00,672.16,673.86,669.27,669.91,59.12424,1598844599999,39694.7672321,123,33.65258,22616.8195702,0
2020-08-31 03:30:00,671.1,671.48,669.6,671.47,22.57386,1598846399999,15135.395140600001,27,9.64812,6471.4382441000025,0
2020-08-31 04:00:00,669.55,672.18,669.55,670.33,13.1743,1598848199999,8847.50981,47,6.97615,4687.0456007,0
2020-08-31 04:30:00,672.01,672.01,667.12,669.1,68.80825,1598849999999,46063.7655659,97,40.974309999999996,27435.869973799996,0
2020-08-31 05:00:00,668.34,669.2,666.55,667.86,27.62472,1598851799999,18437.8170164,49,5.7434199999999995,3834.9637439000003,0
2020-08-31 05:30:00,666.95,669.34,665.41,665.43,44.15124,1598853599999,29442.3241959,71,28.42206,18969.6718301,0
2020-08-31 06:00:00,665.42,665.43,659.99,660.86,62.8002,1598855399999,41588.6277628,135,23.889,15807.285479799995,0
2020-08-31 06:30:00,661.7,665.26,661.7,664.79,80.10394000000002,1598857199999,53113.9867628,114,48.381370000000004,32088.062354,0
2020-08-31 07:00:00,664.47,667.53,663.16,663.44,39.79978,1598858999999,26478.1117727,89,18.71194,12468.0032015,0
2020-08-31 07:30:00,663.31,664.0,658.93,658.99,72.29164,1598860799999,47809.49870980001,146,38.59223,25547.553012200002,0
2020-08-31 08:00:00,659.0,660.24,657.24,660.24,37.38237,1598862599999,24617.627154299997,73,12.94375,8535.733357899999,0
2020-08-31 08:30:00,659.14,659.7,656.72,656.99,24.29832,1598864399999,15978.1934442,42,4.84654,3186.7220203,0
2020-08-31 09:00:00,656.98,659.19,656.09,658.47,52.26312,1598866199999,34399.835745599994,72,34.79205,22917.495743299998,0
2020-08-31 09:30:00,658.47,660.5,657.39,660.19,26.0083,1598867999999,17132.3137803,43,17.13433,11297.901226799999,0
2020-08-31 10:00:00,659.65,665.65,658.61,665.6,77.86239,1598869799999,51605.561285100004,126,46.95482,31100.953405799995,0
2020-08-31 10:30:00,665.6,666.12,664.5,665.03,25.63637,1598871599999,17054.666300999994,61,12.75327,8484.180092499999,0
2020-08-31 11:00:00,666.0,668.96,665.1,665.2,49.98573,1598873399999,33338.918565,115,8.07602,5391.811714,0
2020-08-31 11:30:00,665.8,672.5,664.07,671.53,164.77923,1598875199999,110263.7745099,244,90.36585,60487.266061,0
2020-08-31 12:00:00,672.16,672.16,668.58,671.73,54.61453,1598876999999,36640.395462,108,33.14014,22234.875781400002,0
2020-08-31 12:30:00,669.91,674.74,666.96,672.4,79.02926,1598878799999,53076.5316296,142,44.06948,29636.947345499997,0
2020-08-31 13:00:00,671.54,673.45,670.17,670.57,37.25699,1598880599999,25001.776114,69,11.42897,7673.1821574000005,0
2020-08-31 13:30:00,672.24,673.65,669.2,669.78,27.732640000000004,1598882399999,18608.233398099997,76,12.14587,8167.565916399999,0
2020-08-31 14:00:00,670.33,670.34,664.46,666.86,58.5989,1598884199999,39094.4160595,163,29.55221,19712.489398299997,0
2020-08-31 14:30:00,666.2,666.96,664.05,664.05,26.62699000000001,1598885999999,17718.4612483,59,15.24811,10149.7274508,0
2020-08-31 15:00:00,664.05,666.76,662.88,665.5,43.27098,1598887799999,28762.0962762,90,13.52788,8989.0365777,0
2020-08-31 15:30:00,665.82,668.07,665.23,666.2,27.41583,1598889599999,18277.620692099998,60,12.52304,8359.9285275,0
2020-08-31 16:00:00,666.93,669.93,665.93,665.93,68.08618,1598891399999,45482.516844699996,129,31.177870000000002,20837.8328915,0
2020-08-31 16:30:00,666.17,667.48,664.36,665.99,30.55528,1598893199999,20329.401822099997,39,5.14776,3427.0103687,0
2020-08-31 17:00:00,665.71,665.76,664.1,664.14,9.79561,1598894999999,6514.8405395,39,4.76131,3169.1416035,0
2020-08-31 17:30:00,664.82,665.25,664.06,664.06,0.66309,1598896799999,440.485368,9,0.11392999999999999,75.7844446,0
2020-08-31 18:00:00,664.9,665.63,663.48,665.32,4.61996,1598898599999,3072.2856658000005,16,3.45625,2299.3605064,0
2020-08-31 18:30:00,664.34,666.63,664.32,665.33,27.516140000000004,1598900399999,18320.0844302,53,15.28305,10182.659667599999,0
2020-08-31 19:00:00,666.42,666.8,664.69,666.06,10.60323,1598902199999,7057.3071933,36,4.80684,3202.9961001999995,0
2020-08-31 19:30:00,666.34,668.14,663.81,668.14,25.11179,1598903999999,16721.5572977,47,15.862070000000001,10575.7499644,0
2020-08-31 20:00:00,667.88,668.9,664.52,666.08,30.1267,1598905799999,20082.544566599998,66,11.18241,7463.6654621000025,0
2020-08-31 20:30:00,666.07,667.75,664.67,667.43,42.59572,1598907599999,28410.2050196,80,20.769170000000006,13851.390978799998,0
2020-08-31 21:00:00,667.43,670.83,666.91,669.85,42.31493,1598909399999,28284.3858987,78,26.37984,17647.6562785,0
2020-08-31 21:30:00,669.95,674.93,669.95,673.16,103.09295999999999,1598911199999,69319.44172619999,184,63.898869999999995,42977.215263599996,0
2020-08-31 22:00:00,673.16,688.0,672.22,678.21,370.76912000000004,1598912999999,252931.81362660002,790,154.3598,105204.7166995,0
2020-08-31 22:30:00,676.79,678.12,673.26,675.05,56.898559999999996,1598914799999,38406.5356272,104,26.42073,17839.3652888,0
2020-08-31 23:00:00,675.06,678.75,673.45,677.65,53.3037,1598916599999,36081.560366800004,103,42.35087,28684.3457583,0
2020-08-31 23:30:00,677.28,685.07,676.88,681.61,209.62124,1598918399999,142975.5829924,339,115.09813,78494.62289039999,0
2020-09-01 00:00:00,681.61,682.76,672.54,674.91,127.48666999999999,1598920199999,86251.9461168,239,49.90302,33773.4171392,0
2020-09-01 00:30:00,673.97,682.24,672.18,681.99,170.19595,1598921999999,115157.11894389999,329,127.07598,85954.15988280001,0
2020-09-01 01:00:00,681.57,696.17,681.56,693.83,311.5095,1598923799999,214499.33293920002,760,146.95019,101342.0093861,0
2020-09-01 01:30:00,693.79,714.24,691.03,705.0,951.85035,1598925599999,669958.5650672,1791,544.20825,382379.580311,0
2020-09-01 02:00:00,704.76,707.7,702.82,705.21,176.56045,1598927399999,124456.4910613,299,59.14122,41724.425325699995,0
2020-09-01 02:30:00,704.91,712.51,703.21,712.51,157.56996,1598929199999,111835.9022534,351,91.13189,64658.9723091,0
2020-09-01 03:00:00,712.62,716.28,707.29,716.28,200.8631,1598930999999,143073.86523539998,455,129.82,92555.7340019,0
2020-09-01 03:30:00,716.17,723.72,711.79,723.72,312.96122,1598932799999,224412.29795029998,733,161.64013,116073.83513110002,0
2020-09-01 04:00:00,723.11,732.84,716.37,720.05,366.14167000000003,1598934599999,265396.5072417,1016,168.03298,121838.78507219999,0
2020-09-01 04:30:00,720.33,730.38,720.01,725.2,128.04321000000002,1598936399999,92909.80970810002,348,70.34844,51066.8361417,0
2020-09-01 05:00:00,725.2,725.81,721.64,722.83,83.6083,1598938199999,60496.80310219999,228,16.150479999999998,11706.4550889,0
2020-09-01 05:30:00,722.36,724.48,719.24,723.89,96.13237,1598939999999,69430.8650484,208,62.08891,44872.7966636,0
2020-09-01 06:00:00,723.89,745.56,722.35,741.73,524.94119,1598941799999,386289.3729058,886,281.47263,207347.69765870002,0
2020-09-01 06:30:00,739.62,743.57,732.28,742.32,326.91032,1598943599999,241051.56344330002,570,197.12277,145395.98669979998,0
2020-09-01 07:00:00,742.32,742.53,730.15,732.08,311.4422600000001,1598945399999,229314.9821817,533,172.28545,126825.74951630001,0
2020-09-01 07:30:00,732.4,739.97,732.4,734.93,250.96856,1598947199999,184752.73825070003,351,144.59266000000005,106407.4938275,0
2020-09-01 08:00:00,735.57,736.97,723.0,729.48,360.0204,1598948999999,262441.4225948,428,121.99108000000001,88878.9169482,0
2020-09-01 08:30:00,728.94,730.08,724.14,725.92,90.63075,1598950799999,65976.2103804,202,44.990790000000004,32767.82802120001,0
2020-09-01 09:00:00,725.93,727.66,716.2,725.99,453.40468,1598952599999,326978.2395728,587,222.19907,160121.74281300002,0
2020-09-01 09:30:00,727.44,728.43,724.55,725.17,88.92191,1598954399999,64590.78843630001,170,28.355790000000002,20604.3337664,0
2020-09-01 10:00:00,726.85,731.1,724.83,725.77,109.13649,1598956199999,79464.69785299999,222,38.37292,27989.6623884,0
2020-09-01 10:30:00,727.93,731.19,725.9,731.19,91.52044000000001,1598957999999,66662.7830104,174,62.77451,45743.6563263,0
2020-09-01 11:00:00,730.13,731.08,720.25,720.46,86.08577,1598959799999,62447.74288330001,200,27.107490000000002,19702.387184299998,0
2020-09-01 11:30:00,721.48,721.72,712.9,715.47,126.34605,1598961599999,90565.1005812,292,66.54227,47681.838800599995,0
2020-09-01 12:00:00,714.74,714.74,709.49,714.0,163.9844,1598963399999,116582.2994046,438,94.42657,67124.95344330001,0
2020-09-01 12:30:00,712.65,718.41,712.65,715.29,59.25748000000001,1598965199999,42435.39873450001,161,30.41955,21789.440060900004,0
2020-09-01 13:00:00,716.08,717.0,708.0,712.69,83.78662,1598966999999,59647.307862199996,191,44.55165,31765.425848900002,0
2020-09-01 13:30:00,714.27,714.94,711.93,713.0,62.9808,1598968799999,44964.33877990001,120,47.41382,33866.6797337,0
2020-09-01 14:00:00,714.0,714.0,707.23,712.03,111.7188,1598970599999,79410.0616271,247,46.0069,32741.566072900005,0
2020-09-01 14:30:00,713.69,716.6,712.27,716.6,107.41422,1598972399999,76730.72058400001,177,94.7224,67666.7542466,0
2020-09-01 15:00:00,716.6,733.86,716.6,731.6,322.11431,1598974199999,234463.64811879996,616,93.0753,67603.812815,0
2020-09-01 15:30:00,731.72,734.64,728.63,730.78,170.99501,1598975999999,125084.63360120001,332,66.32114,48550.4978096,0
2020-09-01 16:00:00,729.68,730.43,722.11,722.27,170.31622,1598977799999,123617.9141012,335,104.23145,75710.32357010001,0
2020-09-01 16:30:00,723.06,723.7,720.95,721.93,46.50555,1598979599999,33603.424491000005,113,34.6262,25029.4609557,0
2020-09-01 17:00:00,721.93,724.81,717.4,720.18,31.28787,1598981399999,22575.3669782,118,18.12934,13095.613110100001,0
2020-09-01 17:30:00,718.91,720.36,716.5,718.53,40.90486,1598983199999,29398.100381299995,75,15.26085,10977.9153642,0
2020-09-01 18:00:00,718.53,721.25,718.53,721.17,50.00841,1598984999999,36010.263219199995,80,24.49595,17645.5845053,0
2020-09-01 18:30:00,720.2,722.7,719.76,720.71,44.23836,1598986799999,31882.661231299997,68,27.23756,19639.2398705,0
2020-09-01 19:00:00,720.9,721.98,718.57,720.14,26.48172000000001,1598988599999,19059.5222196,62,0.6150100000000001,443.87983099999997,0
2020-09-01 19:30:00,720.11,720.11,713.0,714.45,81.99159,1598990399999,58720.1424262,167,29.55165,21148.890111599998,0
2020-09-01 20:00:00,713.31,715.36,711.23,714.62,45.72381,1598992199999,32626.8992069,128,28.0484,20027.1266885,0
2020-09-01 20:30:00,714.55,716.15,710.53,716.15,76.2972,1598993999999,54466.1731066,179,41.31521,29515.4664738,0
2020-09-01 21:00:00,715.22,717.93,714.41,716.73,36.57513,1598995799999,26190.188684200002,105,19.87278,14236.5337474,0
2020-09-01 21:30:00,715.58,722.33,715.54,722.33,47.67413,1598997599999,34316.472659,87,27.65328,19905.077432,0
2020-09-01 22:00:00,721.67,725.76,721.11,722.71,77.99622,1598999399999,56402.981199,173,34.51363,24987.633503099998,0
2020-09-01 22:30:00,722.71,724.0,719.76,719.93,75.10049000000002,1599001199999,54184.1431503,131,36.999159999999996,26721.903533200002,0
2020-09-01 23:00:00,719.93,724.32,719.76,722.0,95.98165999999999,1599002999999,69325.7057855,121,64.77409,46827.3156865,0
2020-09-01 23:30:00,722.0,722.93,716.12,718.3,98.08372,1599004799999,70616.693096,159,8.09967,5845.8056586,0
2020-09-02 00:00:00,718.17,719.49,717.14,718.25,56.66976,1599006599999,40711.329291,185,34.06145,24480.484904099998,0
2020-09-02 00:30:00,716.56,717.28,708.87,711.27,81.28049,1599008399999,57943.168728799996,145,13.626529999999999,9734.4634185,0
2020-09-02 01:00:00,710.42,714.67,708.87,712.22,96.92073,1599010199999,68946.518289,190,50.96539,36294.526075300004,0
2020-09-02 01:30:00,712.17,714.87,710.04,711.28,20.29007,1599011999999,14466.837357799996,60,10.7086,7642.9683303,0
2020-09-02 02:00:00,710.17,710.26,687.96,693.3,473.82330999999994,1599013799999,330160.00512449996,1040,207.62479,144499.9525324,0
2020-09-02 02:30:00,692.65,697.96,692.56,695.56,58.322019999999995,1599015599999,40576.3370754,226,40.07578,27892.421850700004,0
2020-09-02 03:00:00,694.67,694.67,679.38,683.82,261.5699,1599017399999,179174.37143820003,702,116.93598999999999,80075.89586419999,0
2020-09-02 03:30:00,683.78,687.03,681.94,687.03,87.06192,1599019199999,59575.020754,263,51.58011,35306.4790551,0
2020-09-02 04:00:00,686.23,693.87,686.23,693.87,44.861940000000004,1599020999999,30974.505924799996,139,40.73867,28139.1427548,0
2020-09-02 04:30:00,694.08,701.32,693.25,701.13,185.70762,1599022799999,129450.3298023,369,124.43951000000001,86794.5624347,0
2020-09-02 05:00:00,700.95,702.87,700.95,702.55,17.53405,1599024599999,12314.6292533,47,6.6570800000000006,4672.8383209,0
2020-09-02 05:30:00,702.75,704.5,702.09,703.1,51.0187,1599026399999,35860.122160800005,101,20.8178,14642.2926512,0
2020-09-02 06:00:00,703.19,703.19,699.71,700.46,77.13988,1599028199999,54118.2720278,175,29.467709999999997,20694.834867200007,0
2020-09-02 06:30:00,699.96,699.96,686.02,691.37,158.25388,1599029999999,109456.07670939999,306,59.439119999999996,41041.4465673,0
2020-09-02 07:00:00,691.37,695.36,684.54,690.92,144.81022,1599031799999,99810.9501972,249,90.89729,62743.9461102,0
2020-09-02 07:30:00,690.86,691.55,686.67,688.3,50.18458,1599033599999,34597.2441329,86,17.081039999999998,11796.4519614,0
2020-09-02 08:00:00,688.26,688.27,683.31,686.11,88.5685,1599035399999,60742.28845580001,169,49.42984000000001,33920.190771,0
2020-09-02 08:30:00,686.99,689.26,685.0,689.26,77.08381,1599037199999,52965.517884400004,203,41.40446,28463.359899699997,0
2020-09-02 09:00:00,689.11,691.79,688.12,689.56,67.59456999999999,1599038999999,46596.403671399996,152,34.79476,23987.2393362,0
2020-09-02 09:30:00,688.47,692.68,688.47,690.91,56.12132,1599040799999,38773.0338426,144,37.18725,25701.2882689,0
2020-09-02 10:00:00,692.33,692.83,683.0,684.39,103.34379,1599042599999,71109.56528180001,205,20.869120000000002,14406.4336008,0
2020-09-02 10:30:00,684.36,691.48,674.01,675.23,312.99967999999996,1599044399999,213218.1523329,559,118.52543,80973.17644430001,0
2020-09-02 11:00:00,674.06,675.16,622.88,638.81,754.35154,1599046199999,490210.19836140005,1418,281.37264,183343.0467979,0
2020-09-02 11:30:00,638.96,656.11,638.31,653.14,258.18804,1599047999999,167396.2713705,360,159.872,103547.9842656,0
2020-09-02 12:00:00,651.12,655.75,648.13,650.84,166.737,1599049799999,108710.37235019999,333,40.14695,26245.8757356,0
2020-09-02 12:30:00,650.91,656.55,649.75,656.51,78.94022,1599051599999,51631.5099053,163,56.66811,37092.3022579,0
2020-09-02 13:00:00,656.51,660.6,654.11,660.6,70.41015,1599053399999,46307.080030699995,106,34.385020000000004,22643.9123494,0
2020-09-02 13:30:00,657.17,657.5,652.49,656.9,136.88846,1599055199999,89737.4890229,282,60.87088000000001,39928.29710819999,0
2020-09-02 14:00:00,656.09,659.71,653.7,657.49,65.72936,1599056999999,43129.6106745,149,35.172270000000005,23101.3840031,0
2020-09-02 14:30:00,656.93,658.71,650.21,654.49,107.7418,1599058799999,70592.9049337,195,31.58336,20706.3957246,0
2020-09-02 15:00:00,653.07,656.3,650.51,651.93,150.77198,1599060599999,98441.16588010002,280,97.11693000000001,63437.5495289,0
2020-09-02 15:30:00,650.21,653.46,649.0,651.11,76.56475,1599062399999,49847.81212,167,31.12732,20299.693825799997,0
2020-09-02 16:00:00,649.83,651.97,645.65,645.83,170.98603,1599064199999,110868.98377489999,309,46.92496,30466.0072077,0
2020-09-02 16:30:00,646.62,648.36,643.4,647.41,125.07274,1599065999999,80804.5367112,266,72.3074,46732.5904334,0
2020-09-02 17:00:00,647.41,652.09,645.64,651.26,45.99242,1599067799999,29867.4520089,91,43.15547,28032.81421320001,0
2020-09-02 17:30:00,650.76,653.7,650.76,653.7,49.61322,1599069599999,32348.864803200002,70,26.280440000000002,17140.0607761,0
2020-09-02 18:00:00,653.89,654.09,650.47,652.51,43.0919,1599071399999,28084.900584599996,92,17.81887,11630.178692799998,0
2020-09-02 18:30:00,653.56,657.35,653.12,655.48,52.30551,1599073199999,34284.8865939,73,49.22799000000001,32269.720984599997,0
2020-09-02 19:00:00,654.99,656.98,654.1,655.03,37.672470000000004,1599074999999,24690.9592744,39,34.15665,22388.5795778,0
2020-09-02 19:30:00,656.89,658.56,654.71,658.56,25.24994,1599076799999,16568.272410799997,61,5.69181,3742.7861831,0
2020-09-02 20:00:00,657.14,658.84,652.14,652.14,98.60636,1599078599999,64634.15105680001,85,17.61763,11545.0831607,0
2020-09-02 20:30:00,653.79,656.75,652.1,656.52,94.69004,1599080399999,61951.8836964,202,66.16469000000001,43319.354477999994,0
2020-09-02 21:00:00,655.15,657.58,655.15,655.27,2.0990599999999997,1599082199999,1376.0529717,15,0.13344,87.64689770000004,0
2020-09-02 21:30:00,656.69,657.36,654.8,657.36,29.42998,1599083999999,19301.86529,50,11.02942,7244.768984199999,0
2020-09-02 22:00:00,657.87,660.78,657.63,660.73,23.64471,1599085799999,15596.078298700002,53,12.5924,8308.639805699999,0
2020-09-02 22:30:00,659.91,664.3,658.73,663.74,120.59123000000001,1599087599999,79855.77014349999,189,28.65683,18977.628670500002,0
2020-09-02 23:00:00,664.66,664.66,661.73,661.73,35.64349,1599089399999,23649.4479877,101,7.46762,4959.4742758,0
2020-09-02 23:30:00,663.58,663.66,660.79,661.43,44.85761,1599091199999,29702.100209599994,98,9.89913,6560.7709883,0
2020-09-03 00:00:00,660.78,664.57,659.76,664.57,63.41864,1599092999999,41968.6548685,122,47.48583,31446.4029264,0
2020-09-03 00:30:00,664.62,666.74,664.56,664.56,57.03478000000001,1599094799999,37969.9401505,108,29.00439,19315.9433138,0
2020-09-03 01:00:00,664.71,665.93,662.91,665.01,67.06983000000001,1599096599999,44559.54508430001,107,20.119020000000006,13374.6616763,0
2020-09-03 01:30:00,664.51,665.81,662.45,663.89,43.98578,1599098399999,29210.4618939,77,36.51511,24254.1763273,0
2020-09-03 02:00:00,663.64,665.57,662.3,663.5,90.149,1599100199999,59844.698525199994,138,44.06905,29267.731438599996,0
2020-09-03 02:30:00,664.88,665.36,661.52,664.37,63.00786,1599101999999,41800.0664816,92,32.06943,21290.451139200002,0
2020-09-03 03:00:00,662.63,664.26,653.8,653.8,81.45895,1599103799999,53712.2477007,157,10.99948,7252.6250523,0
2020-09-03 03:30:00,653.62,653.78,648.16,649.66,77.43692,1599105599999,50448.4760459,119,35.65473,23242.890741299998,0
2020-09-03 04:00:00,649.59,653.85,649.02,650.66,97.89395999999999,1599107399999,63727.4683804,204,46.52852,30274.345463999998,0
2020-09-03 04:30:00,651.83,652.3,637.62,640.71,131.78256000000002,1599109199999,85015.9806178,285,27.18693,17561.3473284,0
2020-09-03 05:00:00,640.49,647.16,635.34,642.57,134.89385,1599110999999,86562.622858,311,73.5404,47297.807613,0
2020-09-03 05:30:00,642.42,642.42,634.69,640.46,114.42454,1599112799999,73137.0112689,204,48.6243,31122.6422897,0
2020-09-03 06:00:00,641.02,644.87,633.8,635.93,126.41816999999999,1599114599999,80941.75841699999,206,47.99078,30848.342375700002,0
2020-09-03 06:30:00,635.98,636.3,627.35,630.11,111.41514,1599116399999,70470.3123588,202,50.96935,32310.7202055,0
2020-09-03 07:00:00,630.12,632.12,621.84,631.26,124.91233999999999,1599118199999,78467.1177877,250,60.16604,37872.95391690001,0
2020-09-03 07:30:00,631.5,639.65,628.4,636.24,102.81645999999999,1599119999999,65189.542205499994,195,80.5435,51059.620102999994,0
2020-09-03 08:00:00,636.94,642.02,636.94,638.69,115.28326000000001,1599121799999,73698.992786,240,61.15079,39117.57368440001,0
2020-09-03 08:30:00,640.17,644.29,639.08,641.49,66.26439,1599123599999,42526.580967,144,40.13547,25773.167339300002,0
2020-09-03 09:00:00,642.98,644.29,640.27,644.29,63.43859000000001,1599125399999,40748.8820823,170,26.76885,17218.240299200002,0
2020-09-03 09:30:00,643.96,645.36,639.61,639.63,77.43385,1599127199999,49704.29216000001,542,13.62524,8758.6227384,0
2020-09-03 10:00:00,639.63,641.28,638.92,641.28,78.32888,1599128999999,50135.5116602,480,19.94975,12786.1137343,0
2020-09-03 10:30:00,639.97,642.15,629.15,632.46,136.12384,1599130799999,86535.6410976,509,41.82141,26583.680697,0
2020-09-03 11:00:00,632.47,635.86,625.05,626.38,115.69541000000001,1599132599999,72988.3622953,415,45.2145,28556.581155900003,0
2020-09-03 11:30:00,626.38,630.28,622.3,624.21,140.52553,1599134399999,88011.92934480002,254,57.294369999999994,35956.3589135,0
2020-09-03 12:00:00,623.74,627.48,607.77,612.75,370.6102,1599136199999,229359.0650427,732,159.58432,98863.7296832,0
2020-09-03 12:30:00,613.75,616.1,600.0,605.24,343.90867000000014,1599137999999,208976.86352820002,701,142.80441000000005,87058.9494349,0
2020-09-03 13:00:00,604.62,607.89,603.52,605.53,104.95123000000001,1599139799999,63556.43448430001,210,52.45279,31793.335464599997,0
2020-09-03 13:30:00,605.91,612.21,605.0,611.55,90.41595,1599141599999,55041.0479155,183,69.56958,42360.9357506,0
2020-09-03 14:00:00,610.99,611.99,604.71,605.93,107.47368,1599143399999,65245.9779016,125,28.75943,17487.632314500002,0
2020-09-03 14:30:00,606.86,608.43,603.63,604.27,83.7962,1599145199999,50758.2844724,131,36.9804,22440.3813656,0
2020-09-03 15:00:00,604.55,605.52,599.09,601.24,94.53477,1599146999999,56923.959587800004,182,28.828590000000002,17370.7297261,0
2020-09-03 15:30:00,601.31,605.65,592.39,601.22,294.52096,1599148799999,176924.097561,478,124.85628999999999,75153.9627476,0
2020-09-03 16:00:00,601.22,608.93,598.39,606.48,141.23417,1599150599999,85495.2198774,285,76.9783,46613.599687,0
2020-09-03 16:30:00,606.09,606.95,596.96,596.96,154.24653,1599152399999,93104.0098632,262,66.30995,40090.5250246,0
2020-09-03 17:00:00,598.42,606.62,596.44,605.73,134.14377,1599154199999,80884.5976522,275,104.34664000000001,62993.219373399996,0
2020-09-03 17:30:00,604.46,607.78,601.81,605.95,81.93873,1599155999999,49634.576772099994,174,32.71937,19851.3536685,0
2020-09-03 18:00:00,605.94,608.63,599.88,599.88,81.51048,1599157799999,49333.5688984,117,37.063759999999995,22480.9733905,0
2020-09-03 18:30:00,601.78,605.56,598.64,598.64,37.45914000000001,1599159599999,22528.740086,97,10.318480000000001,6228.077588100001,0
2020-09-03 19:00:00,599.97,601.8,597.09,601.8,42.96127,1599161399999,25792.1646286,86,34.18802,20538.2810345,0
2020-09-03 19:30:00,601.0,601.01,597.78,599.91,50.28933,1599163199999,30158.6155754,94,27.4623,16479.0782304,0
2020-09-03 20:00:00,599.56,601.85,597.93,601.85,44.03145,1599164999999,26407.0712624,105,31.22526,18736.0319813,0
2020-09-03 20:30:00,601.78,604.08,599.95,600.81,35.43655,1599166799999,21315.89296,60,24.72351,14883.4390178,0
2020-09-03 21:00:00,601.88,601.88,597.91,600.22,19.07222,1599168599999,11430.053213,36,3.3446300000000004,2011.8681751,0
2020-09-03 21:30:00,600.0,600.0,596.95,600.0,87.89131,1599170399999,52576.644388199995,113,37.036609999999996,22186.587341,0
2020-09-03 22:00:00,600.0,601.1,595.72,597.0,64.61901999999999,1599172199999,38626.9206746,77,23.2137,13892.294283200004,0
2020-09-03 22:30:00,596.93,597.99,594.57,596.3,41.33947,1599173999999,24655.322548,92,13.61935,8139.6819277999975,0
2020-09-03 23:00:00,594.74,596.3,561.04,575.06,287.69287,1599175799999,167692.35926020006,605,90.16169000000001,52919.1485167,0
2020-09-03 23:30:00,570.0,580.42,559.5,560.0,153.93767,1599177599999,87343.84605510003,485,83.59501,47513.19197669999,0
2020-09-04 00:00:00,559.51,566.07,551.01,564.7,170.15232,1599179399999,95439.8739638,655,100.40363,56357.6282768,0
2020-09-04 00:30:00,564.98,572.84,564.98,569.99,170.73552,1599181199999,97080.28851910001,469,94.24521999999999,53653.1040906,0
2020-09-04 01:00:00,569.06,572.93,569.06,570.29,80.83121,1599182999999,46200.0344685,177,52.73531,30158.6364107,0
2020-09-04 01:30:00,571.0,573.72,570.14,571.8,90.70561,1599184799999,51871.4503078,163,59.19726,33849.0449486,0
2020-09-04 02:00:00,572.04,574.04,567.34,568.17,75.99877,1599186599999,43480.2149077,192,38.11793,21830.179082900002,0
2020-09-04 02:30:00,568.17,573.4,567.3,570.03,88.33386,1599188399999,50356.076612,206,41.962309999999995,23930.456512200002,0
2020-09-04 03:00:00,571.65,573.06,569.15,570.92,40.11665,1599190199999,22903.5681013,110,23.02486,13152.402001299999,0
2020-09-04 03:30:00,570.84,572.18,570.27,571.79,37.12177,1599191999999,21214.988763499998,54,13.4099,7666.5607375,0
2020-09-04 04:00:00,571.67,573.23,570.77,571.52,48.61204,1599193799999,27806.4928959,129,27.11014,15515.7218647,0
2020-09-04 04:30:00,571.62,573.41,570.38,572.71,27.702759999999998,1599195599999,15852.1611841,84,19.99964,11448.9710935,0
2020-09-04 05:00:00,573.4,573.58,570.76,573.09,26.19809,1599197399999,14988.362750400001,63,10.85552,6217.7162444,0
2020-09-04 05:30:00,572.75,572.76,568.24,571.0,133.62347,1599199199999,76183.9156559,172,94.79157,54044.71895730001,0
2020-09-04 06:00:00,571.37,572.88,568.27,570.08,24.534570000000002,1599200999999,13998.3372482,53,12.724730000000001,7273.289799699999,0
2020-09-04 06:30:00,568.73,568.83,563.87,563.87,78.33138000000002,1599202799999,44325.3611983,151,25.98118,14697.9633325,0
2020-09-04 07:00:00,563.41,564.18,558.59,559.65,45.90781,1599204599999,25782.4403104,113,13.889920000000002,7808.5985004999975,0
2020-09-04 07:30:00,559.16,561.7,555.21,560.78,126.65575,1599206399999,70727.2642427,271,68.43826,38263.1112588,0
2020-09-04 08:00:00,561.18,566.34,560.53,565.08,135.61025,1599208199999,76426.2815066,264,74.80575,42214.1516856,0
2020-09-04 08:30:00,563.89,568.39,562.36,567.17,86.07228,1599209999999,48733.5691454,192,44.40718,25168.246782,0
2020-09-04 09:00:00,566.38,580.13,565.38,577.94,165.54629,1599211799999,94943.53229239999,290,112.97592,64802.189832000004,0
2020-09-04 09:30:00,578.99,592.24,578.18,592.24,250.05081,1599213599999,146523.5078216,397,175.38618,102783.6634708,0
2020-09-04 10:00:00,591.25,594.83,587.33,593.06,74.68988,1599215399999,44152.0731299,158,40.32593,23884.7686663,0
2020-09-04 10:30:00,593.23,600.08,592.98,592.98,251.99799,1599217199999,150417.8250464,322,159.30574,95092.4702358,0
2020-09-04 11:00:00,594.51,597.47,590.78,597.47,122.23791000000001,1599218999999,72635.3061877,189,66.14665,39346.3457375,0
2020-09-04 11:30:00,596.09,596.85,589.13,594.32,115.22913999999999,1599220799999,68384.6202513,149,56.89893000000001,33775.040210600004,0
2020-09-04 12:00:00,594.5,596.44,588.3,588.83,130.13299999999998,1599222599999,77027.4478908,230,39.87974000000001,23626.3445419,0
2020-09-04 12:30:00,588.8,600.0,587.27,600.0,83.54046,1599224399999,49585.633942,126,62.521,37144.4780553,0
2020-09-04 13:00:00,599.99,601.24,595.0,598.26,196.21783,1599226199999,117440.7423497,248,105.7682,63288.18226,0
2020-09-04 13:30:00,598.35,604.29,598.35,603.28,142.3134,1599227999999,85770.26885,245,64.21345,38718.670458099994,0
2020-09-04 14:00:00,603.27,603.38,582.83,587.77,202.26976000000002,1599229799999,119854.6877549,312,65.72604,38947.3120411,0
2020-09-04 14:30:00,587.57,588.0,566.75,571.49,261.15137000000004,1599231599999,150623.68051170002,459,92.04048,53100.9007301,0
2020-09-04 15:00:00,573.44,578.78,564.93,567.85,113.67565,1599233399999,64743.4901737,169,38.14033,21763.7676345,0
2020-09-04 15:30:00,567.95,573.02,565.74,573.02,103.79998,1599235199999,59116.034191499995,171,76.18281999999998,43418.9518061,0
2020-09-04 16:00:00,571.94,573.34,567.33,571.19,110.94608000000001,1599236999999,63126.107948000004,158,37.87618,21567.819210499998,0
2020-09-04 16:30:00,571.13,586.28,571.03,585.43,127.7355,1599238799999,74118.6990625,186,73.18032,42318.322295699996,0
2020-09-04 17:00:00,583.9,586.2,579.67,581.87,79.53426999999998,1599240599999,46367.88012230001,138,35.29749,20602.8039511,0
2020-09-04 17:30:00,581.83,587.57,581.47,584.74,79.77507,1599242399999,46568.91112890001,154,39.29251,22935.29641240001,0
2020-09-04 18:00:00,584.49,584.49,579.51,581.94,36.82317000000001,1599244199999,21412.0979569,60,17.05344,9928.8042895,0
2020-09-04 18:30:00,582.04,586.79,580.8,586.38,37.034009999999995,1599245999999,21642.7050461,56,36.52148,21345.022622099998,0
2020-09-04 19:00:00,586.71,587.51,582.78,586.73,56.712180000000004,1599247799999,33199.3178196,113,30.10424,17657.2651141,0
2020-09-04 19:30:00,586.73,589.45,583.75,588.12,59.63889,1599249599999,34951.426171300016,144,30.37407,17823.2811866,0
2020-09-04 20:00:00,588.12,590.55,586.05,587.1,52.31605,1599251399999,30782.5562431,102,19.860310000000002,11710.254397,0
2020-09-04 20:30:00,588.24,590.43,587.22,590.37,60.74572,1599253199999,35753.8869959,135,31.80107000000001,18738.2624595,0
2020-09-04 21:00:00,590.36,593.45,589.06,591.94,20.53298,1599254999999,12150.2156166,66,18.89461,11184.0552436,0
2020-09-04 21:30:00,589.08,593.89,589.08,590.67,14.66504,1599256799999,8691.149014899998,36,8.34775,4953.5016854999985,0
2020-09-04 22:00:00,590.72,594.79,587.1,590.51,93.94138000000001,1599258599999,55403.90831980001,219,48.16315,28440.6989981,0
2020-09-04 22:30:00,591.98,594.79,581.61,587.29,60.96767,1599260399999,35882.206366900005,135,14.8822,8747.0087802,0
2020-09-04 23:00:00,587.49,587.97,584.49,585.91,18.99939,1599262199999,11145.1109636,35,13.10486,7691.310558,0
2020-09-04 23:30:00,584.61,592.68,582.65,586.47,47.22745,1599263999999,27732.1644209,97,21.98924,12951.151110100001,0
2020-09-05 00:00:00,584.76,596.07,584.75,595.63,134.00692,1599265799999,79346.362582,203,93.59314,55477.2711094,0
2020-09-05 00:30:00,596.08,597.14,588.8,592.03,65.66256,1599267599999,38836.232930800004,125,30.88593,18294.8126884,0
2020-09-05 01:00:00,590.67,592.51,587.27,591.61,89.62404000000002,1599269399999,52886.01264180001,217,23.37738,13804.902366299999,0
2020-09-05 01:30:00,591.6,596.46,589.83,594.17,54.9955,1599271199999,32645.041619200005,145,23.40694,13911.5024912,0
2020-09-05 02:00:00,592.44,597.28,592.44,594.94,45.76889,1599272999999,27247.5771608,93,15.54016,9261.923104700001,0
2020-09-05 02:30:00,593.41,596.0,592.36,593.08,70.92213000000002,1599274799999,42141.4786055,132,27.49612,16360.465996,0
2020-09-05 03:00:00,594.31,599.22,593.61,593.61,64.50986,1599276599999,38475.5802134,174,32.12574,19179.510011099996,0
2020-09-05 03:30:00,594.95,599.17,593.0,594.81,48.88455,1599278399999,29135.160680299996,136,25.74981,15361.056176499998,0
2020-09-05 04:00:00,594.28,598.24,591.67,596.74,79.89692,1599280199999,47500.6867986,165,46.35155,27592.9662495,0
2020-09-05 04:30:00,595.87,597.24,592.38,592.38,44.68881,1599281999999,26594.9965041,140,26.82205,15978.259422600002,0
2020-09-05 05:00:00,592.36,593.51,590.65,593.32,59.16441999999999,1599283799999,35046.213984300004,120,20.13749,11944.854266,0
2020-09-05 05:30:00,591.5,592.02,587.88,588.79,27.45154,1599285599999,16194.8893032,57,2.35243,1388.8688517,0
2020-09-05 06:00:00,588.55,590.28,584.94,585.27,79.3692,1599287399999,46593.210713199995,163,29.5253,17334.164966,0
2020-09-05 06:30:00,584.74,592.65,583.45,592.64,101.95976999999999,1599289199999,59979.2686206,202,79.45992,46756.183711699996,0
2020-09-05 07:00:00,592.64,593.57,589.5,589.68,67.64232,1599290999999,40026.7886889,149,22.96047,13607.2101041,0
2020-09-05 07:30:00,589.67,589.67,580.2,580.2,98.91974,1599292799999,57790.9668266,161,32.88409,19185.0999231,0
2020-09-05 08:00:00,580.14,580.14,565.4,567.05,112.14063,1599294599999,64157.9345116,239,40.12654000000001,22920.025750599998,0
2020-09-05 08:30:00,566.13,568.23,563.09,563.09,78.87075,1599296399999,44677.1467177,126,43.25043,24527.2374319,0
2020-09-05 09:00:00,563.13,564.4,556.03,556.73,204.63217,1599298199999,114660.46850959999,335,81.51250999999998,45662.7264686,0
2020-09-05 09:30:00,556.73,559.85,550.11,552.13,129.94835,1599299999999,72266.40022989997,254,51.73637,28850.8693968,0
2020-09-05 10:00:00,550.61,553.34,550.0,551.01,168.75127,1599301799999,93042.5107799,281,71.25097,39332.4701914,0
2020-09-05 10:30:00,550.02,553.4,550.0,550.52,132.90266,1599303599999,73245.5371798,213,53.9767,29800.0344292,0
2020-09-05 11:00:00,550.0,551.73,539.82,541.43,207.29128,1599305399999,113317.76346789999,322,45.79312,25038.3461757,0
2020-09-05 11:30:00,541.43,541.98,532.5,541.37,305.95611,1599307199999,164959.8792687,579,181.65884,98077.2126901,0
2020-09-05 12:00:00,539.54,542.65,529.33,529.46,233.66194,1599308999999,124987.65628599998,414,93.58191,50219.48203080001,0
2020-09-05 12:30:00,529.36,532.06,520.0,524.14,396.45602,1599310799999,208219.4127875,751,154.1232,81119.8031642,0
2020-09-05 13:00:00,524.13,543.24,523.42,542.85,209.23866999999998,1599312599999,111712.3160362,374,164.05202,87566.127251,0
2020-09-05 13:30:00,543.15,551.3,543.15,548.47,161.90213,1599314399999,88470.310877,304,80.82233000000002,44246.3783855,0
2020-09-05 14:00:00,548.5,551.33,542.89,546.06,119.14511,1599316199999,65168.0460893,192,49.47013,27100.3410153,0
2020-09-05 14:30:00,546.1,549.41,543.91,548.14,78.82301,1599317999999,43097.4723917,157,44.07344000000001,24129.417948500002,0
2020-09-05 15:00:00,548.24,548.96,541.99,547.13,114.71316999999999,1599319799999,62634.2675398,220,46.80956,25604.937414900003,0
2020-09-05 15:30:00,546.96,546.96,542.16,543.46,96.85696,1599321599999,52665.525033,185,42.60275,23168.160900400002,0
2020-09-05 16:00:00,543.17,546.68,538.4,538.4,123.06351000000001,1599323399999,66670.8162474,263,70.79273,38365.35709090001,0
2020-09-05 16:30:00,538.25,538.62,520.01,531.26,231.21067000000002,1599325199999,122551.86554789999,409,114.07996000000001,60445.622616299996,0
2020-09-05 17:00:00,531.42,532.92,522.09,524.16,183.80703,1599326999999,96953.2844335,358,61.4116,32496.4284393,0
2020-09-05 17:30:00,524.16,524.97,518.89,523.61,147.75161,1599328799999,77217.8705447,307,75.76307,39654.2084576,0
2020-09-05 18:00:00,524.28,526.09,515.95,517.68,169.48148,1599330599999,88038.2058195,369,85.6416,44542.8502455,0
2020-09-05 18:30:00,517.91,521.86,499.47,506.86,297.41138,1599332399999,151698.0527529,543,121.73576000000001,62170.73413180001,0
2020-09-05 19:00:00,509.83,511.78,501.27,502.18,157.42502,1599334199999,79562.5203727,300,60.15255,30481.901861500002,0
2020-09-05 19:30:00,503.89,507.0,499.78,507.0,149.86416,1599335999999,75497.3944584,269,98.90253,49912.1560364,0
2020-09-05 20:00:00,506.03,511.01,505.15,510.65,144.80476000000004,1599337799999,73680.4677369,213,52.16884,26562.1664442,0
2020-09-05 20:30:00,509.16,513.62,506.41,513.62,80.0625,1599339599999,40876.5283505,174,51.88854,26521.108424500002,0
2020-09-05 21:00:00,512.54,513.51,509.14,511.53,109.68088,1599341399999,56113.9807247,157,38.617329999999995,19772.3701642,0
2020-09-05 21:30:00,511.53,511.53,508.26,509.27,97.58875,1599343199999,49761.2782098,140,48.0369,24523.6006023,0
2020-09-05 22:00:00,510.12,514.28,510.1,512.13,101.84501,1599344999999,52142.0422344,147,73.81579,37800.353264699996,0
2020-09-05 22:30:00,511.48,512.82,504.44,504.44,84.90912,1599346799999,43093.4027632,104,8.26551,4187.2267041999985,0
2020-09-05 23:00:00,504.97,508.24,504.25,508.24,50.032959999999996,1599348599999,25366.9210251,106,36.1854,18355.1704377,0
2020-09-05 23:30:00,508.08,514.61,507.32,513.78,97.21834,1599350399999,49642.93355169999,171,84.80001999999998,43294.6814016,0
2020-09-06 00:00:00,513.92,517.88,508.71,517.06,115.28001,1599352199999,59178.9545607,211,67.0387,34447.618501699995,0
2020-09-06 00:30:00,518.19,519.44,514.25,516.75,125.67345,1599353999999,64938.2879165,249,55.532869999999996,28697.6790816,0
2020-09-06 01:00:00,516.75,518.13,513.19,513.19,67.06723000000001,1599355799999,34603.372583699995,138,9.33153,4828.7000298,0
2020-09-06 01:30:00,513.98,513.99,504.54,506.64,78.62931999999998,1599357599999,39933.4692785,125,16.717489999999998,8490.605246500001,0
2020-09-06 02:00:00,507.62,509.18,503.3,505.08,102.06045999999999,1599359399999,51636.4215861,209,38.82062,19663.8942665,0
2020-09-06 02:30:00,504.27,509.98,502.44,509.1,78.92023,1599361199999,39957.0767845,143,54.65363000000001,27704.043174799997,0
2020-09-06 03:00:00,509.38,510.56,502.98,502.98,129.41823,1599362999999,65514.345580199995,153,68.39819,34645.3935447,0
2020-09-06 03:30:00,503.04,504.73,501.26,501.29,72.8257,1599364799999,36637.506732,144,36.97017,18622.1773277,0
2020-09-06 04:00:00,502.45,505.3,497.82,498.74,140.58901,1599366599999,70610.9417776,252,65.61306,33031.5299896,0
2020-09-06 04:30:00,498.15,499.95,488.85,489.3,167.77893999999995,1599368399999,83060.0306912,395,64.95681,32231.115213999998,0
2020-09-06 05:00:00,489.94,490.9,481.49,484.4,132.96722,1599370199999,64548.05545,304,56.05681,27225.4071746,0
2020-09-06 05:30:00,485.73,492.96,483.24,492.96,142.24316000000005,1599371999999,69429.85546260001,279,101.57202,49605.78796469999,0
2020-09-06 06:00:00,493.53,494.61,488.16,488.78,105.53591999999999,1599373799999,51761.806493699994,163,34.97738,17175.790722600002,0
2020-09-06 06:30:00,488.83,499.44,488.83,499.44,111.99655,1599375599999,55341.822807000004,180,102.37604,50612.1889939,0
2020-09-06 07:00:00,498.56,502.43,497.2,502.35,139.42351000000002,1599377399999,69671.20203039999,253,91.43786,45749.4067243,0
2020-09-06 07:30:00,502.39,516.92,501.76,516.67,176.04692,1599379199999,89637.36520860002,365,146.18875,74413.7926216,0
2020-09-06 08:00:00,516.67,518.67,508.83,514.56,132.21522,1599380999999,68013.03700619999,361,58.11883,29945.226951599998,0
2020-09-06 08:30:00,515.21,526.84,511.66,525.87,287.72122,1599382799999,149568.5875983,573,180.38363999999999,93869.0325547,0
2020-09-06 09:00:00,525.54,531.58,520.36,526.65,211.32017000000002,1599384599999,111124.75658930001,443,92.32858,48619.5020207,0
2020-09-06 09:30:00,525.91,526.33,516.23,517.73,153.5114,1599386399999,79836.8445607,321,46.89082,24386.1139129,0
2020-09-06 10:00:00,518.36,522.96,513.74,513.74,115.85821000000001,1599388199999,60031.5761396,244,45.8638,23836.982786,0
2020-09-06 10:30:00,516.13,525.42,515.66,524.79,114.68184,1599389999999,59614.81195,216,95.01616,49422.828664399996,0
2020-09-06 11:00:00,525.77,530.49,524.69,528.87,156.5467,1599391799999,82546.8172139,214,94.33705,49787.7192559,0
2020-09-06 11:30:00,529.02,534.27,527.9,534.27,129.3869,1599393599999,68711.0312296,255,86.48904,45968.3623722,0
2020-09-06 12:00:00,534.25,538.62,532.02,538.41,83.19143000000003,1599395399999,44566.7581507,197,45.48632,24379.135829400002,0
2020-09-06 12:30:00,537.54,537.54,532.51,533.82,72.11581,1599397199999,38564.3756742,160,19.546329999999998,10448.2546266,0
2020-09-06 13:00:00,533.38,534.16,527.46,528.49,90.61516999999999,1599398999999,47989.8194042,162,24.34631,12884.553726200002,0
2020-09-06 13:30:00,528.94,536.79,528.58,534.47,85.39404,1599400799999,45401.754760100004,196,50.04182,26602.559930400002,0
2020-09-06 14:00:00,534.01,536.97,527.54,528.89,118.17426999999999,1599402599999,62807.9349595,172,29.693820000000002,15819.326852799999,0
2020-09-06 14:30:00,529.41,530.75,525.23,528.79,101.08081,1599404399999,53382.21153450001,185,46.11336,24395.340237,0
2020-09-06 15:00:00,528.04,529.88,518.33,518.65,128.77781000000002,1599406199999,67451.9625002,221,49.39295,25935.1782718,0
2020-09-06 15:30:00,519.32,525.61,518.69,523.93,148.70641,1599407999999,77682.28333119999,313,103.10817,53882.5221171,0
2020-09-06 16:00:00,523.95,532.51,519.5,532.25,184.15882,1599409799999,96721.6017798,323,112.74498,59365.29930669999,0
2020-09-06 16:30:00,532.16,535.34,530.39,533.08,130.86364,1599411599999,69751.38873310003,258,54.87087,29269.4222643,0
2020-09-06 17:00:00,533.34,533.34,527.03,527.03,80.25238,1599413399999,42488.4452579,151,21.94963,11639.200767,0
2020-09-06 17:30:00,527.02,532.66,527.02,530.27,68.31068,1599415199999,36225.9856815,150,28.41974,15064.5265581,0
2020-09-06 18:00:00,530.59,532.19,526.72,532.19,74.75627,1599416999999,39640.1182506,108,38.8628,20638.374466900004,0
2020-09-06 18:30:00,532.19,536.83,532.19,536.33,48.18847,1599418799999,25766.0749086,99,35.76758,19120.8895352,0
2020-09-06 19:00:00,535.52,538.46,532.76,535.69,51.461859999999994,1599420599999,27566.2326064,112,27.02726,14503.310267500001,0
2020-09-06 19:30:00,537.02,539.97,537.02,538.15,41.53555,1599422399999,22368.6326067,104,25.31306,13630.3919169,0
2020-09-06 20:00:00,538.56,540.71,537.05,540.71,35.94974000000001,1599424199999,19346.002753,64,7.13243,3847.0662871,0
2020-09-06 20:30:00,541.51,543.07,538.37,538.82,73.16823000000002,1599425999999,39572.5021484,133,29.37405,15912.330170899999,0
2020-09-06 21:00:00,539.24,546.13,538.86,545.09,45.4369,1599427799999,24693.7550356,86,36.0268,19590.963341299997,0
2020-09-06 21:30:00,544.22,547.59,542.67,544.36,61.49126,1599429599999,33508.2490157,100,15.03868,8204.901432800001,0
2020-09-06 22:00:00,544.29,547.62,537.93,539.61,82.08596,1599431399999,44530.771712,156,34.31411,18662.0254836,0
2020-09-06 22:30:00,539.57,540.0,536.79,537.99,94.25865999999999,1599433199999,50741.5286696,177,35.68486,19237.9237523,0
2020-09-06 23:00:00,538.21,542.34,537.67,540.62,78.51913,1599434999999,42404.203129300004,145,48.00349,25937.9460443,0
2020-09-06 23:30:00,540.81,547.18,540.81,546.38,99.8557,1599436799999,54363.4708138,175,62.59806,34074.975497900006,0
2020-09-07 00:00:00,544.2,549.39,543.39,548.34,54.337540000000004,1599438599999,29746.279444800002,123,41.78301,22882.2181842,0
2020-09-07 00:30:00,548.08,549.6,544.74,546.48,60.33354,1599440399999,33036.4231504,113,23.687070000000002,12998.45555,0
2020-09-07 01:00:00,549.18,549.18,543.42,546.26,33.87549,1599442199999,18465.432223,75,5.8426599999999995,3187.00259,0
2020-09-07 01:30:00,545.93,550.96,545.57,550.96,51.91525,1599443999999,28471.841125700004,88,43.5371,23879.6657104,0
2020-09-07 02:00:00,551.12,551.24,544.68,545.1,125.21176000000001,1599445799999,68657.1927732,217,23.368000000000002,12819.230621200002,0
2020-09-07 02:30:00,545.86,546.47,537.24,538.45,110.83538,1599447599999,60159.6185541,145,45.87235,24922.442188099998,0
2020-09-07 03:00:00,538.3,539.04,534.38,535.02,55.46955,1599449399999,29763.8407574,106,27.179440000000003,14588.8697331,0
2020-09-07 03:30:00,534.79,535.78,528.59,529.58,72.66246,1599451199999,38717.1531585,163,39.026509999999995,20812.101991,0
2020-09-07 04:00:00,529.07,530.41,526.68,528.13,43.86588,1599452999999,23168.1667495,114,14.338389999999999,7584.649512000001,0
2020-09-07 04:30:00,529.07,529.7,521.89,522.46,75.44638,1599454799999,39665.84795819999,197,22.02627,11646.1529744,0
2020-09-07 05:00:00,523.66,524.76,519.59,522.02,66.72754,1599456599999,34798.7377733,150,35.53417,18539.331957299997,0
2020-09-07 05:30:00,521.78,524.16,516.25,518.58,77.55094,1599458399999,40286.4895939,213,23.94472,12486.2373168,0
2020-09-07 06:00:00,516.6,518.5,512.81,514.56,112.22026000000001,1599460199999,57957.5379408,227,68.60065,35467.149829400005,0
2020-09-07 06:30:00,515.49,519.38,513.03,515.0,73.85088,1599461999999,38149.0427883,155,32.08611,16609.876939700003,0
2020-09-07 07:00:00,513.91,520.31,513.1,519.64,93.96174,1599463799999,48666.7645003,190,75.2125,38981.4469444,0
2020-09-07 07:30:00,519.97,521.19,516.66,517.09,37.817190000000004,1599465599999,19631.3707022,102,15.7569,8196.521466600001,0
2020-09-07 08:00:00,517.46,522.78,516.5,522.1,54.90028,1599467399999,28521.497117699997,89,30.52773,15902.736217200001,0
2020-09-07 08:30:00,522.15,523.68,519.49,520.74,37.246990000000004,1599469199999,19442.336126299997,69,2.4971900000000002,1306.8066095000001,0
2020-09-07 09:00:00,522.13,523.88,519.18,522.11,45.31649,1599470999999,23642.0213235,107,17.08314,8918.7577765,0
2020-09-07 09:30:00,523.53,524.3,516.08,517.49,56.53676,1599472799999,29385.9695299,112,9.20438,4819.325349399999,0
2020-09-07 10:00:00,516.58,519.81,512.65,512.65,72.15866,1599474599999,37296.82893500001,202,33.74067,17488.387885099994,0
2020-09-07 10:30:00,513.43,516.68,511.9,513.44,82.75183,1599476399999,42541.4271853,157,37.98836,19552.7340747,0
2020-09-07 11:00:00,512.78,519.52,509.52,510.95,296.04842,1599478199999,151933.1901705,389,177.48141,91139.08241619999,0
2020-09-07 11:30:00,513.23,514.22,509.17,512.24,140.2939,1599479999999,71756.55472860001,311,82.6424,42322.267941300015,0
2020-09-07 12:00:00,513.18,515.15,505.88,509.44,205.94103,1599481799999,105160.5780138,388,99.58336,50958.5492433,0
2020-09-07 12:30:00,508.66,509.91,503.84,506.98,148.98361,1599483599999,75448.1214397,331,83.39299,42257.3952641,0
2020-09-07 13:00:00,505.93,514.98,500.94,509.02,144.91919,1599485399999,73762.0367517,311,111.70198,56888.5019411,0
2020-09-07 13:30:00,509.02,516.68,507.83,515.86,125.68892,1599487199999,64497.876879699994,229,87.8071,45070.5885381,0
2020-09-07 14:00:00,515.67,517.7,511.98,517.34,84.95728000000003,1599488999999,43727.1095042,119,35.76299,18421.1638654,0
2020-09-07 14:30:00,516.21,517.36,504.97,507.65,128.03055,1599490799999,65469.0955403,175,24.42061,12471.992228899999,0
2020-09-07 15:00:00,506.69,520.91,505.4,518.67,108.14986,1599492599999,55563.7739716,175,92.9408,47790.567352,0
2020-09-07 15:30:00,518.3,524.35,516.64,521.96,76.35349000000002,1599494399999,39791.1418224,120,47.97585,25015.6151196,0
2020-09-07 16:00:00,521.24,527.16,519.52,522.44,129.72871999999998,1599496199999,67972.75577100001,184,36.95261,19405.635745599997,0
2020-09-07 16:30:00,522.56,523.52,520.84,521.07,18.171889999999998,1599497999999,9486.061778799998,31,6.06361,3171.7184705,0
2020-09-07 17:00:00,522.21,522.64,518.78,522.17,24.71966,1599499799999,12862.079629799999,38,10.49418,5470.2213065,0
2020-09-07 17:30:00,522.26,523.93,519.16,522.92,24.43304,1599501599999,12764.214461,41,19.43701,10167.1632921,0
2020-09-07 18:00:00,522.96,524.35,521.45,521.45,51.31269,1599503399999,26813.3211792,125,18.43029,9646.7047764,0
2020-09-07 18:30:00,521.45,523.9,520.39,520.39,32.513329999999996,1599505199999,16946.3740307,49,6.8990899999999975,3603.5730732,0
2020-09-07 19:00:00,520.94,524.35,520.39,522.68,32.76032,1599506999999,17129.2596784,45,26.540509999999998,13882.1076722,0
2020-09-07 19:30:00,524.34,524.66,516.26,518.01,98.48909,1599508799999,51220.061135100004,123,17.39923,9082.2654159,0
2020-09-07 20:00:00,518.16,518.79,513.01,517.62,70.67083000000002,1599510599999,36474.9906615,92,41.60406,21499.9532368,0
2020-09-07 20:30:00,517.63,520.91,517.29,520.29,43.49484,1599512399999,22556.8574334,57,24.50939,12719.9011335,0
2020-09-07 21:00:00,520.31,521.15,517.93,520.68,16.01809,1599514199999,8332.633505,34,11.5577,6016.0693577,0
2020-09-07 21:30:00,520.28,520.91,516.4,516.4,26.35625,1599515999999,13652.1773693,24,2.1808,1135.4667142,0
2020-09-07 22:00:00,518.25,524.66,518.25,522.76,58.61216999999999,1599517799999,30615.328718700002,105,53.08565,27725.5583717,0
2020-09-07 22:30:00,524.08,530.09,524.08,526.36,137.38326,1599519599999,72406.9156409,184,84.63299,44597.355121199995,0
2020-09-07 23:00:00,528.93,530.17,527.02,527.02,20.33769,1599521399999,10755.814947799998,40,12.17123,6444.4254531999995,0
2020-09-07 23:30:00,527.84,529.26,525.71,527.73,17.93722,1599523199999,9469.8680157,32,10.267619999999999,5424.8305009,0
2020-09-08 00:00:00,529.08,530.71,524.39,524.39,104.79361,1599524999999,55317.6647039,166,41.62601,22042.0062383,0
2020-09-08 00:30:00,526.22,526.36,522.94,523.69,42.03282,1599526799999,22041.28366740001,89,18.75146,9835.9780217,0
2020-09-08 01:00:00,523.55,524.34,522.86,524.34,12.3905,1599528599999,6488.6876135,28,9.567219999999999,5012.2991005,0
2020-09-08 01:30:00,523.67,524.0,519.92,519.92,41.41199,1599530399999,21620.911238099998,107,15.494720000000001,8111.2469533,0
2020-09-08 02:00:00,520.59,522.42,519.72,522.32,26.65942,1599532199999,13897.405340600002,50,23.45617,12230.6054151,0
2020-09-08 02:30:00,522.18,523.64,521.78,523.64,21.99971,1599533999999,11505.6081011,44,15.26702,7989.1447052,0
2020-09-08 03:00:00,523.27,523.48,519.29,519.29,29.37957,1599535799999,15314.433549899999,63,9.165410000000001,4791.5093513,0
2020-09-08 03:30:00,520.99,521.02,518.33,518.33,16.3512,1599537599999,8486.8780905,31,0.70036,364.86200049999997,0
2020-09-08 04:00:00,519.4,521.54,517.72,517.72,43.521679999999996,1599539399999,22630.2211846,87,14.4878,7548.080776100002,0
2020-09-08 04:30:00,517.69,517.69,515.23,516.57,17.89955,1599541199999,9242.2691632,36,0.3536,182.66250680000002,0
2020-09-08 05:00:00,516.57,517.64,514.09,515.31,26.73879,1599542999999,13812.1665618,58,17.39197,8990.503069600001,0
2020-09-08 05:30:00,515.84,516.3,513.77,515.95,16.527160000000002,1599544799999,8517.7389943,44,4.82484,2490.133482,0
2020-09-08 06:00:00,515.94,520.37,515.94,520.37,43.22368,1599546599999,22382.6912464,101,40.7701,21111.8964047,0
2020-09-08 06:30:00,518.9,523.64,515.06,523.64,79.29703,1599548399999,41153.341240099995,157,52.193690000000004,27155.68489840001,0
2020-09-08 07:00:00,522.77,524.73,520.78,523.98,35.86802,1599550199999,18762.935626599996,76,15.23988,7982.6589098,0
2020-09-08 07:30:00,523.97,524.74,518.42,518.98,40.30764,1599551999999,20962.208992099997,86,10.23833,5327.6865746,0
2020-09-08 08:00:00,519.8,523.44,514.36,515.56,66.32379,1599553799999,34418.132042900004,155,22.64656,11814.7575653,0
2020-09-08 08:30:00,515.56,515.56,511.8,513.9,76.06724,1599555599999,39067.0622547,126,6.775010000000001,3486.8997577,0
2020-09-08 09:00:00,513.4,514.35,509.22,510.76,42.52417,1599557399999,21749.3217368,93,15.833720000000001,8114.3975367,0
2020-09-08 09:30:00,510.96,512.22,506.1,507.77,90.92045999999999,1599559199999,46221.7767768,221,14.2176,7245.429340600002,0
2020-09-08 10:00:00,506.03,507.63,503.7,504.78,82.83306999999998,1599560999999,41901.7958867,146,48.18271,24405.4195252,0
2020-09-08 10:30:00,505.79,507.59,502.98,505.81,86.7172,1599562799999,43840.4346905,131,46.68289,23649.5324099,0
2020-09-08 11:00:00,505.81,508.29,503.9,506.02,78.21755999999998,1599564599999,39564.5615181,139,31.49594,15975.0106093,0
2020-09-08 11:30:00,505.81,507.96,503.13,504.64,88.44312,1599566399999,44617.614214999994,122,29.554859999999998,14940.521317700002,0
2020-09-08 12:00:00,503.97,509.23,503.13,509.23,78.93661999999998,1599568199999,39964.548800900004,148,56.53773,28674.1397832,0
2020-09-08 12:30:00,507.56,512.09,506.55,510.69,57.60573,1599569999999,29372.2071713,108,38.902770000000004,19866.1997429,0
2020-09-08 13:00:00,510.75,513.86,505.51,505.51,83.27154,1599571799999,42455.6657135,144,25.40728,13014.3788047,0
2020-09-08 13:30:00,505.77,511.71,503.64,510.45,151.62748,1599573599999,76952.9731052,236,88.90432,45208.9905672,0
2020-09-08 14:00:00,509.08,519.48,508.82,519.48,105.61007,1599575399999,54378.423221599995,239,75.22563000000002,38737.5270362,0
2020-09-08 14:30:00,518.2,519.52,514.64,516.49,43.676559999999995,1599577199999,22575.594507700003,115,11.55355,5981.3922461,0
2020-09-08 15:00:00,516.67,519.41,516.67,517.37,17.71325,1599578999999,9173.1043185,45,4.93357,2558.1614198,0
2020-09-08 15:30:00,517.86,518.18,514.9,518.18,21.36208,1599580799999,11024.5221017,23,3.0415099999999997,1574.3575736999999,0
2020-09-08 16:00:00,517.8,523.98,517.07,521.55,54.952780000000004,1599582599999,28634.809153,187,42.97632,22398.0773235,0
2020-09-08 16:30:00,521.76,523.53,520.52,522.41,16.4561,1599584399999,8588.3636427,31,5.81647,3041.859567400001,0
2020-09-08 17:00:00,522.09,522.09,519.3,521.0,43.76681,1599586199999,22796.170894400002,62,21.62145,11267.5226481,0
2020-09-08 17:30:00,521.6,524.49,521.29,523.03,27.90829,1599587999999,14602.134209200001,63,22.30825,11679.068711700002,0
2020-09-08 18:00:00,523.94,524.67,519.15,519.88,38.19402,1599589799999,19921.5102051,91,4.1146,2156.5627640000002,0
2020-09-08 18:30:00,519.67,519.67,510.07,513.08,104.74343,1599591599999,53802.50588400001,189,48.3119,24770.761817299997,0
2020-09-08 19:00:00,512.69,515.67,509.95,515.23,71.90836,1599593399999,36879.2084875,117,52.23758,26812.0066034,0
2020-09-08 19:30:00,514.53,516.95,510.85,511.52,51.69462,1599595199999,26550.231148299998,80,12.703660000000001,6554.022464,0
2020-09-08 20:00:00,511.64,513.41,509.95,513.41,41.00632,1599596999999,20987.071094799998,67,28.559859999999997,14622.7985981,0
2020-09-08 20:30:00,513.1,515.16,508.57,509.34,37.13742,1599598799999,18982.174661700006,65,11.83308,6077.8081788,0
2020-09-08 21:00:00,508.84,509.2,506.52,507.93,29.10827,1599600599999,14770.1090342,60,4.8284199999999995,2452.6450441999996,0
2020-09-08 21:30:00,507.35,512.1,506.29,510.73,45.54585,1599602399999,23209.35922,90,35.56722,18149.116146700002,0
2020-09-08 22:00:00,511.1,511.1,501.1,501.5,174.61466000000001,1599604199999,88026.4850144,299,41.08139,20673.143984799997,0
2020-09-08 22:30:00,501.1,511.67,500.0,508.58,173.9569,1599605999999,87907.3675427,323,129.07308999999998,65305.191971399996,0
2020-09-08 23:00:00,508.17,512.68,506.98,506.98,90.19442,1599607799999,45969.159765699995,232,43.10018,22015.756256200002,0
2020-09-08 23:30:00,507.1,509.21,505.78,507.59,37.15126,1599609599999,18854.28775,46,20.991770000000002,10672.2185842,0
2020-09-09 00:00:00,506.89,510.79,504.4,509.55,44.68072,1599611399999,22675.1055344,109,26.92745,13695.3748197,0
2020-09-09 00:30:00,509.55,509.55,506.88,506.9,43.93383,1599613199999,22313.8806496,63,3.29704,1675.7128137,0
2020-09-09 01:00:00,507.75,508.0,505.57,505.57,46.4051,1599614999999,23500.889776800002,62,5.49023,2781.515908,0
2020-09-09 01:30:00,506.02,507.14,504.98,505.16,29.84585,1599616799999,15111.030301700002,51,23.33794,11822.1836893,0
2020-09-09 02:00:00,506.99,508.97,501.52,502.62,69.99687,1599618599999,35346.2221417,104,16.15694,8197.3084178,0
2020-09-09 02:30:00,501.88,503.43,500.39,501.13,35.70872,1599620399999,17934.9304592,60,26.03111,13084.7773806,0
2020-09-09 03:00:00,502.08,504.28,500.89,504.28,20.06399,1599622199999,10094.8610861,38,18.643420000000006,9382.1281106,0
2020-09-09 03:30:00,504.03,505.15,500.89,504.95,31.408659999999998,1599623999999,15813.7286443,47,23.53482,11852.540363,0
2020-09-09 04:00:00,504.0,505.02,501.3,502.57,43.01892,1599625799999,21619.5385194,68,33.01188,16592.790294100007,0
2020-09-09 04:30:00,502.26,506.44,502.26,503.81,37.77523,1599627599999,19073.6000624,70,29.912059999999997,15105.393551299998,0
2020-09-09 05:00:00,504.59,507.51,504.58,507.5,17.758370000000006,1599629399999,8997.3098013,60,15.73594,7975.2047787,0
2020-09-09 05:30:00,508.37,508.92,506.0,506.8,33.38445,1599631199999,16933.8282195,117,11.0902,5633.9041344,0
2020-09-09 06:00:00,506.82,508.24,503.63,503.63,21.019479999999998,1599632999999,10629.4612046,93,3.79645,1925.5810697000002,0
2020-09-09 06:30:00,504.77,505.76,503.26,504.92,15.03985,1599634799999,7583.260955,43,3.11145,1573.1825082999999,0
2020-09-09 07:00:00,504.92,509.32,504.92,506.58,43.574009999999994,1599636599999,22099.7294559,120,30.82416,15641.8193537,0
2020-09-09 07:30:00,507.6,508.66,505.66,507.34,27.57818,1599638399999,13989.8467993,82,10.81379,5490.6117992,0
2020-09-09 08:00:00,507.1,507.82,505.06,505.89,34.97951,1599640199999,17717.3225682,81,9.956,5052.3217941,0
2020-09-09 08:30:00,505.96,508.19,505.0,505.36,19.956789999999998,1599641999999,10101.2996841,49,7.42325,3765.1503585,0
2020-09-09 09:00:00,505.92,509.63,505.51,507.85,14.32882,1599643799999,7278.8990501,44,8.64098,4396.556244899999,0
2020-09-09 09:30:00,507.93,510.7,507.4,510.19,40.3695,1599645599999,20544.549853099998,99,18.302329999999998,9328.920554100001,0
2020-09-09 10:00:00,510.2,510.5,508.69,509.45,20.01311,1599647399999,10194.5023393,75,4.17181,2126.8461806,0
2020-09-09 10:30:00,510.04,510.64,506.65,509.9,26.03264,1599649199999,13246.277999700002,57,14.22737,7252.3824281000025,0
2020-09-09 11:00:00,509.92,516.34,509.92,513.24,109.80712,1599650999999,56293.45452969999,226,62.13333000000001,31841.1225972,0
2020-09-09 11:30:00,513.16,513.16,509.95,510.29,29.214859999999998,1599652799999,14942.9358848,45,2.2059599999999997,1130.0750515,0
2020-09-09 12:00:00,511.2,513.16,509.89,509.89,49.42154,1599654599999,25288.4366293,124,16.80542,8602.4720059,0
2020-09-09 12:30:00,510.13,512.1,510.13,511.8,22.51371,1599656399999,11505.494848100001,46,12.16971,6226.2172303000025,0
2020-09-09 13:00:00,511.8,520.01,511.04,520.01,77.80929,1599658199999,40130.5298226,142,64.17376,33065.249383999995,0
2020-09-09 13:30:00,520.08,520.75,514.45,514.46,80.21285,1599659999999,41529.439385699996,145,8.51366,4420.0710075000015,0
2020-09-09 14:00:00,514.33,515.96,511.91,514.6,33.99095,1599661799999,17499.7688528,66,23.296329999999998,12008.8036067,0
2020-09-09 14:30:00,515.94,518.34,515.23,518.03,24.07121,1599663599999,12439.6633584,46,22.94747000000001,11860.5577562,0
2020-09-09 15:00:00,518.38,520.9,518.04,520.9,32.61704,1599665399999,16937.5650996,71,31.48508,16350.7513463,0
2020-09-09 15:30:00,520.52,521.55,519.27,520.0,132.00001,1599667199999,68637.4797643,228,95.98912,49909.7973357,0
2020-09-09 16:00:00,521.0,522.67,517.0,519.55,133.57516,1599668999999,69399.81486010001,218,43.95693,22884.3169428,0
2020-09-09 16:30:00,518.54,522.8,518.41,521.67,38.44359,1599670799999,20046.688667099996,130,30.54989,15937.689998,0
2020-09-09 17:00:00,521.52,522.71,518.59,520.75,34.7777,1599672599999,18105.4441654,71,2.87875,1502.0902685,0
2020-09-09 17:30:00,520.65,523.51,520.06,523.28,24.716070000000002,1599674399999,12893.1933711,44,8.38303,4383.8649031,0
2020-09-09 18:00:00,523.28,524.03,520.06,522.83,35.78443,1599676199999,18667.9318167,97,10.0547,5252.5553602,0
2020-09-09 18:30:00,522.53,527.89,522.53,526.27,85.62931999999998,1599677999999,45006.8872685,253,57.575919999999996,30297.963764599997,0
2020-09-09 19:00:00,527.69,532.57,522.87,531.36,212.8538,1599679799999,112179.42141210001,368,105.46968999999999,55646.7064663,0
2020-09-09 19:30:00,532.25,534.96,532.03,533.49,59.168009999999995,1599681599999,31585.1597435,148,27.071540000000002,14462.5702831,0
2020-09-09 20:00:00,533.5,534.21,529.91,529.95,48.23131,1599683399999,25667.0670951,84,18.55965,9877.5537717,0
2020-09-09 20:30:00,530.08,530.69,529.26,529.26,6.39738,1599685199999,3390.369479100001,17,2.122,1126.1188300000001,0
2020-09-09 21:00:00,529.19,530.35,527.35,530.35,40.55225,1599686999999,21413.161077,111,12.030710000000001,6357.4924794,0
2020-09-09 21:30:00,530.52,532.6,528.6,529.46,56.45149,1599688799999,29964.8496125,103,21.72849,11542.774819299999,0
2020-09-09 22:00:00,529.42,530.49,529.14,529.37,17.54365,1599690599999,9298.9683435,35,13.41155,7110.9057693,0
2020-09-09 22:30:00,529.11,529.85,528.16,529.8,31.76803,1599692399999,16811.7134963,49,23.63714,12513.1545561,0
2020-09-09 23:00:00,528.99,530.04,522.19,522.97,52.93286,1599694199999,27843.572013099998,91,2.01232,1058.1791795,0
2020-09-09 23:30:00,522.99,523.86,521.67,522.0,19.01791,1599695999999,9947.708825299998,42,12.00843,6286.010916100001,0
2020-09-10 00:00:00,522.47,531.02,522.4,529.05,71.41855,1599697799999,37662.360184400015,133,66.81931,35233.3454831,0
2020-09-10 00:30:00,529.23,530.56,527.67,528.45,19.65975,1599699599999,10399.9367783,39,6.90258,3654.6351313,0
2020-09-10 01:00:00,528.1,529.05,527.29,528.05,16.764789999999998,1599701399999,8855.0613226,32,9.80994,5185.4416919,0
2020-09-10 01:30:00,529.14,538.1,528.91,538.1,138.05553,1599703199999,73814.7123719,345,81.41923,43452.7696802,0
2020-09-10 02:00:00,537.91,539.23,536.26,538.14,45.77787,1599704999999,24632.386166900003,152,21.88425,11784.8701186,0
2020-09-10 02:30:00,538.74,539.34,534.88,538.81,24.5834,1599706799999,13217.875723000001,117,8.83949,4761.3367548,0
2020-09-10 03:00:00,538.81,539.61,537.09,538.5,10.65663,1599708599999,5735.5672214,45,3.3408900000000004,1801.1950390999998,0
2020-09-10 03:30:00,536.92,539.9,536.91,538.04,28.280040000000003,1599710399999,15232.491839700002,76,13.08797,7059.2579363999985,0
2020-09-10 04:00:00,537.29,538.38,536.55,537.01,14.562320000000001,1599712199999,7830.266928200002,39,11.45031,6157.2346118999985,0
2020-09-10 04:30:00,538.27,540.45,537.05,540.45,30.00651,1599713999999,16160.037061300001,67,19.78418,10660.985477200002,0
2020-09-10 05:00:00,540.45,544.14,540.45,542.0,56.94457,1599715799999,30874.733019,263,17.84919,9674.941423100001,0
2020-09-10 05:30:00,542.9,543.44,541.19,542.14,19.16249,1599717599999,10392.4879661,41,9.277460000000001,5037.275723899998,0
2020-09-10 06:00:00,541.84,547.43,541.52,547.43,43.484759999999994,1599719399999,23705.4313742,197,40.72632,22205.612406700002,0
2020-09-10 06:30:00,546.26,547.45,541.05,543.13,53.805659999999996,1599721199999,29272.344878900003,105,4.06588,2220.8815113,0
2020-09-10 07:00:00,542.6,546.45,541.59,542.2,30.94782,1599722999999,16842.6013035,70,16.87932,9202.3304456,0
2020-09-10 07:30:00,542.21,542.37,532.5,532.61,89.35970999999998,1599724799999,47946.119825,161,35.54450999999999,19036.6260675,0
2020-09-10 08:00:00,533.41,533.57,530.31,532.16,50.374790000000004,1599726599999,26810.7293399,88,24.49018,13051.5895215,0
2020-09-10 08:30:00,534.06,539.06,534.06,539.06,129.25406,1599728399999,69390.7510021,117,96.07777,51563.8939996,0
2020-09-10 09:00:00,539.42,543.39,538.1,540.76,53.47949000000001,1599730199999,28921.7293236,121,26.506,14355.2244484,0
2020-09-10 09:30:00,539.73,540.25,537.45,540.21,28.860540000000004,1599731999999,15562.7932631,68,17.1692,9269.0444721,0
2020-09-10 10:00:00,540.36,543.5,540.36,541.14,42.02929,1599733799999,22792.6767816,73,29.781159999999996,16150.1456421,0
2020-09-10 10:30:00,542.05,542.05,536.4,538.09,43.860170000000004,1599735599999,23613.835914,63,5.4741300000000015,2945.1541254,0
2020-09-10 11:00:00,538.11,541.59,538.11,541.42,15.839920000000001,1599737399999,8553.0022775,40,11.434569999999999,6178.2984854999995,0
2020-09-10 11:30:00,541.7,544.88,539.26,543.81,64.68153000000001,1599739199999,35048.860871,100,32.38449,17591.9153963,0
2020-09-10 12:00:00,544.7,547.89,544.39,547.89,49.251129999999996,1599740999999,26898.116575300002,83,37.49355,20486.5086691,0
2020-09-10 12:30:00,548.02,550.0,546.98,550.0,54.377359999999996,1599742799999,29834.495579500002,172,30.48548,16735.82937,0
2020-09-10 13:00:00,549.97,554.26,549.18,553.61,87.99638,1599744599999,48594.1192719,206,43.841879999999996,24217.745948599997,0
2020-09-10 13:30:00,553.91,557.66,553.22,554.74,75.41337,1599746399999,41916.3656434,233,49.47429,27503.143527999997,0
2020-09-10 14:00:00,555.69,556.88,553.25,553.57,44.78435,1599748199999,24852.1822767,102,22.709120000000002,12618.6222723,0
2020-09-10 14:30:00,553.61,554.82,547.47,548.44,68.32056999999999,1599749999999,37638.6101291,113,21.64774,11955.488275700001,0
2020-09-10 15:00:00,547.42,551.36,546.12,550.0,53.20486999999999,1599751799999,29211.528211599998,104,28.2729,15546.3964105,0
2020-09-10 15:30:00,550.56,551.44,548.35,549.82,52.80346,1599753599999,29016.465883499997,100,16.817829999999994,9255.351416700001,0
2020-09-10 16:00:00,550.82,551.44,542.03,543.74,108.1698,1599755399999,59081.1700284,153,26.86303,14701.4995375,0
2020-09-10 16:30:00,543.42,544.75,540.84,542.07,78.35967,1599757199999,42535.5586428,132,18.88984,10263.609494299999,0
2020-09-10 17:00:00,541.34,544.25,541.34,542.48,36.83008,1599758999999,20002.8169015,54,25.93403,14090.9303944,0
2020-09-10 17:30:00,543.68,545.18,542.15,542.82,28.11158,1599760799999,15283.565089700001,55,12.756639999999999,6945.4414325000025,0
2020-09-10 18:00:00,544.26,544.27,538.91,538.91,41.35794,1599762599999,22366.7030425,66,0.27536,149.8368574,0
2020-09-10 18:30:00,538.91,538.91,530.64,532.73,137.19585,1599764399999,73257.9009491,284,66.51959000000001,35498.9714783,0
2020-09-10 19:00:00,532.73,533.95,528.13,531.75,69.25095999999999,1599766199999,36774.8066226,151,28.873590000000004,15362.1949826,0
2020-09-10 19:30:00,530.58,532.25,527.56,528.49,26.26205,1599767999999,13915.4363111,58,12.09658,6424.8705946,0
2020-09-10 20:00:00,527.97,531.23,526.82,530.91,30.60155,1599769799999,16173.895224599999,67,14.33818,7596.5163998,0
2020-09-10 20:30:00,531.0,531.5,529.71,530.89,4.3434300000000015,1599771599999,2303.1952595,14,0.98205,521.4242418,0
2020-09-10 21:00:00,527.6,529.41,527.27,528.06,5.86612,1599773399999,3096.4589845,17,2.1553299999999997,1138.9434967,0
2020-09-10 21:30:00,528.61,533.17,528.57,533.17,61.51511,1599775199999,32653.5261782,98,44.85014,23829.027813599998,0
2020-09-10 22:00:00,533.23,535.0,532.16,534.98,27.35462,1599776999999,14594.727077000001,54,11.85495,6329.5461781,0
2020-09-10 22:30:00,534.99,535.03,531.24,531.72,31.21107,1599778799999,16620.6812049,50,6.58362,3509.3869385,0
2020-09-10 23:00:00,531.94,532.77,530.02,531.0,32.03818,1599780599999,17009.914838,46,10.603860000000001,5635.443097199999,0
2020-09-10 23:30:00,531.31,533.59,530.43,533.27,14.129879999999998,1599782399999,7518.035660699998,25,10.06915,5359.6604109,0
2020-09-11 00:00:00,533.27,536.78,533.27,534.49,70.14492,1599784199999,37549.900415,129,42.99498,23007.7351947,0
2020-09-11 00:30:00,534.49,534.58,531.18,531.18,21.33635,1599785999999,11376.9051641,27,1.54511,825.9723184,0
2020-09-11 01:00:00,532.42,532.89,527.45,529.65,55.97975,1599787799999,29650.347759599994,97,31.44963,16658.7029319,0
2020-09-11 01:30:00,529.09,529.44,524.11,525.62,57.85759,1599789599999,30510.200358200003,107,6.36895,3368.055856800001,0
2020-09-11 02:00:00,525.62,525.62,522.28,523.0,18.781679999999998,1599791399999,9829.9030547,49,3.21583,1684.3206107,0
2020-09-11 02:30:00,523.0,523.55,521.56,522.82,12.29016,1599793199999,6420.0820666,37,3.3873300000000004,1771.8137223,0
2020-09-11 03:00:00,521.71,523.87,516.37,517.41,121.2728,1599794999999,63064.12092330001,212,39.22779,20408.5198877,0
2020-09-11 03:30:00,517.41,517.41,508.08,508.33,98.95473,1599796799999,50595.8215364,234,44.588029999999996,22754.052432900004,0
2020-09-11 04:00:00,508.98,514.12,507.35,513.55,40.56272,1599798599999,20729.783220700006,97,34.52619,17659.6616652,0
2020-09-11 04:30:00,513.79,514.21,508.54,509.42,63.01991999999999,1599800399999,32233.357787599998,88,18.64809,9554.177107,0
2020-09-11 05:00:00,509.28,512.5,509.27,512.41,18.46705,1599802199999,9448.659862999999,34,14.507979999999998,7425.099323800001,0
2020-09-11 05:30:00,511.57,513.0,510.83,512.63,30.778190000000002,1599803999999,15767.541085100005,56,26.21689000000001,13434.051525,0
2020-09-11 06:00:00,512.78,512.78,509.21,510.4,35.36159,1599805799999,18059.439507,75,6.87338,3515.3319191,0
2020-09-11 06:30:00,510.4,512.03,509.21,510.15,120.36878999999999,1599807599999,61408.5247449,125,61.79266,31530.8173995,0
2020-09-11 07:00:00,510.79,511.6,510.48,511.57,20.81653,1599809399999,10641.0976815,38,15.734879999999999,8045.5186253,0
2020-09-11 07:30:00,511.31,512.07,509.46,511.02,22.06182,1599811199999,11263.168538700002,41,3.00454,1535.4042531999999,0
2020-09-11 08:00:00,511.02,514.91,511.02,512.57,86.81156999999996,1599812999999,44544.4049984,136,54.34034000000001,27879.0670723,0
2020-09-11 08:30:00,512.84,528.87,509.99,528.24,144.33668,1599814799999,74718.44981230001,255,112.51002,58290.84424369999,0
2020-09-11 09:00:00,528.26,532.88,525.35,532.88,154.69178,1599816599999,81870.5192242,457,110.16058999999998,58374.93577890001,0
2020-09-11 09:30:00,532.88,532.88,526.79,529.09,97.15012,1599818399999,51291.860685,124,22.81319,12044.4437177,0
2020-09-11 10:00:00,528.41,528.41,514.8,521.78,534.30836,1599820199999,278624.0970367,898,225.47765,117874.7877943,0
2020-09-11 10:30:00,522.53,523.8,520.25,521.78,34.66405,1599821999999,18096.4413288,51,17.005470000000006,8893.7598748,0
2020-09-11 11:00:00,521.79,525.73,519.87,523.13,39.875170000000004,1599823799999,20879.235385,94,22.77475,11940.8955204,0
2020-09-11 11:30:00,522.46,522.46,518.37,518.96,37.97232,1599825599999,19757.1929708,61,5.3037,2758.5223193,0
2020-09-11 12:00:00,519.76,521.83,519.25,519.76,39.2111,1599827399999,20397.027347799998,51,23.298029999999997,12127.5192983,0
2020-09-11 12:30:00,519.82,529.09,519.82,529.09,131.36239,1599829199999,68765.2118179,119,115.55553,60474.2307066,0
2020-09-11 13:00:00,528.9,531.18,527.79,530.21,235.8544,1599830999999,125009.4500006,256,95.77424,50760.6425802,0
2020-09-11 13:30:00,530.93,534.38,528.81,528.82,70.31146,1599832799999,37422.2129813,124,33.3592,17779.2350527,0
2020-09-11 14:00:00,530.67,536.74,528.72,534.59,87.70593000000002,1599834599999,46621.214669199995,219,62.84901,33448.1613733,0
2020-09-11 14:30:00,534.68,537.24,533.16,535.29,33.66152,1599836399999,18025.8810418,62,21.73788,11650.603871899999,0
2020-09-11 15:00:00,535.8,539.04,535.36,535.7,59.07512,1599838199999,31730.246218,166,30.81956,16576.5361345,0
2020-09-11 15:30:00,535.32,537.96,533.6,534.96,27.87227,1599839999999,14904.502567299998,49,6.13706,3287.3078579,0
2020-09-11 16:00:00,536.15,538.89,532.99,537.89,87.23223,1599841799999,46757.0423296,125,41.00268,22026.618266,0
2020-09-11 16:30:00,537.95,539.02,531.29,532.78,45.60358,1599843599999,24361.8440567,73,11.4748,6140.8003358999995,0
2020-09-11 17:00:00,533.82,534.36,525.92,527.95,65.98517,1599845399999,34952.38758,115,23.34891,12395.2634704,0
2020-09-11 17:30:00,527.95,533.21,527.34,533.21,67.40383,1599847199999,35743.510784,122,57.99639000000001,30778.101320599995,0
2020-09-11 18:00:00,532.34,533.37,531.95,532.21,8.86097,1599848999999,4717.992571899998,32,4.25373,2265.2511422,0
2020-09-11 18:30:00,533.3,533.49,529.62,530.19,29.4674,1599850799999,15671.362963,73,14.5694,7757.5892950000025,0
2020-09-11 19:00:00,531.11,531.79,527.76,530.57,54.47943000000001,1599852599999,28868.2796124,105,25.59457,13585.3452026,0
2020-09-11 19:30:00,531.98,532.23,531.02,531.24,20.40209,1599854399999,10845.8406707,39,16.428060000000002,8734.941019299999,0
2020-09-11 20:00:00,531.65,533.66,528.71,529.85,47.34215,1599856199999,25122.6399365,81,5.8171300000000015,3100.5172207,0
2020-09-11 20:30:00,530.66,530.69,524.61,525.5,34.19934,1599857999999,18031.934961099996,99,14.093539999999999,7420.6965390000005,0
2020-09-11 21:00:00,525.15,525.55,523.18,524.14,61.475269999999995,1599859799999,32236.278072600002,85,29.18836,15317.4902691,0
2020-09-11 21:30:00,523.8,525.28,523.03,525.07,13.56551,1599861599999,7108.7595643999975,32,1.49216,782.1907394,0
2020-09-11 22:00:00,525.69,526.8,524.46,525.99,29.608359999999998,1599863399999,15567.4225817,45,20.68507,10883.0303992,0
2020-09-11 22:30:00,525.77,526.72,524.4,524.4,29.12475,1599865199999,15302.761825900001,83,24.3378,12789.7818466,0
2020-09-11 23:00:00,524.61,525.51,523.61,523.61,14.61835,1599866999999,7658.3553170000005,18,0.76479,401.29279289999994,0
2020-09-11 23:30:00,523.66,524.88,521.5,524.88,48.73453,1599868799999,25519.2469577,102,19.38948,10166.279418799999,0
2020-09-12 00:00:00,523.83,524.52,512.0,512.55,215.47862,1599870599999,111783.40204079999,290,27.778229999999997,14371.989637,0
2020-09-12 00:30:00,513.2,515.65,512.0,515.13,45.78884,1599872399999,23547.5478448,111,35.01104,18011.0503514,0
2020-09-12 01:00:00,515.11,517.84,514.75,517.0,49.22552,1599874199999,25422.6821603,73,40.337270000000004,20829.3129198,0
2020-09-12 01:30:00,517.01,517.45,511.95,512.9,61.24988000000001,1599875999999,31492.3016332,155,9.51538,4889.0904985,0
2020-09-12 02:00:00,512.56,513.73,510.35,511.26,55.942769999999996,1599877799999,28643.823544400002,147,21.39651,10973.195756000001,0
2020-09-12 02:30:00,511.07,512.46,509.73,511.32,38.83895,1599879599999,19853.6581836,80,20.52778,10503.6339849,0
2020-09-12 03:00:00,512.21,514.24,510.44,513.28,28.890959999999996,1599881399999,14784.923504600001,53,9.74209,4998.2814415,0
2020-09-12 03:30:00,513.14,531.69,512.59,524.01,630.7347900000002,1599883199999,329599.24150949996,1324,321.16155,167939.9108651,0
2020-09-12 04:00:00,524.74,529.06,519.09,523.25,318.93629,1599884999999,167146.1150533,764,145.03851,76115.74188439999,0
2020-09-12 04:30:00,522.75,527.2,521.18,526.82,75.56194,1599886799999,39592.6827106,190,56.71824,29723.005538499998,0
2020-09-12 05:00:00,526.27,528.36,524.67,528.36,65.92711,1599888599999,34696.4528201,245,39.4843,20796.07189,0
2020-09-12 05:30:00,527.9,528.33,525.19,525.96,16.2605,1599890399999,8561.47775,81,1.9568900000000002,1031.6582454,0
2020-09-12 06:00:00,526.19,526.19,522.68,523.36,33.6287,1599892199999,17631.3080708,110,8.8514,4634.6573681,0
2020-09-12 06:30:00,523.54,526.54,518.53,522.32,226.75752999999997,1599893999999,118270.42681160002,452,104.04896,54290.831390600004,0
2020-09-12 07:00:00,522.28,522.31,517.33,521.37,95.65106,1599895799999,49723.6584081,225,39.36758,20477.7940651,0
2020-09-12 07:30:00,520.26,523.2,520.21,523.2,19.555979999999998,1599897599999,10212.5721258,54,14.350029999999999,7494.5504114,0
2020-09-12 08:00:00,522.48,522.72,519.63,522.7,36.2435,1599899399999,18887.0600585,81,13.37571,6979.4221986,0
2020-09-12 08:30:00,523.2,523.55,519.44,520.24,33.257220000000004,1599901199999,17335.5317817,113,18.74566,9784.464275,0
2020-09-12 09:00:00,519.86,522.96,517.89,520.15,115.54421,1599902999999,60062.7579071,249,53.2919,27687.436668000002,0
2020-09-12 09:30:00,518.98,522.07,516.71,520.66,67.23631,1599904799999,34890.4563162,177,40.91653,21262.3991958,0
2020-09-12 10:00:00,520.5,521.55,519.38,519.74,29.010070000000002,1599906599999,15094.7921801,122,14.23391,7413.213894600001,0
2020-09-12 10:30:00,519.51,520.15,518.09,519.29,15.790070000000002,1599908399999,8190.897745800001,61,5.43987,2825.5244371,0
2020-09-12 11:00:00,519.75,520.14,518.46,519.87,9.39683,1599910199999,4882.042775800001,22,5.49071,2855.5671288000012,0
2020-09-12 11:30:00,519.87,522.8,519.63,522.8,39.22299,1599911999999,20457.9114787,117,35.20333,18366.8476618,0
2020-09-12 12:00:00,522.81,522.81,518.0,521.44,70.82093,1599913799999,36895.71135309999,153,24.353939999999998,12692.1028002,0
2020-09-12 12:30:00,520.71,524.95,519.24,523.14,109.55278,1599915599999,57197.197241199996,217,64.00106,33435.7899916,0
2020-09-12 13:00:00,523.12,527.07,516.97,518.37,303.47794,1599917399999,158128.5483909,743,101.29396,52761.579805,0
2020-09-12 13:30:00,517.41,517.41,497.7,504.56,1018.5404599999999,1599919199999,511709.6573733,1677,220.5694,110987.61163960001,0
2020-09-12 14:00:00,504.85,509.82,502.17,508.86,196.3455,1599920999999,99160.5639154,345,107.22868000000001,54183.23875669999,0
2020-09-12 14:30:00,508.99,511.75,507.68,511.72,83.17447,1599922799999,42400.5614393,188,49.842240000000004,25436.988335799997,0
2020-09-12 15:00:00,510.95,514.55,510.95,514.15,155.88061000000005,1599924599999,80012.2207833,239,115.53528999999999,59326.6938288,0
2020-09-12 15:30:00,514.12,515.89,512.67,513.65,42.838229999999996,1599926399999,22031.9776728,109,12.92783,6659.7116203999985,0
2020-09-12 16:00:00,513.64,513.89,510.59,511.64,72.12143,1599928199999,36914.5702486,124,17.9275,9187.600394,0
2020-09-12 16:30:00,511.7,516.13,511.7,511.86,78.8835,1599929999999,40560.2972942,111,35.33884000000001,18185.555779700004,0
2020-09-12 17:00:00,512.75,512.88,511.18,512.88,39.033590000000004,1599931799999,19996.7051069,110,22.78722,11678.1435229,0
2020-09-12 17:30:00,512.92,515.45,510.03,512.32,97.46367,1599933599999,49879.0987894,298,50.422909999999995,25831.7823726,0
2020-09-12 18:00:00,512.34,516.03,511.82,515.37,128.02478,1599935399999,65790.3788922,251,72.6742,37370.677572800014,0
2020-09-12 18:30:00,515.36,521.46,514.04,521.06,85.44759,1599937199999,44275.8913563,337,48.56201,25177.3718116,0
2020-09-12 19:00:00,521.07,522.34,516.04,516.04,87.38481999999998,1599938999999,45376.915448,225,26.620590000000004,13872.351145100001,0
2020-09-12 19:30:00,517.14,518.69,516.04,517.58,21.03211,1599940799999,10875.0674285,43,5.26463,2725.0728288,0
2020-09-12 20:00:00,517.58,518.19,515.88,516.64,28.355009999999996,1599942599999,14654.109131799998,50,10.430860000000001,5397.6069242,0
2020-09-12 20:30:00,517.53,518.01,513.01,516.23,67.56328,1599944399999,34846.0668062,93,18.75323,9664.2140131,0
2020-09-12 21:00:00,516.71,517.49,514.13,515.99,41.93584,1599946199999,21631.923695299996,55,22.207910000000002,11463.1416896,0
2020-09-12 21:30:00,515.71,516.34,515.16,515.16,16.085720000000002,1599947999999,8300.8102892,29,12.73409,6573.383999600002,0
2020-09-12 22:00:00,515.55,516.48,507.91,509.03,123.02668,1599949799999,62993.45447899999,190,47.09601,24093.1766274,0
2020-09-12 22:30:00,510.22,512.45,509.4,512.45,43.056129999999996,1599951599999,22003.7130128,68,30.87425,15786.242209,0
2020-09-12 23:00:00,511.98,512.94,509.17,509.22,63.59636999999999,1599953399999,32504.6836602,96,27.047929999999997,13839.2407907,0
2020-09-12 23:30:00,509.21,514.94,509.2,514.13,58.77578000000001,1599955199999,30108.276484900005,71,50.43177,25840.304748599996,0
2020-09-13 00:00:00,514.13,514.91,510.95,514.7,114.84438999999999,1599956999999,58899.286026300004,158,47.11639,24189.5087341,0
2020-09-13 00:30:00,513.8,515.0,511.62,514.64,82.76144000000002,1599958799999,42493.3655653,160,42.637879999999996,21913.7812052,0
2020-09-13 01:00:00,513.92,515.44,510.53,512.32,86.67523,1599960599999,44441.868759699995,131,22.948420000000002,11766.1311838,0
2020-09-13 01:30:00,511.21,513.4,511.21,511.98,26.44225,1599962399999,13551.664011899999,48,24.65077,12634.6245323,0
2020-09-13 02:00:00,510.37,510.37,507.7,508.47,37.2869,1599964199999,18970.2344795,69,15.54217,7902.240006800002,0
2020-09-13 02:30:00,508.79,510.33,506.94,508.33,87.34167,1599965999999,44422.313555,113,31.07033,15814.145705500001,0
2020-09-13 03:00:00,508.64,511.32,508.24,510.93,56.56476,1599967799999,28828.6230505,91,24.26396,12381.063457200002,0
2020-09-13 03:30:00,510.86,515.91,510.86,515.76,134.71764,1599969599999,69214.42915010001,214,70.44532,36153.1411478,0
2020-09-13 04:00:00,515.34,515.9,508.54,511.6,111.67983999999998,1599971399999,57066.5531227,207,50.3874,25739.3290334,0
2020-09-13 04:30:00,511.6,511.98,508.95,509.21,161.81823,1599973199999,82496.9821769,311,83.60171,42595.1447172,0
2020-09-13 05:00:00,509.21,509.94,505.29,506.76,167.60849,1599974999999,84955.42711789999,225,20.335539999999998,10314.915761299999,0
2020-09-13 05:30:00,505.86,507.0,504.04,504.69,158.48418999999996,1599976799999,80094.1586318,250,45.65116,23099.0581869,0
2020-09-13 06:00:00,506.29,514.6,505.0,508.13,217.1942,1599978599999,110690.4024462,359,123.44008000000001,62937.211824399994,0
2020-09-13 06:30:00,506.78,507.76,505.79,507.61,12.771189999999999,1599980399999,6469.6226395,54,4.67972,2372.9860769,0
2020-09-13 07:00:00,506.23,510.69,506.1,509.23,39.93011,1599982199999,20332.347002000002,60,24.70809,12585.3840444,0
2020-09-13 07:30:00,510.28,515.0,507.83,510.12,184.35554,1599983999999,94210.599118,349,75.96027,38851.7707073,0
2020-09-13 08:00:00,509.79,511.06,506.34,507.04,99.24554,1599985799999,50511.8088989,132,33.33678,16988.2211949,0
2020-09-13 08:30:00,507.12,510.96,505.65,509.81,87.08102,1599987599999,44245.8263397,174,54.000280000000004,27470.3940902,0
2020-09-13 09:00:00,509.27,509.65,508.0,508.0,35.18577,1599989399999,17905.348126900004,63,11.07843,5638.3165682,0
2020-09-13 09:30:00,508.0,508.58,500.24,503.14,193.35065,1599991199999,97370.3184217,271,75.0634,37778.714420599994,0
2020-09-13 10:00:00,503.34,506.0,498.06,501.32,325.44858999999997,1599992999999,163583.1718009,786,155.02972,78023.0621522,0
2020-09-13 10:30:00,501.41,508.04,501.41,505.38,115.33389,1599994799999,58258.7457834,232,87.06559,43979.1485133,0
2020-09-13 11:00:00,504.59,508.34,504.08,504.08,91.83284,1599996599999,46423.8549674,239,33.57826,16995.2241315,0
2020-09-13 11:30:00,504.14,504.14,496.38,498.67,250.45397000000003,1599998399999,125099.75927119999,495,90.10458,44988.720266000004,0
2020-09-13 12:00:00,498.47,501.77,493.2,501.77,176.44616000000005,1600000199999,87623.9070286,363,100.02173,49755.537409699995,0
2020-09-13 12:30:00,501.76,503.57,495.37,495.41,186.44653,1600001999999,93115.0200671,391,65.39698,32738.2247327,0
2020-09-13 13:00:00,495.37,500.85,491.02,500.36,146.25597,1600003799999,72579.46913989999,194,77.05769000000002,38296.355703099995,0
2020-09-13 13:30:00,500.48,501.37,497.34,500.35,72.89201,1600005599999,36447.8555568,142,42.09176,21065.5513167,0
2020-09-13 14:00:00,499.75,500.86,496.7,498.42,60.70186999999999,1600007399999,30263.312479199998,85,31.81239,15883.8060663,0
2020-09-13 14:30:00,497.27,500.58,496.59,499.53,26.24298,1600009199999,13086.1764581,37,15.78878,7883.1164646,0
2020-09-13 15:00:00,499.11,499.11,496.64,499.02,53.768719999999995,1600010999999,26766.392835299997,60,36.30887,18081.1817362,0
2020-09-13 15:30:00,497.66,499.25,486.9,489.11,136.95991999999998,1600012799999,67299.1247757,194,17.334220000000002,8571.992623600001,0
2020-09-13 16:00:00,488.63,489.27,483.14,484.44,233.32259,1600014599999,113339.6766316,316,115.84138999999999,56317.38267080001,0
2020-09-13 16:30:00,485.58,488.65,483.61,485.25,141.71488,1600016399999,68847.8802172,200,71.09347,34565.900971300005,0
2020-09-13 17:00:00,484.93,486.54,482.64,484.77,202.63074,1600018199999,98186.5847867,250,75.95939,36852.9127163,0
2020-09-13 17:30:00,484.95,493.08,484.73,491.34,191.35341,1600019999999,93738.1307832,215,131.39297,64384.25520630001,0
2020-09-13 18:00:00,491.36,492.49,490.03,490.2,51.94143,1600021799999,25485.55659940001,115,8.4268,4139.7912197,0
2020-09-13 18:30:00,490.02,490.02,488.29,489.84,38.53402,1600023599999,18861.3534066,63,15.81216,7741.6016693,0
2020-09-13 19:00:00,489.19,495.87,487.78,495.87,101.41324,1600025399999,49898.32035,212,86.77765,42722.4123261,0
2020-09-13 19:30:00,494.78,499.59,494.78,498.87,102.508,1600027199999,51002.0732582,212,41.05925,20430.608899400002,0
2020-09-13 20:00:00,497.81,498.87,494.96,496.89,86.64013,1600028999999,43059.3902531,136,23.824939999999998,11857.803383299999,0
2020-09-13 20:30:00,497.46,499.53,496.5,497.67,26.47032,1600030799999,13178.6114153,46,17.702560000000005,8818.9454401,0
2020-09-13 21:00:00,496.76,496.8,493.46,494.01,41.064840000000004,1600032599999,20326.6616411,80,10.23695,5071.256271,0
2020-09-13 21:30:00,493.78,498.48,493.23,494.76,60.83855,1600034399999,30171.401843199998,150,37.11804,18431.799671700002,0
2020-09-13 22:00:00,494.46,497.98,494.25,497.25,47.72368,1600036199999,23690.3401504,105,33.9617,16866.8275171,0
2020-09-13 22:30:00,497.25,499.49,496.43,498.91,22.06664,1600037999999,10991.089283700001,38,16.863970000000002,8406.2833097,0
2020-09-13 23:00:00,498.43,499.29,496.52,498.82,40.375840000000004,1600039799999,20106.3324596,64,14.241060000000001,7102.084080600002,0
2020-09-13 23:30:00,498.73,499.03,497.38,497.75,26.326959999999996,1600041599999,13116.1854292,69,16.41221,8179.3745066,0
2020-09-14 00:00:00,499.31,499.39,485.08,485.56,116.36907,1600043399999,57204.1036767,228,8.52872,4173.4524008,0
2020-09-14 00:30:00,485.55,486.28,481.19,484.42,178.02876,1600045199999,86132.76718760001,310,84.26971999999998,40803.16843380001,0
2020-09-14 01:00:00,485.04,487.8,484.99,486.81,82.31308,1600046999999,40049.30528630001,169,46.75715,22768.8283811,0
2020-09-14 01:30:00,487.68,488.95,485.47,488.79,56.9034,1600048799999,27737.7452972,100,31.76101,15499.5516456,0
2020-09-14 02:00:00,488.87,492.75,488.87,490.99,72.59342,1600050599999,35637.2524617,132,30.65679,15052.7738961,0
2020-09-14 02:30:00,490.99,490.99,486.96,489.32,35.94430999999999,1600052399999,17564.2001238,89,7.0614399999999975,3453.3585295999997,0
2020-09-14 03:00:00,490.26,490.92,488.61,490.81,32.53374,1600054199999,15940.8091146,61,8.526069999999999,4181.308888000001,0
2020-09-14 03:30:00,490.8,490.94,486.5,487.38,85.90003,1600055999999,41975.4028378,162,40.34117,19715.598512599998,0
2020-09-14 04:00:00,487.37,487.7,484.62,484.62,47.53498,1600057799999,23096.1524676,93,8.47562,4117.721853499998,0
2020-09-14 04:30:00,484.8,486.71,484.15,485.63,188.63126,1600059599999,91511.05308730001,182,130.14253,63151.197295800004,0
2020-09-14 05:00:00,485.46,486.51,482.35,485.25,72.34841,1600061399999,35045.435910800006,131,23.58761,11445.556174700001,0
2020-09-14 05:30:00,484.6,484.71,480.27,483.37,138.87013000000002,1600063199999,66924.2043641,163,39.66855,19140.8931978,0
2020-09-14 06:00:00,483.95,489.38,483.95,487.84,107.91026000000001,1600064999999,52563.3447388,175,48.8659,23795.442510099998,0
2020-09-14 06:30:00,487.79,488.7,484.44,484.66,77.56875,1600066799999,37760.8131614,155,20.760839999999998,10121.130013099999,0
2020-09-14 07:00:00,485.93,490.26,485.93,488.86,34.77381,1600068599999,16965.9969713,82,31.860020000000002,15543.1636507,0
2020-09-14 07:30:00,488.85,490.77,487.87,489.85,35.49888,1600070399999,17366.7191467,59,23.6644,11586.380683,0
2020-09-14 08:00:00,490.47,491.82,487.02,489.36,70.99046,1600072199999,34766.0775556,136,42.095729999999996,20642.5733551,0
2020-09-14 08:30:00,488.62,491.32,482.0,482.0,158.42892,1600073999999,77077.3373851,277,45.42235,22187.460230400004,0
2020-09-14 09:00:00,482.0,482.0,473.1,477.37,188.88228,1600075799999,90231.04727010001,368,46.97715,22430.658359200002,0
2020-09-14 09:30:00,477.82,479.85,475.79,479.82,54.41709,1600077599999,26000.1909057,133,35.7326,17084.4865504,0
2020-09-14 10:00:00,478.74,482.27,478.74,481.0,124.73441000000001,1600079399999,59953.4875293,188,93.55367,44967.17258080001,0
2020-09-14 10:30:00,481.0,483.38,478.08,482.83,87.50305999999998,1600081199999,42081.8319062,175,39.98423,19258.6121123,0
2020-09-14 11:00:00,482.18,486.56,481.94,486.39,108.96843,1600082999999,52752.3831292,148,51.93496,25172.759088299998,0
2020-09-14 11:30:00,485.53,487.96,485.53,486.62,47.66921,1600084799999,23188.9974498,77,24.14842,11755.647453799998,0
2020-09-14 12:00:00,487.9,489.28,486.05,487.35,65.17572,1600086599999,31818.846970099996,107,29.90813,14607.720133,0
2020-09-14 12:30:00,487.29,489.79,484.76,488.55,61.138059999999996,1600088399999,29768.27773780001,89,28.58339,13940.119481099999,0
2020-09-14 13:00:00,489.24,503.0,489.22,503.0,248.51183999999998,1600090199999,123658.7409635,457,171.42587,85295.87792639999,0
2020-09-14 13:30:00,502.34,516.38,501.65,515.08,456.51824000000005,1600091999999,232047.88381410003,734,274.24905,139429.5798531,0
2020-09-14 14:00:00,515.08,517.94,509.99,513.04,587.18494,1600093799999,301442.6760783,1058,262.56784,134933.5232086,0
2020-09-14 14:30:00,513.08,513.77,510.01,511.0,106.97886000000001,1600095599999,54781.477324399995,139,39.13268,20036.651784,0
2020-09-14 15:00:00,511.0,516.2,510.99,514.82,160.58049,1600097399999,82608.0222986,239,100.07904,51463.57699140001,0
2020-09-14 15:30:00,515.24,515.43,512.43,512.64,56.49103,1600099199999,29048.147826499997,114,26.820090000000004,13789.1000443,0
2020-09-14 16:00:00,513.05,513.8,502.12,503.89,308.63562,1600100999999,156631.5586251,607,102.98626,52184.817363999995,0
2020-09-14 16:30:00,504.27,506.19,503.51,505.42,75.39328,1600102799999,38060.5932219,190,46.08179000000001,23271.5462409,0
2020-09-14 17:00:00,505.42,505.94,500.15,502.64,128.20064,1600104599999,64445.60096769999,237,25.53901,12832.749410200002,0
2020-09-14 17:30:00,502.64,504.0,501.02,501.91,46.834540000000004,1600106399999,23529.2306928,75,28.77885,14464.4217738,0
2020-09-14 18:00:00,501.91,502.63,499.0,500.04,78.47967,1600108199999,39297.8584276,142,37.00526,18533.5433532,0
2020-09-14 18:30:00,500.3,502.74,498.72,499.04,128.65456,1600109999999,64436.4254095,244,87.03698,43627.5718792,0
2020-09-14 19:00:00,499.06,502.3,498.62,498.77,28.87075,1600111799999,14444.539176499999,104,18.1111,9066.117035500001,0
2020-09-14 19:30:00,498.57,502.94,498.24,499.71,58.57317,1600113599999,29332.1012704,133,31.12152,15600.1279787,0
2020-09-14 20:00:00,498.97,506.36,497.91,500.66,159.76057,1600115399999,80208.24827060003,310,67.52537,33926.073071700004,0
2020-09-14 20:30:00,500.33,501.27,499.3,499.75,67.43027,1600117199999,33731.818444,89,32.0538,16042.461644600002,0
2020-09-14 21:00:00,499.7,502.22,498.79,499.75,41.63641,1600118999999,20833.3625917,117,22.16549,11097.7596741,0
2020-09-14 21:30:00,499.75,502.44,498.81,500.43,39.60405,1600120799999,19832.612145099996,137,15.47114,7748.8755813000025,0
2020-09-14 22:00:00,500.74,501.38,497.83,498.77,66.93072,1600122599999,33385.103216,142,20.23395,10109.59239,0
2020-09-14 22:30:00,499.51,499.7,483.29,483.81,279.72938999999997,1600124399999,137475.99317539998,668,62.246790000000004,30659.712037,0
2020-09-14 23:00:00,483.56,485.09,479.31,482.54,123.50247,1600126199999,59517.800573500004,318,62.57629,30173.815519599997,0
2020-09-14 23:30:00,481.59,487.56,481.24,486.31,289.36261,1600127999999,140201.52265089998,413,174.95879,84773.88502819999,0
2020-09-15 00:00:00,486.55,488.45,484.9,486.45,82.78269,1600129799999,40269.5146072,234,21.10985,10276.8281063,0
2020-09-15 00:30:00,485.06,486.54,484.23,486.22,31.54903,1600131599999,15307.489925100002,84,5.34581,2595.3966181999995,0
2020-09-15 01:00:00,486.23,486.23,482.61,484.32,60.81831999999999,1600133399999,29443.402294200005,124,23.24147,11247.041436299998,0
2020-09-15 01:30:00,484.79,487.35,484.79,486.78,28.9314,1600135199999,14074.2806061,56,24.431910000000002,11886.055714700002,0
2020-09-15 02:00:00,485.72,489.31,483.35,488.64,86.9561,1600136999999,42245.5926668,162,51.39984000000001,24994.6081251,0
2020-09-15 02:30:00,488.61,494.42,487.91,492.5,133.54038,1600138799999,65604.47334889999,257,81.86140999999998,40225.1947638,0
2020-09-15 03:00:00,492.91,493.41,489.39,490.35,43.6018,1600140599999,21456.718677,111,14.085770000000002,6940.7939059,0
2020-09-15 03:30:00,489.91,490.73,485.72,486.94,54.63925,1600142399999,26684.362550499998,145,21.799139999999998,10665.923726,0
2020-09-15 04:00:00,486.63,486.85,483.56,484.57,68.51859,1600144199999,33254.392614599994,163,22.75018,11058.856464299999,0
2020-09-15 04:30:00,483.94,485.84,482.73,485.55,43.6463,1600145999999,21124.696697599997,106,22.29046,10802.921115000001,0
2020-09-15 05:00:00,484.87,486.48,484.28,486.26,14.03154,1600147799999,6811.9160559,37,7.19262,3497.3433695,0
2020-09-15 05:30:00,485.49,486.79,483.03,483.5,33.47979,1600149599999,16262.590134,112,16.21473,7885.1649729,0
2020-09-15 06:00:00,484.22,484.22,480.53,483.34,76.78526,1600151399999,37041.3734268,137,35.06111,16921.7017418,0
2020-09-15 06:30:00,483.19,487.2,481.99,486.99,63.42948000000001,1600153199999,30711.498941100002,114,46.95033,22747.495125,0
2020-09-15 07:00:00,486.89,488.29,483.41,488.29,75.24894,1600154999999,36509.666418400004,168,46.35559,22506.300407400002,0
2020-09-15 07:30:00,487.0,487.0,484.3,485.21,27.48181,1600156799999,13351.855725,60,2.18391,1059.8521867999998,0
2020-09-15 08:00:00,485.37,485.86,482.0,482.21,59.33595,1600158599999,28663.778846599995,129,8.3929,4061.6942282,0
2020-09-15 08:30:00,482.2,484.42,475.93,479.71,179.41256,1600160399999,86017.6771368,348,93.69801,44937.621985800004,0
2020-09-15 09:00:00,479.22,481.28,477.74,480.86,93.55975,1600162199999,44906.5911255,124,63.560559999999995,30520.702831200004,0
2020-09-15 09:30:00,480.46,486.61,480.41,486.61,76.01816,1600163999999,36797.0971349,144,49.65462,24016.7150233,0
2020-09-15 10:00:00,486.62,486.93,484.0,484.56,86.07916,1600165799999,41744.45894680001,96,43.3054,21005.8320672,0
2020-09-15 10:30:00,485.13,501.23,485.13,499.02,296.04048,1600167599999,146620.0691214,732,183.67737,90832.0165949,0
2020-09-15 11:00:00,499.89,499.9,493.47,494.43,112.03697,1600169399999,55636.9290979,226,32.07105,15947.0805188,0
2020-09-15 11:30:00,493.95,493.95,489.9,491.87,94.43576,1600171199999,46390.8826533,140,49.45499,24297.6385632,0
2020-09-15 12:00:00,492.59,494.91,491.7,494.21,73.8383,1600172999999,36444.946152599994,120,58.846940000000004,29048.797249299998,0
2020-09-15 12:30:00,494.59,496.0,491.86,492.7,80.01293000000003,1600174799999,39553.768499699996,142,35.7945,17713.8009657,0
2020-09-15 13:00:00,492.7,493.64,490.13,490.13,67.9723,1600176599999,33434.4277258,114,26.995279999999998,13295.1043743,0
2020-09-15 13:30:00,490.2,490.45,478.58,480.59,214.82724,1600178399999,103792.0653441,363,38.06901,18342.5099537,0
2020-09-15 14:00:00,478.82,481.89,474.72,477.45,142.09173,1600180199999,67968.3951961,301,55.35181,26521.0989656,0
2020-09-15 14:30:00,477.46,479.78,456.71,463.4,642.2972599999998,1600181999999,298670.3189552,1231,296.63955,137727.7239882,0
2020-09-15 15:00:00,463.34,468.11,462.77,463.31,230.6556,1600183799999,107318.8881989,223,105.91426000000001,49299.9937917,0
2020-09-15 15:30:00,463.22,465.5,460.67,465.31,91.4539,1600185599999,42288.2344899,128,41.94396,19425.961835,0
2020-09-15 16:00:00,464.11,465.63,457.38,460.64,121.36783,1600187399999,55951.4133338,178,49.878609999999995,23019.3922962,0
2020-09-15 16:30:00,459.66,464.49,459.45,464.41,48.3409,1600189199999,22352.8117958,65,34.065020000000004,15754.317821899998,0
2020-09-15 17:00:00,464.08,464.95,460.9,463.34,32.72837,1600190999999,15152.9111505,58,9.26111,4296.9965172,0
2020-09-15 17:30:00,463.34,466.3,461.93,466.3,35.51303,1600192799999,16477.2484418,54,28.528190000000002,13246.820086700001,0
2020-09-15 18:00:00,466.06,466.75,462.07,462.64,72.21437,1600194599999,33524.0469545,101,11.75892,5471.8486869,0
2020-09-15 18:30:00,462.15,462.15,460.14,461.78,56.253840000000004,1600196399999,25940.509436400003,72,12.3404,5696.221945800001,0
2020-09-15 19:00:00,461.27,461.63,458.44,461.06,56.69686,1600198199999,26067.12323020001,152,30.65235,14099.1775509,0
2020-09-15 19:30:00,460.72,461.9,457.73,461.89,67.11617,1600199999999,30885.4752277,115,36.98075,17039.1210794,0
2020-09-15 20:00:00,461.68,466.25,461.12,463.0,74.83543,1600201799999,34721.136858,140,44.54555,20668.6529546,0
2020-09-15 20:30:00,463.66,464.78,462.71,464.18,62.442190000000004,1600203599999,28945.6854692,82,22.7331,10553.385938,0
2020-09-15 21:00:00,464.08,464.51,461.16,461.16,25.37576,1600205399999,11739.428693200001,44,5.98639,2778.2194946,0
2020-09-15 21:30:00,462.04,466.12,462.04,465.94,52.27238,1600207199999,24286.917152500002,81,42.785759999999996,19882.501570200002,0
2020-09-15 22:00:00,465.95,466.95,463.99,466.95,71.56013,1600208999999,33324.5739028,98,38.52065,17943.7279242,0
2020-09-15 22:30:00,466.18,466.94,459.99,462.53,104.22755,1600210799999,48297.130481199994,205,17.8094,8270.408515899999,0
2020-09-15 23:00:00,461.83,461.83,453.07,454.0,318.87489,1600212599999,145727.04159100002,350,135.48764,61860.8303387,0
2020-09-15 23:30:00,454.03,456.0,452.57,453.63,197.76455,1600214399999,89769.29920800003,141,111.91062,50784.8592481,0
2020-09-16 00:00:00,453.91,454.5,441.46,442.76,269.79477,1600216199999,120937.46410889999,613,93.24965999999999,41823.034013899996,0
2020-09-16 00:30:00,442.76,447.64,438.52,446.27,217.43273,1600217999999,96472.57421260001,396,140.29748,62319.24045009999,0
2020-09-16 01:00:00,446.22,449.73,445.53,445.93,173.56703000000005,1600219799999,77817.9986485,281,91.99492,41304.1881955,0
2020-09-16 01:30:00,446.0,465.09,445.51,459.37,233.26887999999997,1600221599999,106469.418716,376,177.59535,80981.35283270001,0
2020-09-16 02:00:00,458.9,460.11,452.64,455.23,122.22115,1600223399999,55789.1629479,210,47.97704,21906.733100999998,0
2020-09-16 02:30:00,455.72,459.18,453.4,458.81,70.59637,1600225199999,32183.4473999,89,50.476929999999996,23036.12842070001,0
2020-09-16 03:00:00,458.81,464.73,456.6,462.5,152.12819,1600226999999,69945.01464339999,248,92.63986,42611.5557204,0
2020-09-16 03:30:00,462.35,462.86,458.54,460.03,94.24571,1600228799999,43398.148579,107,26.73643,12311.3707595,0
2020-09-16 04:00:00,459.69,465.82,459.68,464.71,45.67277,1600230599999,21190.205589099998,85,35.23604,16354.3231137,0
2020-09-16 04:30:00,465.78,466.98,462.18,463.35,182.16394,1600232399999,84468.7925183,132,93.96455999999999,43551.134709800004,0
2020-09-16 05:00:00,462.19,463.67,457.03,463.57,166.85011,1600234199999,76977.0057675,273,92.59653,42801.67244240001,0
2020-09-16 05:30:00,463.67,464.38,456.82,458.08,80.70044,1600235999999,37212.56481590001,172,10.36609,4792.897847,0
2020-09-16 06:00:00,459.1,459.13,457.62,457.95,18.72146,1600237799999,8585.4942456,67,8.57217,3935.5570045000004,0
2020-09-16 06:30:00,458.84,464.93,457.92,464.83,93.03369,1600239599999,42979.3167699,184,61.2887,28300.727232499998,0
2020-09-16 07:00:00,464.23,464.33,461.88,463.44,17.76241,1600241399999,8228.7599262,41,5.34091,2477.2840259,0
2020-09-16 07:30:00,464.24,467.94,463.72,466.84,86.22492,1600243199999,40158.3914745,172,49.23075,22952.5854775,0
2020-09-16 08:00:00,467.47,467.86,464.77,465.09,42.53351,1600244999999,19827.269527200002,95,14.83035,6918.9470027,0
2020-09-16 08:30:00,466.08,468.06,463.65,465.96,78.38504,1600246799999,36505.37773450001,172,29.18467,13612.8489753,0
2020-09-16 09:00:00,463.59,464.66,460.46,460.59,67.42130999999999,1600248599999,31216.33801330001,88,29.0275,13454.7849378,0
2020-09-16 09:30:00,460.53,463.31,460.33,461.46,35.74991,1600250399999,16518.180315399994,69,28.38692,13119.761526,0
2020-09-16 10:00:00,462.2,465.72,459.76,460.26,51.74783,1600252199999,23953.5700807,103,22.96844,10655.7919769,0
2020-09-16 10:30:00,460.32,460.55,457.52,458.27,63.364909999999995,1600253999999,29071.5564852,100,19.999670000000002,9178.4492821,0
2020-09-16 11:00:00,459.94,460.84,457.57,459.72,51.96521,1600255799999,23885.1124223,97,32.02434,14728.445451700001,0
2020-09-16 11:30:00,459.72,460.68,453.31,458.07,129.42703,1600257599999,59185.3097375,225,62.968019999999996,28840.442871099996,0
2020-09-16 12:00:00,460.15,464.58,458.16,463.95,139.14096,1600259399999,64115.2254134,253,72.9649,33680.1148865,0
2020-09-16 12:30:00,464.32,466.28,463.17,463.17,62.37007,1600261199999,28997.977356400002,115,25.63285,11922.0308488,0
2020-09-16 13:00:00,464.19,466.02,462.54,463.95,58.52816,1600262999999,27166.3292891,99,16.23647,7549.755007199998,0
2020-09-16 13:30:00,464.07,465.0,462.91,464.44,14.377379999999999,1600264799999,6674.7889355,31,7.9309699999999985,3685.3635839000003,0
2020-09-16 14:00:00,463.4,465.0,461.4,463.43,27.63024,1600266599999,12798.2842263,50,14.69563,6818.6311068,0
2020-09-16 14:30:00,462.54,464.28,461.61,462.96,50.05109,1600268399999,23163.457143,107,14.31531,6633.760312899999,0
2020-09-16 15:00:00,463.44,465.0,462.86,462.86,54.63666,1600270199999,25349.037205200002,116,37.54568,17431.3707276,0
2020-09-16 15:30:00,464.55,466.22,463.87,465.98,72.043,1600271999999,33501.3189527,117,41.4439,19282.034966299998,0
2020-09-16 16:00:00,465.67,470.73,464.9,469.16,239.55118,1600273799999,112065.5289029,378,147.87204,69234.0247601,0
2020-09-16 16:30:00,469.47,473.13,468.54,470.13,152.69969,1600275599999,71918.82688089999,197,80.71840999999998,38017.990981099996,0
2020-09-16 17:00:00,469.77,470.31,467.22,467.22,53.3925,1600277399999,25037.033804599996,119,18.639110000000002,8746.412385700001,0
2020-09-16 17:30:00,468.4,471.25,466.31,470.89,74.43972,1600279199999,34894.3212349,124,49.686209999999996,23316.5029093,0
2020-09-16 18:00:00,471.24,471.93,466.1,470.91,110.36043000000001,1600280999999,51775.519258199995,197,59.68281999999999,28034.15073440001,0
2020-09-16 18:30:00,470.42,472.17,467.89,468.91,48.40361,1600282799999,22773.47114640001,81,19.97639,9412.2355503,0
2020-09-16 19:00:00,469.02,469.65,466.49,468.96,80.45878,1600284599999,37661.43439140001,146,43.42261,20342.0043282,0
2020-09-16 19:30:00,468.6,472.2,468.6,470.87,124.44423,1600286399999,58489.93626930001,224,75.38714,35436.4704444,0
2020-09-16 20:00:00,470.83,474.29,468.06,471.55,80.9711,1600288199999,38155.3837905,181,48.57794000000001,22917.2052506,0
2020-09-16 20:30:00,473.16,474.34,470.73,473.21,52.71715,1600289999999,24925.689392,90,18.95182,8968.0532986,0
2020-09-16 21:00:00,473.19,475.17,472.68,474.32,62.06275,1600291799999,29431.3491946,103,40.19063,19077.1447278,0
2020-09-16 21:30:00,474.32,476.19,472.07,474.51,60.07208000000001,1600293599999,28495.499419,99,32.958,15642.4895683,0
2020-09-16 22:00:00,474.07,477.0,471.11,476.67,174.21116,1600295399999,82624.48580580001,268,85.15873,40445.59857900001,0
2020-09-16 22:30:00,476.11,477.79,475.48,476.49,68.55373,1600297199999,32677.1615343,145,36.99017,17643.5760907,0
2020-09-16 23:00:00,477.38,477.93,472.6,473.24,88.08592,1600298999999,41727.674982599994,75,25.59471,12127.6970159,0
2020-09-16 23:30:00,473.44,475.46,472.71,474.66,34.00963,1600300799999,16137.4159752,72,22.9287,10883.0707891,0
2020-09-17 00:00:00,474.06,481.57,472.13,481.12,148.28548999999995,1600302599999,70763.7301635,347,86.54921999999998,41298.4639371,0
2020-09-17 00:30:00,481.31,488.54,480.86,484.58,198.95685,1600304399999,96527.119158,536,110.36963,53580.5304563,0
2020-09-17 01:00:00,484.64,489.67,484.19,487.38,82.34222,1600306199999,40066.9649976,224,40.63375,19783.720977099998,0
2020-09-17 01:30:00,486.86,487.62,481.98,482.84,82.23371,1600307999999,39886.2284391,152,19.76666,9587.0366884,0
2020-09-17 02:00:00,482.83,482.83,476.0,478.85,66.33364,1600309799999,31791.6049204,187,30.28517,14520.529311200002,0
2020-09-17 02:30:00,478.08,482.79,478.08,480.96,84.58867,1600311599999,40703.181038099996,161,47.79161,22990.345540000002,0
2020-09-17 03:00:00,480.15,481.18,469.41,471.42,71.60645,1600313399999,34098.50402,158,11.2588,5339.1774677,0
2020-09-17 03:30:00,471.4,471.96,470.49,471.09,29.649070000000002,1600315199999,13980.003701399999,52,23.97012,11305.0539403,0
2020-09-17 04:00:00,470.44,473.24,468.22,473.19,69.65838000000001,1600316999999,32808.169372799995,108,31.33142,14775.6215532,0
2020-09-17 04:30:00,473.29,474.91,472.62,474.91,15.53315,1600318799999,7360.3891022,32,9.40932,4461.4634373,0
2020-09-17 05:00:00,475.57,479.1,474.75,479.0,64.61012,1600320599999,30843.3054183,146,48.43273,23132.9320074,0
2020-09-17 05:30:00,479.16,480.32,478.06,478.78,35.65408,1600322399999,17085.4740506,74,15.415,7395.779350100002,0
2020-09-17 06:00:00,479.75,480.25,472.58,472.58,62.88073000000001,1600324199999,29904.070301999996,111,5.46097,2613.0938188,0
2020-09-17 06:30:00,472.88,481.93,470.63,473.1,256.08752999999996,1600325999999,121787.6909523,515,124.47473000000001,59299.4105217,0
2020-09-17 07:00:00,474.36,477.71,474.36,475.97,32.62444,1600327799999,15539.985449599999,56,22.71985,10825.622071200001,0
2020-09-17 07:30:00,474.46,474.46,469.99,470.21,73.3259,1600329599999,34591.1875846,109,31.02688,14628.367954299998,0
2020-09-17 08:00:00,470.64,476.76,470.64,476.23,259.4518,1600331399999,122945.30114449999,295,157.42622,74568.59945169999,0
2020-09-17 08:30:00,475.55,477.21,473.21,473.21,49.09348,1600333199999,23343.0524488,77,25.48712,12129.968788,0
2020-09-17 09:00:00,473.75,477.78,472.72,475.27,39.611259999999994,1600334999999,18845.9212696,78,23.23154,11075.5006916,0
2020-09-17 09:30:00,474.01,478.13,474.01,476.89,29.80851,1600336799999,14221.367120899999,73,25.750999999999998,12291.1084206,0
2020-09-17 10:00:00,477.58,478.16,469.08,471.05,73.6271,1600338599999,34855.6892587,124,13.573039999999999,6439.2237353,0
2020-09-17 10:30:00,470.43,475.82,469.51,474.82,94.14393000000001,1600340399999,44533.0929629,161,66.74991,31611.581684400004,0
2020-09-17 11:00:00,474.9,476.78,474.36,476.07,29.64548,1600342199999,14097.783267899998,81,22.707929999999998,10802.972318600001,0
2020-09-17 11:30:00,476.69,480.18,476.69,478.8,38.65571,1600343999999,18498.021026599996,75,23.317339999999998,11159.4295888,0
2020-09-17 12:00:00,479.43,480.11,476.6,479.59,34.73653,1600345799999,16635.4929706,83,23.424310000000002,11224.333343200002,0
2020-09-17 12:30:00,478.83,481.43,477.31,479.01,51.55146,1600347599999,24727.458754799998,87,21.116,10146.5517833,0
2020-09-17 13:00:00,478.02,487.68,476.5,486.45,167.53733,1600349399999,80678.29148089999,343,103.29503000000001,49804.6422563,0
2020-09-17 13:30:00,486.45,488.04,483.01,488.04,132.2178,1600351199999,64278.9791196,189,59.33416999999999,28875.729108,0
2020-09-17 14:00:00,488.0,489.3,484.21,484.65,115.34601,1600352999999,56212.3021809,222,52.94675,25855.4772136,0
2020-09-17 14:30:00,485.52,487.05,479.71,483.67,195.76426,1600354799999,94633.4506749,357,89.05584,43090.35646230001,0
2020-09-17 15:00:00,483.41,487.61,483.41,484.47,64.47438000000001,1600356599999,31301.8482626,100,51.01344,24777.6162854,0
2020-09-17 15:30:00,484.39,485.7,483.11,483.68,60.49579,1600358399999,29297.434837,87,20.25729,9825.5295931,0
2020-09-17 16:00:00,485.11,485.11,477.71,478.16,107.5382,1600360199999,51758.078009,181,34.54169,16660.9383285,0
2020-09-17 16:30:00,479.42,490.66,478.84,486.85,135.26611,1600361999999,65535.509254900004,374,104.38124,50536.735649199996,0
2020-09-17 17:00:00,487.0,488.23,474.66,477.24,240.74086,1600363799999,115647.2286941,383,65.37201,31442.808035400005,0
2020-09-17 17:30:00,477.46,478.86,476.75,477.72,20.70883,1600365599999,9903.4555826,41,16.44044,7865.4693463,0
2020-09-17 18:00:00,477.76,483.07,477.64,482.79,99.3915,1600367399999,47810.7061135,197,57.75884,27757.7215943,0
2020-09-17 18:30:00,482.48,482.7,478.69,481.14,43.7773,1600369199999,21041.756992900002,72,1.7983799999999999,865.5927812000001,0
2020-09-17 19:00:00,481.76,483.23,480.4,483.23,57.132130000000004,1600370999999,27539.5644815,78,49.35447,23797.305689700002,0
2020-09-17 19:30:00,482.28,483.23,481.74,482.85,309.66031,1600372799999,149436.83115399998,463,191.1796,92293.6170716,0
2020-09-17 20:00:00,482.56,556.16,482.56,490.57,5894.981970000003,1600374599999,3019326.2657305,10005,4007.81483,2051441.0315810002,0
2020-09-17 20:30:00,491.0,492.2,483.73,488.48,1185.4984,1600376399999,578267.3223378,2065,725.82649,353983.3751196,0
2020-09-17 21:00:00,488.12,491.73,485.7,491.6,284.2623200000001,1600378199999,138973.4325086,606,152.60949,74679.81887110001,0
2020-09-17 21:30:00,491.61,498.0,489.97,496.3,149.7722,1600379999999,74085.2692057,228,81.00564,40074.473930800006,0
2020-09-17 22:00:00,496.04,499.0,494.48,499.0,188.2604,1600381799999,93615.76309380001,240,150.56202,74848.55514099999,0
2020-09-17 22:30:00,499.0,502.66,497.24,499.0,150.93346,1600383599999,75392.5290145,309,103.50952,51734.31645309999,0
2020-09-17 23:00:00,499.0,504.99,496.76,504.98,121.68108000000001,1600385399999,60988.933330199994,223,80.55721,40413.25379069999,0
2020-09-17 23:30:00,505.0,507.11,502.11,502.33,181.96112,1600387199999,91776.6566398,355,82.19488,41494.039101300004,0
2020-09-18 00:00:00,503.14,506.18,501.76,505.0,76.93070999999998,1600388999999,38799.030536800004,141,32.46928,16401.425318,0
2020-09-18 00:30:00,504.0,504.44,498.9,501.58,162.51311,1600390799999,81421.5079538,198,70.35961,35210.614742800004,0
2020-09-18 01:00:00,502.24,502.39,489.8,491.98,234.6504,1600392599999,116014.1341494,367,107.63037,53093.8997116,0
2020-09-18 01:30:00,491.98,492.58,486.13,487.2,141.02695,1600394399999,69030.5309522,244,33.40635,16359.479642299995,0
2020-09-18 02:00:00,487.38,495.48,487.38,495.15,92.91287,1600396199999,45624.1818966,132,66.73985,32802.1370847,0
2020-09-18 02:30:00,495.32,498.87,493.03,496.12,56.06765,1600397999999,27814.885888099998,150,35.46487,17618.430214400007,0
2020-09-18 03:00:00,496.35,498.29,494.94,497.2,45.54973,1600399799999,22603.7794235,89,24.8506,12335.199245799999,0
2020-09-18 03:30:00,498.13,499.33,497.55,499.26,30.8492,1600401599999,15383.6782503,73,19.72918,9842.772248899999,0
2020-09-18 04:00:00,498.53,498.88,493.32,494.22,124.44191000000001,1600403399999,61656.4548097,201,67.73723000000001,33593.24896970001,0
2020-09-18 04:30:00,495.71,497.33,493.19,493.19,79.86591999999997,1600405199999,39521.3811523,136,25.40075,12585.637217,0
2020-09-18 05:00:00,494.26,496.28,494.01,496.15,26.73715,1600406999999,13230.811714200001,56,23.40571,11582.5794573,0
2020-09-18 05:30:00,496.16,500.22,496.16,497.55,131.80705,1600408799999,65744.03783759999,185,67.47485,33655.2271944,0
2020-09-18 06:00:00,497.69,497.78,494.63,495.78,59.07629,1600410599999,29320.9182987,84,24.7233,12282.098230299998,0
2020-09-18 06:30:00,494.91,498.74,494.73,497.28,136.23408,1600412399999,67677.1366001,172,83.14128000000002,41312.1759063,0
2020-09-18 07:00:00,497.28,497.28,494.81,495.66,26.70863,1600414199999,13239.078142100001,54,11.44513,5678.4415951,0
2020-09-18 07:30:00,495.68,495.96,491.28,492.05,97.47369,1600415999999,48107.724670899996,209,35.79878,17686.9882968,0
2020-09-18 08:00:00,491.92,491.92,488.14,491.24,69.90193000000001,1600417799999,34256.2788653,128,25.76417,12642.8456252,0
2020-09-18 08:30:00,491.09,492.99,490.52,492.97,50.33003,1600419599999,24757.962679099997,69,18.97045,9339.5672404,0
2020-09-18 09:00:00,492.95,493.14,492.13,492.53,28.25092,1600421399999,13918.7787525,41,21.44332,10566.4091326,0
2020-09-18 09:30:00,492.53,494.3,492.49,493.11,97.22922,1600423199999,47971.3255936,127,44.54875,21984.7136395,0
2020-09-18 10:00:00,493.07,496.77,492.89,496.64,25.90948,1600424999999,12824.7704809,62,16.22777,8043.3291507,0
2020-09-18 10:30:00,496.73,498.91,496.53,497.72,44.10638,1600426799999,21952.414692200004,90,25.121660000000002,12502.5788499,0
2020-09-18 11:00:00,498.66,502.48,498.08,501.59,80.40184,1600428599999,40256.287414499995,162,65.74983,32930.6850588,0
2020-09-18 11:30:00,501.14,503.14,500.35,502.18,44.15142,1600430399999,22158.379953599997,106,15.282060000000001,7674.751701800001,0
2020-09-18 12:00:00,502.42,505.08,498.61,501.93,164.6897,1600432199999,82643.5761243,258,69.13642,34719.575909,0
2020-09-18 12:30:00,501.9,504.8,500.8,501.33,67.24741999999999,1600433999999,33843.8278545,90,27.1645,13682.750656799999,0
2020-09-18 13:00:00,501.18,504.8,500.8,503.46,59.55383000000001,1600435799999,29924.270508899997,78,50.13527,25194.6661408,0
2020-09-18 13:30:00,503.93,503.94,497.23,499.0,120.64491000000001,1600437599999,60444.3491977,158,35.54469,17804.336009900002,0
2020-09-18 14:00:00,497.74,502.78,497.74,501.05,68.66441999999999,1600439399999,34402.693554000005,117,38.899409999999996,19483.9941537,0
2020-09-18 14:30:00,502.13,502.79,501.15,501.33,25.53164,1600441199999,12814.5504309,54,12.11524,6087.1838451,0
2020-09-18 15:00:00,500.95,501.41,492.37,495.39,106.00707,1600442999999,52592.4345579,168,10.00698,4988.508323300001,0
2020-09-18 15:30:00,494.43,498.16,492.95,497.53,93.38795999999999,1600444799999,46277.777726,161,65.47334000000001,32447.4602051,0
2020-09-18 16:00:00,497.53,499.33,493.79,497.77,92.32571999999999,1600446599999,45842.968826599994,170,50.11144,24918.474069,0
2020-09-18 16:30:00,497.76,500.55,497.76,498.7,52.20057,1600448399999,26054.6723151,94,29.14657,14553.795141799998,0
2020-09-18 17:00:00,498.63,498.63,489.53,489.53,154.53316,1600450199999,76328.05232130001,280,52.03797,25697.922611500002,0
2020-09-18 17:30:00,489.93,489.93,481.6,483.45,201.41825,1600451999999,97609.2401376,420,88.44391999999998,42867.494435800014,0
2020-09-18 18:00:00,484.35,484.51,479.82,480.1,77.20679,1600453799999,37161.081128300015,151,27.180490000000002,13085.095121600001,0
2020-09-18 18:30:00,480.59,487.92,480.59,486.44,90.96646,1600455599999,44095.9021302,182,53.153969999999994,25718.4324627,0
2020-09-18 19:00:00,486.18,488.42,483.86,486.93,66.01033000000001,1600457399999,32132.623548699998,134,25.665229999999998,12503.242752799999,0
2020-09-18 19:30:00,487.94,489.59,484.95,489.1,78.58288,1600459199999,38295.1444644,158,34.30598,16741.551112999998,0
2020-09-18 20:00:00,488.23,490.6,484.03,490.5,81.22691999999998,1600460999999,39634.4769523,165,49.97339,24418.887414700002,0
2020-09-18 20:30:00,490.03,491.35,488.89,490.31,42.4558,1600462799999,20802.862497,63,10.337810000000001,5075.0122055,0
2020-09-18 21:00:00,490.28,491.15,489.72,490.23,8.41715,1600464599999,4125.1390004,15,0.51648,253.278127,0
2020-09-18 21:30:00,490.39,491.68,489.72,489.88,18.86415,1600466399999,9260.795842,47,14.76414,7250.7355442,0
2020-09-18 22:00:00,491.11,491.89,490.22,491.41,12.93943,1600468199999,6352.0950711999985,29,3.7827699999999997,1858.4062512000005,0
2020-09-18 22:30:00,491.61,492.61,490.83,491.81,27.99175,1600469999999,13764.9112569,48,17.75379,8736.7669213,0
2020-09-18 23:00:00,491.82,494.02,489.47,490.01,121.37313,1600471799999,59649.7534788,146,53.486869999999996,26300.8382749,0
2020-09-18 23:30:00,491.48,500.45,491.48,499.37,76.78878,1600473599999,38090.1204223,148,74.58784,36995.3116727,0
2020-09-19 00:00:00,499.51,499.61,495.3,497.95,78.22232,1600475399999,38925.42991280001,119,19.79804,9854.9729998,0
2020-09-19 00:30:00,497.41,498.69,495.84,495.84,60.203630000000004,1600477199999,29940.5159139,89,14.303020000000002,7129.0445889,0
2020-09-19 01:00:00,495.71,495.71,493.1,493.97,42.8108,1600478999999,21176.551796,69,24.38044,12061.899583,0
2020-09-19 01:30:00,495.04,495.51,493.31,494.63,31.43055,1600480799999,15537.2789236,63,15.117379999999999,7479.6627494,0
2020-09-19 02:00:00,494.78,499.04,494.78,498.85,61.45989,1600482599999,30501.378260600002,92,57.45757,28518.0515382,0
2020-09-19 02:30:00,498.85,500.1,498.07,500.02,68.07009000000001,1600484399999,33975.05104100001,121,25.635,12807.4778933,0
2020-09-19 03:00:00,500.1,500.37,496.46,497.2,21.326060000000002,1600486199999,10622.126228000001,46,4.76764,2379.4322596,0
2020-09-19 03:30:00,496.86,499.43,496.05,499.43,29.66136,1600487999999,14768.4165863,45,25.6052,12754.1635422,0
2020-09-19 04:00:00,499.44,500.35,498.86,500.34,9.01962,1600489799999,4508.3088331,27,5.8135900000000005,2906.5969935,0
2020-09-19 04:30:00,499.6,500.49,499.21,499.64,15.93808,1600491599999,7965.0909117,28,4.85842,2429.9547387,0
2020-09-19 05:00:00,500.02,500.99,498.16,498.92,80.44896,1600493399999,40221.997378199994,101,44.6864,22361.1881443,0
2020-09-19 05:30:00,498.92,499.97,496.49,498.41,41.32748,1600495199999,20592.511408099996,68,12.37063,6181.2737586,0
2020-09-19 06:00:00,498.41,499.58,495.71,495.9,28.295920000000002,1600496999999,14083.6364981,59,14.17663,7062.6641378999975,0
2020-09-19 06:30:00,496.45,500.2,496.45,499.7,19.02378,1600498799999,9502.419652399998,34,18.84004,9410.7128774,0
2020-09-19 07:00:00,499.77,500.5,494.71,494.97,29.707520000000002,1600500599999,14767.906283200002,74,8.29466,4143.5690004,0
2020-09-19 07:30:00,496.06,496.51,493.35,493.35,19.17308,1600502399999,9483.6610134,48,2.93607,1454.0684958,0
2020-09-19 08:00:00,493.87,499.0,493.15,497.71,80.88452,1600504199999,40050.978486500004,160,45.60471,22591.743089099997,0
2020-09-19 08:30:00,497.24,505.34,496.83,505.21,98.36811999999999,1600505999999,49313.6698411,224,81.02078,40610.0566321,0
2020-09-19 09:00:00,505.22,510.0,504.75,509.54,169.4589,1600507799999,86037.2725007,400,110.15396000000001,55893.4744118,0
2020-09-19 09:30:00,510.21,513.88,509.01,513.25,160.31178,1600509599999,82053.1026863,398,59.822359999999996,30626.720116000004,0
2020-09-19 10:00:00,513.19,523.97,508.0,522.58,254.31682,1600511399999,131104.69307100002,625,139.35941,72072.0400405,0
2020-09-19 10:30:00,523.05,523.61,514.94,519.15,129.54189,1600513199999,67300.23378960001,261,63.12772,32767.050092299996,0
2020-09-19 11:00:00,518.34,522.32,518.34,521.43,217.85466,1600514999999,113443.30622589999,314,77.03958,40129.9291041,0
2020-09-19 11:30:00,521.83,524.36,520.01,522.35,152.72054,1600516799999,79863.84518039999,246,77.84612,40712.331791900004,0
2020-09-19 12:00:00,522.67,524.37,517.26,518.84,111.75473999999998,1600518599999,58127.108233000006,232,41.987320000000004,21836.196574200007,0
2020-09-19 12:30:00,518.81,520.71,516.2,520.48,70.09733,1600520399999,36359.93961730001,165,45.93474000000001,23836.6365297,0
2020-09-19 13:00:00,520.64,523.48,520.14,523.16,72.20065,1600522199999,37665.248616199984,176,37.144870000000004,19398.963807099997,0
2020-09-19 13:30:00,522.52,523.98,517.48,519.07,103.66575,1600523999999,53882.1566385,158,23.48511,12209.9835388,0
2020-09-19 14:00:00,517.85,518.31,515.71,515.71,24.91171,1600525799999,12893.137782700001,57,13.746129999999999,7119.712507100001,0
2020-09-19 14:30:00,516.27,517.59,515.55,516.66,48.22058,1600527599999,24916.513111,97,32.0128,16551.889048600002,0
2020-09-19 15:00:00,516.72,517.73,515.82,516.66,93.9149,1600529399999,48517.7808187,198,45.00186,23251.7688304,0
2020-09-19 15:30:00,515.87,518.11,514.69,518.11,17.489279999999994,1600531199999,9018.0155641,47,2.18241,1128.7645066,0
2020-09-19 16:00:00,518.11,521.61,517.58,518.82,43.4689,1600532999999,22582.3801785,103,23.6715,12310.4860267,0
2020-09-19 16:30:00,518.8,520.09,517.27,518.66,19.11498,1600534799999,9912.0549825,32,6.18034,3210.7355449,0
2020-09-19 17:00:00,519.2,532.42,519.15,529.99,145.21286,1600536599999,76579.6260115,485,111.59666999999999,58783.8917671,0
2020-09-19 17:30:00,530.53,532.05,518.9,524.54,282.21873999999997,1600538399999,148818.33966,333,82.13681,43258.5108445,0
2020-09-19 18:00:00,524.17,527.26,519.41,527.26,126.00933,1600540199999,65892.3507509,230,72.58386,38020.0874376,0
2020-09-19 18:30:00,527.61,528.47,523.2,528.3,99.04401,1600541999999,52144.5213768,203,55.07906,29034.2227259,0
2020-09-19 19:00:00,528.66,530.02,525.3,525.62,67.02261,1600543799999,35372.1737013,107,38.10935,20128.421008200006,0
2020-09-19 19:30:00,526.32,530.71,526.32,529.96,112.86471,1600545599999,59732.95198,184,39.9442,21119.391001400007,0
2020-09-19 20:00:00,529.96,529.96,527.19,528.26,45.03982,1600547399999,23815.475903900002,66,13.133529999999999,6936.2729428,0
2020-09-19 20:30:00,527.3,528.22,517.26,517.63,193.13638,1600549199999,101250.4459349,283,55.71228000000001,29362.060187199997,0
2020-09-19 21:00:00,517.62,518.19,515.68,517.6,147.62946000000005,1600550999999,76193.8045256,150,123.51823999999999,63743.07768119999,0
2020-09-19 21:30:00,517.61,517.61,514.62,515.13,23.1491,1600552799999,11945.640606899999,51,4.33979,2243.7107185,0
2020-09-19 22:00:00,515.13,515.48,510.29,513.09,79.23775,1600554599999,40634.7154951,152,33.580659999999995,17231.2538692,0
2020-09-19 22:30:00,512.01,513.41,511.99,512.51,22.01364,1600556399999,11293.5522661,57,14.05569,7213.9789358,0
2020-09-19 23:00:00,513.14,513.19,510.62,512.5,27.6079,1600558199999,14127.278059299999,53,11.36151,5821.6600799,0
2020-09-19 23:30:00,512.63,513.58,512.62,512.63,6.2064699999999995,1600559999999,3182.419834600001,20,1.7828099999999998,914.75553,0
2020-09-20 00:00:00,512.63,512.63,510.33,510.97,22.986520000000002,1600561799999,11750.2941702,51,9.966460000000001,5094.5199891,0
2020-09-20 00:30:00,510.97,515.25,510.3,513.77,45.55545,1600563599999,23372.5783351,95,33.55191,17210.5882773,0
2020-09-20 01:00:00,513.76,513.76,501.23,504.76,276.67106,1600565399999,140623.5320982,406,102.08169000000001,51909.779772,0
2020-09-20 01:30:00,504.72,504.92,501.58,504.39,84.76124,1600567199999,42713.4046894,81,62.878809999999994,31697.8042457,0
2020-09-20 02:00:00,503.55,505.79,503.32,505.79,30.231609999999996,1600568999999,15258.4054568,46,28.21971,14244.5786442,0
2020-09-20 02:30:00,504.51,505.57,503.47,503.47,39.67205,1600570799999,19994.958583300002,82,4.81533,2426.5279126,0
2020-09-20 03:00:00,503.56,505.01,502.22,504.5,41.42021,1600572599999,20865.8678719,65,20.04854,10108.1076775,0
2020-09-20 03:30:00,504.6,504.82,501.57,501.57,17.74126,1600574399999,8930.535801,57,5.85771,2955.4439071999996,0
2020-09-20 04:00:00,501.46,501.46,498.88,500.32,49.75781,1600576199999,24874.3449906,105,7.8813,3941.6943997000003,0
2020-09-20 04:30:00,500.31,508.07,498.86,503.98,125.89111000000001,1600577999999,63410.14282459999,272,89.88299,45251.4003759,0
2020-09-20 05:00:00,504.86,510.06,499.61,507.86,244.08556000000002,1600579799999,123302.0378144,584,144.0935,72882.77179839999,0
2020-09-20 05:30:00,507.34,507.65,504.88,506.02,52.86645,1600581599999,26749.6834092,71,26.8232,13574.8138232,0
2020-09-20 06:00:00,505.49,506.47,504.39,505.73,19.00767,1600583399999,9610.334444499998,47,11.58352,5861.4645618999975,0
2020-09-20 06:30:00,504.53,505.84,498.89,500.32,161.5539,1600585199999,81066.8290854,252,40.879909999999995,20553.8107688,0
2020-09-20 07:00:00,499.11,502.82,499.11,501.09,22.54206,1600586999999,11299.881523600001,43,20.67122,10360.9754861,0
2020-09-20 07:30:00,501.73,501.95,497.99,498.81,27.90175,1600588799999,13938.701409600002,49,4.72636,2366.4097581,0
2020-09-20 08:00:00,498.67,501.41,497.59,498.93,48.34646,1600590599999,24149.0484079,96,25.86078,12924.599323299999,0
2020-09-20 08:30:00,499.44,500.05,495.07,495.28,39.74132,1600592399999,19739.1230128,96,4.67338,2327.1592757,0
2020-09-20 09:00:00,495.16,495.89,488.92,488.92,115.32471000000001,1600594199999,56815.198798699996,187,17.848779999999994,8776.4719415,0
2020-09-20 09:30:00,489.5,494.88,489.32,494.88,102.39237,1600595999999,50418.11193,133,66.45515999999999,32726.583279799997,0
2020-09-20 10:00:00,494.71,494.73,491.84,492.93,35.32601,1600597799999,17422.4050578,55,1.6232,800.8173757999997,0
2020-09-20 10:30:00,492.93,496.12,492.93,495.98,18.9997,1600599599999,9400.1733394,44,10.39552,5144.0524914,0
2020-09-20 11:00:00,495.7,496.14,494.75,496.14,16.331979999999998,1600601399999,8087.9258689,36,2.83467,1404.9439207,0
2020-09-20 11:30:00,496.14,496.33,495.23,496.33,20.77908,1600603199999,10308.144849200002,28,10.10186,5012.0903338,0
2020-09-20 12:00:00,496.51,496.51,485.49,487.14,90.73343,1600604999999,44412.0565863,199,15.57051,7588.1570396,0
2020-09-20 12:30:00,486.32,487.16,485.02,485.68,66.76415,1600606799999,32447.478058700002,139,34.54345,16799.4864752,0
2020-09-20 13:00:00,485.09,485.48,476.05,484.27,401.70583,1600608599999,192800.97510429999,573,214.70477000000002,102975.7955471,0
2020-09-20 13:30:00,484.37,485.9,482.9,484.14,119.98156999999999,1600610399999,58129.00440319999,126,54.36772,26347.929720400003,0
2020-09-20 14:00:00,483.23,483.23,477.65,477.87,49.38964,1600612199999,23733.500433,100,3.1322400000000004,1508.9509838,0
2020-09-20 14:30:00,477.85,480.9,477.81,479.35,47.11991,1600613999999,22581.758861000002,81,38.33799000000001,18376.1846615,0
2020-09-20 15:00:00,478.72,485.02,476.42,480.84,163.59705,1600615799999,78513.5626666,293,89.73853000000004,43026.8159356,0
2020-09-20 15:30:00,480.51,481.9,477.66,478.05,47.806940000000004,1600617599999,22926.180118,78,14.05008,6747.0413693,0
2020-09-20 16:00:00,477.89,478.35,465.49,466.68,197.52965,1600619399999,93309.2112223,415,62.175,29456.0892995,0
2020-09-20 16:30:00,467.09,476.75,465.49,476.75,143.20627,1600621199999,67522.0937853,284,108.3817,51117.9850962,0
2020-09-20 17:00:00,475.69,478.35,475.43,476.0,18.8347,1600622999999,8982.0507861,66,9.80978,4684.102213100001,0
2020-09-20 17:30:00,477.23,481.92,477.23,481.36,81.07141999999997,1600624799999,38918.8343866,230,45.316309999999994,21767.3208009,0
2020-09-20 18:00:00,480.92,481.65,479.06,479.07,31.17237,1600626599999,14974.8989537,74,7.11015,3421.3567776999994,0
2020-09-20 18:30:00,480.15,480.97,479.64,480.38,20.68318,1600628399999,9932.1512287,36,15.12776,7265.1681552,0
2020-09-20 19:00:00,480.54,480.78,478.89,479.92,21.78955,1600630199999,10462.188805299998,38,13.5864,6525.9206514,0
2020-09-20 19:30:00,480.36,480.59,477.95,477.95,34.58283,1600631999999,16575.3730774,53,24.384539999999998,11694.3816589,0
2020-09-20 20:00:00,479.2,479.2,475.1,475.22,38.47205,1600633799999,18344.3111081,76,5.31291,2532.4599396,0
2020-09-20 20:30:00,475.83,476.11,474.0,474.0,31.665259999999996,1600635599999,15030.8786787,47,4.0991,1950.6523875999999,0
2020-09-20 21:00:00,474.0,475.34,471.41,475.11,61.05878000000001,1600637399999,28921.8221065,86,36.63478,17375.6734129,0
2020-09-20 21:30:00,475.15,475.34,473.66,473.66,9.74864,1600639199999,4629.2469179,25,6.52226,3097.5478508,0
2020-09-20 22:00:00,474.22,474.55,468.17,469.35,92.31453,1600640999999,43496.229531699995,160,24.16639,11404.584623899998,0
2020-09-20 22:30:00,468.94,474.01,467.83,472.03,65.31819,1600642799999,30787.7531524,111,41.64177,19635.3845645,0
2020-09-20 23:00:00,472.32,475.81,472.32,475.59,55.32144,1600644599999,26236.4140986,92,45.30785,21491.926389300002,0
2020-09-20 23:30:00,475.82,476.61,473.69,475.26,32.47334,1600646399999,15431.4316713,73,10.952119999999999,5207.734459800001,0
2020-09-21 00:00:00,474.98,477.72,470.74,477.3,115.35167,1600648199999,54624.08717080001,180,65.95959,31305.095227599995,0
2020-09-21 00:30:00,477.49,483.04,476.97,481.37,81.76037,1600649999999,39246.9129808,169,42.25817,20283.8336533,0
2020-09-21 01:00:00,481.37,485.17,480.62,485.03,74.83733000000002,1600651799999,36167.503032199995,146,36.582359999999994,17681.177248099993,0
2020-09-21 01:30:00,485.14,485.47,483.59,483.75,73.94096,1600653599999,35840.384327499996,84,19.21882,9318.2763287,0
2020-09-21 02:00:00,484.3,485.9,483.49,485.38,35.21719,1600655399999,17078.096603600006,87,26.12728,12677.1355582,0
2020-09-21 02:30:00,485.0,485.52,481.69,483.19,65.86621,1600657199999,31824.0679194,104,13.679260000000001,6605.778635600002,0
2020-09-21 03:00:00,482.69,483.02,481.94,483.0,5.19853,1600658999999,2508.6929608000005,15,4.10351,1980.5241939,0
2020-09-21 03:30:00,482.99,486.06,482.99,485.31,90.51205,1600660799999,43875.176616000004,136,60.53768,29334.2080161,0
2020-09-21 04:00:00,485.3,486.73,485.27,486.7,27.34825,1600662599999,13286.0307425,55,11.27721,5480.7671919,0
2020-09-21 04:30:00,486.65,486.96,485.22,485.71,55.85963,1600664399999,27173.642497099994,163,33.07293,16102.1365784,0
2020-09-21 05:00:00,486.57,486.57,483.32,485.0,10.16088,1600666199999,4918.275870699998,17,1.49248,723.1889474999997,0
2020-09-21 05:30:00,484.4,486.02,484.15,484.95,9.926630000000001,1600667999999,4817.1414298,18,7.8015,3786.1243025,0
2020-09-21 06:00:00,486.24,488.17,485.26,485.26,66.92846,1600669799999,32596.322077599998,119,42.64798,20783.839604,0
2020-09-21 06:30:00,485.66,486.02,483.84,484.91,33.33777,1600671599999,16164.5064295,70,7.8044100000000025,3786.3909005,0
2020-09-21 07:00:00,484.58,486.04,481.66,482.45,56.34964,1600673399999,27228.8856574,77,12.65147,6134.5641906,0
2020-09-21 07:30:00,482.46,482.46,478.34,478.35,34.1129,1600675199999,16370.3912454,82,7.82712,3757.9619605999997,0
2020-09-21 08:00:00,479.89,479.89,470.63,473.94,198.56892,1600676999999,94190.0055514,356,94.1492,44629.671712999996,0
2020-09-21 08:30:00,473.53,477.14,467.95,472.42,355.03202000000016,1600678799999,167632.2955339,510,192.05776,90756.1288321,0
2020-09-21 09:00:00,471.53,473.34,455.53,461.85,255.84962000000002,1600680599999,119283.17208730002,439,85.85449,40088.2716264,0
2020-09-21 09:30:00,461.55,468.62,451.28,453.92,502.7552,1600682399999,231310.4740994,893,256.06957,118055.9227638,0
2020-09-21 10:00:00,452.56,463.58,450.0,461.09,552.12763,1600684199999,252364.96960220003,1269,286.97726,131581.1055067,0
2020-09-21 10:30:00,461.09,466.13,459.7,464.69,311.0043100000001,1600685999999,144063.38813900002,589,162.06213,75062.88434349999,0
2020-09-21 11:00:00,463.26,465.97,454.12,458.97,321.17406,1600687799999,147608.38358670002,462,159.8477,73643.58379369999,0
2020-09-21 11:30:00,458.51,462.46,454.99,461.3,191.23555,1600689599999,87746.6838035,302,118.76636,54556.3360781,0
2020-09-21 12:00:00,460.94,460.94,446.47,447.94,563.0931400000002,1600691399999,255161.3391243,798,220.36977000000002,100044.0816781,0
2020-09-21 12:30:00,447.65,457.75,445.29,457.25,292.3537,1600693199999,132065.1350363,425,194.96123,88174.7337501,0
2020-09-21 13:00:00,456.16,462.1,455.42,456.68,158.18993,1600694999999,72616.3249335,318,93.36303000000001,42894.0187663,0
2020-09-21 13:30:00,457.01,462.35,454.25,455.78,250.48255,1600696799999,114444.20054719999,343,102.11614,46740.98773440001,0
2020-09-21 14:00:00,455.31,456.35,441.74,443.6,217.91154,1600698599999,97918.74352939999,386,56.54698000000001,25498.884587099998,0
2020-09-21 14:30:00,444.31,447.96,431.16,441.76,717.43249,1600700399999,315888.59765250003,1295,382.2778,168672.92691729998,0
2020-09-21 15:00:00,443.13,446.79,441.75,445.08,172.36065,1600702199999,76632.9490038,390,104.02074,46283.6738232,0
2020-09-21 15:30:00,445.19,449.81,444.41,446.86,121.84347,1600703999999,54471.6180241,256,68.30953000000001,30578.8787119,0
2020-09-21 16:00:00,447.28,447.28,441.17,444.72,208.34401,1600705799999,92584.8568962,321,89.28616,39669.6948815,0
2020-09-21 16:30:00,444.42,448.94,443.58,445.36,93.258,1600707599999,41648.838359400004,143,51.984759999999994,23246.7588785,0
2020-09-21 17:00:00,445.37,448.84,444.22,447.85,81.43056999999997,1600709399999,36376.4790191,131,48.81581,21819.0657558,0
2020-09-21 17:30:00,448.06,451.09,448.06,449.7,47.83142,1600711199999,21526.152539,113,22.55613,10155.6882273,0
2020-09-21 18:00:00,450.88,452.11,450.16,450.88,14.056320000000001,1600712999999,6344.7189313,34,12.45963,5624.0454556999985,0
2020-09-21 18:30:00,451.86,455.41,449.68,455.08,100.84234000000001,1600714799999,45592.8675737,149,60.87021,27563.6893265,0
2020-09-21 19:00:00,455.11,459.39,454.44,457.0,59.66177,1600716599999,27297.383534099998,100,28.540390000000002,13052.279510200002,0
2020-09-21 19:30:00,456.43,460.22,454.88,459.94,53.430519999999994,1600718399999,24428.1343678,83,35.84061,16413.847525,0
2020-09-21 20:00:00,459.99,461.01,458.45,459.44,44.43719,1600720199999,20423.6481518,93,16.57047,7624.0705773,0
2020-09-21 20:30:00,460.95,461.11,456.53,457.23,106.84234,1600721999999,48972.2819366,122,29.113609999999998,13349.904020999998,0
2020-09-21 21:00:00,457.23,458.71,456.53,458.21,66.85521,1600723799999,30595.549744300002,64,47.88511,21922.6548822,0
2020-09-21 21:30:00,458.53,464.13,457.8,460.4,157.09168,1600725599999,72532.8217459,245,79.42567,36680.578499,0
2020-09-21 22:00:00,460.59,461.99,455.27,460.17,197.1289,1600727399999,90377.3433889,332,90.88020999999999,41697.0528901,0
2020-09-21 22:30:00,460.37,463.64,458.17,458.17,111.7911,1600729199999,51560.7212001,188,35.61136,16456.1787308,0
2020-09-21 23:00:00,458.04,460.41,454.51,455.34,96.94086,1600730999999,44359.9129252,160,37.21125,17064.004718700002,0
2020-09-21 23:30:00,456.45,456.46,451.81,451.81,70.84224,1600732799999,32160.4813796,98,28.915490000000002,13143.8355765,0
2020-09-22 00:00:00,453.27,462.42,448.93,462.35,182.20434,1600734599999,82908.82845219999,323,140.0316,63860.73387439999,0
2020-09-22 00:30:00,462.59,462.61,456.22,457.8,126.45966999999999,1600736399999,58007.91534400001,190,52.38238,24037.819358200002,0
2020-09-22 01:00:00,458.46,458.61,452.43,452.71,43.887159999999994,1600738199999,19968.2782124,80,11.10378,5056.9669047,0
2020-09-22 01:30:00,452.61,457.11,451.81,456.1,87.3624,1600739999999,39699.0725353,159,61.490359999999995,27973.0069456,0
2020-09-22 02:00:00,456.85,459.13,455.33,458.61,68.68858,1600741799999,31416.740385,175,40.30064,18443.258123400006,0
2020-09-22 02:30:00,459.1,461.79,455.18,461.79,162.92177,1600743599999,74594.7563804,263,92.94651999999999,42624.7782681,0
2020-09-22 03:00:00,462.03,462.87,459.25,460.21,61.48185,1600745399999,28332.0615555,133,31.56737,14543.9450917,0
2020-09-22 03:30:00,459.92,460.48,457.06,458.2,34.195879999999995,1600747199999,15680.1129308,67,4.74322,2178.1819875,0
2020-09-22 04:00:00,458.2,462.8,458.2,461.92,43.2282,1600748999999,19925.2016697,80,36.76558,16947.1691221,0
2020-09-22 04:30:00,462.82,463.85,455.11,456.01,128.03927,1600750799999,58805.48142409999,172,25.83742,11878.390486700002,0
2020-09-22 05:00:00,456.03,460.4,455.84,458.51,196.39643,1600752599999,89941.6772489,340,110.81127,50742.8011231,0
2020-09-22 05:30:00,459.5,460.9,458.43,460.49,27.80715,1600754399999,12779.6920024,58,23.99694,11031.490878,0
2020-09-22 06:00:00,460.53,462.36,455.39,455.39,86.59989,1600756199999,39739.7276056,152,27.88904,12842.4413198,0
2020-09-22 06:30:00,455.44,455.44,448.85,450.64,95.0881,1600757999999,42960.4561577,166,29.21552,13193.0731531,0
2020-09-22 07:00:00,451.18,453.7,445.75,445.75,142.20731999999995,1600759799999,63922.517015499994,291,57.9375,26131.634554599998,0
2020-09-22 07:30:00,446.32,446.33,439.53,440.99,196.32329,1600761599999,86888.8369588,421,80.44705,35577.9049793,0
2020-09-22 08:00:00,441.05,444.73,439.97,442.59,157.29376000000005,1600763399999,69612.04530669999,280,60.53129000000001,26815.201070099996,0
2020-09-22 08:30:00,443.41,445.26,441.8,444.76,37.34747,1600765199999,16581.6921953,77,25.172929999999997,11186.2764219,0
2020-09-22 09:00:00,444.86,445.3,441.84,441.99,13.999,1600766999999,6213.2075772,34,3.35846,1493.5615963,0
2020-09-22 09:30:00,444.84,445.64,443.53,445.64,39.35799,1600768799999,17505.933295500006,65,24.71097,11000.0304816,0
2020-09-22 10:00:00,445.61,453.42,444.61,449.94,203.19293000000002,1600770599999,91319.5916941,320,136.55825,61346.8103785,0
2020-09-22 10:30:00,448.95,452.12,448.95,451.49,17.67901,1600772399999,7983.6814617,32,12.25912,5536.770637899999,0
2020-09-22 11:00:00,451.33,452.72,449.26,450.69,42.915659999999995,1600774199999,19342.436254,78,27.742279999999997,12511.091041700001,0
2020-09-22 11:30:00,451.33,459.11,449.81,451.59,107.15823,1600775999999,48639.5825694,195,67.11005,30458.3574427,0
2020-09-22 12:00:00,451.71,452.23,447.41,448.87,52.753609999999995,1600777799999,23743.8457878,83,25.48811,11472.308285299998,0
2020-09-22 12:30:00,449.38,456.85,449.38,456.85,79.80821999999998,1600779599999,36187.9819364,112,71.15086,32256.955035299998,0
2020-09-22 13:00:00,456.65,460.36,455.66,458.76,78.07155,1600781399999,35785.940533999994,147,39.63783,18181.285785,0
2020-09-22 13:30:00,457.78,458.96,454.82,455.33,75.29464,1600783199999,34400.034827999996,131,26.4327,12091.559633399998,0
2020-09-22 14:00:00,455.19,466.73,455.18,463.44,107.20178999999999,1600784999999,49402.6763788,227,58.89761,27107.8027075,0
2020-09-22 14:30:00,463.29,464.39,456.77,456.77,110.44051,1600786799999,50895.52586630001,188,50.639070000000004,23419.723098500002,0
2020-09-22 15:00:00,456.72,461.06,454.92,461.06,111.99772,1600788599999,51338.0209075,226,70.08394,32142.6892131,0
2020-09-22 15:30:00,461.07,461.59,458.29,461.05,35.009170000000005,1600790399999,16112.7596934,53,19.43305,8952.065160299999,0
2020-09-22 16:00:00,461.6,466.0,460.34,465.33,81.08837,1600792199999,37628.49930980001,154,61.272619999999996,28444.7154895,0
2020-09-22 16:30:00,464.94,464.94,461.04,461.27,20.157729999999997,1600793999999,9325.599820200001,33,0.97909,452.75174189999996,0
2020-09-22 17:00:00,461.9,464.09,461.17,462.45,28.06389,1600795799999,12986.5511657,49,12.789660000000001,5924.943657399999,0
2020-09-22 17:30:00,462.45,466.72,461.52,466.72,27.96361,1600797599999,12981.1612068,65,24.70824,11478.3368972,0
2020-09-22 18:00:00,465.84,466.92,464.52,465.78,29.98237,1600799399999,13967.560488,49,19.839879999999997,9247.5366093,0
2020-09-22 18:30:00,462.85,463.83,462.04,462.89,44.98419000000001,1600801199999,20814.1416941,72,13.180979999999998,6102.5818996000025,0
2020-09-22 19:00:00,462.32,462.94,461.39,461.5,43.89508,1600802999999,20290.224467400007,41,14.545320000000002,6723.6210068,0
2020-09-22 19:30:00,461.63,462.84,460.82,462.27,36.74682,1600804799999,16985.7702815,46,25.79725,11932.701809299999,0
2020-09-22 20:00:00,462.59,462.97,457.48,460.6,81.59608,1600806599999,37588.0655238,123,18.48125,8531.8350942,0
2020-09-22 20:30:00,459.65,462.78,459.65,461.96,47.55309000000001,1600808399999,21935.5599384,70,38.43251,17724.567407599996,0
2020-09-22 21:00:00,461.62,464.86,457.31,461.1,129.52272,1600810199999,59670.658766199995,217,73.1664,33717.2029183,0
2020-09-22 21:30:00,460.78,464.21,460.78,464.21,42.29462,1600811999999,19551.2417836,72,30.12717,13933.8978363,0
2020-09-22 22:00:00,464.26,464.65,461.67,461.69,40.88512,1600813799999,18941.3981915,56,4.20995,1955.4988839000002,0
2020-09-22 22:30:00,461.69,462.56,459.18,459.93,57.656330000000004,1600815599999,26557.6633155,82,19.0766,8792.6701653,0
2020-09-22 23:00:00,460.92,462.11,460.64,462.11,14.737879999999999,1600817399999,6798.289569600001,23,10.909880000000001,5034.2488618,0
2020-09-22 23:30:00,461.3,461.33,458.6,461.21,29.32555,1600819199999,13496.5197417,33,6.49993,2988.2225285,0
2020-09-23 00:00:00,461.25,463.2,460.7,463.2,29.46854,1600820999999,13610.4295997,46,13.32952,6160.4360531,0
2020-09-23 00:30:00,462.95,463.07,461.39,461.52,8.36159,1600822799999,3865.7627046,14,7.4562800000000005,3446.7978039000004,0
2020-09-23 01:00:00,462.51,463.98,461.78,463.07,9.38686,1600824599999,4348.482771600001,18,8.33586,3862.1526227,0
2020-09-23 01:30:00,464.11,464.75,464.11,464.12,6.27813,1600826399999,2916.3355189,18,6.21886,2888.8273779,0
2020-09-23 02:00:00,464.12,465.57,463.59,464.7,23.52439,1600828199999,10931.798822,55,13.28638,6179.3594883999995,0
2020-09-23 02:30:00,464.7,464.7,461.2,461.86,29.867459999999998,1600829999999,13808.6456479,39,2.50552,1157.268921,0
2020-09-23 03:00:00,462.48,462.57,457.31,458.41,77.47876,1600831799999,35599.2754181,114,19.76953,9063.8596248,0
2020-09-23 03:30:00,458.66,458.66,455.81,456.32,17.13917,1600833599999,7829.9200503,44,0.5532,252.9752926,0
2020-09-23 04:00:00,455.82,456.75,453.14,453.78,51.297059999999995,1600835399999,23331.1907382,80,24.83238,11310.0392561,0
2020-09-23 04:30:00,453.09,455.17,450.75,451.77,116.90856000000001,1600837199999,52957.29549,216,48.80819,22133.8398677,0
2020-09-23 05:00:00,452.09,454.79,450.0,454.31,102.64384,1600838999999,46385.5665991,164,49.51649000000001,22381.585973400004,0
2020-09-23 05:30:00,454.37,455.7,452.01,452.27,80.99243,1600840799999,36794.9236323,114,30.39369000000001,13829.8600472,0
2020-09-23 06:00:00,452.23,454.02,448.26,451.05,147.44411000000005,1600842599999,66468.7531975,343,63.94481999999999,28858.5966982,0
2020-09-23 06:30:00,449.99,453.73,449.61,450.38,65.02044000000001,1600844399999,29360.0310642,118,38.81612,17532.988327900002,0
2020-09-23 07:00:00,450.2,452.1,447.62,449.96,199.15325,1600846199999,89556.3153647,373,88.53704,39866.9905126,0
2020-09-23 07:30:00,449.96,451.86,449.03,451.54,77.40271,1600847999999,34882.5010128,114,53.724019999999996,24224.567540599997,0
2020-09-23 08:00:00,451.7,452.95,449.01,451.34,66.76446999999999,1600849799999,30131.6827185,115,38.017340000000004,17183.0050465,0
2020-09-23 08:30:00,451.66,452.93,451.13,452.51,34.59819,1600851599999,15639.547615000001,45,15.27581,6905.765176000001,0
2020-09-23 09:00:00,452.95,457.0,452.95,456.6,95.88885,1600853399999,43650.8243815,143,50.20572,22834.8614035,0
2020-09-23 09:30:00,456.84,458.56,454.8,458.56,48.455729999999996,1600855199999,22111.263363299997,73,47.83499000000001,21828.4505862,0
2020-09-23 10:00:00,457.26,457.27,454.92,455.08,35.20098,1600856999999,16055.2140682,58,11.34683,5177.284405899999,0
2020-09-23 10:30:00,455.08,457.67,453.62,457.67,31.65703,1600858799999,14400.464453499999,54,6.62869,3024.9602856999995,0
2020-09-23 11:00:00,457.42,460.29,456.2,457.29,83.61349,1600860599999,38342.0697885,141,40.177009999999996,18433.1053005,0
2020-09-23 11:30:00,458.43,459.56,457.08,458.5,24.22886,1600862399999,11100.992177099999,32,19.57848,8973.5534438,0
2020-09-23 12:00:00,457.48,463.11,456.99,461.74,103.72923,1600864199999,47690.9250265,148,62.55206,28773.2844398,0
2020-09-23 12:30:00,463.1,466.2,461.92,463.97,158.55447,1600865999999,73565.95068889999,231,106.01638,49205.2016944,0
2020-09-23 13:00:00,464.78,466.41,463.24,463.72,52.035709999999995,1600867799999,24171.9045133,115,27.860770000000002,12948.7335872,0
2020-09-23 13:30:00,464.42,466.69,459.92,460.62,118.51624,1600869599999,54891.8052202,222,24.70756,11474.5390631,0
2020-09-23 14:00:00,460.89,460.89,455.4,456.64,126.3679,1600871399999,57741.3172382,106,66.06464,30183.4350982,0
2020-09-23 14:30:00,456.67,458.34,454.51,455.07,123.81751000000001,1600873199999,56586.01863069999,128,44.508179999999996,20329.5809794,0
2020-09-23 15:00:00,456.16,460.39,456.16,456.88,75.62097,1600874999999,34592.793775800004,129,41.24362,18868.052411700002,0
2020-09-23 15:30:00,456.94,459.25,454.9,459.25,76.78392,1600876799999,35027.0318569,87,49.83345,22711.7047736,0
2020-09-23 16:00:00,458.8,463.49,456.32,463.45,130.5628,1600878599999,59963.8444833,162,74.91699,34474.350438199996,0
2020-09-23 16:30:00,462.87,465.6,462.81,464.7,62.00173,1600880399999,28759.577942199998,129,29.9133,13897.083931799998,0
2020-09-23 17:00:00,464.7,465.26,463.34,464.76,53.09114,1600882199999,24667.673706999998,56,17.04286,7917.7925302,0
2020-09-23 17:30:00,465.39,469.19,462.99,463.78,172.07766999999996,1600883999999,80211.3299404,226,96.1271,44855.2148836,0
2020-09-23 18:00:00,463.22,463.22,455.0,456.64,123.40678,1600885799999,56662.9673727,229,44.98015,20656.984382900002,0
2020-09-23 18:30:00,457.44,458.35,454.16,454.6,46.67588,1600887599999,21279.6515117,115,21.20438,9682.1676138,0
2020-09-23 19:00:00,454.47,456.3,444.12,448.28,351.29542000000015,1600889399999,157634.1796089,525,180.90161,81104.7514015,0
2020-09-23 19:30:00,448.27,448.49,444.1,446.63,116.03935,1600891199999,51776.7515426,129,54.99563000000001,24563.4214885,0
2020-09-23 20:00:00,446.16,449.25,441.53,443.26,182.17736000000002,1600892999999,81136.4820475,193,63.34198000000001,28247.730235900002,0
2020-09-23 20:30:00,441.77,449.86,434.97,441.96,390.59438,1600894799999,170811.9807982,579,169.47796,74392.2027477,0
2020-09-23 21:00:00,445.33,460.7,441.55,441.72,149.64328,1600896599999,66779.9375432,332,77.22998,34535.7308689,0
2020-09-23 21:30:00,441.01,443.53,439.52,442.26,69.76139,1600898399999,30823.546513499998,75,52.94296,23402.6776616,0
2020-09-23 22:00:00,441.72,445.6,435.94,436.2,103.83606,1600900199999,45707.9403746,166,33.73019,14845.468977399998,0
2020-09-23 22:30:00,437.33,440.44,435.18,440.44,29.664009999999998,1600901999999,12982.9815001,47,18.33332,8025.489983300001,0
2020-09-23 23:00:00,440.18,440.18,432.5,432.99,120.66223000000001,1600903799999,52586.3873691,133,30.53319,13255.660095000001,0
2020-09-23 23:30:00,432.99,437.62,432.72,435.2,130.87163,1600905599999,56973.922048099994,213,116.50039,50722.5911556,0
2020-09-24 00:00:00,435.2,438.75,429.79,438.17,197.41313,1600907399999,85515.858211,305,125.46458999999999,54428.29103180001,0
2020-09-24 00:30:00,439.0,440.12,436.78,438.9,53.8498,1600909199999,23644.4729825,121,12.97438,5702.3906639,0
2020-09-24 01:00:00,439.14,442.88,436.73,442.33,147.51202,1600910999999,64842.37166970001,241,79.83888,35070.063162800005,0
2020-09-24 01:30:00,443.99,444.63,440.04,440.22,64.14599,1600912799999,28327.375875300004,103,12.51715,5541.032491800002,0
2020-09-24 02:00:00,441.27,450.91,438.14,448.67,129.21973,1600914599999,57527.8311362,262,93.96794,41861.995694,0
2020-09-24 02:30:00,448.65,450.88,442.36,443.11,56.63079000000001,1600916399999,25315.917377,120,24.87647,11086.7403903,0
2020-09-24 03:00:00,443.26,447.12,443.26,445.54,16.25527,1600918199999,7236.868491399999,55,5.6987,2535.7515528999998,0
2020-09-24 03:30:00,446.22,448.57,444.8,447.96,31.53143,1600919999999,14088.2170238,108,18.369120000000002,8216.724332,0
2020-09-24 04:00:00,447.87,450.17,445.22,448.53,102.9799,1600921799999,46107.0390914,193,66.85319,29921.5634476,0
2020-09-24 04:30:00,449.1,449.42,444.15,448.47,62.82895,1600923599999,28056.014818,152,23.3689,10449.299738200001,0
2020-09-24 05:00:00,448.55,450.84,446.0,450.65,121.67421999999999,1600925399999,54501.16772100001,213,84.46218,37824.5580024,0
2020-09-24 05:30:00,450.64,453.38,449.16,452.0,68.3429,1600927199999,30813.9797564,132,39.00974,17601.0474479,0
2020-09-24 06:00:00,452.2,459.09,452.2,455.67,53.87987,1600928999999,24526.7429969,182,28.823909999999998,13135.4316338,0
2020-09-24 06:30:00,455.03,455.03,450.1,451.76,31.98225,1600930799999,14460.2555481,122,16.19207,7321.620075399999,0
2020-09-24 07:00:00,451.76,456.75,451.76,455.42,53.00872,1600932599999,24048.9842857,84,52.87895,23990.085769999998,0
2020-09-24 07:30:00,455.42,461.31,455.22,459.83,54.07678000000001,1600934399999,24771.690475599997,133,37.16879,17029.028234999998,0
2020-09-24 08:00:00,459.7,460.76,453.06,454.09,76.90803000000002,1600936199999,35051.3949715,115,47.7589,21739.590657700002,0
2020-09-24 08:30:00,454.83,457.98,452.06,453.13,95.85628,1600937999999,43683.8275958,144,44.48493,20286.3980749,0
2020-09-24 09:00:00,453.15,453.54,447.17,449.54,94.62796999999999,1600939799999,42486.5886361,156,43.8761,19702.877084400006,0
2020-09-24 09:30:00,449.92,453.97,447.93,453.19,78.71489,1600941599999,35561.117269999995,170,67.00108,30271.972253099997,0
2020-09-24 10:00:00,453.63,454.43,450.52,450.6,56.54381,1600943399999,25587.425883099997,115,18.155089999999998,8226.7910885,0
2020-09-24 10:30:00,452.08,456.94,449.49,455.16,30.04917,1600945199999,13590.003689300001,99,15.24365,6893.7192196999995,0
2020-09-24 11:00:00,455.14,462.38,455.1,459.04,201.20203,1600946999999,92562.8777319,372,111.45299999999999,51305.1235811,0
2020-09-24 11:30:00,460.73,461.64,459.17,460.49,50.511179999999996,1600948799999,23246.755925,76,16.27347,7502.068961,0
2020-09-24 12:00:00,461.64,463.45,458.08,462.83,60.971309999999995,1600950599999,28088.9453793,153,32.596090000000004,15032.124609,0
2020-09-24 12:30:00,462.83,463.36,457.73,459.59,71.42078000000002,1600952399999,32918.1745972,115,14.68682,6774.263630399999,0
2020-09-24 13:00:00,459.9,462.51,458.43,459.41,27.21877000000001,1600954199999,12533.3245229,59,13.392729999999998,6164.5212647,0
2020-09-24 13:30:00,460.43,462.3,456.07,461.69,39.682990000000004,1600955999999,18248.1884729,105,24.26131,11174.010288200001,0
2020-09-24 14:00:00,461.65,463.97,461.65,462.33,50.16017,1600957799999,23205.9705442,103,32.90755,15233.323747100001,0
2020-09-24 14:30:00,462.27,468.0,461.29,466.06,93.31626999999999,1600959599999,43291.9504593,148,68.40858,31728.2440379,0
2020-09-24 15:00:00,466.63,471.97,466.13,469.37,78.398,1600961399999,36764.47154380001,206,54.689009999999996,25644.543323700003,0
2020-09-24 15:30:00,470.08,472.57,468.28,469.25,217.01552999999998,1600963199999,102260.5874058,281,118.13083999999999,55678.3448974,0
2020-09-24 16:00:00,470.8,476.25,470.66,473.74,173.26603,1600964999999,82030.6035506,292,100.39098,47531.6079889,0
2020-09-24 16:30:00,473.81,475.89,472.18,475.89,50.93217,1600966799999,24108.801651400005,111,30.27425,14344.220449899998,0
2020-09-24 17:00:00,476.73,480.8,474.19,480.56,104.88795,1600968599999,50095.352169699996,195,43.74479,20916.922458,0
2020-09-24 17:30:00,480.74,481.0,477.97,479.03,41.32009,1600970399999,19821.111163999998,89,15.98905,7676.5271243,0
2020-09-24 18:00:00,478.4,480.77,475.55,476.55,64.31585,1600972199999,30792.12609110001,108,33.01127,15802.159709399999,0
2020-09-24 18:30:00,477.23,478.32,476.43,476.72,18.02974,1600973999999,8601.758807200002,35,5.80658,2770.6343488,0
2020-09-24 19:00:00,477.8,477.83,476.09,477.11,19.39001,1600975799999,9244.791352,35,8.523,4064.6909624,0
2020-09-24 19:30:00,476.76,480.82,476.76,479.83,39.862970000000004,1600977599999,19077.435247,79,26.7453,12803.123044,0
2020-09-24 20:00:00,479.21,480.76,478.2,479.92,33.85172,1600979399999,16246.4852057,51,21.05196,10105.5055169,0
2020-09-24 20:30:00,480.45,482.51,480.45,480.63,78.56994,1600981199999,37863.225792300014,104,60.866009999999996,29345.6649992,0
2020-09-24 21:00:00,480.85,482.12,480.11,480.95,64.02426,1600982999999,30790.063471499998,85,9.094330000000001,4377.5654529,0
2020-09-24 21:30:00,480.67,482.35,480.47,481.75,63.56218000000001,1600984799999,30605.482816500004,93,47.48092000000001,22867.9865585,0
2020-09-24 22:00:00,481.75,485.21,479.79,484.0,154.76996,1600986599999,74711.0792671,222,109.24611000000002,52717.797233,0
2020-09-24 22:30:00,484.65,488.01,481.95,484.97,129.12035,1600988399999,62495.9065115,227,42.85169000000001,20790.574226700002,0
2020-09-24 23:00:00,485.92,487.31,482.05,485.89,61.47158,1600990199999,29800.4403074,129,18.31728,8892.5200126,0
2020-09-24 23:30:00,485.98,486.06,482.84,485.56,43.89717,1600991999999,21272.1820037,56,14.59654,7070.501786499999,0
2020-09-25 00:00:00,485.07,487.91,484.23,484.81,39.1155,1600993799999,18998.8155301,102,30.13495,14636.2395688,0
2020-09-25 00:30:00,484.3,487.64,482.42,486.99,85.35991,1600995599999,41442.4737935,174,40.266529999999996,19551.005543,0
2020-09-25 01:00:00,486.58,489.51,486.58,489.26,64.2371,1600997399999,31375.382864,243,35.61905,17405.427786099994,0
2020-09-25 01:30:00,489.5,489.5,485.31,485.83,33.607690000000005,1600999199999,16365.165273100001,93,11.21866,5466.2078464,0
2020-09-25 02:00:00,485.62,489.37,484.65,487.69,68.16897,1601000999999,33226.5515621,95,47.44251,23115.344596799998,0
2020-09-25 02:30:00,488.06,492.08,487.88,491.59,65.31217,1601002799999,32047.916152399997,200,35.09916,17240.0862181,0
2020-09-25 03:00:00,490.99,490.99,488.6,489.58,32.06813,1601004599999,15715.300288299999,57,20.32147,9954.7202842,0
2020-09-25 03:30:00,490.39,490.54,484.78,485.72,64.42749,1601006399999,31433.924429799998,101,12.57623,6155.8287107,0
2020-09-25 04:00:00,484.96,486.98,484.96,486.98,34.99024,1601008199999,17018.9222581,46,33.79493,16438.754217700003,0
2020-09-25 04:30:00,486.27,487.6,485.52,485.52,26.043789999999998,1601009999999,12678.380166600002,42,24.03953,11703.2695236,0
2020-09-25 05:00:00,486.42,486.57,482.5,486.57,93.64312,1601011799999,45336.3481941,139,49.66227,24064.7291377,0
2020-09-25 05:30:00,486.73,486.73,481.24,482.03,74.80455,1601013599999,36154.8343512,131,8.06915,3892.2569475,0
2020-09-25 06:00:00,482.03,482.86,480.61,482.8,44.3928,1601015399999,21385.4009115,84,31.19522000000001,15034.5277178,0
2020-09-25 06:30:00,482.69,490.47,482.24,489.7,54.1448,1601017199999,26272.163506,125,47.48656,23026.2154285,0
2020-09-25 07:00:00,489.7,490.15,484.44,485.6,67.30798,1601018999999,32719.4026669,115,45.08119,21894.385982900007,0
2020-09-25 07:30:00,485.86,487.63,485.01,486.13,16.75836,1601020799999,8151.2986663,40,11.84675,5765.3591287,0
2020-09-25 08:00:00,485.44,485.44,481.65,483.07,58.5197,1601022599999,28291.702248299996,92,19.178160000000002,9268.826711,0
2020-09-25 08:30:00,482.21,484.15,475.98,478.2,200.71894,1601024399999,96169.2696699,392,100.77036,48291.7048429,0
2020-09-25 09:00:00,478.19,483.36,477.65,479.9,53.022240000000004,1601026199999,25458.5993787,111,22.289460000000002,10708.192398000001,0
2020-09-25 09:30:00,478.94,481.01,474.11,481.01,142.21761999999995,1601027999999,67940.5532806,301,75.6816,36199.9592932,0
2020-09-25 10:00:00,480.78,484.41,480.56,483.46,52.6513,1601029799999,25401.5574892,107,40.04558,19331.648710499998,0
2020-09-25 10:30:00,482.45,484.44,480.75,482.1,57.01779000000001,1601031599999,27516.3642297,106,29.03515,14033.838858399999,0
2020-09-25 11:00:00,480.91,488.75,478.71,486.69,93.95956,1601033399999,45360.0629736,215,45.10369,21801.340303,0
2020-09-25 11:30:00,485.33,491.26,484.52,490.65,68.68002,1601035199999,33560.6902966,164,41.27963,20168.5058107,0
2020-09-25 12:00:00,490.52,509.23,490.49,493.76,303.00815,1601036999999,150725.66067229994,567,164.4152,81869.3820743,0
2020-09-25 12:30:00,492.69,495.27,491.45,494.05,50.90194,1601038799999,25092.3777461,85,23.12525,11420.342062799999,0
2020-09-25 13:00:00,494.27,497.92,493.15,494.0,51.179829999999995,1601040599999,25368.4145232,117,21.90203,10869.2145839,0
2020-09-25 13:30:00,495.25,497.81,493.77,494.47,57.49949,1601042399999,28532.73861700001,118,33.83952,16808.217420700006,0
2020-09-25 14:00:00,496.17,499.46,489.45,499.46,108.66016,1601044199999,53748.40868450001,173,63.46901,31413.267058499998,0
2020-09-25 14:30:00,499.46,502.44,497.97,501.27,105.63828000000001,1601045999999,52838.2948326,133,31.823420000000002,15923.5923227,0
2020-09-25 15:00:00,503.15,509.91,498.01,508.0,252.88657999999998,1601047799999,127566.15066300001,457,157.2815,79450.7704046,0
2020-09-25 15:30:00,507.72,509.07,505.33,506.69,116.94628999999999,1601049599999,59324.81740040001,270,80.83766,41035.1562311,0
2020-09-25 16:00:00,509.43,510.11,505.89,509.06,73.93006,1601051399999,37563.664958800015,195,22.80661,11595.3013535,0
2020-09-25 16:30:00,506.89,507.82,504.4,507.82,43.77794,1601053199999,22144.9034528,87,35.92742,18174.034939700006,0
2020-09-25 17:00:00,507.39,510.18,504.8,505.79,73.09616,1601054999999,37050.605587599995,181,29.24356,14840.730170899995,0
2020-09-25 17:30:00,507.79,512.0,506.17,508.74,61.03397,1601056799999,31049.864218400002,154,32.35695,16488.081386899998,0
2020-09-25 18:00:00,509.14,510.76,508.06,509.0,56.02563000000001,1601058599999,28550.968192199998,93,29.03148,14806.3761944,0
2020-09-25 18:30:00,510.74,510.77,508.29,510.59,39.84363,1601060399999,20301.767482299998,65,21.23024,10829.0582126,0
2020-09-25 19:00:00,509.98,513.79,509.23,512.5,29.616690000000002,1601062199999,15136.3403329,205,12.4205,6360.2209205,0
2020-09-25 19:30:00,513.05,514.81,509.68,510.08,67.92905999999999,1601063999999,34788.379234099986,160,24.76994,12709.168335600001,0
2020-09-25 20:00:00,511.07,514.86,511.06,514.86,53.47143000000001,1601065799999,27398.5221153,90,31.1545,15974.4540215,0
2020-09-25 20:30:00,514.2,515.69,506.13,507.2,83.07785,1601067599999,42380.2992818,181,28.222140000000003,14394.1045806,0
2020-09-25 21:00:00,507.33,510.04,505.43,510.04,25.29081,1601069399999,12829.5781223,64,18.96593,9630.5197469,0
2020-09-25 21:30:00,509.79,510.3,508.08,509.54,16.5452,1601071199999,8418.3426378,51,6.56458,3343.3752733,0
2020-09-25 22:00:00,510.18,510.26,502.05,507.3,92.1267,1601072999999,46582.805817500004,184,52.982409999999994,26792.2540267,0
2020-09-25 22:30:00,507.15,508.28,501.8,503.43,43.74462,1601074799999,22125.1578801,117,9.162889999999999,4641.5630954,0
2020-09-25 23:00:00,504.62,506.57,499.78,503.84,140.79866,1601076599999,70824.79064439997,271,78.22921,39400.5470188,0
2020-09-25 23:30:00,502.82,505.35,500.78,504.22,47.83605,1601078399999,24077.3949401,100,13.16683,6642.487990899999,0
2020-09-26 00:00:00,504.39,511.8,504.39,507.65,107.49351000000001,1601080199999,54582.0642793,245,65.73796999999999,33361.7841299,0
2020-09-26 00:30:00,507.41,508.73,504.02,504.02,24.08677,1601081999999,12191.611276200001,95,9.23805,4679.817178,0
2020-09-26 01:00:00,504.97,505.72,503.34,504.75,50.89219,1601083799999,25690.527604900002,84,26.795109999999998,13541.1976176,0
2020-09-26 01:30:00,504.75,507.39,503.72,505.56,69.72235,1601085599999,35258.3492543,162,40.37822,20432.9803926,0
2020-09-26 02:00:00,506.01,506.01,501.94,502.46,56.84719000000001,1601087399999,28590.9737725,102,21.40263,10761.891540999999,0
2020-09-26 02:30:00,502.54,503.7,501.68,503.5,33.01229,1601089199999,16594.0121933,45,19.307560000000002,9711.3932412,0
2020-09-26 03:00:00,504.72,505.44,503.49,504.14,39.0385,1601090999999,19683.0471893,114,21.84534,11017.1736486,0
2020-09-26 03:30:00,503.82,506.79,503.11,503.6,55.163419999999995,1601092799999,27825.361523000003,101,25.79197000000001,13018.03545,0
2020-09-26 04:00:00,504.13,504.51,499.37,500.98,53.82838,1601094599999,27005.8670117,104,28.35186,14218.843116600001,0
2020-09-26 04:30:00,501.81,505.46,501.81,505.46,16.12642,1601096399999,8119.694619600001,59,8.85144,4459.6754611999995,0
2020-09-26 05:00:00,505.46,507.53,505.27,507.53,30.1702,1601098199999,15272.9462334,72,16.42144,8320.3935829,0
2020-09-26 05:30:00,506.75,517.58,505.85,509.34,179.00126,1601099999999,91307.9018546,454,75.81859,38747.335363800004,0
2020-09-26 06:00:00,509.49,516.28,508.51,510.77,194.6281,1601101799999,99602.17423139999,479,105.97163,54257.1798467,0
2020-09-26 06:30:00,510.75,510.75,508.79,509.12,31.314629999999998,1601103599999,15964.6909753,91,15.86558,8083.966237899999,0
2020-09-26 07:00:00,509.09,518.03,508.07,515.72,232.09082999999998,1601105399999,119244.72317279999,568,192.05456,98688.85509380001,0
2020-09-26 07:30:00,515.0,515.19,510.06,514.26,63.16635,1601107199999,32394.2339616,150,37.08509,19005.9204772,0
2020-09-26 08:00:00,512.57,514.87,507.49,507.99,39.26564000000001,1601108999999,20050.4603193,90,10.80516,5516.8777805,0
2020-09-26 08:30:00,507.09,507.81,504.33,506.2,30.9458,1601110799999,15672.0820062,63,19.575470000000006,9927.181558,0
2020-09-26 09:00:00,505.87,507.8,504.56,507.8,31.79281,1601112599999,16095.8548977,49,13.168970000000002,6676.405837699999,0
2020-09-26 09:30:00,507.8,509.6,507.26,507.73,31.73446,1601114399999,16127.736170700002,44,23.165329999999997,11778.4567131,0
2020-09-26 10:00:00,507.49,507.49,502.71,502.76,33.22168,1601116199999,16756.6131095,44,6.81922,3446.569253800001,0
2020-09-26 10:30:00,502.77,508.93,502.77,508.89,19.700860000000002,1601117999999,9981.164882100002,36,18.952479999999998,9601.5878935,0
2020-09-26 11:00:00,508.84,509.59,507.26,509.59,18.19005,1601119799999,9245.4607676,58,9.43183,4799.330013100001,0
2020-09-26 11:30:00,509.59,511.45,508.18,511.45,8.61567,1601121599999,4394.630863699998,39,8.10849,4136.519972599999,0
2020-09-26 12:00:00,511.45,511.45,507.96,510.86,41.99544,1601123399999,21395.723807700004,95,13.453479999999999,6861.719546400002,0
2020-09-26 12:30:00,510.02,511.28,508.53,510.45,56.87757,1601125199999,29002.2992,84,7.364219999999999,3759.2181029,0
2020-09-26 13:00:00,508.99,513.15,506.56,510.77,85.51888000000002,1601126999999,43579.3349208,136,49.41802,25233.053148,0
2020-09-26 13:30:00,512.07,512.16,504.7,504.76,60.66875,1601128799999,30836.961070499998,109,20.46377,10379.3755658,0
2020-09-26 14:00:00,504.71,514.62,504.26,514.18,133.27991,1601130599999,67835.9178342,187,85.85141,43810.6843281,0
2020-09-26 14:30:00,515.16,517.49,512.77,514.01,109.95173999999999,1601132399999,56638.47338250001,162,61.32611,31591.105169700004,0
2020-09-26 15:00:00,514.0,517.59,514.0,517.22,36.11381,1601134199999,18628.1315357,57,33.93612,17505.2910363,0
2020-09-26 15:30:00,517.61,521.01,516.15,519.0,68.52733,1601135999999,35554.3715797,194,43.81205,22765.280971400003,0
2020-09-26 16:00:00,519.01,520.22,513.65,517.23,120.62778,1601137799999,62382.3352035,183,59.43619,30754.1012933,0
2020-09-26 16:30:00,518.22,522.38,517.08,520.94,59.07731999999999,1601139599999,30687.553137199997,163,32.27854,16784.6383841,0
2020-09-26 17:00:00,520.8,521.84,517.86,519.53,42.22636,1601141399999,21931.920100299998,58,15.28803,7935.7422097,0
2020-09-26 17:30:00,519.35,520.75,516.93,519.16,32.43561,1601143199999,16821.4400498,60,9.76045,5068.1049202,0
2020-09-26 18:00:00,520.05,522.22,515.65,517.8,83.56634,1601144999999,43355.3329315,138,26.610059999999997,13805.0701674,0
2020-09-26 18:30:00,518.25,519.3,517.19,517.36,8.49718,1601146799999,4397.3285273,22,2.13143,1104.9005851,0
2020-09-26 19:00:00,516.32,520.24,512.84,518.76,77.29411999999998,1601148599999,39994.2481527,182,52.767830000000004,27306.8693633,0
2020-09-26 19:30:00,518.76,519.57,516.77,517.23,36.3063,1601150399999,18811.9937928,57,16.47087,8537.8491248,0
2020-09-26 20:00:00,517.46,520.97,517.46,519.4,63.51358000000001,1601152199999,32957.6055957,91,25.2151,13080.700794,0
2020-09-26 20:30:00,519.64,520.79,518.81,518.81,26.09855,1601153999999,13569.094255700002,34,16.769920000000006,8725.364736799998,0
2020-09-26 21:00:00,520.36,522.65,519.81,522.09,38.02084,1601155799999,19802.8597396,70,19.0059,9907.3289545,0
2020-09-26 21:30:00,521.55,523.87,517.95,517.95,55.826119999999996,1601157599999,29123.326995999996,89,11.69695,6115.744169,0
2020-09-26 22:00:00,517.25,524.13,515.88,522.82,62.9166,1601159399999,32804.1395277,128,43.46096,22649.521248099998,0
2020-09-26 22:30:00,522.59,526.49,522.26,523.76,42.42414,1601161199999,22247.660497999997,87,29.396290000000004,15425.845447100002,0
2020-09-26 23:00:00,525.13,526.61,524.04,524.12,43.93597000000001,1601162999999,23078.891934799998,55,30.87445,16226.8995488,0
2020-09-26 23:30:00,525.92,527.3,523.9,524.14,38.86492,1601164799999,20444.084689400002,57,25.32626,13336.466117299999,0
2020-09-27 00:00:00,524.32,527.48,522.29,525.86,86.17551999999998,1601166599999,45218.726969699994,115,51.44639,26986.955368900002,0
2020-09-27 00:30:00,524.55,528.0,521.88,522.99,74.80489,1601168399999,39252.817973300014,110,39.4237,20690.062472499998,0
2020-09-27 01:00:00,522.97,525.08,522.88,525.04,52.971619999999994,1601170199999,27756.253601200002,75,14.605260000000001,7650.3605134,0
2020-09-27 01:30:00,525.07,525.07,519.76,519.8,44.0245,1601171999999,22977.617654499998,128,8.23729,4293.536896199998,0
2020-09-27 02:00:00,521.07,522.52,518.97,518.97,27.37493,1601173799999,14258.100276299998,31,4.87902,2545.5587211999996,0
2020-09-27 02:30:00,520.75,521.49,520.19,520.19,2.6017900000000003,1601175599999,1355.9020744000004,23,2.5618,1335.0996763,0
2020-09-27 03:00:00,521.41,522.77,520.26,521.91,20.56016,1601177399999,10723.4107951,39,10.135769999999999,5292.1945553999985,0
2020-09-27 03:30:00,520.83,521.53,519.63,520.69,3.2794800000000004,1601179199999,1706.0111778,13,1.2605600000000001,656.7611566,0
2020-09-27 04:00:00,521.86,522.03,518.84,518.95,8.656410000000001,1601180999999,4508.5144494,19,7.4436,3878.7869827,0
2020-09-27 04:30:00,518.93,521.81,518.27,520.05,50.166109999999996,1601182799999,26104.5615241,63,14.11977,7350.567540700001,0
2020-09-27 05:00:00,519.03,520.15,516.88,520.02,44.234590000000004,1601184599999,22933.562974,57,16.63651,8633.3606232,0
2020-09-27 05:30:00,520.9,523.52,520.9,523.18,23.23506,1601186399999,12130.9676536,42,11.61298,6060.086275399999,0
2020-09-27 06:00:00,523.84,523.86,514.51,515.82,49.23762,1601188199999,25457.709596700002,82,24.66166,12766.4801248,0
2020-09-27 06:30:00,516.55,517.68,499.39,503.85,198.94128,1601189999999,100915.59446889999,430,95.87253,48631.7833236,0
2020-09-27 07:00:00,504.27,507.68,501.77,504.97,56.08584000000001,1601191799999,28302.0784676,105,33.5399,16928.1332345,0
2020-09-27 07:30:00,505.32,506.63,502.54,504.62,33.83251,1601193599999,17082.9937498,63,18.52872,9358.732070200002,0
2020-09-27 08:00:00,504.52,504.52,496.28,499.85,77.47058,1601195399999,38667.887310300015,136,27.245540000000002,13598.460557299999,0
2020-09-27 08:30:00,498.25,500.32,495.18,498.11,154.29538,1601197199999,76818.4581441,202,84.40276999999998,42058.2708375,0
2020-09-27 09:00:00,498.11,498.32,493.46,496.69,80.42260999999998,1601198999999,39896.355704,110,27.246679999999998,13515.2734649,0
2020-09-27 09:30:00,496.06,498.78,494.35,494.72,14.80621,1601200799999,7356.0110331,34,12.15126,6035.7772874,0
2020-09-27 10:00:00,494.27,498.43,494.06,496.24,70.1208,1601202599999,34770.946514699994,115,37.77109,18746.9138892,0
2020-09-27 10:30:00,495.45,499.52,494.39,496.81,59.52919,1601204399999,29593.9043124,94,33.06105,16447.348987,0
2020-09-27 11:00:00,496.46,496.75,495.18,495.18,1.6692099999999999,1601206199999,828.6336737,13,1.41832,704.1274235000003,0
2020-09-27 11:30:00,495.37,497.18,492.82,492.82,15.69268,1601207999999,7761.132962899997,94,4.61904,2285.1859457,0
2020-09-27 12:00:00,492.76,497.09,488.77,497.09,36.43535,1601209799999,17895.0347694,202,11.46765,5633.1150332,0
2020-09-27 12:30:00,496.84,496.84,495.9,496.33,2.65595,1601211599999,1318.0975139,8,2.0264,1005.8976401000001,0
2020-09-27 13:00:00,497.54,497.54,495.26,496.55,14.18449,1601213399999,7033.8460355000025,47,1.0292,511.17965189999995,0
2020-09-27 13:30:00,497.05,497.54,497.05,497.54,1.18646,1601215199999,589.9284134,5,0.41389,205.9224544,0
2020-09-27 14:00:00,496.37,497.74,493.1,493.24,23.44014,1601216999999,11643.8368834,38,17.43894,8669.5540617,0
2020-09-27 14:30:00,493.24,493.84,491.59,493.39,8.14023,1601218799999,4007.6337653000014,22,0.8689100000000001,428.10672530000005,0
2020-09-27 15:00:00,492.56,493.7,489.9,490.97,9.22446,1601220599999,4532.746220300001,50,3.63045,1783.7560317000002,0
2020-09-27 15:30:00,490.91,499.88,490.51,499.25,80.42503,1601222399999,39944.2117448,164,44.69066,22172.8948903,0
2020-09-27 16:00:00,499.11,499.71,495.14,497.66,55.229009999999995,1601224199999,27451.0684945,94,22.59049,11244.9901005,0
2020-09-27 16:30:00,497.65,499.52,495.54,497.0,82.85544,1601225999999,41178.8894539,82,35.64575,17715.902165299998,0
2020-09-27 17:00:00,497.33,498.98,497.05,498.27,21.54117,1601227799999,10715.0290875,32,8.1575,4059.4593331999995,0
2020-09-27 17:30:00,498.97,500.2,498.17,498.25,21.56697,1601229599999,10757.9279557,29,14.67547,7322.3704338,0
2020-09-27 18:00:00,499.39,500.5,498.89,500.03,26.40911,1601231399999,13198.112196200002,49,24.529729999999997,12259.2707534,0
2020-09-27 18:30:00,499.96,500.3,493.4,495.54,46.57945,1601233199999,23178.238691,73,16.55099,8231.2688543,0
2020-09-27 19:00:00,495.65,498.54,494.9,496.38,27.211809999999996,1601234999999,13520.8443225,46,8.09636,4019.6670248000014,0
2020-09-27 19:30:00,496.11,498.72,493.86,498.36,42.469559999999994,1601236799999,21078.102962099998,58,15.96694,7919.4697271,0
2020-09-27 20:00:00,497.2,498.46,496.93,498.46,40.00566,1601238599999,19923.5591777,45,27.62937,13766.1735657,0
2020-09-27 20:30:00,497.37,498.29,496.51,496.51,7.8361899999999975,1601240399999,3897.5204386999994,12,4.709230000000002,2343.4872356,0
2020-09-27 21:00:00,497.3,497.31,493.46,494.44,29.302490000000002,1601242199999,14507.005091699999,45,5.73677,2844.6234009,0
2020-09-27 21:30:00,493.66,497.57,492.65,493.57,58.89062,1601243999999,29136.3738291,90,28.08507,13921.8122502,0
2020-09-27 22:00:00,493.98,505.09,491.36,496.85,540.0031299999998,1601245799999,268770.36001989996,1146,277.20094,138065.309023,0
2020-09-27 22:30:00,497.32,499.91,495.4,498.04,131.51836,1601247599999,65479.7785916,225,53.60337,26691.4322135,0
2020-09-27 23:00:00,499.8,502.0,496.23,502.0,57.47139,1601249399999,28656.3594249,116,21.65154,10810.4502111,0
2020-09-27 23:30:00,501.79,505.14,500.89,502.09,110.6443,1601251199999,55633.938205,154,82.55013000000002,41532.4058411,0
2020-09-28 00:00:00,503.43,508.12,502.29,505.69,122.72701,1601252999999,62020.8946118,271,60.43509,30542.0069108,0
2020-09-28 00:30:00,507.82,508.29,502.3,504.61,70.00815,1601254799999,35373.015905500004,92,38.160470000000004,19300.538708099997,0
2020-09-28 01:00:00,505.25,506.52,503.02,505.06,34.461420000000004,1601256599999,17389.6304629,49,15.67767,7919.4789372,0
2020-09-28 01:30:00,505.04,505.18,503.57,505.15,9.14149,1601258399999,4611.535229300001,38,6.3910800000000005,3225.6607031,0
2020-09-28 02:00:00,504.67,507.84,503.96,503.96,34.338640000000005,1601260199999,17389.365272,60,19.99324,10126.6188458,0
2020-09-28 02:30:00,504.98,509.27,504.13,509.27,47.14859000000001,1601261999999,23868.7051213,95,26.634759999999996,13497.6950459,0
2020-09-28 03:00:00,508.33,513.32,506.58,511.85,159.64381,1601263799999,81466.6375867,354,69.3738,35436.742908800006,0
2020-09-28 03:30:00,512.66,513.38,512.41,513.07,23.78687,1601265599999,12199.1547061,24,23.78687,12199.1547061,0
2020-09-28 04:00:00,513.13,515.67,512.23,515.32,44.20248,1601267399999,22717.4970007,122,25.28726,12996.9364866,0
2020-09-28 04:30:00,515.67,546.69,514.47,519.45,202.89909,1601269199999,106842.76825630001,325,157.42668,83275.0844442,0
2020-09-28 05:00:00,519.55,520.37,517.05,519.53,32.667790000000004,1601270999999,16937.059426,86,14.32615,7438.776120999999,0
2020-09-28 05:30:00,520.54,521.1,517.11,518.39,46.15025,1601272799999,23950.546673700002,117,15.04325,7802.1574529,0
2020-09-28 06:00:00,519.23,520.74,516.85,519.2,44.121140000000004,1601274599999,22869.455619099997,91,28.4272,14734.9665496,0
2020-09-28 06:30:00,518.66,519.2,514.04,515.33,83.52284,1601276399999,43049.129991800015,155,27.62748,14235.1177069,0
2020-09-28 07:00:00,514.0,515.25,509.52,511.83,48.55084,1601278199999,24832.9095811,92,22.74798,11629.8316248,0
2020-09-28 07:30:00,511.77,515.9,511.3,511.98,74.87919000000002,1601279999999,38427.6526541,119,41.08743,21090.9106065,0
2020-09-28 08:00:00,511.94,515.01,510.28,514.45,49.9634,1601281799999,25617.513210499998,110,21.38213,10967.261202700001,0
2020-09-28 08:30:00,514.45,515.94,512.81,512.81,13.445889999999999,1601283599999,6923.1300891,37,11.02709,5679.47548,0
2020-09-28 09:00:00,513.34,517.08,513.34,514.5,47.12648,1601285399999,24292.989733500002,103,35.28557,18194.164348,0
2020-09-28 09:30:00,514.3,516.76,512.25,515.5,21.50921,1601287199999,11066.8818313,50,13.710510000000001,7062.627839399999,0
2020-09-28 10:00:00,515.4,520.44,513.83,520.35,62.88833,1601288999999,32587.829587199998,119,43.98377,22799.5114826,0
2020-09-28 10:30:00,520.37,522.57,519.52,522.15,43.76885,1601290799999,22813.898703900002,110,33.03843,17224.713691599998,0
2020-09-28 11:00:00,521.78,524.11,518.16,518.16,46.24568,1601292599999,24124.9339721,112,20.94642,10944.777812200002,0
2020-09-28 11:30:00,518.9,521.01,518.27,519.34,10.475719999999999,1601294399999,5447.1515251,30,8.99596,4677.249774399998,0
2020-09-28 12:00:00,519.92,524.48,518.67,523.43,40.34747,1601296199999,21101.958398599996,110,19.56395,10235.5195675,0
2020-09-28 12:30:00,523.94,529.88,518.21,526.48,201.83637,1601297999999,105735.06364139999,406,95.0495,49872.796095599995,0
2020-09-28 13:00:00,525.46,529.92,524.33,529.92,90.61469,1601299799999,47806.009114,167,55.13895,29103.387307499997,0
2020-09-28 13:30:00,529.52,530.17,525.48,526.49,86.89265999999998,1601301599999,45879.2868227,141,42.10968,22233.4972705,0
2020-09-28 14:00:00,526.49,530.43,526.44,529.98,25.876360000000002,1601303399999,13681.8767433,40,16.85781,8909.819093600001,0
2020-09-28 14:30:00,530.14,530.75,527.58,529.13,56.14699,1601305199999,29715.30359470001,82,36.32379,19231.666011200006,0
2020-09-28 15:00:00,529.13,536.38,529.13,536.38,106.98301000000001,1601306999999,57007.3379411,227,59.60266,31709.784761799998,0
2020-09-28 15:30:00,535.18,544.35,533.7,542.65,336.18037999999996,1601308799999,181173.95559660002,680,190.77518,102789.5984707,0
2020-09-28 16:00:00,542.67,545.93,540.73,545.55,153.58255,1601310599999,83419.6761383,293,82.8575,45030.3699525,0
2020-09-28 16:30:00,544.35,549.42,532.31,532.68,545.3328,1601312399999,295267.721878,1027,209.29013999999998,113446.84899679999,0
2020-09-28 17:00:00,532.68,536.95,531.28,533.75,223.66317,1601314199999,119479.48059919999,412,122.18653,65290.72019550001,0
2020-09-28 17:30:00,533.79,535.92,526.67,530.05,173.85213000000005,1601315999999,92421.69833160001,380,81.68033,43455.1961085,0
2020-09-28 18:00:00,529.43,530.22,524.65,525.68,110.47856999999999,1601317799999,58175.3225627,160,24.63906,12988.0716407,0
2020-09-28 18:30:00,524.81,525.53,522.37,522.99,79.64397,1601319599999,41731.7053102,111,25.49323,13379.6530561,0
2020-09-28 19:00:00,523.09,524.08,520.94,523.38,73.21821,1601321399999,38252.826721800004,156,26.779459999999997,14003.8164609,0
2020-09-28 19:30:00,523.56,525.01,519.28,525.01,99.85378,1601323199999,52132.044846,165,46.053329999999995,24066.7705468,0
2020-09-28 20:00:00,525.05,525.42,520.55,522.35,21.63216,1601324999999,11328.6287045,84,7.73031,4052.5239634000004,0
2020-09-28 20:30:00,521.09,524.31,521.08,524.06,24.594,1601326799999,12861.1856376,77,13.47158,7050.196433300001,0
2020-09-28 21:00:00,523.52,523.52,520.0,522.49,22.08549,1601328599999,11523.7740763,61,7.4386199999999985,3877.8172028000004,0
2020-09-28 21:30:00,522.39,525.62,522.39,525.05,29.04123,1601330399999,15240.0320982,80,4.8623199999999995,2549.7383816,0
2020-09-28 22:00:00,524.6,526.4,524.59,526.4,40.48928,1601332199999,21269.039279499997,73,34.02823,17875.6076946,0
2020-09-28 22:30:00,525.79,526.4,523.53,524.25,87.97065,1601333999999,46197.936995699994,155,38.94928,20455.5895909,0
2020-09-28 23:00:00,524.43,527.0,515.78,515.78,139.30577,1601335799999,72590.8861491,264,68.38735,35653.8196052,0
2020-09-28 23:30:00,515.77,515.77,505.92,512.38,191.04847,1601337599999,97723.8847736,399,108.92188999999999,55734.6773724,0
2020-09-29 00:00:00,512.14,518.4,508.52,515.78,128.64318,1601339399999,65944.5848102,250,67.44818000000001,34581.480810400004,0
2020-09-29 00:30:00,517.28,517.72,514.73,515.85,14.357479999999999,1601341199999,7419.169537999999,34,1.24695,643.5257276000002,0
2020-09-29 01:00:00,516.62,518.14,514.97,516.42,23.57457,1601342999999,12177.9605266,52,10.965060000000001,5673.681949399999,0
2020-09-29 01:30:00,516.49,518.11,512.14,513.42,99.30672,1601344799999,51182.814499,186,56.41571,29076.3822949,0
2020-09-29 02:00:00,513.58,515.96,511.64,514.93,195.66942,1601346599999,100475.8109459,230,113.72503,58353.981349,0
2020-09-29 02:30:00,515.74,516.52,511.38,513.44,38.40028,1601348399999,19759.802316999998,73,23.056739999999998,11874.5989737,0
2020-09-29 03:00:00,511.97,516.76,511.97,516.47,3.4732199999999995,1601350199999,1788.4773467,25,3.02636,1557.9765949,0
2020-09-29 03:30:00,516.32,519.16,516.24,518.01,25.10366,1601351999999,12990.4727392,78,8.144219999999999,4217.8936754,0
2020-09-29 04:00:00,519.0,537.72,519.0,536.29,168.48318,1601353799999,89529.27905089998,416,104.08624,55217.8417855,0
2020-09-29 04:30:00,536.64,537.42,531.42,534.42,46.553059999999995,1601355599999,24901.7930681,83,20.45449,10922.440039799998,0
2020-09-29 05:00:00,535.88,536.79,530.73,534.07,90.08898,1601357399999,48127.5609022,175,54.56887,29132.1336296,0
2020-09-29 05:30:00,535.51,536.02,531.49,533.24,82.91001999999997,1601359199999,44220.16637280001,77,39.29699,20951.838792200004,0
2020-09-29 06:00:00,533.24,538.02,530.85,538.02,87.14545,1601360999999,46532.804992800004,151,36.67667,19613.941337700002,0
2020-09-29 06:30:00,536.6,536.6,523.76,524.68,262.03475,1601362799999,138749.8579171,386,153.37053999999995,81269.9662336,0
2020-09-29 07:00:00,524.73,524.96,518.17,521.72,257.45661,1601364599999,134038.91887410005,635,156.64248999999995,81603.6668531,0
2020-09-29 07:30:00,521.8,521.8,517.91,519.21,21.857,1601366399999,11373.3637667,90,5.5090900000000005,2867.9323278,0
2020-09-29 08:00:00,519.39,519.39,515.96,518.42,63.85105,1601368199999,33031.2638846,132,41.18953,21309.130598099997,0
2020-09-29 08:30:00,518.24,518.68,516.37,518.25,56.63511,1601369999999,29297.8789992,120,22.96169,11882.1746733,0
2020-09-29 09:00:00,518.33,520.73,513.19,515.93,117.25323,1601371799999,60680.917497099996,322,55.104530000000004,28548.3396213,0
2020-09-29 09:30:00,516.51,518.94,516.12,517.33,40.80524000000001,1601373599999,21105.3109548,91,18.70338,9681.558730600002,0
2020-09-29 10:00:00,516.12,520.33,516.11,519.39,32.64904,1601375399999,16944.2261446,71,13.747179999999998,7135.914192,0
2020-09-29 10:30:00,520.35,520.97,516.5,518.86,37.64549,1601377199999,19556.480456,88,14.13207,7339.4126869,0
2020-09-29 11:00:00,520.0,520.8,517.96,517.96,20.03877,1601378999999,10406.0814263,67,7.48905,3893.635178,0
2020-09-29 11:30:00,517.96,521.24,516.5,518.0,64.41443000000001,1601380799999,33426.898439599994,131,28.51616,14788.3965104,0
2020-09-29 12:00:00,517.11,517.94,512.86,514.74,37.488459999999996,1601382599999,19324.0242565,93,15.3684,7930.251367,0
2020-09-29 12:30:00,514.63,515.52,512.5,515.52,17.98984,1601384399999,9232.4947258,43,4.3001,2209.5280567,0
2020-09-29 13:00:00,514.12,516.48,506.88,515.4,273.02042,1601386199999,139833.00880339998,524,138.05149,70736.54029489997,0
2020-09-29 13:30:00,516.64,519.09,515.81,517.65,28.336840000000002,1601387999999,14669.743271700001,78,21.01224,10877.5236466,0
2020-09-29 14:00:00,518.98,524.42,518.98,523.14,50.08694000000001,1601389799999,26155.957607,111,33.728970000000004,17607.371875099998,0
2020-09-29 14:30:00,523.14,523.14,514.7,517.2,48.47788,1601391599999,25072.5481625,87,33.49407,17324.4912018,0
2020-09-29 15:00:00,517.14,519.98,513.84,518.62,72.88976,1601393399999,37660.1498483,121,43.42747,22427.5638778,0
2020-09-29 15:30:00,519.99,523.76,513.22,515.32,83.14295,1601395199999,43174.6820918,155,24.99945,12982.5982604,0
2020-09-29 16:00:00,514.52,515.37,504.17,507.03,151.34998000000004,1601396999999,77273.19194989999,325,67.54113000000001,34492.70009100001,0
2020-09-29 16:30:00,507.03,511.09,504.2,510.01,122.58638,1601398799999,62359.318986599996,234,71.92846999999998,36617.002479,0
2020-09-29 17:00:00,509.64,510.46,503.41,508.61,87.78514,1601400599999,44506.517889099996,221,46.0972,23390.992510599997,0
2020-09-29 17:30:00,508.02,512.33,507.05,509.42,63.84595,1601402399999,32530.807972000002,127,39.48648,20133.8998607,0
2020-09-29 18:00:00,509.97,514.38,507.56,513.03,44.21696,1601404199999,22606.142701,81,12.00806,6144.4530033,0
2020-09-29 18:30:00,512.73,516.74,505.57,514.68,253.65919,1601405999999,130037.36150550001,529,123.73544,63524.2283673,0
2020-09-29 19:00:00,514.69,515.88,513.15,513.59,25.72391,1601407799999,13250.630191600001,57,14.202639999999999,7314.1421545,0
2020-09-29 19:30:00,512.79,517.57,512.25,512.25,59.27074,1601409599999,30511.417474299997,82,32.55271,16755.609969,0
2020-09-29 20:00:00,513.55,517.43,513.55,514.28,30.39392,1601411399999,15651.245515399998,67,20.98104,10796.7555799,0
2020-09-29 20:30:00,516.39,518.0,514.09,516.56,32.581140000000005,1601413199999,16818.4786225,55,14.6378,7562.236871100001,0
2020-09-29 21:00:00,516.75,518.08,516.74,517.92,2.59191,1601414999999,1341.1944512,10,1.60189,829.6111767000001,0
2020-09-29 21:30:00,517.43,517.43,514.39,515.35,24.30057,1601416799999,12534.8462064,24,15.858020000000002,8170.911882100001,0
2020-09-29 22:00:00,515.35,517.16,515.11,516.1,28.415509999999998,1601418599999,14667.358309799998,52,17.912370000000006,9250.614796200001,0
2020-09-29 22:30:00,516.65,518.18,515.9,518.17,29.569029999999998,1601420399999,15283.987662200001,28,25.22148,13040.6331434,0
2020-09-29 23:00:00,517.6,522.79,517.6,521.4,63.84268,1601422199999,33242.7164234,153,27.952809999999996,14555.5825472,0
2020-09-29 23:30:00,521.4,545.0,521.13,526.41,418.86571000000004,1601423999999,220664.8794452,580,186.79039,98278.6407403,0
2020-09-30 00:00:00,527.03,527.16,517.87,520.89,280.42705,1601425799999,146166.3119288,277,36.54945,19063.6342136,0
2020-09-30 00:30:00,519.35,520.9,518.12,518.28,16.197329999999994,1601427599999,8410.2850225,27,3.35846,1747.6477711,0
2020-09-30 01:00:00,519.33,520.61,518.55,520.52,27.826079999999997,1601429399999,14459.2245076,40,26.19892,13615.3593868,0
2020-09-30 01:30:00,520.19,521.1,514.85,518.88,97.77754,1601431199999,50618.72122260001,176,62.96538,32629.02679370001,0
2020-09-30 02:00:00,518.68,521.14,518.09,521.14,18.841260000000002,1601432999999,9792.6198855,45,10.804889999999999,5622.8793925,0
2020-09-30 02:30:00,519.64,519.87,516.79,516.79,19.848470000000002,1601434799999,10297.6764579,45,0.0,0.0,0
2020-09-30 03:00:00,517.64,517.64,512.33,514.44,34.365429999999996,1601436599999,17687.0877517,57,2.9131400000000003,1497.3445584,0
2020-09-30 03:30:00,514.14,514.14,508.18,509.11,154.68108,1601438399999,79086.77417919999,152,40.27694,20557.410739500006,0
2020-09-30 04:00:00,508.7,509.81,504.49,508.23,68.08026,1601440199999,34549.658481,152,37.376979999999996,19000.5189523,0
2020-09-30 04:30:00,507.39,509.65,507.23,509.58,75.96038,1601441999999,38662.54881630001,83,31.0347,15797.569419999998,0
2020-09-30 05:00:00,509.59,510.6,509.07,510.58,13.16134,1601443799999,6705.2258303,32,7.91285,4032.0371709,0
2020-09-30 05:30:00,509.65,510.06,506.35,506.6,110.72418,1601445599999,56189.7651171,107,26.26268,13327.677564700001,0
2020-09-30 06:00:00,506.36,509.69,505.74,509.13,33.04251,1601447399999,16769.5069741,58,23.14317,11758.1999756,0
2020-09-30 06:30:00,509.13,509.86,507.27,508.6,24.06189,1601449199999,12228.0200191,51,20.06273,10197.657013,0
2020-09-30 07:00:00,507.88,528.32,507.08,526.52,608.43513,1601450999999,316710.03824120003,1392,311.60975,162030.8318059,0
2020-09-30 07:30:00,526.71,535.63,515.53,517.31,229.31224,1601452799999,120674.86016460002,582,86.15485,45437.604180300004,0
2020-09-30 08:00:00,517.98,538.19,515.49,524.48,541.67489,1601454599999,283863.58116329997,822,261.35511,137167.7038887,0
2020-09-30 08:30:00,524.74,526.21,524.15,525.13,44.775459999999995,1601456399999,23516.4985751,75,38.89164,20430.0094283,0
2020-09-30 09:00:00,525.5,526.4,520.41,525.13,125.29061000000002,1601458199999,65458.1076357,152,47.47885,24816.2443091,0
2020-09-30 09:30:00,525.78,526.02,516.99,521.1,268.46244,1601459999999,139387.7839073,335,140.26414,72750.90133139999,0
2020-09-30 10:00:00,520.99,523.62,520.17,523.13,42.18037,1601461799999,22032.797729400005,94,34.27444000000001,17907.4779643,0
2020-09-30 10:30:00,522.77,525.71,522.76,525.09,28.201859999999996,1601463599999,14789.066292500005,93,22.56219,11834.5713989,0
2020-09-30 11:00:00,524.55,525.74,523.35,524.89,20.57524,1601465399999,10788.994937200001,84,7.08016,3714.9665818999997,0
2020-09-30 11:30:00,525.0,525.48,521.98,522.27,50.20001,1601467199999,26254.3628808,110,12.187610000000001,6377.7214651999975,0
2020-09-30 12:00:00,521.64,529.71,520.06,526.84,164.87016,1601468999999,86704.2835653,252,106.54238000000001,56061.63715169999,0
2020-09-30 12:30:00,526.84,530.26,526.66,529.06,66.47711,1601470799999,35171.968725599996,129,42.84,22671.0934764,0
2020-09-30 13:00:00,529.43,534.31,529.36,530.29,123.8899,1601472599999,65922.314781,221,48.3909,25767.0510076,0
2020-09-30 13:30:00,530.6,550.14,530.6,545.44,1163.62678,1601474399999,628469.8718600001,2134,627.61757,339143.0146344,0
2020-09-30 14:00:00,545.62,548.99,545.15,546.5,105.57866999999999,1601476199999,57772.0145196,244,63.4962,34779.617206300005,0
2020-09-30 14:30:00,545.29,548.56,543.07,544.86,50.64299000000001,1601477999999,27642.077531200004,153,32.14614,17561.429352900002,0
2020-09-30 15:00:00,544.81,549.0,544.08,548.56,195.24857,1601479799999,106893.7351707,210,108.12533,59144.539548500004,0
2020-09-30 15:30:00,547.88,550.21,547.06,550.13,115.07506000000001,1601481599999,63129.5666551,104,93.56069000000001,51348.6381892,0
2020-09-30 16:00:00,550.31,550.76,545.59,549.71,74.1869,1601483399999,40692.9864374,116,39.39072,21615.8914681,0
2020-09-30 16:30:00,549.04,549.54,547.51,548.31,47.08589,1601485199999,25826.225434,45,21.23519,11651.7624843,0
2020-09-30 17:00:00,548.38,549.58,543.8,545.45,49.75326,1601486999999,27154.0126473,89,19.15098,10461.9002622,0
2020-09-30 17:30:00,545.45,547.6,545.45,547.29,32.58555,1601488799999,17817.191451900002,40,15.07378,8240.051256,0
2020-09-30 18:00:00,546.48,549.52,541.12,544.32,65.4886,1601490599999,35701.7998917,111,28.3795,15502.0700604,0
2020-09-30 18:30:00,542.87,546.35,542.8,544.98,44.23035,1601492399999,24071.2155964,69,29.734809999999996,16187.4066588,0
2020-09-30 19:00:00,544.87,546.51,542.59,544.99,25.14894,1601494199999,13685.948486500001,35,15.399629999999998,8385.1076049,0
2020-09-30 19:30:00,543.36,546.32,542.74,545.96,37.92459,1601495999999,20673.1763504,100,23.33705,12728.7497489,0
2020-09-30 20:00:00,544.49,555.0,544.49,547.94,126.40978,1601497799999,69701.84875489997,305,50.695679999999996,28000.173491400004,0
2020-09-30 20:30:00,548.72,556.11,545.91,556.11,85.4939,1601499599999,47086.29507830001,193,49.00124,26999.111490599997,0
2020-09-30 21:00:00,556.75,557.77,550.66,555.03,83.95466,1601501399999,46539.8304231,179,45.47096,25210.414592400004,0
2020-09-30 21:30:00,554.51,556.55,554.32,554.32,18.71538,1601503199999,10395.5305841,24,1.3846399999999999,768.7710708,0
2020-09-30 22:00:00,557.07,570.0,555.36,568.26,156.62495,1601504999999,88327.8415916,515,114.38917,64490.2911649,0
2020-09-30 22:30:00,568.26,569.58,561.43,565.91,104.60641,1601506799999,59192.9939957,215,44.83477,25372.062672599997,0
2020-09-30 23:00:00,565.47,577.49,564.72,572.8,202.72288,1601508599999,115558.0167635,546,83.43361,47632.3571417,0
2020-09-30 23:30:00,572.8,580.0,569.7,571.45,147.37795,1601510399999,84497.497729,294,101.33556,58092.5576665,0
2020-10-01 00:00:00,571.75,573.67,566.92,570.73,121.42681,1601512199999,69279.2382105,154,58.553290000000004,33376.7619843,0
2020-10-01 00:30:00,572.07,576.76,571.45,573.76,58.8267,1601513999999,33788.008058499996,126,21.78781,12495.883825799998,0
2020-10-01 01:00:00,574.12,575.05,571.2,574.41,66.43007,1601515799999,38042.5808615,104,49.85339000000001,28548.6818626,0
2020-10-01 01:30:00,572.73,577.72,572.72,576.19,54.789359999999995,1601517599999,31564.622151099997,161,43.21692,24909.0724607,0
2020-10-01 02:00:00,577.76,579.99,575.0,577.45,78.89432,1601519399999,45574.066446900004,260,32.32891,18689.388281400006,0
2020-10-01 02:30:00,578.66,579.94,569.2,570.74,102.19256999999999,1601521199999,58791.56805440001,220,42.39895,24402.6785777,0
2020-10-01 03:00:00,570.72,570.74,566.11,568.95,202.13285,1601522999999,114902.3608152,267,131.03198999999998,74547.69700730001,0
2020-10-01 03:30:00,568.95,570.9,566.99,567.69,92.70730999999999,1601524799999,52755.8067958,157,33.637229999999995,19166.486873500002,0
2020-10-01 04:00:00,568.31,571.93,567.66,571.4,22.31144,1601526599999,12715.1311332,65,13.97836,7974.9564157,0
2020-10-01 04:30:00,571.32,572.24,569.55,571.62,17.95429,1601528399999,10249.5276059,81,10.68308,6101.2597276,0
2020-10-01 05:00:00,571.79,572.56,570.96,572.56,9.501489999999999,1601530199999,5435.2883607,50,8.71456,4985.6646328,0
2020-10-01 05:30:00,572.59,580.17,570.94,580.0,131.65365,1601531999999,75949.0175416,266,58.53100000000001,33719.37031000001,0
2020-10-01 06:00:00,580.0,584.91,579.76,584.23,94.87414,1601533799999,55288.570463100004,390,36.18046,21094.843529799997,0
2020-10-01 06:30:00,583.68,588.68,583.21,584.01,112.36905,1601535599999,65855.2462235,375,28.06114,16462.126887799994,0
2020-10-01 07:00:00,584.6,588.81,584.5,588.78,102.36679000000001,1601537399999,60104.403277900004,240,61.58375,36175.4953628,0
2020-10-01 07:30:00,588.74,588.74,585.41,587.59,22.335639999999998,1601539199999,13093.8115195,69,17.19955,10086.400810500001,0
2020-10-01 08:00:00,587.64,599.96,584.91,598.3,275.30217000000005,1601540999999,162985.6664332,958,164.17053,97288.5402944,0
2020-10-01 08:30:00,598.87,599.96,595.87,598.41,76.06461,1601542799999,45475.1480083,181,30.9175,18489.488865,0
2020-10-01 09:00:00,599.5,599.99,597.5,598.59,14.894870000000001,1601544599999,8921.1792491,87,7.5523,4528.4413773999995,0
2020-10-01 09:30:00,598.9,599.94,598.09,598.99,51.86298,1601546399999,31072.284467799996,103,13.51174,8099.612955399999,0
2020-10-01 10:00:00,599.0,599.84,595.0,596.53,106.29477,1601548199999,63526.580925099996,194,58.89664000000001,35202.958815900005,0
2020-10-01 10:30:00,596.25,596.9,592.39,594.08,38.23851,1601549999999,22710.9233176,79,18.75086,11135.3111065,0
2020-10-01 11:00:00,594.99,595.24,593.18,594.06,27.2194,1601551799999,16176.2692799,62,5.63055,3348.2768894,0
2020-10-01 11:30:00,593.92,595.11,593.29,593.88,20.92804,1601553599999,12434.130104200001,42,9.952169999999999,5917.8888178000025,0
2020-10-01 12:00:00,594.99,595.57,590.11,591.5,57.30933,1601555399999,33940.7220745,123,24.75807,14663.8689438,0
2020-10-01 12:30:00,591.8,593.48,590.66,593.3,31.25569,1601557199999,18513.266499200006,60,18.12171,10738.028653799998,0
2020-10-01 13:00:00,591.94,592.45,587.01,587.01,75.75769,1601558999999,44725.3855724,144,42.64984000000001,25190.5055526,0
2020-10-01 13:30:00,588.58,590.93,587.21,587.21,69.64757,1601560799999,41069.5642135,95,41.04172,24215.584422599997,0
2020-10-01 14:00:00,588.51,589.29,585.43,585.65,48.577009999999994,1601562599999,28509.0559639,76,12.60662,7414.7925627,0
2020-10-01 14:30:00,587.43,587.44,584.64,586.34,47.217,1601564399999,27674.8050444,92,38.75439,22720.1030857,0
2020-10-01 15:00:00,586.32,587.42,584.32,585.74,46.83096,1601566199999,27434.1615384,74,36.95301,21656.0762215,0
2020-10-01 15:30:00,585.42,587.25,575.04,576.88,205.23417,1601567999999,119048.755523,332,57.59914000000001,33371.2204575,0
2020-10-01 16:00:00,576.6,583.41,570.0,570.11,602.3467,1601569799999,345905.0520533,1134,337.97548,194154.4356577,0
2020-10-01 16:30:00,570.9,572.09,551.28,559.49,409.19366,1601571599999,229595.4391636,908,215.58572999999998,121054.5747343,0
2020-10-01 17:00:00,559.37,563.42,556.18,559.37,261.42638999999997,1601573399999,146324.2865669,390,98.68443,55329.606853499994,0
2020-10-01 17:30:00,559.37,563.2,556.99,559.31,193.26223000000002,1601575199999,108285.6891909,300,88.28535,49484.0740074,0
2020-10-01 18:00:00,559.17,571.49,557.33,570.78,200.12457,1601576999999,113122.2470204,334,124.88328999999999,70741.1839377,0
2020-10-01 18:30:00,570.4,581.69,569.91,575.82,323.78116,1601578799999,186689.2001394,587,160.15649,92250.8800435,0
2020-10-01 19:00:00,575.18,580.56,575.12,578.56,86.41634,1601580599999,49964.453473300004,158,41.9084,24228.465786099998,0
2020-10-01 19:30:00,578.73,582.77,577.79,580.51,110.05066000000001,1601582399999,63869.1732274,155,56.95851999999999,33096.556140400004,0
2020-10-01 20:00:00,581.62,581.62,577.38,577.38,78.73151999999997,1601584199999,45608.105446199996,174,32.24198,18688.1365025,0
2020-10-01 20:30:00,577.34,582.68,573.61,573.61,105.73728,1601585999999,61089.8274756,180,38.25522,22116.4074151,0
2020-10-01 21:00:00,573.48,577.02,571.3,576.09,76.19388000000002,1601587799999,43755.5681668,131,54.92371,31556.453555,0
2020-10-01 21:30:00,576.6,578.26,571.92,572.44,58.14803000000001,1601589599999,33432.1092822,69,29.83132,17182.225055900002,0
2020-10-01 22:00:00,572.3,577.57,571.27,573.0,219.88316,1601591399999,126354.44341560002,273,115.42778999999999,66364.95693639999,0
2020-10-01 22:30:00,574.22,576.73,573.82,574.63,37.04949000000001,1601593199999,21323.232442,59,22.16199,12765.134253,0
2020-10-01 23:00:00,573.26,574.69,571.12,574.69,80.51999,1601594999999,46131.7144006,111,33.44095,19152.6670569,0
2020-10-01 23:30:00,573.5,576.74,572.93,576.57,18.0675,1601596799999,10392.304739,33,14.228110000000001,8190.855348100001,0
2020-10-02 00:00:00,576.08,576.08,571.51,572.67,117.49035,1601598599999,67344.922,153,40.01981,22938.306667099998,0
2020-10-02 00:30:00,573.33,573.86,571.47,571.47,17.32493,1601600399999,9925.962251,40,10.120439999999999,5800.0617765,0
2020-10-02 01:00:00,572.47,577.59,571.48,576.13,103.11876,1601602199999,59287.272199399995,154,76.27539,43836.5505087,0
2020-10-02 01:30:00,574.24,574.83,570.0,573.53,276.79148,1601603999999,157987.2297191,116,66.20844,37838.1033437,0
2020-10-02 02:00:00,572.91,574.9,570.17,574.78,57.317409999999995,1601605799999,32855.770113,91,36.09699000000001,20708.6461072,0
2020-10-02 02:30:00,573.4,573.4,570.81,570.82,13.9835,1601607599999,8003.6797705,26,0.9240200000000001,527.6256396000001,0
2020-10-02 03:00:00,572.92,573.18,570.0,573.18,32.040729999999996,1601609399999,18297.2204943,56,14.495679999999998,8289.7031065,0
2020-10-02 03:30:00,572.34,575.95,571.85,575.32,33.54587,1601611199999,19257.828812400006,55,24.01598,13795.971122799998,0
2020-10-02 04:00:00,575.96,577.26,570.72,572.28,124.30349,1601612999999,71431.61446330001,182,56.294169999999994,32436.7303713,0
2020-10-02 04:30:00,571.83,573.6,570.0,570.0,71.42582,1601614799999,40789.5826334,93,2.83372,1621.7575967,0
2020-10-02 05:00:00,570.01,571.95,560.74,563.55,579.27485,1601616599999,329482.5675595,661,186.95016999999999,106244.47664430001,0
2020-10-02 05:30:00,562.49,566.29,555.27,556.06,181.08024,1601618399999,101596.44309860001,301,83.55501,46976.74381580001,0
2020-10-02 06:00:00,555.78,558.08,552.62,555.25,177.84867,1601620199999,98794.3952391,270,122.03669,67834.9743661,0
2020-10-02 06:30:00,556.36,559.22,555.1,555.32,67.54703,1601621999999,37642.5271557,101,37.15121,20724.124439400002,0
2020-10-02 07:00:00,555.92,558.03,554.66,556.33,44.9974,1601623799999,25011.520408,75,16.639210000000002,9260.1862035,0
2020-10-02 07:30:00,554.99,555.77,547.54,547.54,121.84156000000002,1601625599999,67224.08124859999,243,61.93727,34192.5965269,0
2020-10-02 08:00:00,548.64,550.0,544.28,549.08,131.22091,1601627399999,71813.5264883,210,70.60539,38687.144870899996,0
2020-10-02 08:30:00,549.08,549.08,538.22,542.18,159.98728,1601629199999,86909.45285860001,288,31.289240000000003,16974.2498657,0
2020-10-02 09:00:00,543.01,546.6,536.18,536.18,243.13092999999998,1601630999999,131637.51364689998,398,115.16056,62456.7279388,0
2020-10-02 09:30:00,536.19,542.18,536.18,541.75,72.15425,1601632799999,38915.4381239,113,64.46257,34773.1862255,0
2020-10-02 10:00:00,541.74,545.38,530.24,532.28,273.22095,1601634599999,146614.8020921,421,129.02227,69318.7448909,0
2020-10-02 10:30:00,533.84,537.8,530.27,537.8,117.68507,1601636399999,62852.639487,168,77.27852,41320.6210688,0
2020-10-02 11:00:00,537.04,537.95,533.62,533.73,43.62464,1601638199999,23389.0771621,80,13.4892,7243.5148002000005,0
2020-10-02 11:30:00,535.01,536.86,531.32,531.96,169.42309,1601639999999,90527.0760863,251,84.48057,45170.7134407,0
2020-10-02 12:00:00,531.95,539.52,531.72,538.61,129.95186,1601641799999,69675.7043041,218,91.92798,49297.054538,0
2020-10-02 12:30:00,537.56,537.73,533.33,537.2,86.27951,1601643599999,46211.0761167,129,38.50815,20620.8663438,0
2020-10-02 13:00:00,536.68,536.68,530.0,531.65,279.10994,1601645399999,148564.4678823,311,109.14048000000001,58128.0890476,0
2020-10-02 13:30:00,530.67,541.5,530.66,538.46,278.02718,1601647199999,149269.11560579998,492,136.7811,73448.8747311,0
2020-10-02 14:00:00,539.51,542.22,535.72,539.91,144.51471999999995,1601648999999,77940.9716259,241,90.28719,48716.1888128,0
2020-10-02 14:30:00,538.82,549.38,535.86,542.93,287.47892,1601650799999,155817.8190096,484,136.77622,74125.0972346,0
2020-10-02 15:00:00,545.12,551.64,544.57,547.5,256.67322,1601652599999,140762.173495,395,156.67763,85903.86771980001,0
2020-10-02 15:30:00,547.66,549.29,539.55,544.09,118.71511000000001,1601654399999,64791.459761699996,178,36.756409999999995,20033.2575684,0
2020-10-02 16:00:00,543.32,544.19,535.03,540.73,343.85949,1601656199999,185462.4595355,559,173.80643999999995,93843.4453767,0
2020-10-02 16:30:00,539.97,548.7,539.77,547.55,131.54594,1601657999999,71743.4420467,194,72.53820999999998,39549.4505782,0
2020-10-02 17:00:00,547.56,552.95,544.94,552.67,174.9843,1601659799999,96136.7528772,310,85.26623000000002,46858.681014,0
2020-10-02 17:30:00,551.91,554.99,550.01,553.42,62.52758000000001,1601661599999,34569.4488179,107,45.337309999999995,25095.505319,0
2020-10-02 18:00:00,554.41,555.79,552.57,552.74,72.7216,1601663399999,40305.475891300004,86,35.30316,19597.3154676,0
2020-10-02 18:30:00,552.94,557.0,549.68,552.35,88.3355,1601665199999,48852.0858896,139,41.57468,23007.9156974,0
2020-10-02 19:00:00,552.9,557.39,546.26,552.06,250.19384,1601666999999,137887.50419779998,415,126.19171000000001,69600.1607019,0
2020-10-02 19:30:00,550.7,550.79,545.28,546.21,77.35888,1601668799999,42390.8807898,121,41.59941,22823.755041999997,0
2020-10-02 20:00:00,546.23,552.12,544.97,549.81,176.41416,1601670599999,96800.26235019999,329,91.73236999999999,50358.1191899,0
2020-10-02 20:30:00,549.66,552.88,549.66,550.49,35.53435,1601672399999,19572.5352434,54,21.592589999999998,11894.6161009,0
2020-10-02 21:00:00,551.16,553.23,547.74,547.74,44.83163,1601674199999,24680.8914542,68,14.116220000000002,7796.6721779,0
2020-10-02 21:30:00,547.92,554.26,539.41,547.95,444.26762,1601675999999,243094.0773808,749,218.07376000000002,119405.1601668,0
2020-10-02 22:00:00,548.51,551.25,542.7,543.94,361.70071,1601677799999,197805.7715842,719,174.38824,95426.39993360001,0
2020-10-02 22:30:00,544.37,553.67,542.73,551.54,281.01677,1601679599999,154578.47508960002,719,165.8114,91203.7077523,0
2020-10-02 23:00:00,551.21,553.7,550.98,551.91,43.73245,1601681399999,24138.0449276,53,22.55506,12457.286234700001,0
2020-10-02 23:30:00,553.11,554.71,551.91,552.81,59.70312,1601683199999,33023.3504603,50,50.37279,27866.8339074,0
2020-10-03 00:00:00,551.48,554.02,548.04,550.64,86.76974,1601684999999,47840.32385630001,93,44.29755,24440.5037364,0
2020-10-03 00:30:00,550.79,554.4,547.14,550.89,228.18668,1601686799999,125643.65221789999,273,102.0864,56192.221249,0
2020-10-03 01:00:00,552.58,558.61,552.29,554.4,214.97162999999998,1601688599999,119377.4818138,292,120.20013,66750.23045219999,0
2020-10-03 01:30:00,554.4,563.21,548.4,561.39,612.76536,1601690399999,339246.90504090005,1123,291.57452,161496.6092722,0
2020-10-03 02:00:00,563.05,575.19,560.8,569.33,429.05272,1601692199999,244192.08204470002,910,236.09976,134465.8108573,0
2020-10-03 02:30:00,568.68,573.57,568.23,571.14,74.04364,1601693999999,42296.1484875,117,48.33999,27632.906585400004,0
2020-10-03 03:00:00,571.14,576.25,569.03,575.24,141.03923999999995,1601695799999,80789.7758524,247,57.523740000000004,32964.7576024,0
2020-10-03 03:30:00,574.89,578.33,574.43,577.61,34.34198,1601697599999,19813.222885900002,78,21.15075,12216.585133,0
2020-10-03 04:00:00,577.75,580.69,574.8,580.69,83.02323,1601699399999,48019.335750800004,132,52.32214000000001,30313.250315599995,0
2020-10-03 04:30:00,579.22,584.69,579.21,584.11,51.97573,1601701199999,30267.697587700004,122,17.26326,10071.0232881,0
2020-10-03 05:00:00,582.63,583.97,573.05,573.07,95.42568,1601702999999,55133.35731209999,150,25.3297,14685.2385052,0
2020-10-03 05:30:00,573.09,574.38,570.26,572.97,61.175869999999996,1601704799999,35035.769466000005,109,41.69532,23892.442493900002,0
2020-10-03 06:00:00,573.73,574.3,565.99,567.97,93.33906999999999,1601706599999,53206.1399396,151,36.40495,20787.3539479,0
2020-10-03 06:30:00,568.06,571.13,567.54,571.0,31.711340000000003,1601708399999,18055.746957099997,42,24.2662,13818.4729859,0
2020-10-03 07:00:00,571.13,575.45,570.18,573.45,46.0374,1601710199999,26404.6222825,80,21.2467,12172.309111700002,0
2020-10-03 07:30:00,573.38,576.48,572.45,574.85,29.60544,1601711999999,17033.1261376,42,12.76201,7341.6991324,0
2020-10-03 08:00:00,576.26,579.38,571.24,577.72,100.0064,1601713799999,57542.4388524,170,46.01096,26520.204844599997,0
2020-10-03 08:30:00,576.45,578.99,574.85,576.11,50.87925,1601715599999,29350.65405120001,77,27.4186,15826.628906299999,0
2020-10-03 09:00:00,576.11,579.79,574.35,577.48,68.82136,1601717399999,39688.348933,97,49.8804,28778.5765403,0
2020-10-03 09:30:00,576.28,576.88,574.49,576.43,17.40527,1601719199999,10023.3753586,47,8.785689999999999,5063.370077000001,0
2020-10-03 10:00:00,575.37,579.5,575.34,575.48,49.20029,1601720999999,28399.293790099997,79,27.82478,16076.1699833,0
2020-10-03 10:30:00,575.74,578.06,575.2,577.43,22.48328,1601722799999,12959.4478864,46,13.22405,7631.800369499999,0
2020-10-03 11:00:00,577.47,579.31,575.45,575.83,44.989129999999996,1601724599999,25933.4218681,70,20.07041,11583.086302,0
2020-10-03 11:30:00,575.47,575.88,574.49,575.65,11.16152,1601726399999,6418.647626,29,2.88118,1657.5905042000006,0
2020-10-03 12:00:00,575.27,575.7,573.18,575.34,23.65113,1601728199999,13583.292192700002,45,7.2119,4148.1873528000015,0
2020-10-03 12:30:00,575.15,575.54,572.67,573.37,15.05401,1601729999999,8635.7047035,87,3.7705599999999997,2161.9318114999996,0
2020-10-03 13:00:00,573.32,573.8,572.16,572.16,16.8387,1601731799999,9645.2570031,48,12.69084,7271.220831899999,0
2020-10-03 13:30:00,572.16,572.16,569.18,570.49,65.51995,1601733599999,37396.7407992,121,46.126129999999996,26332.424281,0
2020-10-03 14:00:00,571.59,574.97,569.05,574.97,51.15047,1601735399999,29276.409941100002,86,20.744510000000002,11891.7813844,0
2020-10-03 14:30:00,574.96,576.89,570.68,570.68,39.60585,1601737199999,22723.346723099996,63,9.83762,5640.7714627,0
2020-10-03 15:00:00,570.81,572.74,570.21,572.31,34.24114,1601738999999,19570.8420932,48,29.11692,16645.3107711,0
2020-10-03 15:30:00,572.52,573.12,571.27,572.3,24.50101,1601740799999,14024.684651499998,50,10.88218,6233.556929500001,0
2020-10-03 16:00:00,573.24,573.47,572.94,573.47,5.1527400000000005,1601742599999,2954.0401828000013,8,5.1527400000000005,2954.0401828000013,0
2020-10-03 16:30:00,573.25,576.75,571.87,576.75,52.74827,1601744399999,30302.6069878,89,30.836370000000002,17748.6005725,0
2020-10-03 17:00:00,574.63,575.5,573.65,574.59,24.04319,1601746199999,13822.2052162,50,3.5122199999999997,2020.0990784000005,0
2020-10-03 17:30:00,575.37,575.88,574.0,575.88,10.89593,1601747999999,6269.0204067,16,7.44225,4285.4258759,0
2020-10-03 18:00:00,576.04,576.96,574.77,576.95,14.829939999999999,1601749799999,8544.617919600001,49,11.55664,6662.979644,0
2020-10-03 18:30:00,576.94,578.15,575.28,578.15,18.66786,1601751599999,10775.3704731,93,14.05706,8117.480529800001,0
2020-10-03 19:00:00,578.15,579.34,577.08,579.22,10.360430000000001,1601753399999,5996.330816,75,9.113610000000001,5276.041518,0
2020-10-03 19:30:00,579.22,580.58,577.11,577.12,32.35865,1601755199999,18735.22565,71,10.0789,5847.003638,0
2020-10-03 20:00:00,578.32,580.5,578.31,578.97,15.61193,1601756999999,9042.8564123,41,4.52877,2623.0682338,0
2020-10-03 20:30:00,577.35,581.02,576.03,578.81,69.5033,1601758799999,40242.447015499994,107,29.48126,17098.23732,0
2020-10-03 21:00:00,579.31,579.31,576.55,577.88,11.05866,1601760599999,6385.1971027,69,5.04206,2913.8608360999997,0
2020-10-03 21:30:00,576.98,577.96,566.98,567.7,149.49386,1601762399999,85526.1072979,203,65.4701,37504.577880300014,0
2020-10-03 22:00:00,566.98,567.05,561.34,563.33,77.80272,1601764199999,43828.963678900014,181,36.86525,20740.9665841,0
2020-10-03 22:30:00,563.18,563.65,561.9,563.55,10.56713,1601765999999,5949.3060774999985,47,9.03197,5086.6181774,0
2020-10-03 23:00:00,563.33,563.63,561.34,562.41,15.65024,1601767799999,8795.246886399998,96,5.8956800000000005,3317.3673298,0
2020-10-03 23:30:00,561.99,562.18,557.17,557.57,29.05848,1601769599999,16246.1852977,112,9.81997,5482.9889359,0
2020-10-04 00:00:00,557.17,561.51,555.27,561.21,65.4518,1601771399999,36563.0423247,134,48.771190000000004,27277.0298454,0
2020-10-04 00:30:00,561.23,563.23,559.76,563.23,38.50735,1601773199999,21615.329512099997,84,26.19334,14714.5430011,0
2020-10-04 01:00:00,563.23,563.23,557.44,557.76,45.914120000000004,1601774999999,25718.960886700002,125,6.29323,3533.9201876999996,0
2020-10-04 01:30:00,558.59,559.36,557.05,558.82,17.30535,1601776799999,9653.6382703,54,10.235439999999999,5711.162951199999,0
2020-10-04 02:00:00,557.3,558.0,552.79,555.37,60.3119,1601778599999,33489.0164114,150,24.28673,13481.886756099999,0
2020-10-04 02:30:00,555.3,559.69,554.14,559.29,51.25022,1601780399999,28581.154236500002,124,44.19912,24649.0518852,0
2020-10-04 03:00:00,559.35,560.91,559.26,560.58,21.939410000000002,1601782199999,12290.2193654,76,15.425379999999999,8642.764756100001,0
2020-10-04 03:30:00,560.61,560.67,557.61,559.22,36.3447,1601783999999,20320.976816,122,26.03645,14560.120476700002,0
2020-10-04 04:00:00,558.48,561.7,558.39,561.26,31.12012,1601785799999,17421.484041,110,19.53671,10946.9434384,0
2020-10-04 04:30:00,560.7,561.94,560.7,561.84,2.71881,1601787599999,1527.1937078,22,2.69938,1516.2993068,0
2020-10-04 05:00:00,562.14,562.14,552.35,553.37,193.28832,1601789399999,107293.644538,337,80.06197,44432.41076580001,0
2020-10-04 05:30:00,553.55,555.06,552.19,553.37,33.84655,1601791199999,18744.730940200006,101,23.66553,13111.435689799999,0
2020-10-04 06:00:00,553.08,557.1,551.69,557.1,60.921969999999995,1601792999999,33781.8124167,118,25.74103,14294.4773102,0
2020-10-04 06:30:00,557.1,560.64,555.96,560.44,66.4948,1601794799999,37136.5396661,138,36.2227,20240.7448586,0
2020-10-04 07:00:00,560.45,561.66,557.85,558.91,40.107240000000004,1601796599999,22441.554822,65,20.6579,11566.8746967,0
2020-10-04 07:30:00,558.93,559.38,557.63,557.98,29.413420000000002,1601798399999,16435.1457623,46,23.31687,13031.9176114,0
2020-10-04 08:00:00,558.38,560.39,558.0,560.04,10.016919999999999,1601800199999,5601.7233036000025,47,6.69613,3745.6932211999997,0
2020-10-04 08:30:00,560.04,560.08,556.39,558.27,26.15684,1601801999999,14588.7627792,66,6.50352,3630.2287971999995,0
2020-10-04 09:00:00,558.31,559.09,556.43,556.47,21.107129999999998,1601803799999,11766.7561015,31,0.01967,10.997300300000001,0
2020-10-04 09:30:00,556.44,558.59,555.97,557.59,14.25079,1601805599999,7936.3445375,27,7.8060300000000025,4350.9033077,0
2020-10-04 10:00:00,557.59,558.44,554.16,556.26,41.80867,1601807399999,23231.3510965,71,12.409930000000001,6899.4642199,0
2020-10-04 10:30:00,557.27,557.39,556.02,557.31,14.9086,1601809199999,8296.830781800001,29,3.7679199999999997,2098.7713998,0
2020-10-04 11:00:00,557.42,558.42,557.02,557.02,7.4264,1601810999999,4142.7468181,35,4.9905300000000015,2785.4526647,0
2020-10-04 11:30:00,557.86,559.26,557.33,558.98,22.353,1601812799999,12487.2447732,58,18.955460000000002,10591.5654115,0
2020-10-04 12:00:00,557.84,559.08,554.52,555.22,31.14272,1601814599999,17353.7939707,70,5.2980599999999995,2952.3476543,0
2020-10-04 12:30:00,555.2,559.8,553.57,559.55,65.36049,1601816399999,36412.181895,102,28.28718,15774.5397071,0
2020-10-04 13:00:00,559.59,563.45,559.59,562.62,57.5427,1601818199999,32329.1662266,126,39.64809,22268.8552808,0
2020-10-04 13:30:00,562.59,563.2,558.19,561.34,59.69707,1601819999999,33452.3488775,146,20.189320000000002,11318.597388,0
2020-10-04 14:00:00,561.29,561.29,557.57,558.39,26.61925,1601821799999,14882.9089229,74,6.44665,3607.4312135,0
2020-10-04 14:30:00,558.31,558.92,555.86,555.86,51.96297,1601823599999,28976.4454838,129,15.29456,8539.757632699999,0
2020-10-04 15:00:00,556.87,557.63,554.64,556.39,37.20449,1601825399999,20697.6187448,60,21.118489999999998,11758.9317968,0
2020-10-04 15:30:00,556.39,557.46,552.57,552.57,42.96515,1601827199999,23821.87893000001,79,11.24012,6236.6833106,0
2020-10-04 16:00:00,552.43,555.09,550.0,555.0,82.57618000000002,1601828999999,45649.9707334,118,44.61505,24663.50934220001,0
2020-10-04 16:30:00,554.84,555.7,553.15,555.63,15.01079,1601830799999,8328.3788388,42,11.03267,6125.4381766999995,0
2020-10-04 17:00:00,555.79,556.44,552.87,555.3,96.20430999999999,1601832599999,53348.7215644,128,30.81516,17089.2488891,0
2020-10-04 17:30:00,555.84,556.87,555.16,556.15,11.3249,1601834399999,6295.0501945,45,5.61722,3124.9719613,0
2020-10-04 18:00:00,556.6,559.17,555.48,557.77,67.66379,1601836199999,37737.0510321,135,46.90041,26162.5409108,0
2020-10-04 18:30:00,557.95,559.87,555.65,559.31,54.898619999999994,1601837999999,30632.4422152,102,26.75716,14941.338515700001,0
2020-10-04 19:00:00,559.55,560.74,558.15,560.65,49.43967,1601839799999,27666.903381599997,78,27.530409999999996,15419.0692,0
2020-10-04 19:30:00,561.1,564.56,560.26,564.56,61.10706999999999,1601841599999,34388.61187180001,150,33.91816,19086.755522299998,0
2020-10-04 20:00:00,564.55,567.69,564.39,567.69,53.91924,1601843399999,30527.2515761,151,33.7758,19124.825482199998,0
2020-10-04 20:30:00,567.68,567.69,563.48,564.84,30.86706,1601845199999,17450.884943200002,76,8.90658,5045.311790600002,0
2020-10-04 21:00:00,565.1,566.6,564.73,566.2,10.54919,1601846999999,5969.6918195,38,9.596060000000001,5430.2516555,0
2020-10-04 21:30:00,566.2,567.15,565.7,566.43,11.58232,1601848799999,6561.0718344,45,7.89071,4471.0612023,0
2020-10-04 22:00:00,566.02,568.77,566.02,568.65,24.92277,1601850599999,14152.4491519,61,22.54266,12801.4394916,0
2020-10-04 22:30:00,568.0,568.86,567.36,568.08,20.03621,1601852399999,11379.1408155,59,6.10186,3468.3900550999997,0
2020-10-04 23:00:00,568.86,571.09,567.94,571.09,26.62207,1601854199999,15170.5243205,64,15.95156,9092.6534695,0
2020-10-04 23:30:00,571.1,571.75,568.79,569.37,42.23373,1601855999999,24096.907777700002,107,19.78736,11299.434745100001,0
2020-10-05 00:00:00,569.1,575.4,568.37,573.58,89.25715,1601857799999,51137.31014719999,183,63.64455,36447.72267980001,0
2020-10-05 00:30:00,574.57,575.39,561.0,562.2,224.5688,1601859599999,127150.178108,543,86.12345,48643.5612148,0
2020-10-05 01:00:00,561.6,562.67,561.03,562.67,62.01262,1601861399999,34845.3249491,212,23.27142000000001,13088.059903200001,0
2020-10-05 01:30:00,562.4,565.84,562.4,563.22,59.03383,1601863199999,33319.1514344,112,25.7932,14556.344184,0
2020-10-05 02:00:00,563.73,566.06,562.91,564.64,46.1048,1601864999999,26038.7936539,83,26.02606,14704.5233169,0
2020-10-05 02:30:00,564.37,564.52,562.61,563.87,9.23925,1601866799999,5208.9831276999985,13,5.47365,3089.5572751,0
2020-10-05 03:00:00,565.12,565.12,554.11,554.11,107.30755,1601868599999,59847.94581900001,248,17.78389,9927.6092155,0
2020-10-05 03:30:00,554.11,557.5,547.64,551.76,371.07012000000003,1601870399999,204829.30093879998,616,143.24087,79269.0365722,0
2020-10-05 04:00:00,551.37,552.03,549.04,550.61,40.81986,1601872199999,22470.2574463,84,12.21337,6728.813782400001,0
2020-10-05 04:30:00,550.25,552.06,549.93,550.62,44.22919,1601873999999,24363.382714800002,90,23.53805,12969.7211924,0
2020-10-05 05:00:00,551.25,551.5,550.52,551.5,7.08903,1601875799999,3905.1894335,20,6.9919600000000015,3851.7320138000014,0
2020-10-05 05:30:00,550.87,552.0,550.6,551.98,16.72322,1601877599999,9216.6934365,44,7.1566899999999976,3945.8452494000003,0
2020-10-05 06:00:00,551.97,551.97,543.54,545.05,178.12487,1601879399999,97419.44752660001,257,55.07835,30150.741829799998,0
2020-10-05 06:30:00,545.05,546.69,545.05,546.69,16.46771,1601881199999,8987.967617799999,55,10.92642,5965.4592331999975,0
2020-10-05 07:00:00,546.4,548.68,544.46,545.24,65.77656,1601882999999,35975.477902,151,28.058329999999998,15357.299402899998,0
2020-10-05 07:30:00,545.5,550.93,545.49,550.93,46.37401,1601884799999,25412.5565681,108,29.30348,16083.2365478,0
2020-10-05 08:00:00,550.17,551.08,549.01,551.03,16.43025,1601886599999,9037.564142899999,59,7.69045,4234.1332311999995,0
2020-10-05 08:30:00,550.02,550.97,548.38,548.38,13.593770000000001,1601888399999,7469.747085100003,27,0.10785,59.347389,0
2020-10-05 09:00:00,548.3,549.47,547.28,547.51,36.79354,1601890199999,20180.083506400002,65,19.89293,10918.5554817,0
2020-10-05 09:30:00,548.2,551.5,547.27,551.5,49.35174,1601891999999,27129.5470422,68,38.403620000000004,21120.352443,0
2020-10-05 10:00:00,551.1,552.26,547.27,551.52,80.8211,1601893799999,44462.760908899996,148,44.44594,24455.3386642,0
2020-10-05 10:30:00,552.26,556.48,551.56,553.6,58.74666,1601895599999,32544.215068299996,126,40.25259000000001,22299.5380004,0
2020-10-05 11:00:00,553.4,556.56,553.4,555.18,20.610020000000002,1601897399999,11446.837376899999,69,14.314639999999999,7953.262933399998,0
2020-10-05 11:30:00,554.21,555.8,553.66,554.51,20.3355,1601899199999,11286.3176283,57,7.90923,4391.5571855,0
2020-10-05 12:00:00,554.77,556.56,552.67,553.86,34.78734,1601900999999,19287.3466395,71,16.41011,9109.9448454,0
2020-10-05 12:30:00,553.66,557.14,552.91,557.11,36.112590000000004,1601902799999,20053.874864700007,67,32.60139,18107.9419162,0
2020-10-05 13:00:00,556.98,559.81,555.67,556.16,65.93561,1601904599999,36757.2324281,160,29.244429999999998,16322.7436014,0
2020-10-05 13:30:00,557.69,561.22,557.69,560.69,85.1114,1601906399999,47668.5914833,133,65.61348000000001,36755.1478643,0
2020-10-05 14:00:00,561.21,563.46,558.92,559.99,75.25943000000002,1601908199999,42215.411196800014,163,39.7868,22338.6721499,0
2020-10-05 14:30:00,560.0,562.53,558.65,558.65,56.4617,1601909999999,31641.326596900013,83,41.733309999999996,23401.137358,0
2020-10-05 15:00:00,559.52,561.84,558.64,560.23,35.27906,1601911799999,19766.7610367,58,20.22583,11337.8751157,0
2020-10-05 15:30:00,560.23,561.37,558.78,559.99,23.59365,1601913599999,13210.7792776,46,9.74618,5462.8956560000015,0
2020-10-05 16:00:00,561.4,563.49,560.72,560.72,41.9615,1601915399999,23599.4028028,66,29.63212,16667.4653319,0
2020-10-05 16:30:00,560.32,561.84,558.84,561.84,49.15826,1601917199999,27536.6786985,79,25.61794,14366.033203100002,0
2020-10-05 17:00:00,561.84,562.38,558.61,558.76,32.315059999999995,1601918999999,18114.2242815,59,14.723720000000002,8266.539391799999,0
2020-10-05 17:30:00,559.0,559.25,555.28,555.28,31.943609999999996,1601920799999,17801.8074681,68,4.72424,2636.9523836,0
2020-10-05 18:00:00,555.46,556.57,550.9,551.3,26.81255,1601922599999,14851.335525100001,84,9.42972,5235.5575827,0
2020-10-05 18:30:00,551.73,554.59,551.73,554.16,9.33915,1601924399999,5160.7325665,20,9.17202,5068.1144745,0
2020-10-05 19:00:00,554.16,555.8,554.16,554.75,12.77327,1601926199999,7090.4069977,27,11.10466,6164.7504915,0
2020-10-05 19:30:00,555.64,559.16,554.01,557.46,77.34000999999998,1601927999999,43010.5536992,136,25.11795,13985.5632349,0
2020-10-05 20:00:00,557.29,559.42,555.21,558.9,18.95253,1601929799999,10559.8889339,52,12.91041,7195.160832600001,0
2020-10-05 20:30:00,558.49,558.5,554.89,555.97,19.30815,1601931599999,10738.2110479,53,8.34035,4638.9727111,0
2020-10-05 21:00:00,556.2,558.56,556.2,558.56,27.55992,1601933399999,15355.808106299999,68,26.10376,14545.0506773,0
2020-10-05 21:30:00,559.1,560.19,555.53,559.09,55.1726,1601935199999,30775.337634599997,125,18.51206,10340.7235077,0
2020-10-05 22:00:00,558.56,562.48,558.46,561.61,25.15558,1601936999999,14091.877123299999,84,22.53506,12627.051312200001,0
2020-10-05 22:30:00,561.68,563.98,561.48,563.8,18.90748,1601938799999,10644.5872634,46,10.88902,6135.793221600001,0
2020-10-05 23:00:00,564.01,564.57,561.37,562.26,30.36508,1601940599999,17093.7656604,53,22.185979999999997,12488.0433469,0
2020-10-05 23:30:00,563.49,567.69,562.98,565.0,87.79720999999998,1601942399999,49635.7528898,195,48.87893,27637.7681016,0
2020-10-06 00:00:00,565.39,566.79,563.36,564.61,36.50314,1601944199999,20623.922085799997,81,20.023229999999998,11317.201328799998,0
2020-10-06 00:30:00,563.87,565.33,562.38,565.32,25.66591,1601945999999,14466.404710100001,79,7.36097,4154.570383599998,0
2020-10-06 01:00:00,565.68,567.47,564.56,564.56,47.39649,1601947799999,26843.7034013,76,29.82838,16897.843831799993,0
2020-10-06 01:30:00,564.56,565.63,561.97,563.76,30.11015,1601949599999,16962.084178,67,9.52313,5371.3439181,0
2020-10-06 02:00:00,563.77,566.03,562.99,565.69,41.34484000000001,1601951399999,23343.0582308,68,28.92067,16324.984197100002,0
2020-10-06 02:30:00,564.92,567.34,563.46,564.99,41.58753,1601953199999,23500.7213368,88,17.45755,9869.017033,0
2020-10-06 03:00:00,564.5,564.5,562.22,562.22,12.42266,1601954999999,6989.5191906,30,0.4183,235.5991204,0
2020-10-06 03:30:00,563.28,566.03,563.13,563.81,27.358620000000002,1601956799999,15446.7236014,50,23.07803,13029.113931299999,0
2020-10-06 04:00:00,564.65,566.32,555.0,555.0,313.16188999999997,1601958599999,174483.1212685,468,108.6458,60551.4299885,0
2020-10-06 04:30:00,556.48,556.57,553.06,553.06,27.757279999999998,1601960399999,15405.6916885,47,6.39197,3557.4099248,0
2020-10-06 05:00:00,553.27,555.83,549.73,551.11,166.43168,1601962199999,91984.7031898,277,57.13888000000001,31634.060669700004,0
2020-10-06 05:30:00,550.34,551.9,549.56,550.78,96.30011999999999,1601963999999,52987.487234500004,150,58.30256,32081.241235600002,0
2020-10-06 06:00:00,550.37,551.52,550.0,550.01,28.252129999999998,1601965799999,15550.5468435,60,6.9299100000000005,3815.2947634,0
2020-10-06 06:30:00,551.11,552.91,549.25,552.75,26.31059,1601967599999,14481.698500600001,85,10.028939999999999,5532.045836,0
2020-10-06 07:00:00,551.78,552.39,550.43,550.43,11.42659,1601969399999,6307.251869100001,18,10.083,5566.9503628,0
2020-10-06 07:30:00,550.43,550.43,545.89,546.5,60.09972,1601971199999,32914.8606754,121,16.95187,9274.7932974,0
2020-10-06 08:00:00,545.87,550.5,543.4,547.37,249.46162999999999,1601972999999,136268.262132,434,126.0593,68869.4414006,0
2020-10-06 08:30:00,546.95,548.49,539.39,544.1,157.91869,1601974799999,85743.6534672,330,85.01007,46162.1900261,0
2020-10-06 09:00:00,543.67,544.59,534.72,536.12,133.04602,1601976599999,71550.01877869999,334,63.78544,34260.2512057,0
2020-10-06 09:30:00,535.0,538.65,534.73,538.01,47.871759999999995,1601978399999,25692.837091999998,54,38.929559999999995,20896.531391099998,0
2020-10-06 10:00:00,537.41,537.41,532.61,533.97,122.73777,1601980199999,65605.12005580001,189,14.0905,7522.2621033000005,0
2020-10-06 10:30:00,534.09,534.09,530.53,530.77,62.46973000000001,1601981999999,33260.8180488,102,21.17407,11284.8983794,0
2020-10-06 11:00:00,530.5,530.59,522.31,523.79,172.02992,1601983799999,90615.6807445,308,71.11779,37455.866881199996,0
2020-10-06 11:30:00,523.59,525.45,521.32,522.38,67.50189,1601985599999,35344.776333,126,37.95429,19896.2992551,0
2020-10-06 12:00:00,521.58,522.26,516.36,521.64,124.39192,1601987399999,64629.7871643,262,54.92404000000001,28571.460535299997,0
2020-10-06 12:30:00,521.6,522.72,520.22,520.22,22.97471,1601989199999,11984.9174072,31,13.5696,7083.3802694999995,0
2020-10-06 13:00:00,520.33,523.0,517.62,522.79,71.15751,1601990999999,37072.066654199996,125,56.98373,29703.5209212,0
2020-10-06 13:30:00,522.79,523.84,519.68,520.72,47.75645,1601992799999,24927.0491665,92,18.60388,9717.8547096,0
2020-10-06 14:00:00,520.31,523.22,517.69,520.66,77.36425,1601994599999,40273.7564141,141,41.87585,21812.215117900007,0
2020-10-06 14:30:00,519.83,520.68,517.52,517.95,83.66131999999998,1601996399999,43429.7589421,144,27.071040000000004,14052.8966791,0
2020-10-06 15:00:00,517.8,531.97,512.76,529.59,432.42542000000003,1601998199999,224424.68904390003,565,263.94603,136905.2922229,0
2020-10-06 15:30:00,529.71,538.07,529.71,534.6,83.23793,1601999999999,44526.2813502,178,52.26362,27972.52545120001,0
2020-10-06 16:00:00,535.37,535.4,525.4,525.92,376.60497000000004,1602001799999,199180.9242581,362,120.10023000000001,63495.446876999995,0
2020-10-06 16:30:00,527.06,527.2,525.08,526.83,47.73007,1602003599999,25121.0924319,87,13.347920000000002,7033.7672379999985,0
2020-10-06 17:00:00,526.36,536.66,525.0,525.9,378.99162,1602005399999,200893.3219912,757,173.09903,91781.3124305,0
2020-10-06 17:30:00,525.51,527.32,525.33,526.16,18.53792,1602007199999,9759.0359908,70,11.0612,5826.710316100001,0
2020-10-06 18:00:00,526.14,528.05,526.14,528.01,18.47415,1602008999999,9741.3278034,30,18.09799,9543.296970200001,0
2020-10-06 18:30:00,527.05,529.14,525.0,525.52,234.56148,1602010799999,123301.2102171,341,46.1214,24294.4850935,0
2020-10-06 19:00:00,525.01,525.44,520.0,521.56,186.59753999999998,1602012599999,97619.9323906,311,74.00363,38734.0503006,0
2020-10-06 19:30:00,521.15,521.7,519.55,521.27,30.16284000000001,1602014399999,15705.6650669,59,15.653229999999999,8158.414003899998,0
2020-10-06 20:00:00,521.04,521.43,518.5,518.53,108.17222,1602016199999,56236.219009500004,101,23.8644,12417.1838,0
2020-10-06 20:30:00,519.52,519.55,517.0,517.0,112.98006000000001,1602017999999,58440.9304835,126,16.357779999999998,8479.7932722,0
2020-10-06 21:00:00,517.0,518.4,517.0,517.0,41.7914,1602019799999,21624.5419308,51,12.06974,6253.466757,0
2020-10-06 21:30:00,517.0,518.67,517.0,517.51,76.23044,1602021599999,39440.5192113,85,26.74274,13850.884523100001,0
2020-10-06 22:00:00,517.51,521.36,515.14,521.0,98.21503,1602023399999,50952.12330209999,150,50.73838,26313.5533522,0
2020-10-06 22:30:00,520.85,522.57,517.71,517.71,53.99938,1602025199999,28091.0340174,103,10.94182,5697.6400555,0
2020-10-06 23:00:00,517.74,519.45,516.11,519.45,30.18595,1602026999999,15627.8065065,51,18.895329999999998,9790.197648000001,0
2020-10-06 23:30:00,518.2,521.63,517.51,520.74,46.39186,1602028799999,24089.8114833,86,33.923320000000004,17624.9766224,0
2020-10-07 00:00:00,520.75,520.82,511.85,512.16,110.06687,1602030599999,56735.8760123,228,39.76437,20475.7725836,0
2020-10-07 00:30:00,512.61,512.62,507.62,509.66,43.69938,1602032399999,22269.2563998,94,9.39508,4790.2566118999985,0
2020-10-07 01:00:00,509.66,510.98,506.27,506.68,63.27353000000001,1602034199999,32147.97365130001,101,18.08517,9204.4783487,0
2020-10-07 01:30:00,506.47,511.66,501.06,511.66,138.47839,1602035999999,70059.0941469,225,88.45881999999996,44805.786217,0
2020-10-07 02:00:00,511.08,516.71,511.08,511.47,83.15576999999998,1602037799999,42697.835308199996,143,47.77568,24552.0759691,0
2020-10-07 02:30:00,512.23,517.13,506.61,508.44,188.55504,1602039599999,96350.4827039,304,105.46368999999999,53916.3312342,0
2020-10-07 03:00:00,508.82,508.88,503.69,506.86,57.505069999999996,1602041399999,29113.7788866,79,16.74987,8474.9172232,0
2020-10-07 03:30:00,506.28,509.29,503.64,505.63,128.10399999999998,1602043199999,64869.014334399995,186,70.20786,35578.959984699984,0
2020-10-07 04:00:00,504.53,508.99,503.59,508.99,58.41927,1602044999999,29562.39939,92,39.45665,19995.042406099998,0
2020-10-07 04:30:00,508.03,510.47,503.48,510.47,72.42231,1602046799999,36734.1524107,130,29.146309999999996,14803.096751199999,0
2020-10-07 05:00:00,510.52,516.75,508.86,515.51,227.44357000000002,1602048599999,116635.78131230001,354,155.43386,79720.2209285,0
2020-10-07 05:30:00,515.49,519.18,515.0,517.87,52.20039000000001,1602050399999,26982.269620599996,94,27.798370000000002,14381.070097,0
2020-10-07 06:00:00,518.55,522.72,515.91,519.5,82.5947,1602052199999,42910.539358199996,175,38.31992,19932.969187,0
2020-10-07 06:30:00,520.09,527.07,518.8,527.05,74.43158000000003,1602053999999,38929.693925499996,176,51.286809999999996,26826.023901400004,0
2020-10-07 07:00:00,526.85,529.77,520.66,521.81,330.75354,1602055799999,173593.37254520002,750,153.9696,80859.106124,0
2020-10-07 07:30:00,520.83,523.13,518.91,522.72,36.07747,1602057599999,18796.8239409,74,18.41986,9606.969183700001,0
2020-10-07 08:00:00,522.44,523.17,513.04,513.04,150.54752,1602059399999,77934.36753480001,297,48.21149000000001,24994.8754911,0
2020-10-07 08:30:00,512.91,525.38,512.91,517.83,419.97144000000003,1602061199999,218568.00607529999,712,224.65641000000002,116781.3217657,0
2020-10-07 09:00:00,517.92,521.16,510.3,514.89,167.44801999999999,1602062999999,86310.06861960003,308,65.84658,33991.6984456,0
2020-10-07 09:30:00,514.77,523.97,514.55,515.1,254.32735,1602064799999,132029.63001649998,440,125.42851999999999,65038.27781290001,0
2020-10-07 10:00:00,514.89,517.46,511.25,513.81,58.59874,1602066599999,30133.2508655,110,26.19987,13490.0433458,0
2020-10-07 10:30:00,514.03,521.5,507.8,519.18,301.0482,1602068399999,154762.4625429,508,159.99546,82275.4619931,0
2020-10-07 11:00:00,518.75,520.58,514.13,514.21,63.775119999999994,1602070199999,33011.296071900004,126,29.88765,15502.918803499999,0
2020-10-07 11:30:00,515.14,520.96,513.73,514.49,347.50631,1602071999999,179723.0145735,694,174.10882,90087.60519650001,0
2020-10-07 12:00:00,514.49,523.23,514.49,519.91,365.53439,1602073799999,189810.165961,574,147.9223,76750.5018362,0
2020-10-07 12:30:00,519.91,522.62,519.18,521.82,58.96304,1602075599999,30728.3147842,108,43.76828,22809.1292904,0
2020-10-07 13:00:00,522.1,523.65,517.54,517.62,106.47946,1602077399999,55342.123848899995,217,50.42227000000001,26248.8495908,0
2020-10-07 13:30:00,518.33,521.43,518.1,518.38,37.41297,1602079199999,19456.7680444,73,22.229129999999998,11558.5565449,0
2020-10-07 14:00:00,517.63,518.36,512.44,515.87,112.2452,1602080999999,57870.7026171,247,43.935790000000004,22654.7873414,0
2020-10-07 14:30:00,515.79,517.83,513.8,514.34,55.00054,1602082799999,28345.608838599997,95,19.78256,10207.4372073,0
2020-10-07 15:00:00,514.81,518.64,512.65,517.13,131.02715,1602084599999,67506.3274409,243,83.23328000000002,42911.4192202,0
2020-10-07 15:30:00,517.22,520.56,513.86,515.93,154.20658999999995,1602086399999,79793.7997394,288,86.48535,44767.11549980001,0
2020-10-07 16:00:00,515.61,516.8,510.25,511.96,212.62985,1602088199999,109174.4969329,448,77.16453,39633.1044014,0
2020-10-07 16:30:00,512.31,516.83,511.82,514.91,85.62019000000002,1602089999999,44080.5139873,179,61.686069999999994,31777.347984900003,0
2020-10-07 17:00:00,515.32,516.74,511.7,513.1,59.49071,1602091799999,30581.953131000002,129,20.60763,10579.831266700001,0
2020-10-07 17:30:00,513.14,528.35,513.14,524.69,685.21305,1602093599999,356951.4837769,1242,338.11413,176280.7928326,0
2020-10-07 18:00:00,525.78,531.57,524.8,531.57,75.53865,1602095399999,39900.449706,175,59.3516,31349.2109255,0
2020-10-07 18:30:00,531.2,531.96,526.47,529.28,84.68628000000002,1602097199999,44797.93429130001,227,41.98148,22209.0889303,0
2020-10-07 19:00:00,529.28,530.93,525.39,525.39,49.65641,1602098999999,26208.1383875,136,22.82696,12058.4857994,0
2020-10-07 19:30:00,525.39,527.2,524.76,525.0,18.20371,1602100799999,9573.0288229,44,10.64269,5599.5202229,0
2020-10-07 20:00:00,525.0,525.81,523.76,525.34,13.60878,1602102599999,7145.1501477,61,4.67371,2456.4125440000007,0
2020-10-07 20:30:00,525.58,527.07,525.25,526.44,30.302190000000003,1602104399999,15952.3875204,75,24.05837,12665.741614499999,0
2020-10-07 21:00:00,525.25,525.26,522.98,525.26,65.20047,1602106199999,34143.4464114,151,26.80129,14032.467912399998,0
2020-10-07 21:30:00,525.72,526.85,522.49,523.96,29.772340000000003,1602107999999,15626.222468900001,71,14.91363,7844.812386,0
2020-10-07 22:00:00,523.94,523.94,520.18,520.57,36.10991,1602109799999,18837.771738,99,12.49269,6524.152124600001,0
2020-10-07 22:30:00,520.84,522.12,517.98,520.39,59.92308000000001,1602111599999,31136.4113083,148,33.486779999999996,17411.4295498,0
2020-10-07 23:00:00,520.22,521.16,519.67,521.16,26.77457,1602113399999,13931.898079499999,64,22.61658,11769.590041,0
2020-10-07 23:30:00,520.68,523.9,520.26,523.76,31.78905,1602115199999,16594.269094,79,28.57348,14918.6163708,0
2020-10-08 00:00:00,522.67,522.67,517.88,518.2,36.09408,1602116999999,18767.5626551,87,8.47883,4404.9760145,0
2020-10-08 00:30:00,518.2,518.72,514.43,514.43,51.638729999999995,1602118799999,26669.6162269,101,15.96824,8242.150970199997,0
2020-10-08 01:00:00,514.82,516.08,511.18,512.77,73.82163,1602120599999,37940.898339499996,150,27.985440000000004,14385.2865567,0
2020-10-08 01:30:00,512.11,515.09,511.21,514.09,46.62806,1602122399999,23929.1742927,101,31.811709999999998,16334.708620500001,0
2020-10-08 02:00:00,514.04,514.04,510.63,512.26,35.3384,1602124199999,18073.8119559,66,6.08411,3113.328975,0
2020-10-08 02:30:00,511.83,517.14,511.83,514.24,54.914469999999994,1602125999999,28244.874443700002,110,29.24195,15038.2779726,0
2020-10-08 03:00:00,514.0,518.05,512.94,512.94,87.26151,1602127799999,45004.4811385,134,35.756029999999996,18460.0906635,0
2020-10-08 03:30:00,513.48,514.66,511.37,511.38,69.55295,1602129599999,35685.8417614,115,27.091409999999996,13916.7203474,0
2020-10-08 04:00:00,512.04,512.29,510.37,512.01,46.34563,1602131399999,23699.9984129,69,17.66992,9042.5917389,0
2020-10-08 04:30:00,511.41,513.95,511.41,512.18,85.7103,1602133199999,44000.9899746,111,68.65816,35249.2741353,0
2020-10-08 05:00:00,511.98,511.98,507.51,509.74,78.47278,1602134999999,40000.1486223,131,32.657759999999996,16646.773183200006,0
2020-10-08 05:30:00,509.66,510.05,507.01,507.35,27.127029999999998,1602136799999,13806.215058200001,44,14.75866,7520.669641399999,0
2020-10-08 06:00:00,507.62,510.01,506.73,506.81,81.90406,1602138599999,41637.1942051,152,40.96241,20839.546232900004,0
2020-10-08 06:30:00,506.82,508.66,505.79,508.65,49.887809999999995,1602140399999,25284.7143805,108,14.605020000000001,7410.2573075,0
2020-10-08 07:00:00,507.29,507.43,499.34,502.36,167.56609,1602142199999,84383.1308271,280,74.59688,37584.069916199995,0
2020-10-08 07:30:00,503.3,506.78,501.9,505.45,112.41778000000001,1602143999999,56736.473149800004,199,76.82616,38797.044301999995,0
2020-10-08 08:00:00,504.38,508.36,503.36,505.57,71.37572,1602145799999,36128.2129389,139,34.10389,17287.3646844,0
2020-10-08 08:30:00,506.04,507.97,500.27,502.37,90.66973,1602147599999,45743.8199688,142,37.62435,19011.951624,0
2020-10-08 09:00:00,501.86,508.24,498.49,506.15,169.80442,1602149399999,85496.97050289999,298,94.85813,47782.1765846,0
2020-10-08 09:30:00,507.4,509.64,506.06,507.52,72.25702,1602151199999,36699.3237954,127,51.77855,26300.6876257,0
2020-10-08 10:00:00,505.94,511.72,505.31,510.18,55.64767,1602152999999,28370.7634517,100,35.62025,18171.7223487,0
2020-10-08 10:30:00,509.93,511.74,508.75,508.75,27.769840000000002,1602154799999,14161.5722644,53,5.3256,2723.0774606,0
2020-10-08 11:00:00,508.71,508.71,507.01,508.35,21.5607,1602156599999,10949.5109776,37,3.1183400000000003,1584.8663281,0
2020-10-08 11:30:00,508.35,509.19,507.32,507.32,15.31945,1602158399999,7785.5182842999975,34,5.79028,2946.2672786,0
2020-10-08 12:00:00,507.0,513.17,505.99,512.17,77.80539,1602160199999,39657.2772394,165,61.4574,31343.149211900003,0
2020-10-08 12:30:00,513.03,514.99,509.78,514.99,52.59108000000001,1602161999999,26960.827397099994,113,28.199690000000004,14482.4789034,0
2020-10-08 13:00:00,515.0,521.19,510.53,518.68,253.64654,1602163799999,131268.3826067,462,141.81776000000005,73441.4517261,0
2020-10-08 13:30:00,518.32,518.32,515.74,516.77,32.26896,1602165599999,16684.9703484,58,10.54827,5456.988295800002,0
2020-10-08 14:00:00,517.18,520.76,516.29,516.97,83.57544,1602167399999,43326.23681130001,172,45.29012,23491.1404323,0
2020-10-08 14:30:00,517.99,529.19,517.99,527.35,353.31124,1602169199999,185334.2675548,696,185.5156,97338.1355839,0
2020-10-08 15:00:00,527.36,529.27,520.4,520.42,131.41269,1602170999999,68959.02912919999,300,59.940430000000006,31528.1193278,0
2020-10-08 15:30:00,521.46,524.52,519.81,522.94,94.09705,1602172799999,49144.1133717,204,57.19263,29875.55782250001,0
2020-10-08 16:00:00,524.08,528.46,519.43,520.13,221.32134,1602174599999,115882.4320699,369,89.5849,46986.9819872,0
2020-10-08 16:30:00,521.36,525.89,520.61,523.87,147.2676,1602176399999,77035.8623764,276,73.01023,38220.9128792,0
2020-10-08 17:00:00,523.63,527.21,521.44,522.46,126.64562,1602178199999,66350.96539330001,186,59.51568,31214.8587186,0
2020-10-08 17:30:00,522.61,525.66,520.96,525.54,99.90589,1602179999999,52254.4147444,147,60.005109999999995,31416.977539599997,0
2020-10-08 18:00:00,525.26,526.55,523.74,523.74,55.0344,1602181799999,28905.9968607,105,14.222010000000001,7480.0450825000025,0
2020-10-08 18:30:00,523.63,527.37,521.69,527.21,71.65476,1602183599999,37576.664323900004,94,38.87784,20404.5748194,0
2020-10-08 19:00:00,526.12,530.81,525.25,528.06,85.87554,1602185399999,45379.625284300004,144,39.07292,20642.4728826,0
2020-10-08 19:30:00,528.35,531.77,528.07,529.03,53.07618000000001,1602187199999,28126.484709700002,86,30.3453,16083.0976973,0
2020-10-08 20:00:00,530.35,532.8,527.51,531.87,87.57571999999998,1602188999999,46454.34739630001,140,43.551590000000004,23132.5340197,0
2020-10-08 20:30:00,532.15,534.91,531.04,533.55,47.3156,1602190799999,25229.5672792,65,39.12225,20868.311143900002,0
2020-10-08 21:00:00,534.79,536.27,534.0,535.63,15.4818,1602192599999,8280.7739184,45,7.48095,4003.5102434,0
2020-10-08 21:30:00,536.4,537.16,532.97,533.76,53.81997,1602194399999,28800.3419918,100,5.22628,2806.3149901,0
2020-10-08 22:00:00,533.53,537.48,533.53,535.71,60.6839,1602196199999,32522.7346857,84,33.04851,17717.531936800002,0
2020-10-08 22:30:00,535.72,536.49,533.77,534.18,62.170559999999995,1602197999999,33277.0850698,89,18.571170000000002,9947.4570762,0
2020-10-08 23:00:00,534.09,534.76,530.08,530.08,96.34501999999999,1602199799999,51278.7803749,135,33.02335,17586.3982396,0
2020-10-08 23:30:00,530.63,534.82,529.43,533.65,91.92111,1602201599999,48900.9401042,140,55.40211,29468.4526073,0
2020-10-09 00:00:00,533.43,535.06,528.38,529.17,90.01746,1602203399999,47839.89040880001,139,29.71815,15812.377004499998,0
2020-10-09 00:30:00,528.11,529.79,524.04,529.46,73.88523,1602205199999,38972.5585144,147,33.601079999999996,17737.085758200006,0
2020-10-09 01:00:00,528.1,530.23,528.1,530.0,23.057479999999998,1602206999999,12206.976734,35,18.25252,9664.7558356,0
2020-10-09 01:30:00,530.31,532.47,526.31,531.84,217.70682000000002,1602208799999,115319.039974,380,121.17342,64194.336931599995,0
2020-10-09 02:00:00,531.73,534.22,530.03,533.13,77.22953000000003,1602210599999,41119.8482224,139,48.93926,26062.52113740001,0
2020-10-09 02:30:00,532.96,534.07,531.84,532.6,14.32466,1602212399999,7627.511829100001,37,0.26891,143.3392501,0
2020-10-09 03:00:00,532.78,534.87,529.42,530.94,68.81347,1602214199999,36613.510392000004,119,28.20181,15028.5897658,0
2020-10-09 03:30:00,530.52,531.09,530.17,531.09,4.21205,1602215999999,2235.1178389,6,1.30112,690.840195,0
2020-10-09 04:00:00,530.07,531.32,529.4,529.4,25.86104,1602217799999,13709.3673784,52,6.29606,3342.771022,0
2020-10-09 04:30:00,529.44,531.3,529.02,529.02,43.30824000000001,1602219599999,22969.224035799998,70,28.314140000000002,15029.550447200001,0
2020-10-09 05:00:00,528.83,530.91,528.32,529.49,48.02494,1602221399999,25440.8586009,83,29.84228,15819.6196375,0
2020-10-09 05:30:00,530.19,530.93,527.17,527.46,60.52894000000001,1602223199999,32004.496472799998,93,19.43918,10297.771233,0
2020-10-09 06:00:00,527.17,530.37,525.01,530.37,78.98935999999998,1602224999999,41698.1839212,117,41.42308,21882.754301900004,0
2020-10-09 06:30:00,529.98,530.76,529.2,529.96,13.17605,1602226799999,6987.835697300001,23,8.31691,4413.189575500001,0
2020-10-09 07:00:00,530.51,536.29,530.51,534.32,63.375209999999996,1602228599999,33809.9247467,163,45.356590000000004,24193.285316900005,0
2020-10-09 07:30:00,535.33,535.65,531.5,534.74,86.56572,1602230399999,46164.129675,116,42.32411,22609.111854599996,0
2020-10-09 08:00:00,533.71,533.71,531.75,533.64,17.94739,1602232199999,9566.684653,24,3.5164699999999995,1875.6684758000001,0
2020-10-09 08:30:00,533.91,535.14,532.24,534.68,55.332480000000004,1602233999999,29546.9401668,94,37.065909999999995,19802.168529900002,0
2020-10-09 09:00:00,534.68,535.25,532.13,533.34,31.736859999999997,1602235799999,16925.199413,43,5.90493,3153.1827031,0
2020-10-09 09:30:00,533.3,534.73,531.24,533.97,47.98355,1602237599999,25581.268091799997,82,16.47591,8790.0657159,0
2020-10-09 10:00:00,534.27,543.46,533.32,541.01,244.94997999999998,1602239399999,132181.8997742,495,150.07545,80967.9165705,0
2020-10-09 10:30:00,541.34,550.79,540.69,546.95,228.88166,1602241199999,124915.8059221,473,126.57396000000001,69104.2898716,0
2020-10-09 11:00:00,548.14,553.79,548.14,548.57,150.30664,1602242999999,82841.263537,363,83.93799,46276.7080317,0
2020-10-09 11:30:00,549.58,550.69,548.06,549.22,49.39734,1602244799999,27110.456065900005,90,12.70609,6982.7981428,0
2020-10-09 12:00:00,549.79,552.17,549.11,552.13,23.44446,1602246599999,12911.5166031,38,16.90304,9312.1223058,0
2020-10-09 12:30:00,552.19,552.88,547.46,549.25,68.36444,1602248399999,37645.506164599996,100,30.40888,16763.7802301,0
2020-10-09 13:00:00,549.25,552.89,546.41,547.85,67.95696,1602250199999,37299.1292563,113,25.81917,14179.593250299999,0
2020-10-09 13:30:00,547.21,551.6,546.38,550.04,50.49994,1602251999999,27763.6831657,91,43.57392,23961.7664683,0
2020-10-09 14:00:00,550.54,551.57,547.71,549.21,33.19344,1602253799999,18265.735035499998,69,19.49426,10735.154786799998,0
2020-10-09 14:30:00,548.23,551.34,546.9,551.27,68.56126,1602255599999,37653.3407167,107,29.51418,16224.551970100001,0
2020-10-09 15:00:00,551.28,553.0,547.54,550.12,73.7227,1602257399999,40570.458303199994,132,28.5416,15725.1502121,0
2020-10-09 15:30:00,551.7,569.09,551.7,561.47,991.91465,1602259199999,556900.9484330999,1772,474.56496,266384.83597410005,0
2020-10-09 16:00:00,561.44,564.32,555.25,559.15,221.8554,1602260999999,124119.1035839,344,80.92385,45271.68774240001,0
2020-10-09 16:30:00,559.81,562.71,558.77,561.61,76.50766,1602262799999,42879.464412,129,29.58213,16580.8176454,0
2020-10-09 17:00:00,562.37,564.47,561.0,562.32,38.001670000000004,1602264599999,21388.9824213,59,11.860330000000001,6684.071795399997,0
2020-10-09 17:30:00,562.32,563.6,561.57,562.22,35.19553,1602266399999,19792.6912759,66,11.8631,6672.8223371,0
2020-10-09 18:00:00,562.22,562.25,558.38,560.86,153.54753,1602268199999,86037.99308530001,206,62.80972,35206.033628,0
2020-10-09 18:30:00,561.66,565.41,561.05,563.15,139.54323,1602269999999,78681.61501169999,162,63.78044000000001,35964.357214899996,0
2020-10-09 19:00:00,563.13,565.84,560.8,565.59,29.10265,1602271799999,16376.2475419,74,18.438570000000002,10381.6853219,0
2020-10-09 19:30:00,565.6,565.74,562.45,562.87,27.66865,1602273599999,15595.521802500001,83,11.80016,6648.6474031000025,0
2020-10-09 20:00:00,563.7,565.0,562.58,564.53,54.72815,1602275399999,30865.29379850001,106,40.55438,22873.751064300002,0
2020-10-09 20:30:00,564.13,567.01,562.73,563.5,83.78375,1602277199999,47289.6461814,132,32.97998,18623.622409599997,0
2020-10-09 21:00:00,563.72,564.06,559.66,560.52,47.19786,1602278999999,26533.2183318,89,16.935489999999998,9528.8709265,0
2020-10-09 21:30:00,560.65,567.7,560.65,567.7,78.04078,1602280799999,44136.2919392,138,39.28717,22211.27579850001,0
2020-10-09 22:00:00,567.89,569.0,566.81,568.35,63.14589,1602282599999,35866.7784166,106,23.63961,13440.643433899999,0
2020-10-09 22:30:00,568.3,569.0,567.2,568.17,48.25828,1602284399999,27430.8847358,96,30.95128,17603.571289099997,0
2020-10-09 23:00:00,568.76,570.0,567.13,567.54,254.09097999999997,1602286199999,144730.2557322,359,187.83669,107039.87804889999,0
2020-10-09 23:30:00,567.73,569.48,563.61,567.67,118.99181000000002,1602287999999,67458.3294959,288,31.93695,18125.2717061,0
2020-10-10 00:00:00,567.31,570.0,567.24,570.0,79.03761999999998,1602289799999,44978.866441699996,161,58.337869999999995,33220.9616623,0
2020-10-10 00:30:00,569.1,570.0,568.42,569.87,29.92607000000001,1602291599999,17040.8752315,43,25.3027,14411.776961000001,0
2020-10-10 01:00:00,569.21,569.36,566.59,569.04,55.09548,1602293399999,31315.3946038,120,3.3404800000000003,1898.9951895999998,0
2020-10-10 01:30:00,568.99,570.0,568.6,569.46,15.248470000000001,1602295199999,8685.9680639,36,14.31295,8153.760246899998,0
2020-10-10 02:00:00,569.0,570.0,566.62,570.0,412.0289,1602296999999,234719.9121003,458,305.6006799999999,174172.9354231,0
2020-10-10 02:30:00,569.86,572.72,569.0,570.71,158.81274,1602298799999,90555.9487923,318,118.47041000000002,67555.71997490001,0
2020-10-10 03:00:00,571.51,586.61,571.2,584.14,206.14408,1602300599999,119426.02833539998,741,144.50996999999995,83708.5855753,0
2020-10-10 03:30:00,583.51,585.65,582.5,583.22,18.62119,1602302399999,10883.638469399999,114,10.96592,6412.438152000002,0
2020-10-10 04:00:00,583.37,584.47,580.5,584.47,39.29031,1602304199999,22904.200762,68,13.90886,8116.2730453999975,0
2020-10-10 04:30:00,583.49,586.82,581.44,585.14,50.24394,1602305999999,29327.15008,116,29.105209999999996,16987.1181652,0
2020-10-10 05:00:00,584.63,584.63,578.33,580.42,50.20022,1602307799999,29126.604753099997,96,13.13153,7612.558728399998,0
2020-10-10 05:30:00,581.26,581.26,576.54,577.08,38.60785,1602309599999,22322.491159999998,74,10.5198,6087.7447741999995,0
2020-10-10 06:00:00,576.54,579.63,576.34,577.4,22.83788,1602311399999,13194.2243625,65,14.57051,8416.9867386,0
2020-10-10 06:30:00,577.4,585.88,577.4,583.08,216.52821,1602313199999,126147.6533454,271,144.34278,84110.9516517,0
2020-10-10 07:00:00,583.94,590.56,583.94,590.0,112.42523999999999,1602314999999,66077.3599507,381,80.45362,47284.6031466,0
2020-10-10 07:30:00,589.96,591.78,585.68,590.76,314.02947,1602316799999,184773.78585579997,449,147.68487,86905.9003291,0
2020-10-10 08:00:00,590.35,591.73,589.22,591.73,29.1903,1602318599999,17232.0371459,63,5.30733,3135.467155000001,0
2020-10-10 08:30:00,591.05,593.03,590.44,592.12,49.8431,1602320399999,29491.380317900002,145,38.56423,22821.4003686,0
2020-10-10 09:00:00,592.59,592.59,586.22,587.21,58.511759999999995,1602322199999,34493.2609826,113,5.356330000000002,3155.0962644,0
2020-10-10 09:30:00,586.56,590.18,582.94,583.65,82.52306999999998,1602323999999,48394.27184930001,162,42.34165,24864.1186678,0
2020-10-10 10:00:00,584.38,584.4,578.04,581.19,98.90944,1602325799999,57524.8659256,183,37.68398,21921.9833942,0
2020-10-10 10:30:00,581.43,582.44,580.51,581.0,23.16628,1602327599999,13471.1148519,52,18.173779999999997,10571.291411,0
2020-10-10 11:00:00,581.59,585.67,579.84,580.15,89.36268000000004,1602329399999,52039.348049,133,33.32958,19439.5282671,0
2020-10-10 11:30:00,580.14,584.14,579.14,582.34,69.05481999999999,1602331199999,40183.8105348,112,47.10696,27408.562968299997,0
2020-10-10 12:00:00,582.09,585.29,579.02,580.96,68.32483,1602332999999,39771.72884030001,128,39.82725,23205.5170336,0
2020-10-10 12:30:00,580.96,586.78,578.99,586.78,60.7488,1602334799999,35424.464925,103,41.90092,24462.0809781,0
2020-10-10 13:00:00,586.8,590.92,585.91,586.8,48.43192,1602336599999,28477.100856800003,99,25.617079999999998,15073.1538755,0
2020-10-10 13:30:00,586.66,593.51,585.91,592.72,110.36475,1602338399999,65272.8091523,198,52.12233,30834.874677999996,0
2020-10-10 14:00:00,593.08,594.69,591.43,592.12,52.10958,1602340199999,30886.676903500003,127,26.61167,15792.0539141,0
2020-10-10 14:30:00,593.91,596.75,593.22,596.0,72.99775,1602341999999,43440.7990446,191,59.89246,35646.305733999994,0
2020-10-10 15:00:00,595.58,600.0,594.41,597.86,95.41431,1602343799999,56977.2764228,219,52.52675,31387.183712299997,0
2020-10-10 15:30:00,596.97,601.01,591.46,594.5,127.58200000000001,1602345599999,76032.429368,226,47.591770000000004,28463.078931299995,0
2020-10-10 16:00:00,594.72,598.35,591.8,593.64,114.46366,1602347399999,68053.85100909999,195,55.62488000000001,33109.35152520001,0
2020-10-10 16:30:00,592.15,595.16,591.74,593.94,61.67004,1602349199999,36596.8915696,98,23.898310000000002,14196.0603567,0
2020-10-10 17:00:00,593.77,606.47,593.77,603.03,324.25842,1602350999999,195013.62508179998,684,178.82725,107549.5560467,0
2020-10-10 17:30:00,603.05,609.19,601.45,609.15,99.11737,1602352799999,59994.173653699996,173,52.96371,32097.872253400004,0
2020-10-10 18:00:00,608.0,611.0,606.61,609.5,112.48556,1602354599999,68452.5952665,196,50.46172,30724.448140200002,0
2020-10-10 18:30:00,609.5,614.09,608.38,611.61,74.56553000000002,1602356399999,45636.236981199996,159,62.71246,38385.319314099994,0
2020-10-10 19:00:00,611.47,613.66,610.75,611.54,38.92077000000001,1602358199999,23830.834079700002,81,16.39444,10049.050454799999,0
2020-10-10 19:30:00,612.64,613.66,610.09,611.22,40.04891,1602359999999,24473.373861099997,57,2.7275,1668.2262139,0
2020-10-10 20:00:00,609.83,610.36,604.61,606.8,112.99503999999999,1602361799999,68632.6314077,165,35.54115,21592.406345800002,0
2020-10-10 20:30:00,606.9,607.49,604.48,605.62,47.49058,1602363599999,28781.3197315,100,25.5501,15485.2130614,0
2020-10-10 21:00:00,604.26,604.58,599.78,604.58,98.83001,1602365399999,59554.0028809,164,42.70859,25751.312674599998,0
2020-10-10 21:30:00,604.59,605.14,601.0,602.83,49.08515,1602367199999,29620.377570499997,83,24.20402,14614.1447213,0
2020-10-10 22:00:00,602.26,606.88,600.14,604.41,68.46675,1602368999999,41309.991859199996,113,21.2189,12800.874995799999,0
2020-10-10 22:30:00,603.98,609.22,603.82,607.4,91.53506999999999,1602370799999,55548.730156599995,108,67.46445,40947.290529300015,0
2020-10-10 23:00:00,607.21,609.26,588.0,589.2,318.18325,1602372599999,190400.4384433,590,145.82679,87187.6888734,0
2020-10-10 23:30:00,588.74,589.98,581.78,587.49,183.62216,1602374399999,107606.65920190001,342,87.39444,51257.7877622,0
2020-10-11 00:00:00,586.52,589.35,585.21,585.83,37.46363,1602376199999,21999.4922743,78,13.99191,8237.800708,0
2020-10-11 00:30:00,586.02,588.75,578.95,584.07,248.27532999999997,1602377999999,144985.36640770006,368,115.6066,67615.98307439999,0
2020-10-11 01:00:00,583.26,586.78,583.26,585.18,57.59198000000001,1602379799999,33686.5731459,102,35.44542,20739.6488068,0
2020-10-11 01:30:00,586.17,587.4,583.04,584.59,50.882529999999996,1602381599999,29789.5533791,95,23.72789,13898.760473500002,0
2020-10-11 02:00:00,585.65,587.69,583.96,584.87,30.677809999999997,1602383399999,17964.421123599994,54,14.12965,8285.0457181,0
2020-10-11 02:30:00,585.89,586.32,582.31,583.54,59.61803000000001,1602385199999,34837.776028600005,166,18.276429999999998,10684.9060252,0
2020-10-11 03:00:00,584.68,584.9,580.83,581.56,29.13009000000001,1602386999999,16973.188430899998,42,16.58427,9666.9970516,0
2020-10-11 03:30:00,581.56,581.81,577.95,578.77,84.10432,1602388799999,48721.453911699995,127,27.40127,15876.7088284,0
2020-10-11 04:00:00,578.77,581.47,577.94,578.3,41.18197,1602390599999,23868.882153900002,53,24.9941,14493.5830564,0
2020-10-11 04:30:00,578.5,580.35,576.38,579.48,31.666659999999997,1602392399999,18296.831136200002,79,11.4063,6592.641306600001,0
2020-10-11 05:00:00,579.99,581.14,577.09,581.06,32.07069,1602394199999,18589.7430209,48,17.06158,9889.6027048,0
2020-10-11 05:30:00,581.06,583.09,581.06,583.09,27.2655,1602395999999,15875.540494600002,33,18.82274,10961.4963365,0
2020-10-11 06:00:00,583.09,586.51,583.09,586.02,44.68926,1602397799999,26133.387232499997,84,30.732709999999997,17974.042080000007,0
2020-10-11 06:30:00,584.99,586.89,584.06,586.89,22.643720000000002,1602399599999,13257.421397700002,62,11.174489999999999,6544.967347,0
2020-10-11 07:00:00,586.97,588.39,586.0,587.65,11.22713,1602401399999,6595.2112938,31,7.1415,4194.274969,0
2020-10-11 07:30:00,588.5,588.91,587.86,588.91,3.65184,1602403199999,2149.7116074,27,3.56019,2095.8337355,0
2020-10-11 08:00:00,588.92,589.99,586.52,587.37,32.16597,1602404999999,18919.6176275,90,13.44563,7914.3831287,0
2020-10-11 08:30:00,586.79,590.93,586.52,589.26,44.250840000000004,1602406799999,26074.9048306,169,26.647029999999997,15711.717286200002,0
2020-10-11 09:00:00,590.29,590.34,586.25,588.87,29.00772000000001,1602408599999,17056.003667700006,51,8.44675,4968.6760056,0
2020-10-11 09:30:00,590.93,592.21,589.46,590.98,32.40846,1602410399999,19163.2073072,57,14.0756,8325.4612823,0
2020-10-11 10:00:00,591.68,592.54,589.33,591.74,34.57506,1602412199999,20436.112705,69,20.95049,12385.032722799999,0
2020-10-11 10:30:00,592.67,597.42,591.59,594.41,110.74386000000001,1602413999999,65768.07610759999,360,66.48940999999999,39500.522100199996,0
2020-10-11 11:00:00,595.37,595.37,590.69,591.44,60.628640000000004,1602415799999,35920.50880330001,109,16.61029,9856.2057864,0
2020-10-11 11:30:00,591.03,591.68,587.27,588.7,49.520509999999994,1602417599999,29171.3090105,94,16.52179,9728.019014200001,0
2020-10-11 12:00:00,587.43,589.04,581.61,581.61,69.07287,1602419399999,40431.5757578,131,16.46958,9636.851359999999,0
2020-10-11 12:30:00,581.46,585.0,581.45,581.45,66.1186,1602421199999,38575.042772199995,92,30.59573,17852.907524000002,0
2020-10-11 13:00:00,581.44,586.86,579.75,585.02,67.2571,1602422999999,39202.3040335,100,38.04862,22187.525746,0
2020-10-11 13:30:00,585.6,585.6,583.11,585.19,7.788019999999999,1602424799999,4551.3969928000015,19,3.06955,1793.4684005999998,0
2020-10-11 14:00:00,584.78,589.75,584.78,587.4,55.4096,1602426599999,32557.7320584,71,37.66618,22125.4654426,0
2020-10-11 14:30:00,587.7,592.29,587.24,587.94,84.39371,1602428399999,49741.060994499996,146,34.57653,20382.1182118,0
2020-10-11 15:00:00,587.94,594.02,587.94,592.13,61.5662,1602430199999,36432.9973062,118,45.97617,27210.841808899997,0
2020-10-11 15:30:00,592.98,592.98,590.63,591.12,11.55599,1602431999999,6833.0538792,26,2.27732,1345.4647997000004,0
2020-10-11 16:00:00,591.09,592.44,586.88,590.44,63.897890000000004,1602433799999,37687.550687099996,117,30.048009999999998,17741.9104194,0
2020-10-11 16:30:00,591.03,597.12,591.03,594.6,72.32708000000002,1602435599999,42997.9885574,125,47.54971,28273.9878379,0
2020-10-11 17:00:00,594.6,595.47,594.3,594.3,9.49077,1602437399999,5648.3677686,24,5.84154,3477.7933843,0
2020-10-11 17:30:00,594.41,596.21,594.16,596.05,14.134910000000001,1602439199999,8411.6311474,32,10.35098,6161.2397982,0
2020-10-11 18:00:00,595.5,595.8,592.43,592.61,11.79648,1602440999999,7003.327020700001,28,2.85738,1694.4119412999999,0
2020-10-11 18:30:00,593.73,593.9,590.83,592.17,12.20115,1602442799999,7225.948394600001,22,0.27399999999999997,162.25458,0
2020-10-11 19:00:00,593.25,595.26,592.44,593.7,14.72204,1602444599999,8746.9228277,35,9.96069,5918.245539600001,0
2020-10-11 19:30:00,592.69,593.31,587.58,587.58,61.0654,1602446399999,36035.3536675,111,17.602520000000005,10403.4894329,0
2020-10-11 20:00:00,588.49,593.63,588.49,592.01,56.58574,1602448199999,33418.3742186,90,29.116740000000004,17197.921334,0
2020-10-11 20:30:00,591.27,591.27,587.45,587.45,18.390179999999997,1602449999999,10840.9797801,27,5.0702300000000005,2990.280346,0
2020-10-11 21:00:00,588.19,590.56,583.8,586.13,65.17043000000001,1602451799999,38236.6369598,108,34.83556,20454.200542900002,0
2020-10-11 21:30:00,586.08,586.08,583.79,584.01,18.28835,1602453599999,10693.0004815,37,8.345,4882.2365375,0
2020-10-11 22:00:00,585.28,585.76,581.49,584.5,42.49236,1602455399999,24806.2167836,92,19.01533,11109.0927654,0
2020-10-11 22:30:00,584.5,585.96,582.59,584.92,35.09357,1602457199999,20498.6303239,60,27.022940000000002,15786.878498700002,0
2020-10-11 23:00:00,584.69,586.97,584.11,586.63,32.846740000000004,1602458999999,19232.7099912,48,17.64095,10336.754334700001,0
2020-10-11 23:30:00,586.64,589.04,585.91,587.15,12.4344,1602460799999,7306.090231399998,37,10.99037,6458.2962112,0
2020-10-12 00:00:00,587.07,588.66,583.76,583.76,43.930009999999996,1602462599999,25754.925666799998,65,10.91062,6409.951714600003,0
2020-10-12 00:30:00,584.45,587.14,584.14,587.14,8.13557,1602464399999,4761.565747199998,18,4.65784,2728.9066324,0
2020-10-12 01:00:00,586.44,587.25,584.0,584.35,15.44219,1602466199999,9034.2280926,46,3.20737,1878.7152322999998,0
2020-10-12 01:30:00,586.77,588.87,585.65,587.14,21.392570000000006,1602467999999,12558.8601795,46,9.28743,5455.9964163,0
2020-10-12 02:00:00,587.14,587.14,584.35,584.88,13.16765,1602469799999,7706.109743000001,35,9.258989999999999,5417.3537593,0
2020-10-12 02:30:00,584.04,588.92,584.03,587.87,28.4304,1602471599999,16706.7771255,46,21.298939999999998,12515.998939,0
2020-10-12 03:00:00,588.78,590.36,587.52,588.2,40.43072,1602473399999,23810.043419999998,84,25.07016,14770.235370800001,0
2020-10-12 03:30:00,588.28,589.76,587.57,588.03,7.8376,1602475199999,4614.4359093,18,6.16465,3629.2820596999995,0
2020-10-12 04:00:00,586.24,586.69,583.03,583.68,32.78881,1602476999999,19169.5393256,55,5.2335400000000005,3056.7854254,0
2020-10-12 04:30:00,583.16,585.27,583.15,584.79,16.21728,1602478799999,9471.8233177,40,16.07082,9386.414981299999,0
2020-10-12 05:00:00,584.8,590.03,584.8,586.61,62.6368,1602480599999,36838.8105124,135,35.08487,20636.4316325,0
2020-10-12 05:30:00,586.64,587.97,585.82,587.48,18.5041,1602482399999,10861.525570799999,31,9.30287,5462.9540003,0
2020-10-12 06:00:00,587.13,587.78,584.09,584.09,45.6474,1602484199999,26762.607505900003,68,10.32054,6062.322146500002,0
2020-10-12 06:30:00,584.29,584.4,578.52,579.93,63.278169999999996,1602485999999,36803.7902627,129,16.377670000000002,9533.7879601,0
2020-10-12 07:00:00,578.66,586.09,577.53,585.29,74.66461,1602487799999,43475.5206737,141,57.00906,33201.0180086,0
2020-10-12 07:30:00,585.29,587.63,585.22,586.24,24.77732,1602489599999,14529.005768399995,61,16.68295,9785.5714414,0
2020-10-12 08:00:00,586.24,587.87,583.14,587.87,9.6715,1602491399999,5660.367144100002,32,5.728219999999999,3353.1125748000004,0
2020-10-12 08:30:00,587.16,587.51,584.65,584.65,17.597720000000006,1602493199999,10308.6923735,40,5.80647,3407.4846810000013,0
2020-10-12 09:00:00,585.94,587.81,585.25,586.63,4.11797,1602494999999,2413.7481626999997,12,1.1906,699.3948622,0
2020-10-12 09:30:00,585.23,585.4,579.67,584.87,53.80441,1602496799999,31367.623032800002,84,22.98487,13413.8294455,0
2020-10-12 10:00:00,585.35,585.89,581.62,581.62,17.57432,1602498599999,10270.7599966,40,3.5774,2094.71457,0
2020-10-12 10:30:00,581.75,582.18,573.3,579.97,88.19023,1602500399999,50901.7241751,202,39.891220000000004,23032.2697556,0
2020-10-12 11:00:00,577.73,577.73,572.42,576.77,40.501870000000004,1602502199999,23282.5516593,70,14.72685,8467.3659278,0
2020-10-12 11:30:00,576.56,577.63,572.73,574.19,21.347260000000002,1602503999999,12263.8411095,43,10.56179,6075.3833637,0
2020-10-12 12:00:00,572.14,577.12,571.31,575.97,29.25181,1602505799999,16788.789309,55,21.18427,12157.557757999999,0
2020-10-12 12:30:00,576.69,580.59,576.54,579.86,18.97555,1602507599999,10969.4379546,41,12.86929,7438.498899699999,0
2020-10-12 13:00:00,580.35,582.78,579.75,582.57,28.28343,1602509399999,16427.0674021,44,9.35639,5439.687552,0
2020-10-12 13:30:00,580.37,588.76,579.34,586.17,166.20221999999995,1602511199999,97135.2386479,275,93.95969000000001,54931.6086856,0
2020-10-12 14:00:00,588.04,598.02,588.04,593.64,138.01221,1602512999999,81898.0916035,302,93.6805,55596.402856199995,0
2020-10-12 14:30:00,593.95,594.38,586.08,590.34,34.30659,1602514799999,20228.6675701,74,10.27298,6057.1431338,0
2020-10-12 15:00:00,590.06,596.43,589.85,594.3,48.73349,1602516599999,28852.0605948,83,26.818070000000002,15886.628577200001,0
2020-10-12 15:30:00,596.26,596.27,587.18,588.93,98.71736,1602518399999,58424.435864499996,183,47.350629999999995,28036.093105900003,0
2020-10-12 16:00:00,590.75,591.4,586.85,586.85,33.280590000000004,1602520199999,19598.599263900003,65,18.24553,10762.7532807,0
2020-10-12 16:30:00,587.42,588.85,586.64,587.58,28.786459999999998,1602521999999,16920.6067113,57,21.44011,12604.281938600001,0
2020-10-12 17:00:00,588.59,589.29,584.29,585.52,53.63033000000001,1602523799999,31449.7242921,89,20.04599,11759.1633716,0
2020-10-12 17:30:00,585.81,588.9,585.81,588.9,0.48161000000000004,1602525599999,282.8205046,4,0.2,117.7794837,0
2020-10-12 18:00:00,587.98,589.19,587.42,587.42,8.218919999999999,1602527399999,4835.837108600002,20,6.47661,3811.2679642,0
2020-10-12 18:30:00,589.28,589.97,587.59,587.59,9.3607,1602529199999,5513.0029791,21,5.17521,3051.2003355,0
2020-10-12 19:00:00,588.5,588.51,587.0,588.27,5.22992,1602530999999,3076.8219001999996,10,4.06511,2392.3530495,0
2020-10-12 19:30:00,587.26,588.63,586.57,586.57,12.02918,1602532799999,7071.2430242,26,7.65088,4501.148546,0
2020-10-12 20:00:00,587.76,588.73,587.43,588.5,4.52339,1602534599999,2660.496084300001,16,4.07569,2397.2598379,0
2020-10-12 20:30:00,589.0,589.92,586.2,586.2,17.68393,1602536399999,10407.718025299999,24,7.81608,4608.1809443,0
2020-10-12 21:00:00,587.84,590.26,587.84,589.11,4.79795,1602538199999,2822.6404441,9,4.75469,2797.1552281,0
2020-10-12 21:30:00,589.4,593.13,589.27,590.59,42.69174,1602539999999,25254.022719099998,80,24.81505,14682.83454,0
2020-10-12 22:00:00,591.76,596.66,588.88,594.65,69.59351,1602541799999,41264.137468,125,40.97555,24297.355458,0
2020-10-12 22:30:00,594.24,594.59,587.92,592.26,24.77335,1602543599999,14661.322667200002,60,11.494580000000001,6788.2161848999995,0
2020-10-12 23:00:00,592.11,592.44,585.35,589.52,49.037,1602545399999,28885.208407700004,106,19.52026,11490.6219721,0
2020-10-12 23:30:00,589.58,589.8,585.18,587.16,20.31542,1602547199999,11931.173014599999,43,10.91193,6411.157006,0
2020-10-13 00:00:00,586.37,586.38,582.27,586.38,16.35233,1602548999999,9550.5390445,51,11.16189,6524.8000127999985,0
2020-10-13 00:30:00,588.31,592.76,581.33,592.29,47.64659,1602550799999,28013.7348605,87,31.7601,18706.801687799998,0
2020-10-13 01:00:00,592.27,592.27,587.18,588.51,21.521160000000002,1602552599999,12684.1828918,41,10.27675,6052.6137353999975,0
2020-10-13 01:30:00,587.45,592.82,587.44,590.6,23.36291,1602554399999,13805.167028900001,58,18.65396,11027.724779600001,0
2020-10-13 02:00:00,590.45,591.97,588.03,588.44,30.240340000000003,1602556199999,17837.1448357,74,13.28925,7842.726532800001,0
2020-10-13 02:30:00,588.04,592.77,588.04,590.81,18.12979,1602557999999,10726.4198513,46,9.26559,5486.326645,0
2020-10-13 03:00:00,588.04,590.49,584.77,589.68,34.36358,1602559799999,20182.5048409,74,21.18294,12445.8674958,0
2020-10-13 03:30:00,588.16,592.66,588.16,588.93,21.210639999999998,1602561599999,12517.6937105,45,3.6133599999999997,2137.1299578,0
2020-10-13 04:00:00,587.18,594.83,587.18,592.8,37.11181,1602563399999,21947.526018200002,84,19.57316,11553.9469533,0
2020-10-13 04:30:00,593.05,593.49,591.68,592.83,26.140810000000002,1602565199999,15489.183204700004,39,13.78398,8171.085828,0
2020-10-13 05:00:00,592.82,596.53,590.73,594.74,53.682469999999995,1602566999999,31868.9073649,106,18.35285,10905.906562200002,0
2020-10-13 05:30:00,594.64,594.64,592.46,593.29,20.15484,1602568799999,11965.9775675,31,8.28395,4919.5692241000015,0
2020-10-13 06:00:00,593.63,593.64,589.57,590.17,14.15298,1602570599999,8367.6622556,50,12.09487,7151.536825300002,0
2020-10-13 06:30:00,590.13,590.13,586.97,587.49,14.267579999999999,1602572399999,8399.710144600003,54,2.07761,1220.5039103,0
2020-10-13 07:00:00,586.59,587.19,576.2,578.17,85.26459,1602574199999,49610.11212980001,211,24.077920000000002,14012.990650100002,0
2020-10-13 07:30:00,576.95,580.81,576.53,580.61,19.14601,1602575999999,11074.118527399998,44,8.28311,4797.7305527,0
2020-10-13 08:00:00,580.56,580.71,578.86,579.13,24.59254,1602577799999,14257.547250799998,57,3.31239,1920.6379536,0
2020-10-13 08:30:00,579.74,580.72,579.74,580.64,5.2270199999999996,1602579599999,3033.3903438,16,5.2270199999999996,3033.3903438,0
2020-10-13 09:00:00,580.1,580.47,578.5,580.06,9.89477,1602581399999,5732.0956389,28,3.07433,1782.1664714,0
2020-10-13 09:30:00,580.41,580.41,579.38,579.38,4.5805,1602583199999,2654.6213884,6,0.1225,71.100225,0
2020-10-13 10:00:00,578.49,582.86,568.95,582.79,76.22178000000002,1602584999999,43821.6596879,165,36.69948,21127.372291099997,0
2020-10-13 10:30:00,583.0,585.74,582.08,583.08,19.4173,1602586799999,11339.4875525,52,5.6605300000000005,3309.5636985,0
2020-10-13 11:00:00,582.24,582.24,580.15,581.74,3.8180699999999996,1602588599999,2222.0515528,19,0.19063,110.8962447,0
2020-10-13 11:30:00,581.12,586.56,580.12,582.11,57.833369999999995,1602590399999,33781.4843573,128,23.6833,13825.814093399998,0
2020-10-13 12:00:00,581.64,584.03,581.64,582.3,7.95131,1602592199999,4631.0131612,13,4.44378,2588.1567224,0
2020-10-13 12:30:00,582.33,582.43,573.68,578.67,33.37465,1602593999999,19217.5143336,85,9.72492,5603.5937209,0
2020-10-13 13:00:00,576.93,579.33,570.92,579.33,35.22782,1602595799999,20228.9407551,76,18.89101,10857.945549700002,0
2020-10-13 13:30:00,578.68,578.68,565.0,567.13,167.7955,1602597599999,96041.1681517,327,88.74068,50804.5978924,0
2020-10-13 14:00:00,568.23,572.82,565.87,571.07,81.61154,1602599399999,46421.06823680001,146,44.393,25234.690086000002,0
2020-10-13 14:30:00,571.07,574.63,568.86,574.63,33.73927,1602601199999,19287.83911,74,16.17247,9250.3233855,0
2020-10-13 15:00:00,575.0,580.09,574.63,577.86,10.067919999999999,1602602999999,5818.537326,29,6.899139999999999,3987.2191773000004,0
2020-10-13 15:30:00,575.48,575.82,574.14,575.76,6.2755800000000015,1602604799999,3608.0949276999995,20,4.98454,2864.9690298,0
2020-10-13 16:00:00,573.85,573.85,568.43,571.09,9.7626,1602606599999,5578.4988874,55,6.99593,3997.1927825999996,0
2020-10-13 16:30:00,571.97,575.47,569.56,575.27,35.80701,1602608399999,20512.4763287,69,23.7997,13632.579946000002,0
2020-10-13 17:00:00,575.5,575.5,573.57,573.64,7.54312,1602610199999,4333.44986,18,4.3699900000000005,2512.7837231999997,0
2020-10-13 17:30:00,573.27,573.28,560.7,570.85,150.77235,1602611999999,85331.9212157,257,59.169290000000004,33519.3036803,0
2020-10-13 18:00:00,570.84,577.96,566.28,575.95,169.54509,1602613799999,96845.88263889999,327,86.83178000000002,49638.0448866,0
2020-10-13 18:30:00,573.68,575.12,572.09,572.09,15.342870000000001,1602615599999,8800.6420264,33,7.748439999999999,4449.897509699998,0
2020-10-13 19:00:00,573.16,580.0,573.16,579.66,30.59065,1602617399999,17654.465326700007,67,21.44911,12375.1635869,0
2020-10-13 19:30:00,578.8,580.3,577.08,580.09,7.688789999999999,1602619199999,4451.295252399998,25,2.27714,1318.3612497000001,0
2020-10-13 20:00:00,579.12,582.49,578.62,580.17,21.72576,1602620999999,12615.8717189,55,8.06005,4687.0215165,0
2020-10-13 20:30:00,579.97,582.11,579.97,580.64,16.4021,1602622799999,9535.9352933,41,15.95418,9276.086067299999,0
2020-10-13 21:00:00,582.22,583.45,582.22,583.45,18.35278,1602624599999,10691.135496500001,17,15.80391,9206.5687487,0
2020-10-13 21:30:00,581.86,583.76,581.25,583.6,12.14822,1602626399999,7071.189422399999,23,4.27508,2493.3951991999998,0
2020-10-13 22:00:00,583.31,584.68,581.26,582.38,7.0598399999999994,1602628199999,4123.010744,32,6.39349,3734.855982,0
2020-10-13 22:30:00,581.25,582.04,576.64,577.38,63.09808,1602629999999,36592.907176199995,111,36.33152000000001,21079.635509400006,0
2020-10-13 23:00:00,577.55,581.3,576.99,578.33,27.55132,1602631799999,15979.7597037,51,16.47901,9562.5983058,0
2020-10-13 23:30:00,578.79,578.79,573.16,574.75,22.95775,1602633599999,13223.253088299998,53,13.131870000000001,7568.595304800001,0
2020-10-14 00:00:00,574.13,581.02,572.97,579.46,49.58706,1602635399999,28593.3083745,121,27.008329999999997,15574.3064264,0
2020-10-14 00:30:00,579.88,583.99,575.81,582.79,62.23603000000001,1602637199999,36126.263717199996,149,42.53566,24691.1835694,0
2020-10-14 01:00:00,582.56,582.56,578.1,579.17,23.70016,1602638999999,13745.4066039,69,8.82509,5117.2559585,0
2020-10-14 01:30:00,579.31,582.79,577.2,580.29,40.446329999999996,1602640799999,23458.7326348,71,14.81466,8597.2525328,0
2020-10-14 02:00:00,583.07,583.07,574.7,575.4,41.502959999999995,1602642599999,24024.5948221,144,10.66058,6162.0860107,0
2020-10-14 02:30:00,576.82,583.09,576.25,576.25,65.24046,1602644399999,37813.8338348,152,39.91942,23132.4284838,0
2020-10-14 03:00:00,576.95,581.75,576.5,579.08,11.29712,1602646199999,6553.399485,44,4.08822,2369.0467734,0
2020-10-14 03:30:00,579.89,584.28,575.64,576.27,37.47981,1602647999999,21762.910698599997,58,13.73761,7997.080478100002,0
2020-10-14 04:00:00,576.22,584.82,574.0,584.82,38.47789,1602649799999,22246.1081558,70,19.55451,11280.7907102,0
2020-10-14 04:30:00,585.04,586.13,582.1,583.92,27.88212,1602651599999,16293.4724432,73,16.73886,9779.8945868,0
2020-10-14 05:00:00,582.72,587.89,579.76,587.59,47.133829999999996,1602653399999,27548.8220325,114,23.86468,13955.1707692,0
2020-10-14 05:30:00,587.39,589.6,580.62,580.7,226.468,1602655199999,132418.5075075,294,82.74254,48391.9010569,0
2020-10-14 06:00:00,580.79,581.78,577.03,577.37,30.214470000000002,1602656999999,17524.922716499994,81,18.07487,10491.833155299999,0
2020-10-14 06:30:00,578.39,580.04,577.48,579.83,11.80369,1602658799999,6828.5717302,21,6.48687,3754.5311751000004,0
2020-10-14 07:00:00,580.48,580.48,575.9,577.22,13.57913,1602660599999,7849.2368626,26,4.90216,2826.5571641999995,0
2020-10-14 07:30:00,577.89,580.05,577.89,579.0,9.17838,1602662399999,5311.2134374,20,5.42936,3141.2369555,0
2020-10-14 08:00:00,580.09,584.2,579.48,583.16,16.0594,1602664199999,9353.7055829,41,11.15616,6499.5154836,0
2020-10-14 08:30:00,583.25,584.45,582.14,584.42,14.707410000000001,1602665999999,8579.706248800001,41,9.51835,5556.4713758,0
2020-10-14 09:00:00,584.5,585.24,582.16,584.49,35.61889,1602667799999,20796.931463599998,56,14.3267,8371.4729907,0
2020-10-14 09:30:00,583.51,583.51,581.18,581.18,6.63503,1602669599999,3867.7578043000003,19,0.84821,494.21145700000005,0
2020-10-14 10:00:00,581.78,581.78,576.83,579.72,20.83884,1602671399999,12056.980231,60,5.973409999999999,3454.7041517,0
2020-10-14 10:30:00,578.69,581.79,573.63,577.06,103.19891,1602673199999,59637.711692900004,180,64.75759000000001,37417.5012869,0
2020-10-14 11:00:00,576.31,581.62,575.47,581.22,14.917629999999999,1602674999999,8618.7790041,36,8.91672,5153.5728451,0
2020-10-14 11:30:00,581.8,581.8,576.2,576.2,18.1301,1602676799999,10495.4677844,21,2.3197200000000002,1341.3365506,0
2020-10-14 12:00:00,575.51,587.01,575.5,582.99,292.97128,1602678599999,170476.1263546,614,152.45127,88760.4629004,0
2020-10-14 12:30:00,584.94,588.13,583.73,585.92,35.6716,1602680399999,20924.7331617,83,23.34141,13693.6330601,0
2020-10-14 13:00:00,587.6,589.85,586.11,587.2,28.101440000000004,1602682199999,16520.5889262,68,16.853270000000002,9915.1945367,0
2020-10-14 13:30:00,588.43,600.0,588.01,596.57,352.04145,1602683999999,210767.04753729998,392,321.44774,192569.12556410002,0
2020-10-14 14:00:00,596.41,597.77,585.21,586.87,61.2291,1602685799999,36213.9037147,160,40.01997,23677.2366691,0
2020-10-14 14:30:00,588.08,588.12,578.0,579.5,122.58286000000001,1602687599999,71283.4028506,222,63.6199,36975.2236733,0
2020-10-14 15:00:00,579.89,581.72,577.78,578.27,29.63982,1602689399999,17189.443411700002,57,11.87703,6894.746962199999,0
2020-10-14 15:30:00,578.46,580.2,564.34,567.5,135.67492,1602691199999,77616.403511,267,53.048809999999996,30413.922747900004,0
2020-10-14 16:00:00,567.49,572.76,560.96,567.05,106.49095,1602692999999,60382.8872334,238,48.01345,27227.527368299998,0
2020-10-14 16:30:00,567.14,567.14,561.46,566.06,61.598330000000004,1602694799999,34721.0610685,114,27.019059999999996,15237.261711500001,0
2020-10-14 17:00:00,564.59,564.92,559.36,564.2,84.49264000000002,1602696599999,47507.0379131,127,29.14306,16377.496722299999,0
2020-10-14 17:30:00,564.14,566.46,563.01,566.0,13.41005,1602698399999,7569.1525045,34,3.57231,2020.232712,0
2020-10-14 18:00:00,564.98,570.07,561.37,564.38,74.93068000000002,1602700199999,42384.201773800014,136,43.801140000000004,24769.7895868,0
2020-10-14 18:30:00,563.16,567.25,558.99,567.25,17.07444,1602701999999,9578.228975700002,59,6.9534600000000015,3899.6365354000004,0
2020-10-14 19:00:00,566.95,574.86,566.94,571.71,19.50778,1602703799999,11150.9880372,67,12.40291,7086.419542000002,0
2020-10-14 19:30:00,571.98,574.35,565.72,565.94,28.70072,1602705599999,16414.35246,62,14.734679999999999,8429.2900734,0
2020-10-14 20:00:00,565.94,576.96,565.94,572.33,159.95569,1602707399999,91392.7781368,347,92.33629,52739.93895430001,0
2020-10-14 20:30:00,571.14,571.14,566.88,569.62,20.215339999999998,1602709199999,11510.7458331,54,9.12008,5182.4946297,0
2020-10-14 21:00:00,570.0,573.03,568.35,571.66,26.90727,1602710999999,15345.5110185,48,20.527379999999997,11703.5434754,0
2020-10-14 21:30:00,571.32,571.32,570.97,570.97,0.46268000000000004,1602712799999,264.3168282,3,0.0,0.0,0
2020-10-14 22:00:00,568.56,574.86,568.56,572.0,20.7042,1602714599999,11842.275562100001,41,18.5944,10633.006693899999,0
2020-10-14 22:30:00,572.89,574.56,571.53,574.12,4.6965699999999995,1602716399999,2694.3536343,14,3.418,1960.1468679000002,0
2020-10-14 23:00:00,575.08,576.24,573.32,573.32,6.83225,1602718199999,3930.9704057999998,18,5.81151,3343.996691300001,0
2020-10-14 23:30:00,574.75,578.31,574.75,575.58,12.930019999999999,1602719999999,7454.033355399999,32,6.68438,3855.8610286,0
2020-10-15 00:00:00,576.21,576.22,572.75,572.87,9.496360000000001,1602721799999,5452.9164408999995,22,1.16455,669.4656113,0
2020-10-15 00:30:00,572.32,572.69,566.7,567.58,10.01553,1602723599999,5702.3562478999975,51,5.79135,3298.7367884,0
2020-10-15 01:00:00,567.46,568.17,561.07,561.9,32.16509,1602725399999,18175.030364,98,12.028039999999999,6795.1438163,0
2020-10-15 01:30:00,560.74,561.81,556.27,561.17,60.11029,1602727199999,33594.5905193,136,14.57143,8155.9108989,0
2020-10-15 02:00:00,561.18,562.17,558.91,559.26,12.89155,1602728999999,7216.498987000001,38,0.52095,291.8168345,0
2020-10-15 02:30:00,558.37,562.53,556.92,557.28,13.0141,1602730799999,7282.8732309,49,6.87529,3851.6868689000003,0
2020-10-15 03:00:00,556.29,559.11,555.07,558.34,10.16767,1602732599999,5649.9461883,23,1.2229299999999999,680.8437862000002,0
2020-10-15 03:30:00,559.84,565.57,558.89,565.08,9.01122,1602734399999,5072.9596562,32,4.121919999999999,2325.479744,0
2020-10-15 04:00:00,564.92,572.35,560.13,565.05,158.76975,1602736199999,89825.2793653,395,86.58372,48977.19324730001,0
2020-10-15 04:30:00,566.23,570.08,566.23,569.27,13.34499,1602737999999,7594.9401885000025,50,7.325,4170.3183687,0
2020-10-15 05:00:00,569.26,572.56,565.17,565.62,32.521409999999996,1602739799999,18493.249592099997,98,17.23434,9804.9829942,0
2020-10-15 05:30:00,567.04,574.21,566.41,574.13,37.77993,1602741599999,21569.6602524,91,19.94698,11382.4228162,0
2020-10-15 06:00:00,572.0,573.28,571.03,571.27,16.53706,1602743399999,9450.9650407,34,15.00484,8575.2412164,0
2020-10-15 06:30:00,569.73,575.6,569.73,572.07,22.445629999999998,1602745199999,12850.4211505,68,12.02202,6882.9390567,0
2020-10-15 07:00:00,569.83,571.43,569.8,569.89,14.95955,1602746999999,8539.1428128,27,12.182030000000001,6956.50275,0
2020-10-15 07:30:00,569.74,571.42,568.56,571.42,2.3986,1602748799999,1369.6730148,12,2.3080700000000003,1318.1879792000002,0
2020-10-15 08:00:00,570.73,570.73,566.6,566.6,55.0093,1602750599999,31273.509263599997,81,6.71483,3820.239237,0
2020-10-15 08:30:00,565.83,566.22,561.01,562.54,35.96693,1602752399999,20273.0415668,50,3.70384,2088.477347700001,0
2020-10-15 09:00:00,561.55,562.5,552.99,554.45,72.41175,1602754199999,40396.0308387,148,28.927229999999998,16156.609986500001,0
2020-10-15 09:30:00,554.93,555.46,550.0,554.75,34.80243,1602755999999,19249.4675225,84,24.06576,13314.322672,0
2020-10-15 10:00:00,555.07,559.09,555.04,557.33,42.92151,1602757799999,23910.5920525,66,26.403000000000002,14724.0969637,0
2020-10-15 10:30:00,554.93,556.6,550.0,555.84,74.13911999999998,1602759599999,41031.093905199996,127,24.0269,13321.1866115,0
2020-10-15 11:00:00,555.13,555.13,549.73,553.0,85.28862,1602761399999,47104.2521445,164,43.430170000000004,23968.1254762,0
2020-10-15 11:30:00,553.87,558.67,552.83,552.97,57.85754,1602763199999,32139.8086509,118,10.5372,5847.9144073,0
2020-10-15 12:00:00,552.96,563.14,548.28,561.2,117.85887,1602764999999,65349.9404129,242,77.84982,43185.9628197,0
2020-10-15 12:30:00,562.07,564.44,560.09,562.74,22.64926,1602766799999,12742.0425512,52,12.644639999999999,7114.323495300001,0
2020-10-15 13:00:00,562.74,566.34,560.0,561.51,45.389959999999995,1602768599999,25518.258932900004,93,20.64915,11630.0283526,0
2020-10-15 13:30:00,562.54,569.92,561.48,568.67,48.41551,1602770399999,27398.0839352,112,40.43501,22888.6486523,0
2020-10-15 14:00:00,567.87,568.89,565.3,567.33,28.561290000000003,1602772199999,16200.620846899998,78,7.25183,4117.7924594999995,0
2020-10-15 14:30:00,568.76,568.98,565.32,568.73,18.84519,1602773999999,10676.855519600002,47,1.2815,728.4645727000003,0
2020-10-15 15:00:00,568.44,570.29,567.92,569.37,14.87755,1602775799999,8472.8893756,36,13.11169,7468.0956949,0
2020-10-15 15:30:00,566.55,574.85,566.55,571.83,31.78672000000001,1602777599999,18138.499208,97,24.370160000000002,13900.192639500001,0
2020-10-15 16:00:00,571.82,571.83,560.09,561.76,190.9301,1602779399999,107770.86652750001,415,115.76409,65335.0524066,0
2020-10-15 16:30:00,560.78,562.53,560.0,561.17,309.7508,1602781199999,173499.2740077,249,27.231090000000002,15283.2858461,0
2020-10-15 17:00:00,560.01,567.31,560.0,567.3,34.104690000000005,1602782999999,19211.6029828,97,19.207729999999998,10838.0795628,0
2020-10-15 17:30:00,567.35,572.33,564.92,566.58,40.827459999999995,1602784799999,23232.3192828,101,22.64021,12890.613019600001,0
2020-10-15 18:00:00,566.39,569.83,563.58,563.67,32.42523,1602786599999,18363.110746000002,72,22.029,12489.818410799999,0
2020-10-15 18:30:00,564.81,565.05,564.04,564.04,1.6844299999999999,1602788399999,951.5745443,7,1.66462,940.4009118999999,0
2020-10-15 19:00:00,565.01,569.24,563.58,565.71,36.769890000000004,1602790199999,20822.8386094,95,23.34454,13224.677095000001,0
2020-10-15 19:30:00,566.99,567.83,564.76,567.13,27.109379999999998,1602791999999,15361.451243200001,43,16.49268,9354.1730438,0
2020-10-15 20:00:00,567.08,570.54,565.99,567.64,23.48485,1602793799999,13345.8606862,53,11.20765,6369.3287883,0
2020-10-15 20:30:00,566.36,566.62,565.69,566.62,10.6261,1602795599999,6015.9834,34,10.52563,5959.1472163,0
2020-10-15 21:00:00,564.64,564.64,560.01,562.49,65.53022,1602797399999,36895.5841172,83,11.02386,6196.782572,0
2020-10-15 21:30:00,562.52,562.52,560.0,560.0,9.12165,1602799199999,5113.051815600002,21,0.15327000000000002,85.97014200000002,0
2020-10-15 22:00:00,561.67,561.67,556.54,559.4,173.51848999999999,1602800999999,97145.15019410002,94,33.6214,18815.5596306,0
2020-10-15 22:30:00,558.24,558.99,554.49,556.09,43.56973,1602802799999,24262.394792400002,65,20.25045,11285.2337422,0
2020-10-15 23:00:00,555.55,559.4,555.52,558.88,33.6939,1602804599999,18800.2493432,43,27.056490000000004,15096.3657804,0
2020-10-15 23:30:00,557.62,558.19,556.81,558.19,7.35605,1602806399999,4100.2401057,9,4.41199,2460.8256370999998,0
2020-10-16 00:00:00,557.39,557.39,553.27,555.08,22.98517,1602808199999,12759.7110605,47,6.54662,3634.0272144,0
2020-10-16 00:30:00,555.32,556.9,555.31,556.13,8.17103,1602809999999,4542.207186899999,12,2.33925,1301.1483349999999,0
2020-10-16 01:00:00,557.58,558.87,557.13,557.13,16.0803,1602811799999,8977.296838799999,34,10.68758,5969.9468687,0
2020-10-16 01:30:00,556.98,558.0,556.98,558.0,11.24503,1602813599999,6270.4371963,21,11.19869,6244.6100607,0
2020-10-16 02:00:00,558.0,558.35,555.77,557.43,65.2444,1602815399999,36339.9494357,62,23.08147,12863.1973559,0
2020-10-16 02:30:00,556.26,557.32,555.33,557.19,26.282690000000002,1602817199999,14630.6056961,37,12.75855,7107.803258600001,0
2020-10-16 03:00:00,557.1,557.1,548.69,550.87,111.2657,1602818999999,61439.1002478,227,34.6822,19188.2224926,0
2020-10-16 03:30:00,550.79,552.88,550.79,552.88,8.64235,1602820799999,4765.974133899998,24,8.59339,4738.9775899,0
2020-10-16 04:00:00,551.74,551.74,530.0,541.39,485.88484000000005,1602822599999,262448.51043,1016,245.6437,132635.2475187,0
2020-10-16 04:30:00,541.27,548.65,540.37,548.65,75.2436,1602824399999,40923.1132046,120,59.39575,32302.184751099998,0
2020-10-16 05:00:00,549.12,556.77,544.85,551.65,157.79639,1602826199999,87008.1048348,387,76.48338000000003,42121.0151933,0
2020-10-16 05:30:00,552.77,555.16,548.71,551.0,97.38793000000001,1602827999999,53670.9034389,122,37.18674,20512.4256531,0
2020-10-16 06:00:00,549.61,551.13,547.0,547.07,49.60649,1602829799999,27201.2867092,103,17.55746,9633.5274206,0
2020-10-16 06:30:00,547.01,547.01,541.21,545.08,57.84157,1602831599999,31504.478422099997,94,32.255140000000004,17521.1343195,0
2020-10-16 07:00:00,544.38,545.58,541.24,543.05,25.01491,1602833399999,13599.566822100001,52,12.12728,6598.1070717,0
2020-10-16 07:30:00,543.05,549.18,534.17,535.88,62.41054000000001,1602835199999,33745.2848514,155,29.908509999999996,16236.0023079,0
2020-10-16 08:00:00,534.19,559.36,534.19,545.61,232.99467,1602836999999,127222.26992410002,688,124.58218000000001,68079.0101567,0
2020-10-16 08:30:00,545.69,546.35,545.39,546.35,0.20115,1602838799999,109.7724291,3,0.0,0.0,0
2020-10-16 09:00:00,546.29,546.29,529.0,541.72,144.71244,1602840599999,77813.221291,301,50.72875,27288.2694027,0
2020-10-16 09:30:00,541.76,543.62,536.31,540.97,30.54737,1602842399999,16529.6898458,72,14.888020000000001,8059.4994608,0
2020-10-16 10:00:00,541.16,548.88,536.36,542.21,152.81599,1602844199999,82555.0999742,371,106.565,57579.7948569,0
2020-10-16 10:30:00,542.57,547.36,539.05,540.45,34.752759999999995,1602845999999,18859.1138777,143,13.63799,7404.4627345,0
2020-10-16 11:00:00,539.21,548.76,538.26,548.67,98.58447,1602847799999,53613.7498579,278,61.625,33532.9898611,0
2020-10-16 11:30:00,546.48,553.51,541.87,550.1,58.02039,1602849599999,31722.955319700002,175,32.52444000000001,17783.9517718,0
2020-10-16 12:00:00,551.41,553.46,544.47,550.56,40.18499,1602851399999,22068.068208099998,95,21.72953,11938.0731359,0
2020-10-16 12:30:00,548.0,557.69,543.51,547.92,384.25387,1602853199999,211202.4041906,1054,178.63037,98260.5507372,0
2020-10-16 13:00:00,549.13,553.21,544.8,549.6,51.27179,1602854999999,28224.8372338,148,27.42478,15118.827902500001,0
2020-10-16 13:30:00,546.81,551.17,543.0,550.71,34.91172,1602856799999,19122.1160467,123,22.91468,12548.3721449,0
2020-10-16 14:00:00,549.63,555.46,545.49,552.93,64.82484000000001,1602858599999,35673.3765672,190,30.2344,16647.9711339,0
2020-10-16 14:30:00,550.57,550.57,540.52,543.98,32.03412,1602860399999,17452.1634724,91,10.23403,5589.5303582,0
2020-10-16 15:00:00,544.87,552.5,540.6,546.45,194.12152,1602862199999,106238.6137746,605,91.27383,50005.24404680001,0
2020-10-16 15:30:00,545.64,552.81,545.05,549.72,82.25894,1602863999999,45159.8337742,177,50.46372,27714.09166920001,0
2020-10-16 16:00:00,549.85,552.25,546.59,551.63,16.62937,1602865799999,9147.2757996,72,8.66582,4765.3491331999985,0
2020-10-16 16:30:00,550.02,552.95,544.0,551.27,89.10846,1602867599999,48931.4065911,207,40.46946,22198.3001145,0
2020-10-16 17:00:00,551.2,553.34,544.01,548.83,136.31673,1602869399999,74780.06350560003,438,67.58166,37120.80435969999,0
2020-10-16 17:30:00,550.01,551.05,541.32,546.66,107.13561000000001,1602871199999,58530.4159571,282,60.05981,32840.0231563,0
2020-10-16 18:00:00,547.31,552.25,545.25,547.23,81.41975,1602872999999,44678.97738530001,223,46.51207,25537.189213499998,0
2020-10-16 18:30:00,548.31,555.0,545.06,547.7,182.14893,1602874799999,100057.8660905,516,89.60869,49270.77876730001,0
2020-10-16 19:00:00,547.57,547.57,540.53,543.03,26.13825,1602876599999,14187.261118200002,99,5.6365300000000005,3063.5297540999995,0
2020-10-16 19:30:00,541.86,544.89,539.57,543.12,61.73056,1602878399999,33448.334317500005,112,27.204179999999997,14743.487467500001,0
2020-10-16 20:00:00,542.4,542.4,538.04,541.46,54.499019999999994,1602880199999,29445.3045304,75,22.401,12101.788174899999,0
2020-10-16 20:30:00,541.66,542.04,540.1,542.04,7.07551,1602881999999,3830.3715545,17,4.63106,2508.7154614,0
2020-10-16 21:00:00,542.02,542.88,540.74,541.15,15.115639999999999,1602883799999,8189.8541536,22,3.9728,2156.1658439,0
2020-10-16 21:30:00,542.2,545.13,539.92,539.92,13.2318,1602885599999,7195.1471661,31,0.16062,87.3752089,0
2020-10-16 22:00:00,540.89,547.35,539.03,547.2,17.41619,1602887399999,9456.8299264,56,14.481229999999998,7867.4392111,0
2020-10-16 22:30:00,546.74,547.99,545.02,547.99,3.12563,1602889199999,1705.4084982000006,11,3.12563,1705.4084982000006,0
2020-10-16 23:00:00,546.64,546.64,544.97,546.45,8.10385,1602890999999,4424.2001031,18,6.25189,3413.7823421999997,0
2020-10-16 23:30:00,545.09,545.81,541.46,541.46,4.26166,1602892799999,2322.9300738,10,3.6461900000000003,1989.4105019,0
2020-10-17 00:00:00,543.6,543.6,533.74,536.19,54.94611999999999,1602894599999,29551.999838300002,152,19.562910000000002,10545.2308202,0
2020-10-17 00:30:00,534.8,543.37,532.54,537.71,107.90899999999999,1602896399999,57954.7101252,319,46.80645,25189.650290999998,0
2020-10-17 01:00:00,538.6,541.34,537.72,540.72,7.2945600000000015,1602898199999,3943.2079774000003,16,7.23354,3910.3102329999997,0
2020-10-17 01:30:00,541.42,545.77,540.83,543.08,11.83126,1602899999999,6437.9559067,25,9.25779,5038.043075399999,0
2020-10-17 02:00:00,543.82,547.78,543.05,547.67,21.61975,1602901799999,11793.3556969,59,15.22846,8311.030140500001,0
2020-10-17 02:30:00,547.44,548.6,545.07,548.6,12.10174,1602903599999,6623.7227630000025,52,6.06935,3325.943948800001,0
2020-10-17 03:00:00,548.6,548.6,546.49,547.24,8.134789999999999,1602905399999,4450.685546500001,18,2.8289999999999997,1547.4005909000002,0
2020-10-17 03:30:00,549.14,557.4,549.14,555.89,74.81432,1602907199999,41413.6734572,183,58.0563,32134.3817862,0
2020-10-17 04:00:00,555.9,556.66,550.05,550.47,19.83032,1602908999999,10968.114033299997,54,10.15518,5608.0305482,0
2020-10-17 04:30:00,550.02,554.64,549.94,552.25,31.30433,1602910799999,17277.4858558,72,20.03484,11053.979122,0
2020-10-17 05:00:00,553.39,554.94,549.96,550.32,20.50514,1602912599999,11320.8670934,58,17.0228,9396.737904799998,0
2020-10-17 05:30:00,550.67,554.55,550.67,552.57,5.8692699999999975,1602914399999,3248.3029799,22,4.27525,2366.8803812,0
2020-10-17 06:00:00,553.25,554.44,549.21,554.44,14.17296,1602916199999,7821.7689174,32,9.5611,5274.8798694,0
2020-10-17 06:30:00,552.1,552.85,547.85,548.87,19.867420000000006,1602917999999,10921.1959171,85,10.58502,5818.519344100001,0
2020-10-17 07:00:00,549.72,554.57,549.72,551.19,14.81749,1602919799999,8188.126177399999,38,12.21829,6753.456955600002,0
2020-10-17 07:30:00,551.0,554.83,551.0,552.95,20.5398,1602921599999,11359.2046895,55,10.01125,5534.8920137,0
2020-10-17 08:00:00,552.41,554.37,551.6,551.95,5.49204,1602923399999,3038.1824507,19,2.7801400000000003,1535.641179,0
2020-10-17 08:30:00,553.28,555.63,552.69,552.69,14.88401,1602925199999,8247.669839,35,9.908,5492.6550085,0
2020-10-17 09:00:00,549.88,553.0,549.88,553.0,22.56733,1602926999999,12450.3840994,44,13.887039999999999,7663.203406899999,0
2020-10-17 09:30:00,550.55,552.29,549.51,552.29,9.44947,1602928799999,5206.5941899,18,5.85155,3227.9591586,0
2020-10-17 10:00:00,552.12,553.92,552.12,553.89,6.9318,1602930599999,3831.8206261,29,4.74605,2622.7960198,0
2020-10-17 10:30:00,553.89,555.21,552.8,554.26,15.647260000000001,1602932399999,8660.434444,33,5.98733,3317.5372429999998,0
2020-10-17 11:00:00,553.56,554.64,553.19,553.87,12.95157,1602934199999,7173.3980144,25,6.5541199999999975,3632.2001874,0
2020-10-17 11:30:00,554.2,554.2,554.2,554.2,0.47548,1602935999999,263.51101600000004,1,0.0,0.0,0
2020-10-17 12:00:00,554.43,554.63,552.92,554.63,4.29243,1602937799999,2375.676004,10,0.1828,101.3441624,0
2020-10-17 12:30:00,553.52,554.62,553.13,554.62,5.47363,1602939599999,3028.4821295,9,2.24824,1244.3757431,0
2020-10-17 13:00:00,554.16,554.28,553.22,553.96,7.453239999999999,1602941399999,4126.5901767,14,2.5599,1418.2088099000002,0
2020-10-17 13:30:00,554.68,555.46,551.49,552.45,20.22234,1602943199999,11215.6651695,48,15.40877,8549.4815573,0
2020-10-17 14:00:00,551.91,556.55,551.73,551.97,22.50497,1602944999999,12464.886729,52,9.60544,5318.2011343,0
2020-10-17 14:30:00,551.18,557.44,550.0,557.44,134.55437,1602946799999,74321.91783220001,204,60.15664,33340.5539131,0
2020-10-17 15:00:00,556.55,561.93,551.5,553.54,56.19106,1602948599999,31215.325871200002,227,24.085829999999998,13380.2818298,0
2020-10-17 15:30:00,553.95,554.86,553.03,554.86,10.13009,1602950399999,5609.6588174,24,0.72741,403.4726234,0
2020-10-17 16:00:00,554.42,554.42,551.03,552.21,29.1605,1602952199999,16103.5090809,62,14.170739999999999,7830.1906074,0
2020-10-17 16:30:00,551.36,552.95,550.42,551.92,14.954889999999999,1602953999999,8243.0803903,36,2.24497,1239.9754031,0
2020-10-17 17:00:00,552.33,552.91,550.95,552.91,17.48326,1602955799999,9658.259237799999,27,14.850179999999998,8207.4575881,0
2020-10-17 17:30:00,553.98,555.13,553.5,555.13,5.44856,1602957599999,3020.6176259,33,2.4310400000000003,1349.1471789,0
2020-10-17 18:00:00,555.58,557.24,555.08,555.7,14.81301,1602959399999,8238.1416671,37,5.2778800000000015,2935.378386,0
2020-10-17 18:30:00,556.07,557.17,555.95,555.95,5.98042,1602961199999,3328.668274500001,14,3.93471,2191.3459451,0
2020-10-17 19:00:00,555.38,559.68,554.64,559.25,53.18931,1602962999999,29642.197199699996,87,39.12473,21808.0087753,0
2020-10-17 19:30:00,559.01,559.02,557.53,558.36,8.867410000000003,1602964799999,4948.423399,14,4.97808,2779.3243790999995,0
2020-10-17 20:00:00,558.55,558.76,556.68,557.16,10.30419,1602966599999,5742.3906915,38,5.26256,2933.7081602,0
2020-10-17 20:30:00,557.5,561.38,556.06,558.5,41.02528,1602968399999,22910.2276467,93,22.35523,12495.659431299999,0
2020-10-17 21:00:00,557.81,561.02,557.81,559.18,21.48067,1602970199999,12021.792737,39,17.461779999999994,9770.794047700001,0
2020-10-17 21:30:00,557.91,558.81,556.91,557.59,5.80857,1602971999999,3239.6336261,20,0.015590000000000001,8.704844099999999,0
2020-10-17 22:00:00,557.0,557.0,554.0,554.0,9.4255,1602973799999,5239.5668368,22,5.55199,3090.3938078,0
2020-10-17 22:30:00,552.64,555.98,551.81,553.92,25.854779999999998,1602975599999,14327.624087299999,43,22.93082,12708.294394499999,0
2020-10-17 23:00:00,554.99,555.96,554.43,554.44,11.34182,1602977399999,6295.2212912,25,9.791910000000001,5435.3470982,0
2020-10-17 23:30:00,554.44,555.89,553.13,553.89,16.07379,1602979199999,8907.4181885,40,10.2175,5664.146699800001,0
2020-10-18 00:00:00,552.56,554.0,551.2,553.0,24.4388,1602980999999,13491.3419435,44,7.96064,4396.7631933,0
2020-10-18 00:30:00,553.05,558.33,553.05,553.51,28.79107,1602982799999,16002.382884600001,59,8.21487,4559.113051899999,0
2020-10-18 01:00:00,553.76,556.81,552.18,556.81,21.52645,1602984599999,11918.8394393,53,11.86934,6573.9225182,0
2020-10-18 01:30:00,557.5,559.42,557.42,557.44,14.790220000000001,1602986399999,8252.803158499999,43,11.067039999999999,6175.838992600001,0
2020-10-18 02:00:00,556.41,557.26,556.36,557.26,3.18217,1602988199999,1773.0822610999999,9,3.00027,1671.8756369,0
2020-10-18 02:30:00,556.53,556.77,556.26,556.77,2.03856,1602989999999,1134.2846246,6,0.28215999999999997,157.0976216,0
2020-10-18 03:00:00,557.07,557.22,555.9,557.15,8.32088,1602991799999,4628.1555728,60,2.89377,1610.603266,0
2020-10-18 03:30:00,555.97,556.24,554.8,555.13,12.19844,1602993599999,6773.496170899999,32,0.86867,482.7964971,0
2020-10-18 04:00:00,554.86,555.68,554.86,555.67,0.29238000000000003,1602995399999,162.4358023,4,0.03951,21.922731,0
2020-10-18 04:30:00,555.64,555.67,555.16,555.16,1.03824,1602997199999,576.8871699,5,0.99482,552.7821227000002,0
2020-10-18 05:00:00,555.65,555.67,555.65,555.67,0.48796999999999996,1602998999999,271.14762460000003,6,0.48796999999999996,271.14762460000003,0
2020-10-18 05:30:00,555.67,556.26,555.67,555.99,0.9984700000000001,1603000799999,555.1064492,6,0.4708100000000001,261.61499269999996,0
2020-10-18 06:00:00,556.61,557.61,556.58,557.2,6.40342,1603002599999,3568.0271244,27,6.34989,3538.2002084,0
2020-10-18 06:30:00,557.2,564.98,557.2,562.19,88.93393,1603004399999,49900.797224199996,315,52.33428,29356.3077305,0
2020-10-18 07:00:00,561.55,561.55,558.91,560.22,8.638060000000001,1603006199999,4837.966985100001,36,2.94103,1647.5060038,0
2020-10-18 07:30:00,560.36,561.15,560.02,560.15,5.75976,1603007999999,3228.6383746,15,1.55019,868.8344725,0
2020-10-18 08:00:00,563.0,564.88,557.68,561.83,60.27326,1603009799999,33767.4330809,107,23.97917,13474.2171299,0
2020-10-18 08:30:00,562.43,562.43,560.46,561.35,21.43724,1603011599999,12034.2353939,52,0.87926,493.7971187,0
2020-10-18 09:00:00,561.54,563.14,560.34,561.31,6.63484,1603013399999,3724.0429477,17,1.79875,1008.8373493999999,0
2020-10-18 09:30:00,560.57,560.57,558.78,559.6,14.00046,1603015199999,7837.0183568,20,4.0,2238.5308138,0
2020-10-18 10:00:00,558.84,559.83,558.45,559.22,15.64548,1603016999999,8748.463257200001,24,15.60028,8723.221317200001,0
2020-10-18 10:30:00,558.62,558.82,558.0,558.09,3.04175,1603018799999,1698.7882186000006,16,0.38665,216.06700580000003,0
2020-10-18 11:00:00,559.22,563.61,558.0,562.32,63.92015,1603020599999,35811.605371499994,116,8.58014,4817.586899600001,0
2020-10-18 11:30:00,561.97,563.82,561.96,562.59,13.23615,1603022399999,7449.5776675,21,4.0328800000000005,2273.035145,0
2020-10-18 12:00:00,563.24,563.32,562.51,563.32,2.18772,1603024199999,1230.8612951,9,0.22930999999999999,129.1641556,0
2020-10-18 12:30:00,562.52,563.04,561.28,561.28,9.4854,1603025999999,5335.069382399999,13,0.0444,24.99897600000001,0
2020-10-18 13:00:00,562.52,563.14,561.82,563.14,3.4539199999999997,1603027799999,1944.0748110999998,8,2.33359,1313.2446165,0
2020-10-18 13:30:00,563.8,566.99,563.23,566.84,8.29447,1603029599999,4689.9706547,92,7.28936,4121.5329644,0
2020-10-18 14:00:00,565.82,573.71,565.81,568.43,64.63821999999999,1603031399999,36841.1701443,214,44.00953,25090.8099598,0
2020-10-18 14:30:00,569.67,570.75,563.99,566.44,39.89335,1603033199999,22629.45387740001,89,24.95864,14157.823681,0
2020-10-18 15:00:00,567.01,567.83,566.61,566.61,2.98305,1603034999999,1692.6362026999998,10,1.95321,1109.0026076,0
2020-10-18 15:30:00,568.23,574.2,565.8,571.56,221.82904,1603036799999,126504.36055969998,551,111.6245,63696.16430009999,0
2020-10-18 16:00:00,572.44,572.83,569.6,571.0,10.401530000000001,1603038599999,5941.7972501999975,17,6.51936,3722.0899194,0
2020-10-18 16:30:00,569.78,574.18,569.77,574.18,36.25638,1603040399999,20759.9854625,76,20.88567,11953.197332200001,0
2020-10-18 17:00:00,573.35,574.08,568.42,570.54,53.200630000000004,1603042199999,30379.56895120001,125,28.31715,16168.2798475,0
2020-10-18 17:30:00,569.53,572.52,569.52,572.12,7.29968,1603043999999,4168.9766429,23,4.96863,2838.5601976,0
2020-10-18 18:00:00,573.96,574.45,572.99,574.45,6.8685199999999975,1603045799999,3943.8457074000003,18,5.42202,3113.964008,0
2020-10-18 18:30:00,573.57,573.57,572.99,573.11,5.0326699999999995,1603047599999,2885.2703418,9,0.45066999999999996,258.2834837,0
2020-10-18 19:00:00,570.18,572.76,570.18,572.76,3.2797199999999997,1603049399999,1873.8702864999998,7,0.0319,18.271044,0
2020-10-18 19:30:00,571.34,573.38,571.34,572.37,11.35228,1603051199999,6499.4564478,18,4.880269999999999,2796.3556780999997,0
2020-10-18 20:00:00,572.2,572.2,569.56,569.93,11.677999999999999,1603052999999,6665.8416883,17,1.386,791.50192,0
2020-10-18 20:30:00,571.21,572.31,571.21,572.31,8.9352,1603054799999,5107.135516699998,32,8.9352,5107.135516699998,0
2020-10-18 21:00:00,570.55,570.55,570.13,570.13,0.28768,1603056599999,164.051824,2,0.0,0.0,0
2020-10-18 21:30:00,571.34,572.0,566.65,567.69,16.915570000000002,1603058399999,9636.0161912,24,3.446,1969.7752874000007,0
2020-10-18 22:00:00,567.32,567.32,567.32,567.32,0.06909,1603060199999,39.1961388,1,0.0,0.0,0
2020-10-18 22:30:00,567.7,571.79,567.39,571.79,6.597119999999999,1603061999999,3758.1000411,17,5.30766,3026.1716985,0
2020-10-18 23:00:00,572.78,575.4,572.78,574.22,7.2208,1603063799999,4150.102362,31,4.77586,2745.1544821999996,0
2020-10-18 23:30:00,573.01,577.75,573.01,575.38,17.41104,1603065599999,10023.636571500001,47,14.54124,8367.903939,0
2020-10-19 00:00:00,574.67,578.9,568.42,570.58,47.1634,1603067399999,27120.6230801,98,25.91854,14886.4864567,0
2020-10-19 00:30:00,568.91,580.4,563.82,573.67,133.09729,1603069199999,75862.50747689999,302,63.26774,36172.857108699995,0
2020-10-19 01:00:00,571.91,576.24,567.73,575.51,50.046459999999996,1603070999999,28618.741458099998,129,15.14373,8668.888184,0
2020-10-19 01:30:00,575.21,575.21,573.47,574.96,6.3924199999999995,1603072799999,3671.0961484,13,6.34515,3643.9882215000002,0
2020-10-19 02:00:00,574.02,577.66,572.17,573.65,50.359629999999996,1603074599999,28936.804115,98,37.73513,21687.076587400006,0
2020-10-19 02:30:00,571.13,573.66,567.34,571.01,35.27650999999999,1603076399999,20111.036578799998,93,13.546120000000002,7730.173826,0
2020-10-19 03:00:00,570.82,570.82,564.57,566.85,27.7588,1603078199999,15754.7477185,55,8.20383,4644.0590036,0
2020-10-19 03:30:00,565.4,568.77,564.96,564.96,12.267330000000001,1603079999999,6951.4427032,38,3.492,1976.0641710999998,0
2020-10-19 04:00:00,566.2,568.97,565.3,568.97,1.7742099999999998,1603081799999,1005.15263,12,1.35148,765.4744439,0
2020-10-19 04:30:00,568.94,568.94,566.67,567.51,7.3320000000000025,1603083599999,4159.3138202,22,0.34884,198.227936,0
2020-10-19 05:00:00,570.47,573.54,570.2,570.2,30.830509999999997,1603085399999,17621.6653369,58,10.44895,5971.7195335,0
2020-10-19 05:30:00,568.64,569.61,566.99,569.32,29.182090000000002,1603087199999,16576.879659600007,54,28.09426,15957.3394123,0
2020-10-19 06:00:00,568.5,571.85,567.9,570.96,3.98803,1603088999999,2276.392512300001,19,2.26951,1294.8593881,0
2020-10-19 06:30:00,571.14,579.58,569.93,574.32,209.91847,1603090799999,120572.11604719999,417,112.54358,64728.976201699996,0
2020-10-19 07:00:00,574.32,574.54,571.69,572.99,21.90423,1603092599999,12540.7248319,49,14.07078,8056.5005918,0
2020-10-19 07:30:00,574.01,574.27,570.54,571.25,13.065760000000001,1603094399999,7481.9062225,45,2.37288,1355.6725002,0
2020-10-19 08:00:00,571.02,572.65,570.0,571.45,8.983889999999997,1603096199999,5135.879645,30,8.039439999999999,4596.674735600001,0
2020-10-19 08:30:00,572.0,572.0,568.42,571.07,8.59112,1603097999999,4895.6192501999985,33,6.3418,3613.513311300001,0
2020-10-19 09:00:00,573.68,573.68,568.42,569.58,55.6929,1603099799999,31780.0537847,110,18.652079999999998,10645.502064700002,0
2020-10-19 09:30:00,570.47,572.88,567.9,568.9,50.71888,1603101599999,28918.6211386,148,25.14772,14332.835559000001,0
2020-10-19 10:00:00,569.1,569.72,566.74,568.41,17.97441,1603103399999,10221.8855333,63,12.76407,7265.0248221,0
2020-10-19 10:30:00,567.68,569.58,567.32,569.3,6.39393,1603105199999,3636.2742725000003,17,4.72016,2686.3274293,0
2020-10-19 11:00:00,566.95,568.8,566.94,568.8,10.444939999999999,1603106999999,5933.9170785,24,9.393189999999999,5337.6340548,0
2020-10-19 11:30:00,568.67,572.82,568.34,570.21,51.61367,1603108799999,29473.984717299998,85,28.59509000000001,16350.4842605,0
2020-10-19 12:00:00,568.15,573.61,566.35,572.94,26.74568,1603110599999,15235.065926199999,109,6.87747,3912.4732416999996,0
2020-10-19 12:30:00,573.25,576.37,571.16,572.52,85.64471999999998,1603112399999,49157.3197319,149,42.84194,24588.5047699,0
2020-10-19 13:00:00,573.24,579.4,573.24,578.27,52.448930000000004,1603114199999,30244.047044,264,24.79253,14307.4324097,0
2020-10-19 13:30:00,577.79,578.97,575.47,578.15,18.23539,1603115999999,10539.911258,40,15.88225,9181.4731747,0
2020-10-19 14:00:00,578.09,578.77,572.48,575.25,36.615990000000004,1603117799999,21085.1539417,87,14.83715,8548.2524742,0
2020-10-19 14:30:00,578.24,579.0,576.66,578.39,16.00753,1603119599999,9245.144551899999,49,7.38898,4270.6802563,0
2020-10-19 15:00:00,578.02,581.0,576.65,578.59,43.99131,1603121399999,25497.6098204,144,37.23171,21585.801045,0
2020-10-19 15:30:00,578.57,582.99,578.57,582.1,18.17693,1603123199999,10576.437075599999,170,16.118879999999994,9381.7732798,0
2020-10-19 16:00:00,581.55,583.11,580.57,580.57,19.61204,1603124999999,11404.8966735,42,6.40789,3732.3371501999995,0
2020-10-19 16:30:00,580.56,582.45,579.17,580.29,23.86828,1603126799999,13867.360666600001,50,13.0819,7607.8658272,0
2020-10-19 17:00:00,580.62,581.43,578.0,578.79,23.817610000000002,1603128599999,13803.8921336,56,13.669220000000001,7920.5607038,0
2020-10-19 17:30:00,578.79,578.9,573.11,575.56,20.86784,1603130399999,12025.1335153,61,12.06437,6954.571761,0
2020-10-19 18:00:00,575.8,576.57,575.1,575.1,5.42462,1603132199999,3123.493788900001,24,3.10855,1790.7467589000007,0
2020-10-19 18:30:00,576.32,576.33,568.43,570.47,44.52446,1603133999999,25433.09998620001,107,15.682520000000002,8951.3658664,0
2020-10-19 19:00:00,571.24,572.25,570.72,572.25,6.84397,1603135799999,3911.8878141000014,12,0.39899999999999997,227.92476000000002,0
2020-10-19 19:30:00,571.11,571.65,569.99,569.99,7.25237,1603137599999,4139.585236,16,3.0989999999999998,1770.6342840999994,0
2020-10-19 20:00:00,569.92,573.93,566.01,573.55,51.58117,1603139399999,29439.905306,113,22.941010000000002,13099.101931700001,0
2020-10-19 20:30:00,573.38,575.78,572.45,573.56,18.67085,1603141199999,10709.0855168,34,2.99855,1722.4689700999998,0
2020-10-19 21:00:00,573.56,573.56,571.0,571.45,16.7242,1603142999999,9568.9504734,33,5.2989999999999995,3032.7249175,0
2020-10-19 21:30:00,573.0,574.48,572.42,572.43,10.74773,1603144799999,6162.8764076000025,29,6.13874,3522.7175123999996,0
2020-10-19 22:00:00,572.36,572.36,568.42,570.74,6.68209,1603146599999,3814.975139,21,1.95242,1110.9933750999999,0
2020-10-19 22:30:00,570.95,570.95,569.28,570.29,6.08332,1603148399999,3468.5441984,11,2.931,1670.7627688,0
2020-10-19 23:00:00,568.93,571.45,566.21,569.21,20.7727,1603150199999,11826.0580789,49,8.42005,4795.3436486,0
2020-10-19 23:30:00,571.33,571.98,569.9,571.98,5.83397,1603151999999,3332.547225300001,16,4.6542,2659.931949,0
2020-10-20 00:00:00,571.87,571.87,568.6,568.61,10.66414,1603153799999,6073.454812200002,29,1.09814,624.4962045,0
2020-10-20 00:30:00,570.48,570.48,566.77,568.75,7.09549,1603155599999,4034.0660006,32,5.7842,3288.4094011,0
2020-10-20 01:00:00,568.0,570.26,568.0,568.77,13.8631,1603157399999,7889.1469221,28,10.79252,6141.9695342,0
2020-10-20 01:30:00,568.81,568.81,567.41,567.41,0.69355,1603159199999,394.0151355,3,0.6674,379.177364,0
2020-10-20 02:00:00,567.27,571.81,567.27,571.81,11.414530000000001,1603160999999,6498.587941,31,4.916869999999999,2798.149897,0
2020-10-20 02:30:00,570.34,570.34,569.27,569.27,2.78935,1603162799999,1589.444794,7,0.0,0.0,0
2020-10-20 03:00:00,566.98,571.0,566.98,569.04,20.7364,1603164599999,11802.7224548,33,13.541479999999998,7704.4224874,0
2020-10-20 03:30:00,569.72,572.28,569.17,569.25,25.707620000000002,1603166399999,14657.394404700002,50,8.33893,4753.766351199999,0
2020-10-20 04:00:00,567.28,569.18,566.2,568.08,24.293770000000002,1603168199999,13802.7499389,44,6.95384,3953.9031578000004,0
2020-10-20 04:30:00,568.71,569.43,564.56,569.41,56.076159999999994,1603169999999,31767.9303077,117,10.6062,6017.8240732,0
2020-10-20 05:00:00,567.32,571.22,567.32,570.68,31.93129,1603171799999,18177.6359529,71,23.341279999999998,13288.1486552,0
2020-10-20 05:30:00,570.86,571.97,570.69,571.72,2.08691,1603173599999,1191.9788806,7,0.68374,391.07786039999996,0
2020-10-20 06:00:00,571.56,572.87,571.53,572.8,3.57839,1603175399999,2049.1794427,17,2.66284,1524.8393325,0
2020-10-20 06:30:00,572.54,574.34,570.46,570.72,17.04364,1603177199999,9767.5643599,39,11.0589,6339.6562107,0
2020-10-20 07:00:00,570.72,573.97,569.95,571.97,26.7148,1603178999999,15280.563644999998,59,18.04727,10316.3805871,0
2020-10-20 07:30:00,572.45,572.45,558.8,568.84,158.88995,1603180799999,89988.491516,328,72.21816,40928.1775172,0
2020-10-20 08:00:00,568.85,569.07,562.1,566.82,129.76713,1603182599999,73358.9120883,146,94.31942,53267.028901,0
2020-10-20 08:30:00,566.82,571.03,566.82,570.43,16.75703,1603184399999,9530.510257799999,34,13.182520000000002,7490.9945688000025,0
2020-10-20 09:00:00,569.41,569.41,566.52,568.51,18.22464,1603186199999,10353.8175126,47,13.89335,7892.155268500002,0
2020-10-20 09:30:00,568.86,571.24,568.71,568.91,26.82752,1603187999999,15282.6321209,42,15.217529999999998,8674.1288824,0
2020-10-20 10:00:00,567.29,567.3,565.01,565.01,4.62905,1603189799999,2621.6778898000002,11,0.89031,505.07200930000016,0
2020-10-20 10:30:00,566.58,568.51,565.61,566.59,23.39761,1603191599999,13266.616060299999,46,10.85678,6159.156179899999,0
2020-10-20 11:00:00,566.43,568.3,550.83,560.39,85.60297,1603193399999,47882.2250004,231,32.40038,18131.585042299997,0
2020-10-20 11:30:00,560.86,560.86,555.9,556.51,43.26967,1603195199999,24133.6496434,72,15.088389999999999,8420.2796098,0
2020-10-20 12:00:00,556.21,563.64,556.16,563.64,34.6688,1603196999999,19400.8745472,76,25.22178,14102.150061899998,0
2020-10-20 12:30:00,562.93,564.58,561.46,561.46,23.84067000000001,1603198799999,13425.6008743,40,2.77663,1565.8295382000001,0
2020-10-20 13:00:00,562.27,562.28,549.28,554.27,98.47870999999999,1603200599999,54599.574444599995,239,40.68837,22600.709829299998,0
2020-10-20 13:30:00,555.57,557.8,553.4,557.4,45.59052,1603202399999,25296.1992656,78,22.28463,12384.8007,0
2020-10-20 14:00:00,556.21,560.23,552.4,557.23,74.50721999999998,1603204199999,41484.1260356,149,31.36828,17458.9398495,0
2020-10-20 14:30:00,557.84,557.84,555.32,556.94,3.03056,1603205999999,1685.4770925,11,0.57075,317.883357,0
2020-10-20 15:00:00,557.06,563.55,554.37,563.52,49.71411,1603207799999,27805.0759915,84,28.30933,15886.264132499999,0
2020-10-20 15:30:00,561.51,563.04,557.9,560.03,32.68195,1603209599999,18319.3521599,77,18.096020000000006,10142.723677,0
2020-10-20 16:00:00,560.46,562.0,554.71,555.5,45.151579999999996,1603211399999,25231.3269317,75,22.04356,12314.2053303,0
2020-10-20 16:30:00,554.88,560.96,553.73,558.03,45.09147,1603213199999,25194.4549067,65,25.94747000000001,14508.187445299998,0
2020-10-20 17:00:00,558.59,559.39,554.77,557.1,32.69596,1603214999999,18201.319135799997,53,10.58073,5895.7863624,0
2020-10-20 17:30:00,558.57,558.58,552.0,554.24,27.68952,1603216799999,15361.7832681,75,10.33414,5734.2691312,0
2020-10-20 18:00:00,555.15,555.15,551.35,554.37,28.68928,1603218599999,15872.133145299998,50,17.89702,9902.0789298,0
2020-10-20 18:30:00,554.21,558.63,554.21,556.98,24.00194,1603220399999,13347.1178316,54,19.895039999999998,11068.0328029,0
2020-10-20 19:00:00,557.3,557.98,549.96,552.39,35.93507,1603222199999,19880.7510858,101,16.30783,9038.451299299999,0
2020-10-20 19:30:00,553.18,554.97,553.17,553.88,13.809529999999999,1603223999999,7653.459799699999,18,12.491,6923.631004699999,0
2020-10-20 20:00:00,551.9,559.39,550.5,559.26,67.59187,1603225799999,37443.0354487,120,41.41467,22973.2383438,0
2020-10-20 20:30:00,558.47,560.92,556.28,559.95,65.48456999999999,1603227599999,36549.8578139,193,19.30416,10798.6718622,0
2020-10-20 21:00:00,558.42,558.42,555.23,556.46,7.56555,1603229399999,4208.8003174999985,20,0.14376,80.0325816,0
2020-10-20 21:30:00,552.63,560.98,552.63,557.55,33.1461,1603231199999,18464.3894325,87,18.85127,10505.7228577,0
2020-10-20 22:00:00,558.7,560.85,555.21,555.3,28.14305,1603232999999,15704.1597,54,9.17987,5134.4215819,0
2020-10-20 22:30:00,555.06,556.53,555.06,556.44,6.021669999999999,1603234799999,3345.3682293,15,4.4623300000000015,2477.6149692,0
2020-10-20 23:00:00,555.54,556.67,552.82,552.82,10.981110000000001,1603236599999,6093.1324214,25,5.48104,3038.9999952,0
2020-10-20 23:30:00,552.63,552.65,547.3,548.82,53.85145,1603238399999,29633.910725200003,118,28.68323,15790.1754639,0
2020-10-21 00:00:00,547.82,550.84,547.55,550.84,11.28283,1603240199999,6205.8146403,29,7.32159,4029.0010056,0
2020-10-21 00:30:00,551.75,556.25,551.31,554.91,15.592210000000001,1603241999999,8626.503408600001,39,12.0719,6675.7128078999995,0
2020-10-21 01:00:00,554.9,555.27,553.03,555.23,14.27685,1603243799999,7911.266870999999,45,9.77052,5415.1140104999995,0
2020-10-21 01:30:00,556.07,556.07,552.57,553.12,14.531260000000001,1603245599999,8051.2647651000025,29,1.1049799999999999,611.6669425,0
2020-10-21 02:00:00,554.07,555.67,551.71,555.67,27.55824,1603247399999,15226.193667200005,80,18.63074,10288.5994665,0
2020-10-21 02:30:00,554.53,554.73,550.38,553.65,39.99305,1603249199999,22103.7110076,92,14.97158,8268.6996936,0
2020-10-21 03:00:00,555.25,557.9,554.09,557.9,31.92765,1603250999999,17735.629405900007,78,19.50245,10841.3578865,0
2020-10-21 03:30:00,558.33,563.49,558.33,561.39,54.5565,1603252799999,30601.504197000002,104,33.39585,18731.332582299998,0
2020-10-21 04:00:00,561.7,563.86,560.58,562.7,21.97873,1603254599999,12360.368802500001,45,16.45824,9259.0442261,0
2020-10-21 04:30:00,563.83,566.27,560.42,566.27,44.8179,1603256399999,25206.062416999997,87,37.72018,21221.947666,0
2020-10-21 05:00:00,564.11,564.2,560.43,562.7,24.39923,1603258199999,13725.975079700005,69,11.68355,6573.0775141,0
2020-10-21 05:30:00,560.95,562.51,560.95,562.51,4.0255,1603259999999,2262.4863594999997,19,3.4477300000000004,1938.0373825,0
2020-10-21 06:00:00,562.27,564.67,561.64,564.67,22.434620000000002,1603261799999,12638.333439299999,37,12.55159,7080.353867399999,0
2020-10-21 06:30:00,564.3,564.33,561.08,564.33,20.59949,1603263599999,11595.8941861,40,9.55601,5386.8364617,0
2020-10-21 07:00:00,563.75,563.76,556.0,559.14,46.49487,1603265399999,25974.855780500002,98,13.7956,7711.2696222,0
2020-10-21 07:30:00,559.39,559.94,556.01,558.76,39.41877,1603267199999,22011.0781237,64,29.628009999999996,16553.6643228,0
2020-10-21 08:00:00,557.93,558.95,554.27,557.36,37.614779999999996,1603268999999,20950.1328012,61,17.02504,9498.8192356,0
2020-10-21 08:30:00,557.47,557.86,553.92,553.92,16.38636,1603270799999,9121.913437700001,34,8.3083,4627.7138767999995,0
2020-10-21 09:00:00,553.55,558.62,553.23,557.36,24.04226,1603272599999,13348.388556200001,72,13.873920000000002,7704.239793699999,0
2020-10-21 09:30:00,557.87,557.87,556.53,556.56,2.32841,1603274399999,1296.8887478,6,0.01793,10.0026091,0
2020-10-21 10:00:00,556.55,558.39,552.75,557.16,42.402190000000004,1603276199999,23565.8793774,80,23.43432,13030.5468066,0
2020-10-21 10:30:00,559.42,559.42,555.9,555.91,20.74873,1603277999999,11589.461890100001,36,2.98671,1661.4605004,0
2020-10-21 11:00:00,556.35,557.39,553.2,553.81,11.62401,1603279799999,6456.6245833,27,6.49616,3613.1222106,0
2020-10-21 11:30:00,553.24,560.25,552.64,555.94,30.8625,1603281599999,17160.3188281,74,6.90914,3838.0861611999994,0
2020-10-21 12:00:00,556.59,556.63,551.0,552.03,46.4419,1603283399999,25691.912789200003,93,21.50558,11910.1885165,0
2020-10-21 12:30:00,551.91,558.49,551.14,556.2,54.3961,1603285199999,30226.0293636,116,26.90598,14962.6247039,0
2020-10-21 13:00:00,555.08,558.23,553.67,557.68,37.684459999999994,1603286999999,20955.4540507,69,27.14987,15111.1132675,0
2020-10-21 13:30:00,557.67,563.23,554.58,560.37,70.4993,1603288799999,39447.6459202,126,35.19825,19713.9234625,0
2020-10-21 14:00:00,559.67,569.27,558.36,566.85,76.60145,1603290599999,43196.7685035,225,32.803740000000005,18520.091613099998,0
2020-10-21 14:30:00,565.59,569.81,565.16,569.81,28.28789,1603292399999,16049.6653511,75,20.90034,11864.380955399998,0
2020-10-21 15:00:00,569.1,570.83,565.89,567.45,23.87465,1603294199999,13571.899339399999,58,16.17918,9206.230244499999,0
2020-10-21 15:30:00,567.2,569.58,565.33,568.24,51.20388,1603295999999,29049.065438700003,115,32.542159999999996,18475.0826118,0
2020-10-21 16:00:00,567.55,573.01,565.12,569.37,87.96064,1603297799999,50071.55328869999,179,47.40692,27023.266830599998,0
2020-10-21 16:30:00,570.25,573.55,566.65,568.16,46.292770000000004,1603299599999,26378.25844970001,88,24.76905,14107.6246481,0
2020-10-21 17:00:00,567.79,574.11,566.06,571.05,48.71748,1603301399999,27762.385437599998,114,24.976229999999997,14229.030333,0
2020-10-21 17:30:00,572.57,573.25,567.62,569.64,49.20758,1603303199999,28029.5967857,92,28.76278,16368.9114336,0
2020-10-21 18:00:00,572.05,573.0,568.1,571.03,21.99522,1603304999999,12569.7112888,39,3.26526,1868.152705,0
2020-10-21 18:30:00,571.0,573.68,568.4,571.3,39.71754,1603306799999,22684.0014463,67,10.21716,5844.685567,0
2020-10-21 19:00:00,571.23,572.07,568.7,571.36,11.20146,1603308599999,6388.513541699999,24,8.68891,4954.9164683,0
2020-10-21 19:30:00,572.66,572.66,566.03,569.78,34.63252,1603310399999,19670.0462696,63,12.358130000000001,7026.309275300001,0
2020-10-21 20:00:00,569.68,572.01,568.96,572.01,15.92115,1603312199999,9075.489838299998,27,6.114,3490.9112048,0
2020-10-21 20:30:00,569.96,572.03,568.64,570.27,10.59176,1603313999999,6044.9512181,28,6.92955,3957.7481799,0
2020-10-21 21:00:00,570.68,570.68,566.29,566.29,15.30655,1603315799999,8710.9210213,32,2.15358,1225.3513258,0
2020-10-21 21:30:00,566.29,574.42,564.15,570.34,61.00431,1603317599999,34657.132174800005,129,36.49908,20757.3136007,0
2020-10-21 22:00:00,569.4,574.74,567.46,570.87,42.03942,1603319399999,24013.6084423,88,27.00015,15443.4972442,0
2020-10-21 22:30:00,568.99,573.04,568.73,569.27,43.53757,1603321199999,24848.681724000002,80,16.858620000000002,9636.796197799997,0
2020-10-21 23:00:00,570.8,571.12,561.22,567.02,122.31443,1603322999999,69257.1816022,234,54.69888,30999.0373874,0
2020-10-21 23:30:00,568.12,569.06,567.18,567.61,14.88483,1603324799999,8451.1792484,39,1.95082,1108.0035808,0
2020-10-22 00:00:00,568.81,572.66,567.39,572.05,47.718740000000004,1603326599999,27230.158306299996,95,29.907729999999997,17069.3882417,0
2020-10-22 00:30:00,570.69,573.68,570.69,573.11,11.74156,1603328399999,6709.9037424,24,1.4280000000000002,817.5692868,0
2020-10-22 01:00:00,573.66,575.0,571.27,574.99,32.48509,1603330199999,18643.7015917,61,30.87833,17723.3717824,0
2020-10-22 01:30:00,575.0,579.73,575.0,579.04,34.77677,1603331999999,20071.6320114,149,22.36795,12910.9613915,0
2020-10-22 02:00:00,578.97,578.97,572.26,574.94,18.3917,1603333799999,10569.2582937,50,7.88353,4533.8400373,0
2020-10-22 02:30:00,575.22,577.36,574.19,574.75,32.41357,1603335599999,18667.2952615,71,19.03746,10967.509102600001,0
2020-10-22 03:00:00,573.87,578.01,573.58,578.01,12.91043,1603337399999,7434.6760049999975,40,7.15481,4116.5543112,0
2020-10-22 03:30:00,576.71,576.71,572.9,574.82,37.43588,1603339199999,21508.1832816,58,16.348370000000006,9388.5142682,0
2020-10-22 04:00:00,573.0,576.96,572.83,575.15,18.01649,1603340999999,10347.5031677,42,9.641810000000001,5545.4260241,0
2020-10-22 04:30:00,575.15,580.0,574.48,577.71,52.8446,1603342799999,30593.987733099995,89,34.37192,19910.1083061,0
2020-10-22 05:00:00,579.21,582.86,577.16,582.84,64.44769000000001,1603344599999,37309.06977990001,119,37.1499,21527.6518448,0
2020-10-22 05:30:00,580.45,582.69,579.89,581.24,18.24405,1603346399999,10610.9904581,36,3.4080699999999995,1984.4034441,0
2020-10-22 06:00:00,582.36,582.6,581.0,582.56,26.9404,1603348199999,15665.6612662,42,20.12464,11703.345019499999,0
2020-10-22 06:30:00,581.42,584.99,579.72,581.49,28.54399,1603349999999,16617.6932395,117,17.906470000000006,10431.2668813,0
2020-10-22 07:00:00,582.33,583.65,580.88,582.66,31.68703,1603351799999,18443.598270500002,65,23.38618,13612.055982799999,0
2020-10-22 07:30:00,584.02,585.0,582.08,585.0,28.067159999999998,1603353599999,16381.7042569,48,20.37418,11895.111205,0
2020-10-22 08:00:00,584.01,587.22,582.47,587.03,44.06355,1603355399999,25784.810961400002,177,23.43734,13715.031041999999,0
2020-10-22 08:30:00,586.75,588.76,585.13,586.46,23.60203,1603357199999,13862.080365799999,82,16.74224,9841.397464799997,0
2020-10-22 09:00:00,585.75,589.14,579.78,585.29,49.43438,1603358999999,28898.749598000002,110,20.165020000000002,11810.3835357,0
2020-10-22 09:30:00,586.61,587.12,584.4,584.87,5.06194,1603360799999,2964.1318668000013,21,1.61934,950.3279014000001,0
2020-10-22 10:00:00,584.73,589.65,583.98,588.08,16.28067,1603362599999,9550.6153517,58,9.39611,5522.272533500001,0
2020-10-22 10:30:00,589.65,592.43,586.86,591.71,29.112759999999998,1603364399999,17172.4235495,103,18.15514,10719.24327,0
2020-10-22 11:00:00,592.15,597.96,592.02,597.96,99.55538,1603366199999,59227.4164982,294,67.72391999999999,40322.3062444,0
2020-10-22 11:30:00,597.94,599.0,594.61,597.58,51.302859999999995,1603367999999,30650.07163770001,156,31.8841,19071.9507583,0
2020-10-22 12:00:00,598.61,598.62,591.35,593.67,32.96713,1603369799999,19644.4833655,81,16.968529999999998,10114.215936700002,0
2020-10-22 12:30:00,593.08,594.06,585.48,593.06,61.80459000000001,1603371599999,36474.1684922,150,36.32708,21459.522198500006,0
2020-10-22 13:00:00,593.29,597.83,591.85,594.76,28.16931,1603373399999,16743.1954933,64,13.880770000000002,8268.6963684,0
2020-10-22 13:30:00,596.31,597.99,595.54,597.07,10.91342,1603375199999,6516.8703964,27,8.05154,4808.5202316,0
2020-10-22 14:00:00,596.9,596.9,591.31,591.35,10.2672,1603376999999,6080.2215159,24,2.28705,1354.150956,0
2020-10-22 14:30:00,592.07,599.0,592.07,596.96,49.76457,1603378799999,29710.818486,93,35.58937,21268.3687291,0
2020-10-22 15:00:00,596.3,598.78,595.33,597.63,34.48223,1603380599999,20577.8841002,73,21.440739999999998,12803.1425695,0
2020-10-22 15:30:00,597.41,598.82,593.86,596.73,46.23578,1603382399999,27553.4599135,93,14.02428,8371.379392899997,0
2020-10-22 16:00:00,596.89,599.0,596.34,599.0,163.18558000000004,1603384199999,97701.2520504,144,133.40124,79897.1006188,0
2020-10-22 16:30:00,599.0,599.0,595.84,599.0,150.4212,1603385999999,90044.8757363,206,121.0949,72524.6304606,0
2020-10-22 17:00:00,597.53,599.0,595.81,599.0,106.25686,1603387799999,63630.06266540001,74,97.90825,58645.5458365,0
2020-10-22 17:30:00,597.85,599.0,593.44,598.96,30.269740000000002,1603389599999,18051.3476025,80,10.332139999999999,6177.6303474,0
2020-10-22 18:00:00,598.05,599.0,597.07,598.21,27.48838,1603391399999,16448.512995700006,58,15.28121,9152.1424566,0
2020-10-22 18:30:00,598.16,599.0,596.64,598.0,28.09687000000001,1603393199999,16798.7330626,57,11.614980000000001,6952.1870582,0
2020-10-22 19:00:00,598.94,599.0,595.9,599.0,54.06863000000001,1603394999999,32346.278462299997,55,32.295390000000005,19343.981341299997,0
2020-10-22 19:30:00,598.91,599.0,595.01,595.25,32.7079,1603396799999,19531.3915357,65,9.31743,5573.1433565,0
2020-10-22 20:00:00,595.74,598.0,595.74,597.83,5.08986,1603398599999,3040.4847716,13,5.0713099999999995,3029.4120911,0
2020-10-22 20:30:00,597.72,598.0,595.54,596.08,13.343760000000001,1603400399999,7965.769528399999,26,5.7538800000000005,3439.9820937,0
2020-10-22 21:00:00,597.05,597.3,596.12,597.3,8.89303,1603402199999,5308.4222469,9,6.3240300000000005,3776.9795971,0
2020-10-22 21:30:00,597.06,597.54,586.56,597.21,111.52996,1603403999999,66161.0997928,226,56.08223,33300.8134502,0
2020-10-22 22:00:00,597.3,599.0,595.61,598.45,32.3544,1603405799999,19356.374573700006,64,19.47481,11657.7441187,0
2020-10-22 22:30:00,597.12,597.99,591.53,591.53,24.5155,1603407599999,14595.171171599999,56,2.2206799999999998,1324.1407456,0
2020-10-22 23:00:00,590.75,596.16,586.57,594.56,56.26492,1603409399999,33348.581131599996,143,27.90997,16553.8018298,0
2020-10-22 23:30:00,594.72,598.57,591.53,595.52,20.760189999999998,1603411199999,12359.7375184,73,7.49298,4468.1785891,0
2020-10-23 00:00:00,595.37,595.37,590.51,592.78,12.25319,1603412999999,7264.1745439,33,4.48779,2653.4223978,0
2020-10-23 00:30:00,593.17,593.17,585.9,589.97,32.68183,1603414799999,19244.1545779,89,17.33719,10211.4497644,0
2020-10-23 01:00:00,589.02,594.73,588.98,594.73,27.25773,1603416599999,16120.620697999999,66,17.37142,10274.119649299999,0
2020-10-23 01:30:00,596.33,597.63,596.05,597.62,12.84154,1603418399999,7667.800963799998,21,8.62791,5152.774650500001,0
2020-10-23 02:00:00,596.51,598.18,594.89,597.51,6.77485,1603420199999,4042.4579498000003,22,3.03612,1814.8253202999997,0
2020-10-23 02:30:00,597.75,599.0,597.1,597.71,11.94801,1603421999999,7149.0443521,35,9.3632,5603.1434693,0
2020-10-23 03:00:00,596.8,598.77,595.76,598.58,13.672620000000002,1603423799999,8166.5453684,32,4.94448,2958.050002,0
2020-10-23 03:30:00,597.38,598.15,593.82,596.69,30.150879999999997,1603425599999,17966.8222505,48,5.9367199999999976,3540.3248924000004,0
2020-10-23 04:00:00,597.46,599.0,596.05,598.03,17.350170000000002,1603427399999,10361.759237100001,39,8.833689999999997,5281.846503100001,0
2020-10-23 04:30:00,597.92,598.72,596.97,597.19,4.40355,1603429199999,2632.059579500001,12,2.21548,1324.8118273,0
2020-10-23 05:00:00,597.17,599.0,597.17,599.0,67.81638000000001,1603430999999,40616.8552628,86,67.81638000000001,40616.8552628,0
2020-10-23 05:30:00,598.5,600.0,598.09,600.0,80.97074,1603432799999,48565.61617340001,91,71.93311,43157.091637800004,0
2020-10-23 06:00:00,600.0,600.0,593.63,598.72,53.99256,1603434599999,32274.2488295,89,23.76654,14245.51155,0
2020-10-23 06:30:00,598.46,598.46,589.48,595.34,38.510220000000004,1603436399999,22895.510588,106,16.80596,9987.473281100001,0
2020-10-23 07:00:00,595.65,598.65,594.17,596.16,25.84589,1603438199999,15404.107908000002,79,10.271469999999999,6129.6677703999985,0
2020-10-23 07:30:00,596.17,598.47,596.17,596.92,25.07835,1603439999999,14980.081752799999,47,15.555129999999998,9290.717795100001,0
2020-10-23 08:00:00,596.1,600.0,595.09,599.89,47.21672,1603441799999,28236.0825545,80,24.12426,14435.4389184,0
2020-10-23 08:30:00,599.95,600.0,597.5,598.71,18.37179,1603443599999,11001.5867235,28,7.19792,4317.2958837,0
2020-10-23 09:00:00,597.53,600.0,597.52,600.0,5.70401,1603445399999,3420.9149431999995,13,5.368130000000002,3220.2026610999997,0
2020-10-23 09:30:00,599.99,600.0,599.36,600.0,114.80252,1603447199999,68878.68833430001,92,97.17987,58307.3951806,0
2020-10-23 10:00:00,600.0,605.7,599.99,601.97,222.57615,1603448999999,133861.7452215,718,195.30618,117435.17030380001,0
2020-10-23 10:30:00,601.52,604.56,601.5,603.89,40.05337,1603450799999,24132.1307932,65,18.39742,11086.128888,0
2020-10-23 11:00:00,603.73,605.8,603.43,604.0,21.838820000000002,1603452599999,13212.4221539,75,14.47756,8761.3293641,0
2020-10-23 11:30:00,603.12,604.65,599.22,602.25,115.0316,1603454399999,69227.8672521,172,88.86084,53487.9620629,0
2020-10-23 12:00:00,602.34,602.34,598.14,599.38,35.15273,1603456199999,21100.3360557,73,4.69802,2818.4703704,0
2020-10-23 12:30:00,599.83,604.03,599.42,602.64,9.91187,1603457999999,5969.7547369999975,39,5.409009999999999,3256.1004491,0
2020-10-23 13:00:00,602.96,605.39,598.72,599.33,44.28753,1603459799999,26650.8405085,115,14.60573,8820.211200799999,0
2020-10-23 13:30:00,599.62,600.05,596.0,598.87,21.70843,1603461599999,12978.1274381,58,10.03713,6006.288747,0
2020-10-23 14:00:00,597.35,598.8,592.54,595.46,50.30576,1603463399999,29936.4957054,126,18.92041,11260.159978299998,0
2020-10-23 14:30:00,596.54,597.09,590.95,592.08,11.6204,1603465199999,6890.787588699999,52,4.0717,2414.8548882,0
2020-10-23 15:00:00,591.47,593.34,584.93,590.78,60.3071,1603466999999,35507.9664991,144,27.28023,16080.222632700004,0
2020-10-23 15:30:00,590.08,592.29,586.46,588.95,41.39258,1603468799999,24382.7003097,114,11.02367,6494.427892399999,0
2020-10-23 16:00:00,588.75,596.81,580.97,585.64,151.92483000000001,1603470599999,89312.8411094,379,71.68726,42157.48150269999,0
2020-10-23 16:30:00,585.05,586.76,578.36,586.41,102.21091,1603472399999,59584.25612799999,303,57.62449,33629.5180237,0
2020-10-23 17:00:00,586.41,593.88,584.29,590.25,45.378009999999996,1603474199999,26692.051538,127,31.41137,18484.6602854,0
2020-10-23 17:30:00,588.56,589.72,586.06,587.74,17.25662,1603475999999,10154.0057678,38,11.06828,6514.727483,0
2020-10-23 18:00:00,588.33,590.1,588.33,590.03,21.39996,1603477799999,12613.4393566,38,20.76296,12237.5781538,0
2020-10-23 18:30:00,590.1,591.83,589.36,590.04,19.88539,1603479599999,11745.134752700002,35,15.06445,8900.5901516,0
2020-10-23 19:00:00,589.98,590.72,589.77,590.02,5.2491,1603481399999,3097.526009,15,4.979369999999999,2938.379589800001,0
2020-10-23 19:30:00,589.96,593.0,589.96,593.0,13.630270000000001,1603483199999,8060.6616169,20,13.630270000000001,8060.6616169,0
2020-10-23 20:00:00,592.25,592.25,590.59,590.59,5.96373,1603484999999,3524.9288452,24,2.59762,1535.4740902,0
2020-10-23 20:30:00,589.98,592.01,589.97,591.81,4.75744,1603486799999,2812.7651831,17,0.35689,211.00989700000002,0
2020-10-23 21:00:00,591.16,591.16,590.51,590.51,0.9110799999999999,1603488599999,538.0510772999999,13,0.0,0.0,0
2020-10-23 21:30:00,589.48,592.66,589.48,592.66,4.04593,1603490399999,2392.9777501,11,3.8694300000000004,2288.9303117,0
2020-10-23 22:00:00,592.41,594.66,591.83,592.42,13.563260000000001,1603492199999,8040.8183904,36,5.4787,3248.7275529,0
2020-10-23 22:30:00,592.38,594.58,590.8,594.58,9.94887,1603493999999,5900.407410600003,24,9.91987,5883.274210600001,0
2020-10-23 23:00:00,593.39,595.56,593.39,594.14,15.060579999999998,1603495799999,8950.986706200001,68,1.0781,641.2590047,0
2020-10-23 23:30:00,595.05,595.05,592.33,594.36,9.429680000000001,1603497599999,5604.2929422,24,7.74343,4602.9065642,0
2020-10-24 00:00:00,594.95,594.96,588.0,588.0,26.24963,1603499399999,15470.6093247,57,4.85449,2870.1735961,0
2020-10-24 00:30:00,588.2,590.12,588.2,590.12,2.23205,1603501199999,1315.8257808,11,0.9151299999999999,539.7937477999999,0
2020-10-24 01:00:00,590.25,593.42,589.95,593.42,5.4414,1603502999999,3218.0929505,16,2.6805,1583.4742167000006,0
2020-10-24 01:30:00,593.17,595.69,593.17,595.69,3.39318,1603504799999,2018.3910270999997,11,1.02659,610.4318567,0
2020-10-24 02:00:00,595.03,597.36,594.47,595.84,9.04796,1603506599999,5390.6599396,32,4.6374900000000014,2767.2512786999996,0
2020-10-24 02:30:00,594.26,594.27,593.69,593.69,1.47027,1603508399999,873.4534126,19,0.9945700000000001,591.0335032,0
2020-10-24 03:00:00,596.41,597.27,595.29,595.29,6.19991,1603510199999,3699.8046833000003,18,4.9911400000000015,2979.719686,0
2020-10-24 03:30:00,595.09,595.1,593.96,594.34,1.51914,1603511999999,902.7139216,19,1.51914,902.7139216,0
2020-10-24 04:00:00,596.48,602.0,593.45,593.45,60.94533000000001,1603513799999,36423.9739583,138,32.682359999999996,19548.8147681,0
2020-10-24 04:30:00,593.45,594.11,588.88,592.0,15.16971,1603515599999,8972.547052200001,70,8.987789999999997,5316.8758168,0
2020-10-24 05:00:00,590.59,592.1,589.92,592.04,32.18312,1603517399999,19023.5947339,62,21.41925,12669.290292399999,0
2020-10-24 05:30:00,592.1,593.1,590.06,592.79,9.44637,1603519199999,5594.9549132,25,8.48082,5024.755447,0
2020-10-24 06:00:00,593.07,594.82,588.0,594.2,97.49962,1603520999999,57742.3890099,212,50.240320000000004,29757.806161400003,0
2020-10-24 06:30:00,594.38,594.38,592.57,592.57,11.05064,1603522799999,6552.9058148,38,1.7242400000000002,1023.8042722000001,0
2020-10-24 07:00:00,591.95,595.06,590.43,594.75,27.987370000000002,1603524599999,16609.9907958,63,18.99675,11271.972171,0
2020-10-24 07:30:00,593.91,593.91,589.61,591.42,7.7744300000000015,1603526399999,4594.0917629,31,2.4748,1465.4789362,0
2020-10-24 08:00:00,591.1,592.93,588.95,589.31,15.73339,1603528199999,9297.933446100002,36,4.6381,2746.1471918,0
2020-10-24 08:30:00,588.81,590.37,588.53,589.47,6.592389999999999,1603529999999,3889.9631629,17,5.34566,3155.611873,0
2020-10-24 09:00:00,590.04,592.69,587.21,591.81,20.41094,1603531799999,12032.8258644,42,6.11529,3615.6486442,0
2020-10-24 09:30:00,593.32,595.71,593.32,595.08,7.28481,1603533599999,4335.5301408,25,1.2499799999999999,743.7004085,0
2020-10-24 10:00:00,596.25,599.14,591.79,596.91,47.9657,1603535399999,28538.8331482,159,20.08427,11958.1382378,0
2020-10-24 10:30:00,597.36,601.77,597.36,599.08,27.75367,1603537199999,16651.921022799994,76,15.264920000000002,9159.1192441,0
2020-10-24 11:00:00,598.6,600.21,598.6,600.21,4.6944,1603538999999,2814.4420908,19,3.50926,2103.9242937,0
2020-10-24 11:30:00,599.44,600.58,598.68,599.91,9.6073,1603540799999,5758.3701228,28,0.82758,496.80810379999997,0
2020-10-24 12:00:00,600.93,600.95,598.07,598.49,14.12469,1603542599999,8461.4278438,31,6.45001,3868.6411626999998,0
2020-10-24 12:30:00,599.67,601.3,597.36,597.36,16.68434,1603544399999,10018.0581971,33,5.78199,3471.0605978,0
2020-10-24 13:00:00,598.45,602.58,598.45,600.41,22.21061,1603546199999,13337.6288358,62,15.54737,9336.9879695,0
2020-10-24 13:30:00,601.43,605.29,601.19,602.91,42.88565,1603547999999,25891.6713718,115,27.80605,16799.1818243,0
2020-10-24 14:00:00,604.02,605.52,594.48,599.24,81.62856,1603549799999,49069.754391300004,213,28.498079999999998,17154.992228100004,0
2020-10-24 14:30:00,599.32,604.81,595.94,602.3,32.69683,1603551599999,19649.941123599998,81,20.8237,12539.9007889,0
2020-10-24 15:00:00,602.77,605.37,599.78,601.59,26.293359999999996,1603553399999,15848.993390200001,82,14.25012,8600.5913033,0
2020-10-24 15:30:00,600.14,602.06,599.89,600.34,6.474419999999999,1603555199999,3890.3663033,33,1.9853900000000002,1194.5428567,0
2020-10-24 16:00:00,600.5,600.51,596.99,597.3,34.35935,1603556999999,20576.456040099998,85,10.32447,6183.7469023,0
2020-10-24 16:30:00,597.46,600.35,597.46,599.15,10.71601,1603558799999,6418.0888219,28,8.41285,5040.174771600001,0
2020-10-24 17:00:00,601.16,602.34,600.76,601.8,3.98795,1603560599999,2399.3331213,27,3.0323900000000004,1824.9540654,0
2020-10-24 17:30:00,602.28,604.89,601.3,603.27,25.7627,1603562399999,15539.838349899996,70,8.88375,5364.4144063,0
2020-10-24 18:00:00,603.27,604.4,601.02,601.03,17.87782,1603564199999,10779.9869015,47,7.68429,4640.5767587,0
2020-10-24 18:30:00,603.89,604.17,602.67,604.13,3.2381599999999997,1603565999999,1956.1746093,13,3.1651599999999998,1912.1794555,0
2020-10-24 19:00:00,602.8,603.08,601.43,602.63,2.73752,1603567799999,1647.6783426,10,2.14039,1288.1326714000004,0
2020-10-24 19:30:00,602.42,602.65,599.69,602.65,23.60437,1603569599999,14188.255380300001,42,5.53713,3333.3321969999997,0
2020-10-24 20:00:00,602.54,602.54,599.8,600.74,3.44392,1603571399999,2070.2649723,17,0.51485,310.1430883999999,0
2020-10-24 20:30:00,599.91,599.91,597.86,599.43,5.20958,1603573199999,3120.3409269999997,35,3.42046,2048.9433797,0
2020-10-24 21:00:00,598.57,600.83,598.55,600.83,11.29169,1603574999999,6776.0127343999975,26,8.90019,5344.5618237,0
2020-10-24 21:30:00,600.56,600.56,593.1,595.44,29.78387,1603576799999,17770.5606952,82,10.423680000000001,6219.5486228,0
2020-10-24 22:00:00,595.19,598.12,594.19,598.12,13.46734,1603578599999,8035.2276529,39,10.965910000000001,6544.8635655,0
2020-10-24 22:30:00,597.63,597.97,595.96,596.89,10.87203,1603580399999,6492.003621100002,27,9.5734,5717.4373736,0
2020-10-24 23:00:00,597.72,598.92,597.72,598.92,2.29057,1603582199999,1370.2261567,8,1.42357,851.4480367000001,0
2020-10-24 23:30:00,599.32,601.13,599.16,599.95,11.435189999999999,1603583999999,6860.7798311999995,24,1.19899,720.4860539,0
2020-10-25 00:00:00,600.12,600.22,594.54,595.93,42.87022,1603585799999,25596.9233677,88,20.48998,12223.3608986,0
2020-10-25 00:30:00,595.76,596.69,595.76,596.64,2.9496,1603587599999,1759.3728855,7,0.6594,392.844144,0
2020-10-25 01:00:00,597.67,597.67,596.57,596.57,0.9149,1603589399999,545.8692963999998,6,0.08072,48.2171402,0
2020-10-25 01:30:00,597.9,599.22,594.96,598.12,22.85674,1603591199999,13655.3420169,49,8.92907,5341.9443584,0
2020-10-25 02:00:00,599.32,599.8,599.0,599.0,0.9681799999999999,1603592999999,579.9949217,6,0.07935,47.58525510000001,0
2020-10-25 02:30:00,598.35,598.64,598.35,598.38,2.6318099999999998,1603594799999,1575.3952764,11,2.28825,1369.8182223,0
2020-10-25 03:00:00,597.6,597.7,597.59,597.59,3.2893199999999996,1603596599999,1965.9759732,6,0.02755,16.463604500000002,0
2020-10-25 03:30:00,599.1,601.12,597.53,599.94,15.08699,1603598399999,9043.1348115,46,9.61411,5765.7949203,0
2020-10-25 04:00:00,598.84,601.39,598.38,598.84,6.02894,1603600199999,3612.2394426,36,3.94905,2367.049662,0
2020-10-25 04:30:00,599.64,599.66,596.78,599.12,17.00884,1603601999999,10174.447940600001,34,3.90176,2338.466352,0
2020-10-25 05:00:00,598.2,601.8,596.78,598.75,53.82214000000001,1603603799999,32205.298340400004,91,12.03323,7217.486543800002,0
2020-10-25 05:30:00,598.51,598.51,581.54,587.63,154.71507,1603605599999,90931.82077410001,352,72.05664,42367.3395256,0
2020-10-25 06:00:00,585.45,592.24,584.79,586.69,47.39966,1603607399999,27930.7769228,91,27.83796,16411.8928267,0
2020-10-25 06:30:00,585.44,588.59,584.42,587.35,25.095979999999997,1603609199999,14734.356726700002,97,8.84342,5194.9540026,0
2020-10-25 07:00:00,587.31,588.33,586.17,588.02,6.84514,1603610999999,4017.2160784000002,21,1.01265,595.0841092999998,0
2020-10-25 07:30:00,588.76,588.76,584.51,588.07,41.186840000000004,1603612799999,24166.14108,104,16.13251,9465.1298315,0
2020-10-25 08:00:00,584.7,588.82,581.55,585.03,91.22292,1603614599999,53454.8672445,231,44.33533,25997.0731923,0
2020-10-25 08:30:00,584.36,587.39,584.36,587.37,11.01866,1603616399999,6448.8138924999985,22,9.14754,5353.6886456,0
2020-10-25 09:00:00,587.3,587.3,585.69,586.02,0.32484,1603618199999,190.40148430000002,19,0.09433,55.35523240000001,0
2020-10-25 09:30:00,584.52,587.03,583.68,585.0,22.20782,1603619999999,12997.9430318,55,7.9827600000000025,4676.7886953,0
2020-10-25 10:00:00,585.64,588.4,579.04,583.18,78.90616999999997,1603621799999,46047.5928689,174,29.30535,17130.7469213,0
2020-10-25 10:30:00,583.89,586.69,583.88,586.49,19.65464,1603623599999,11508.1524536,48,5.80548,3398.0704865000002,0
2020-10-25 11:00:00,585.52,585.81,581.2,584.79,28.820090000000004,1603625399999,16814.6116812,68,9.70403,5665.8402277,0
2020-10-25 11:30:00,584.78,586.98,583.46,586.29,18.64689,1603627199999,10924.1911649,39,10.56334,6192.5026581,0
2020-10-25 12:00:00,585.62,590.71,585.45,590.12,34.84278,1603628999999,20517.494642700003,87,11.21669,6602.3883522,0
2020-10-25 12:30:00,588.79,590.39,587.08,588.78,22.05329,1603630799999,12992.197946200002,40,21.31808,12559.772439,0
2020-10-25 13:00:00,587.56,592.68,586.57,590.49,39.31661,1603632599999,23154.391294,79,18.78819,11077.3679892,0
2020-10-25 13:30:00,591.73,592.85,589.45,589.45,11.635589999999999,1603634399999,6879.667640600002,24,8.71804,5156.8827606,0
2020-10-25 14:00:00,589.74,593.41,585.38,591.55,27.797309999999996,1603636199999,16392.5967242,73,22.37009,13201.4883256,0
2020-10-25 14:30:00,592.06,596.95,590.35,591.47,38.70664,1603637999999,22957.5314665,108,26.36113,15636.360041999998,0
2020-10-25 15:00:00,590.96,592.94,590.71,591.53,6.08744,1603639799999,3598.7971949000002,14,4.363659999999999,2579.6408524,0
2020-10-25 15:30:00,590.75,590.75,585.69,585.69,25.31921,1603641599999,14889.567608700001,58,7.661810000000001,4511.432719100001,0
2020-10-25 16:00:00,584.71,595.22,579.65,588.74,82.66038,1603643399999,48738.8615276,235,46.45378,27417.7504269,0
2020-10-25 16:30:00,589.57,592.83,589.57,590.61,19.0641,1603645199999,11269.925148999999,37,3.42297,2021.0003109000002,0
2020-10-25 17:00:00,591.57,594.97,590.37,590.37,24.6357,1603646999999,14590.850853299999,66,14.46451,8575.7216287,0
2020-10-25 17:30:00,591.24,593.66,589.99,592.39,27.123759999999997,1603648799999,16048.144539899999,48,16.23684,9612.3315191,0
2020-10-25 18:00:00,591.98,591.98,585.23,589.79,27.79396,1603650599999,16360.116227200002,88,16.25892,9578.0061781,0
2020-10-25 18:30:00,588.57,591.4,588.4,590.99,1.46577,1603652399999,865.7892081,13,0.13273,78.44095279999998,0
2020-10-25 19:00:00,590.4,592.94,590.4,592.88,7.485889999999999,1603654199999,4422.4378879,15,5.123419999999999,3025.1944503000004,0
2020-10-25 19:30:00,592.87,592.87,589.9,591.05,12.79204,1603655999999,7566.4818614,24,7.97685,4721.524883,0
2020-10-25 20:00:00,592.35,593.29,590.54,593.29,11.15413,1603657799999,6601.6493106000025,23,6.9999600000000015,4147.3652551,0
2020-10-25 20:30:00,590.96,590.99,590.0,590.66,5.70247,1603659599999,3366.5846508,10,0.8988200000000001,530.8970212,0
2020-10-25 21:00:00,590.83,590.83,587.63,587.94,5.51446,1603661399999,3242.0094621999997,9,0.10545999999999996,62.30172460000001,0
2020-10-25 21:30:00,589.27,590.16,588.4,590.16,6.87845,1603663199999,4055.0002185999997,19,6.49445,3829.0526986,0
2020-10-25 22:00:00,588.3,588.3,582.21,584.02,31.689940000000004,1603664999999,18556.489111099996,63,5.51877,3227.6495613,0
2020-10-25 22:30:00,584.73,585.75,581.8,584.02,27.12237,1603666799999,15830.2901507,49,7.3522300000000005,4294.5829001,0
2020-10-25 23:00:00,584.31,585.36,584.07,584.08,3.28189,1603668599999,1918.128327,19,1.89648,1108.66101,0
2020-10-25 23:30:00,584.13,584.48,584.13,584.45,7.8601100000000015,1603670399999,4594.0169217,10,6.13028,3583.0217376999994,0
2020-10-26 00:00:00,583.51,583.51,578.62,582.66,56.324040000000004,1603672199999,32740.074968099998,97,31.4154,18266.4593429,0
2020-10-26 00:30:00,581.85,588.63,581.84,585.9,37.00525,1603673999999,21660.773963699998,96,22.283910000000002,13037.6377415,0
2020-10-26 01:00:00,587.8,589.49,586.6,586.9,24.68969,1603675799999,14533.2701852,55,13.197029999999998,7772.933687999999,0
2020-10-26 01:30:00,588.15,589.86,586.11,587.09,23.22954,1603677599999,13650.4262336,52,9.16071,5391.5920515,0
2020-10-26 02:00:00,589.49,592.17,589.0,592.05,14.624820000000001,1603679399999,8637.8424208,42,6.8398699999999995,4046.7398232,0
2020-10-26 02:30:00,592.05,592.23,590.09,592.23,11.18554,1603681199999,6615.5602266999995,35,1.95639,1155.6438392999999,0
2020-10-26 03:00:00,592.23,597.97,592.08,596.06,23.44584,1603682999999,13968.132309,104,18.23171,10866.9640133,0
2020-10-26 03:30:00,596.98,604.73,596.98,601.37,41.89348,1603684799999,25212.8634619,137,23.34081,14048.910573500001,0
2020-10-26 04:00:00,602.29,602.29,595.94,598.03,32.8442,1603686599999,19673.1915824,82,16.84596,10098.684442,0
2020-10-26 04:30:00,599.31,604.23,599.31,602.43,20.650879999999997,1603688399999,12433.2437152,55,16.419929999999994,9886.4715698,0
2020-10-26 05:00:00,601.33,602.3,599.8,601.01,9.58072,1603690199999,5762.596060399997,24,6.62553,3986.4041604999998,0
2020-10-26 05:30:00,600.36,601.59,599.36,599.36,14.545720000000001,1603691999999,8734.2387143,31,11.58876,6959.994434199999,0
2020-10-26 06:00:00,600.29,601.46,598.75,598.75,11.15973,1603693799999,6701.4311171,30,7.87552,4732.812256800001,0
2020-10-26 06:30:00,599.22,602.8,597.37,600.07,21.24654,1603695599999,12748.4669047,55,16.28295,9774.4465235,0
2020-10-26 07:00:00,599.05,599.05,595.45,595.45,3.4188,1603697399999,2038.4809200999998,14,1.15946,691.0679255,0
2020-10-26 07:30:00,596.24,596.47,594.3,594.88,6.5077300000000005,1603699199999,3873.5936019,16,1.39914,832.469306,0
2020-10-26 08:00:00,594.85,596.31,589.12,593.56,45.63414,1603700999999,27057.17981970001,115,17.27293,10254.4387582,0
2020-10-26 08:30:00,594.02,600.7,593.47,599.26,50.44148,1603702799999,30150.521170499997,129,27.807940000000002,16619.3558699,0
2020-10-26 09:00:00,598.29,601.0,596.4,598.85,31.23252,1603704599999,18692.6493741,76,14.09395,8453.5147145,0
2020-10-26 09:30:00,599.55,601.0,599.55,600.9,6.81955,1603706399999,4095.3751285999997,14,5.23455,3144.480026,0
2020-10-26 10:00:00,599.43,599.43,595.19,595.75,16.4694,1603708199999,9829.613578100001,37,1.1437700000000002,681.4775860000002,0
2020-10-26 10:30:00,595.47,598.01,593.69,596.87,11.60679,1603709999999,6908.5848811999995,37,2.37561,1413.7515318,0
2020-10-26 11:00:00,597.97,599.63,597.37,599.42,15.92779,1603711799999,9538.5353254,39,12.24661,7334.9773932,0
2020-10-26 11:30:00,597.34,599.09,597.34,598.15,8.01044,1603713599999,4793.931439399998,24,5.58098,3341.5238636999998,0
2020-10-26 12:00:00,598.33,599.31,594.75,598.58,26.42393,1603715399999,15775.8114944,41,18.70964,11178.725595299999,0
2020-10-26 12:30:00,597.59,606.14,597.52,601.33,123.53753999999999,1603717199999,74528.3791048,264,82.57066,49845.1123852,0
2020-10-26 13:00:00,602.57,609.99,597.99,607.65,163.73571,1603718999999,99206.21080560001,394,100.00841,60643.359587,0
2020-10-26 13:30:00,608.25,609.39,599.84,603.14,189.55345,1603720799999,114586.5224417,307,91.55615999999999,55360.113182099994,0
2020-10-26 14:00:00,603.14,603.19,598.87,600.1,19.15191,1603722599999,11505.9412548,44,4.95711,2982.5571127,0
2020-10-26 14:30:00,600.07,602.11,596.54,599.14,31.59269,1603724399999,18944.344465000002,78,13.567820000000001,8134.0843061000005,0
2020-10-26 15:00:00,598.74,598.74,589.24,592.48,115.33193999999999,1603726199999,68425.1796491,265,58.73611999999999,34853.3068024,0
2020-10-26 15:30:00,592.48,593.71,578.65,584.5,251.92586,1603727999999,147879.6233444,546,108.4575,63709.4119758,0
2020-10-26 16:00:00,584.12,586.76,574.36,577.02,143.20407,1603729799999,83001.83779289997,303,52.121959999999994,30216.9388217,0
2020-10-26 16:30:00,575.7,577.32,560.13,564.16,315.54741,1603731599999,179459.6142174,655,164.89553,93777.4482932,0
2020-10-26 17:00:00,563.16,571.62,562.04,567.45,126.80848,1603733399999,71943.3965413,253,49.755759999999995,28209.0014545,0
2020-10-26 17:30:00,567.11,567.57,556.36,563.66,112.27173,1603735199999,63073.8428646,275,65.62768,36879.54491590001,0
2020-10-26 18:00:00,564.09,567.64,560.33,567.0,34.9375,1603736999999,19716.366895099996,88,24.25124,13691.663727500001,0
2020-10-26 18:30:00,567.38,569.01,563.35,564.09,48.14072,1603738799999,27227.464968199998,126,23.247510000000002,13161.359031200001,0
2020-10-26 19:00:00,563.55,567.66,561.74,567.66,43.50217,1603740599999,24551.5452317,94,23.73349,13398.288588,0
2020-10-26 19:30:00,568.22,570.64,561.98,567.97,80.48633000000002,1603742399999,45577.0690446,183,23.86335,13525.7625905,0
2020-10-26 20:00:00,567.97,572.84,565.05,568.28,72.29133,1603744199999,41088.24293730001,177,27.13979,15454.1124167,0
2020-10-26 20:30:00,569.32,569.76,565.84,568.78,30.38894,1603745999999,17261.8064,68,17.1386,9741.998793,0
2020-10-26 21:00:00,569.31,571.82,568.4,570.18,7.97849,1603747799999,4547.7960986,26,4.46946,2550.4880934999996,0
2020-10-26 21:30:00,570.18,571.0,565.04,567.4,31.90666,1603749599999,18124.8439477,66,11.29958,6412.9280653999995,0
2020-10-26 22:00:00,567.4,573.6,565.3,570.38,40.7505,1603751399999,23202.8297768,95,29.730009999999996,16921.8862716,0
2020-10-26 22:30:00,570.31,571.13,567.28,571.13,12.22661,1603753199999,6956.082200800001,33,8.67561,4936.9241613,0
2020-10-26 23:00:00,571.65,572.35,568.47,568.47,19.64943,1603754999999,11212.822774200002,40,7.42736,4240.5826308,0
2020-10-26 23:30:00,568.59,570.93,567.52,568.24,28.365740000000002,1603756799999,16140.1260394,61,9.72442,5533.5401967,0
2020-10-27 00:00:00,569.28,572.88,567.99,572.88,31.385,1603758599999,17891.078492700002,75,15.743039999999999,8977.488483600002,0
2020-10-27 00:30:00,573.17,573.17,571.09,572.51,4.91467,1603760399999,2813.5526758,19,2.76341,1582.8193885,0
2020-10-27 01:00:00,571.12,572.6,571.12,572.35,6.36589,1603762199999,3642.1198982,15,1.7195900000000002,984.2274115,0
2020-10-27 01:30:00,570.78,572.95,570.78,571.42,15.10585,1603763999999,8634.021783299999,19,6.1697,3523.3305130000012,0
2020-10-27 02:00:00,572.94,573.22,568.33,568.56,23.45518,1603765799999,13388.4945167,51,6.84075,3917.9662183,0
2020-10-27 02:30:00,569.77,571.97,567.04,567.04,10.53013,1603767599999,5992.7407785,24,0.13779,78.5426623,0
2020-10-27 03:00:00,569.19,572.02,569.19,571.63,25.68046,1603769399999,14648.086931900001,46,12.002360000000001,6847.9703382,0
2020-10-27 03:30:00,571.33,573.09,568.19,571.82,21.77766,1603771199999,12437.711539299999,65,9.94138,5677.7812818,0
2020-10-27 04:00:00,572.27,575.34,571.93,573.95,34.48993,1603772999999,19785.0088668,88,13.253079999999999,7603.183305399999,0
2020-10-27 04:30:00,575.71,584.23,574.64,578.62,112.01943999999999,1603774799999,64939.76521030001,354,68.78092,39883.74219780001,0
2020-10-27 05:00:00,579.29,581.32,574.8,575.19,44.31671,1603776599999,25590.9542243,117,28.61308,16521.8511064,0
2020-10-27 05:30:00,575.01,577.09,573.27,575.31,18.025479999999998,1603778399999,10368.814688299999,47,10.74484,6179.7048651999985,0
2020-10-27 06:00:00,574.56,574.99,572.84,574.55,14.50606,1603780199999,8330.4276205,29,8.509889999999999,4885.6383852,0
2020-10-27 06:30:00,572.97,579.75,571.39,579.75,27.24052,1603781999999,15662.219906,78,8.13344,4679.9087838999985,0
2020-10-27 07:00:00,579.51,579.51,576.88,578.04,22.84552,1603783799999,13213.9237962,35,4.959919999999999,2867.3674616999997,0
2020-10-27 07:30:00,578.96,582.03,577.68,579.59,56.52475,1603785599999,32775.302105,136,34.39417,19953.6153724,0
2020-10-27 08:00:00,579.76,579.76,572.76,574.22,37.04473,1603787399999,21349.0026195,75,13.426120000000001,7738.5151411,0
2020-10-27 08:30:00,575.47,578.04,571.13,572.55,56.80251,1603789199999,32598.571756,126,21.360870000000002,12273.554508700001,0
2020-10-27 09:00:00,572.79,574.74,568.03,570.48,72.74792,1603790999999,41506.4254505,184,45.54607,25988.833301,0
2020-10-27 09:30:00,570.65,572.35,568.06,572.35,49.029740000000004,1603792799999,27987.499001300002,117,21.31789,12175.0996736,0
2020-10-27 10:00:00,572.84,574.67,572.83,573.94,11.7877,1603794599999,6766.3914921999985,30,10.09654,5795.9508122,0
2020-10-27 10:30:00,573.83,582.84,572.1,575.08,59.103469999999994,1603796399999,34060.7934833,165,24.34281,14046.5789415,0
2020-10-27 11:00:00,575.55,583.9,575.14,581.94,72.30976,1603798199999,41855.71823,183,33.69627,19524.4232177,0
2020-10-27 11:30:00,582.28,586.08,578.84,585.4,68.57428,1603799999999,39894.4055116,177,14.56295,8485.2993308,0
2020-10-27 12:00:00,585.3,588.49,582.27,584.33,27.33042,1603801799999,15984.305443000001,92,18.30816,10699.0657959,0
2020-10-27 12:30:00,584.27,593.9,584.23,587.84,74.16033,1603803599999,43627.0666486,241,41.74326,24572.627628799997,0
2020-10-27 13:00:00,588.06,594.84,586.31,592.82,58.165969999999994,1603805399999,34440.157241,144,39.48642,23395.468366499998,0
2020-10-27 13:30:00,593.86,594.9,589.0,592.02,32.299890000000005,1603807199999,19125.5733803,83,24.29948,14393.568456600002,0
2020-10-27 14:00:00,593.14,595.0,586.22,586.22,38.8465,1603808999999,22974.717156400002,99,27.54782,16317.377334600002,0
2020-10-27 14:30:00,588.1,593.98,588.1,593.98,23.3519,1603810799999,13806.3537381,55,13.967789999999999,8244.7742514,0
2020-10-27 15:00:00,592.51,595.62,590.29,591.61,62.92446999999999,1603812599999,37347.745244800004,144,40.14302,23853.9033162,0
2020-10-27 15:30:00,590.44,593.98,589.98,592.59,27.048640000000002,1603814399999,16010.8874111,89,17.27725,10226.374324299999,0
2020-10-27 16:00:00,592.01,597.29,587.82,593.74,87.38846,1603816199999,51791.2209181,194,45.92299000000001,27270.688178900004,0
2020-10-27 16:30:00,594.37,596.23,592.45,594.43,46.39181,1603817999999,27576.2344047,96,32.50057,19327.721962,0
2020-10-27 17:00:00,593.22,593.75,589.51,592.07,28.33741,1603819799999,16772.556567800002,55,10.81398,6409.8322021,0
2020-10-27 17:30:00,592.43,593.02,589.0,590.47,28.65487000000001,1603821599999,16944.615038699998,60,10.99767,6511.397464500003,0
2020-10-27 18:00:00,590.52,592.25,581.18,588.06,148.92836,1603823399999,87537.5163734,338,60.44152,35552.6971425,0
2020-10-27 18:30:00,588.49,592.1,586.76,592.1,51.889540000000004,1603825199999,30586.9934546,86,39.350120000000004,23214.1398496,0
2020-10-27 19:00:00,591.42,592.93,586.77,589.21,56.579809999999995,1603826999999,33337.3070066,91,23.31749,13768.3833806,0
2020-10-27 19:30:00,588.88,590.37,586.73,587.81,18.0327,1603828799999,10620.0469793,33,15.24409,8982.490219700001,0
2020-10-27 20:00:00,586.88,588.27,581.69,581.83,57.78664000000001,1603830599999,33726.8521172,95,9.8598,5755.9142795,0
2020-10-27 20:30:00,581.53,584.09,574.82,579.36,90.30705999999999,1603832399999,52378.2988268,194,38.81635,22532.099017400004,0
2020-10-27 21:00:00,579.36,582.15,577.81,581.11,31.467940000000002,1603834199999,18250.0963561,71,11.88135,6901.027321600001,0
2020-10-27 21:30:00,582.25,585.96,575.38,579.0,193.65661,1603835999999,112356.47976660001,487,108.09621000000001,62760.8116219,0
2020-10-27 22:00:00,578.96,583.73,576.61,582.31,40.24205,1603837799999,23328.386564,78,17.53665,10178.716134799999,0
2020-10-27 22:30:00,581.99,585.0,580.73,583.25,28.619259999999997,1603839599999,16673.3823528,46,3.82755,2233.5164680999997,0
2020-10-27 23:00:00,585.9,586.02,580.58,583.79,34.05677,1603841399999,19858.5383506,73,13.85423,8089.9195889,0
2020-10-27 23:30:00,581.29,589.31,579.0,584.05,54.78454,1603843199999,32015.3410802,133,38.07007,22236.2636247,0
2020-10-28 00:00:00,584.44,590.25,579.07,588.35,54.58647,1603844999999,31924.344113200004,164,33.407990000000005,19538.0210372,0
2020-10-28 00:30:00,590.35,592.23,585.46,590.11,63.73385,1603846799999,37541.654211,154,31.04927,18304.739212,0
2020-10-28 01:00:00,591.76,597.0,591.56,594.22,68.25853000000001,1603848599999,40600.5564458,160,49.845009999999995,29664.001412700003,0
2020-10-28 01:30:00,594.63,598.1,591.71,591.99,100.04561,1603850399999,59527.187613,277,34.353609999999996,20446.7579977,0
2020-10-28 02:00:00,591.28,596.45,591.12,595.29,106.15375,1603852199999,63032.24954680001,242,66.22539,39322.1831617,0
2020-10-28 02:30:00,595.3,595.3,588.17,592.93,35.81159,1603853999999,21191.4477589,96,13.630920000000001,8072.5303041000025,0
2020-10-28 03:00:00,591.41,593.58,589.6,591.72,29.33547,1603855799999,17355.2422249,74,17.64746,10441.900000200001,0
2020-10-28 03:30:00,591.78,593.66,585.64,587.47,133.63762,1603857599999,78772.0316171,269,45.24873,26705.2016868,0
2020-10-28 04:00:00,588.41,591.75,585.95,586.42,76.31424,1603859399999,44899.5554011,157,40.15759,23651.995586,0
2020-10-28 04:30:00,588.06,590.04,587.71,589.38,18.46164,1603861199999,10871.645305600001,49,11.25801,6631.7484823999985,0
2020-10-28 05:00:00,588.17,589.76,583.15,585.05,88.72136,1603862999999,51978.281879,188,59.82781,35053.455932699995,0
2020-10-28 05:30:00,584.72,586.87,582.33,585.34,65.4143,1603864799999,38240.5925459,109,34.602090000000004,20236.2960204,0
2020-10-28 06:00:00,583.78,586.31,581.45,585.11,21.5617,1603866599999,12593.2371339,49,10.72532,6271.0187025,0
2020-10-28 06:30:00,583.23,583.9,574.6,575.74,146.77604,1603868399999,85060.70118260001,276,61.99125,35944.7753561,0
2020-10-28 07:00:00,574.73,575.18,559.01,564.69,558.97819,1603870199999,318305.1399039,905,349.84387999999996,199208.0908833,0
2020-10-28 07:30:00,564.01,568.84,562.31,566.14,194.17223,1603871999999,109880.9266894,332,58.10708,32896.460855799996,0
2020-10-28 08:00:00,565.03,568.94,559.51,568.37,181.64123999999998,1603873799999,102589.5842963,370,103.82592,58687.113708000004,0
2020-10-28 08:30:00,568.16,568.16,562.49,564.01,74.22845,1603875599999,41939.216793,153,48.3989,27349.5769712,0
2020-10-28 09:00:00,563.66,567.12,561.45,562.56,60.008669999999995,1603877399999,33911.5827853,122,35.51948,20073.8505638,0
2020-10-28 09:30:00,561.49,563.56,558.65,560.9,48.44569,1603879199999,27187.836827999996,100,20.37959,11445.1118501,0
2020-10-28 10:00:00,559.91,560.24,554.7,559.77,75.66906999999998,1603880999999,42218.8984496,187,23.20597,12942.5844964,0
2020-10-28 10:30:00,560.74,561.94,558.19,558.51,61.75958000000001,1603882799999,34624.7646724,135,33.21091,18633.4533218,0
2020-10-28 11:00:00,557.36,558.56,548.84,552.45,127.09937,1603884599999,70371.9207842,292,56.866209999999995,31505.2397042,0
2020-10-28 11:30:00,551.75,557.62,550.01,551.65,120.26813,1603886399999,66521.4966183,274,65.80254000000001,36412.889988,0
2020-10-28 12:00:00,552.12,557.79,551.23,557.03,74.17565,1603888199999,41145.9540068,163,52.0348,28874.482600700005,0
2020-10-28 12:30:00,555.72,558.09,552.18,555.24,71.46955,1603889999999,39660.3227547,130,43.63144000000001,24228.9684592,0
2020-10-28 13:00:00,555.83,559.45,553.4,553.75,32.09067,1603891799999,17853.295500599994,61,22.73152,12651.692570899999,0
2020-10-28 13:30:00,553.98,555.02,548.0,548.8,103.11528,1603893599999,56876.20966,238,59.484759999999994,32834.041801499996,0
2020-10-28 14:00:00,547.9,550.73,540.0,546.73,202.45508,1603895399999,110355.9733458,359,102.50381,55938.5927258,0
2020-10-28 14:30:00,545.59,549.52,545.1,545.57,38.51886,1603897199999,21072.854734099998,93,14.87884,8149.4145214,0
2020-10-28 15:00:00,544.79,547.52,543.03,546.16,37.06997,1603898999999,20221.787692500002,72,22.527060000000002,12295.2454554,0
2020-10-28 15:30:00,545.83,547.56,543.48,546.24,56.438280000000006,1603900799999,30765.085164099997,100,27.56524000000001,15042.3776405,0
2020-10-28 16:00:00,544.56,545.45,538.52,538.82,54.239580000000004,1603902599999,29388.961467299996,150,22.56203,12237.7683457,0
2020-10-28 16:30:00,538.82,544.11,537.16,541.08,78.0284,1603904399999,42168.096109,165,38.96032,21065.051706799997,0
2020-10-28 17:00:00,541.07,541.07,535.35,538.09,76.30485,1603906199999,41024.19819700001,144,22.04048,11841.6559416,0
2020-10-28 17:30:00,539.02,541.53,538.11,541.04,20.95522,1603907999999,11312.0360162,62,9.324119999999999,5035.4600317,0
2020-10-28 18:00:00,541.6,542.77,539.8,541.3,17.237000000000002,1603909799999,9329.909388,37,2.12529,1151.2021883,0
2020-10-28 18:30:00,541.21,542.76,540.49,542.52,18.4211,1603911599999,9985.2481176,51,10.64136,5771.4873692,0
2020-10-28 19:00:00,542.21,542.57,537.64,539.86,66.8097,1603913399999,36113.9442581,103,22.448420000000002,12150.2891969,0
2020-10-28 19:30:00,540.33,541.02,536.02,539.04,76.72003000000002,1603915199999,41359.203913699996,159,35.89557,19356.346673400007,0
2020-10-28 20:00:00,537.65,541.17,537.65,539.46,35.53659000000001,1603916999999,19174.6445341,57,10.50039,5667.060799600001,0
2020-10-28 20:30:00,540.52,540.99,535.75,539.7,53.09421999999999,1603918799999,28594.96532950001,96,23.75297,12804.4827505,0
2020-10-28 21:00:00,538.45,538.69,531.34,532.99,72.58122,1603920599999,38815.216145499995,187,34.59497,18497.541907,0
2020-10-28 21:30:00,532.59,535.5,532.02,535.47,18.24138,1603922399999,9744.2535305,48,13.01055,6952.5119688999985,0
2020-10-28 22:00:00,534.72,540.9,534.04,540.04,101.91155,1603924199999,54793.1411359,202,52.984759999999994,28507.206214200003,0
2020-10-28 22:30:00,541.41,544.86,538.82,541.62,53.98047,1603925999999,29252.919946399998,103,26.272159999999996,14247.9955024,0
2020-10-28 23:00:00,541.34,545.04,541.07,543.39,64.31062,1603927799999,34910.5856562,122,31.97695,17368.9944771,0
2020-10-28 23:30:00,543.51,545.3,542.16,542.17,35.51368,1603929599999,19292.5246398,58,8.97135,4880.7932643,0
2020-10-29 00:00:00,544.53,552.0,543.17,547.94,86.51267,1603931399999,47408.9888067,183,49.86517,27364.8080889,0
2020-10-29 00:30:00,548.01,549.89,546.12,547.92,33.42347,1603933199999,18305.293888999997,75,10.6914,5863.0047506,0
2020-10-29 01:00:00,548.9,552.0,545.26,546.66,97.25191,1603934999999,53381.8411003,206,57.86584000000001,31770.055309099997,0
2020-10-29 01:30:00,547.59,550.84,546.84,548.43,34.79626,1603936799999,19111.5968455,85,18.20214,10006.6616892,0
2020-10-29 02:00:00,548.11,549.53,546.01,547.08,22.68313,1603938599999,12410.8573019,42,17.942120000000006,9817.1703639,0
2020-10-29 02:30:00,546.68,548.22,545.94,546.46,19.29331,1603940399999,10550.4955237,41,14.47981,7914.6190471,0
2020-10-29 03:00:00,545.03,545.35,542.05,545.35,25.97736,1603942199999,14147.228988100005,66,10.603530000000001,5778.0247628,0
2020-10-29 03:30:00,545.65,550.27,545.65,549.31,21.3694,1603943999999,11692.463303100001,40,12.19427,6664.3685544,0
2020-10-29 04:00:00,550.27,550.97,545.62,548.57,31.79526,1603945799999,17447.544361700002,75,12.83383,7048.8634303,0
2020-10-29 04:30:00,547.56,548.42,545.05,545.05,10.715069999999999,1603947599999,5863.8370783,24,6.96865,3814.9495901,0
2020-10-29 05:00:00,545.83,547.5,544.26,547.26,25.87518,1603949399999,14149.4287652,60,17.36461,9500.062672700002,0
2020-10-29 05:30:00,547.45,548.99,544.59,546.7,29.2013,1603951199999,15965.2003188,55,14.8719,8141.713835100001,0
2020-10-29 06:00:00,548.1,548.79,544.75,547.52,6.79638,1603952999999,3714.7748312,31,2.44112,1338.0950695000001,0
2020-10-29 06:30:00,546.72,548.49,545.02,545.02,15.97833,1603954799999,8734.745941700001,35,5.98844,3281.7773863,0
2020-10-29 07:00:00,546.85,547.97,539.16,540.24,40.39887,1603956599999,21919.710966799998,102,14.58394,7939.5443829,0
2020-10-29 07:30:00,540.25,540.81,534.31,536.5,44.51956,1603958399999,23968.904034400002,85,33.00821,17796.43095,0
2020-10-29 08:00:00,537.17,537.7,533.35,535.52,29.5615,1603960199999,15811.435788699999,70,9.30441,4979.8992162,0
2020-10-29 08:30:00,536.4,536.4,531.11,533.46,23.74694,1603961999999,12663.3649012,38,5.93356,3163.2071370999997,0
2020-10-29 09:00:00,533.95,538.59,533.84,535.56,40.01425,1603963799999,21478.242775900002,70,18.00514,9669.817654200002,0
2020-10-29 09:30:00,533.96,536.64,532.99,536.05,25.17729,1603965599999,13483.828545700002,42,12.85736,6892.335793100001,0
2020-10-29 10:00:00,534.97,534.97,525.97,527.2,95.06130999999999,1603967399999,50318.7703635,197,27.723159999999996,14687.2364988,0
2020-10-29 10:30:00,525.26,527.99,524.04,526.49,35.22211,1603969199999,18522.1035172,85,8.82306,4643.8580669,0
2020-10-29 11:00:00,525.22,527.66,523.94,526.05,24.6533,1603970999999,12962.8027671,52,12.58269,6627.70189,0
2020-10-29 11:30:00,526.89,527.94,522.22,522.67,36.82973,1603972799999,19336.234898500006,81,14.126570000000001,7444.042652600001,0
2020-10-29 12:00:00,522.29,523.75,517.08,517.44,88.05887,1603974599999,45916.3678935,213,55.26144,28828.7773695,0
2020-10-29 12:30:00,517.6,527.43,517.6,526.65,39.08955,1603976399999,20409.587637099998,98,20.17474,10519.8100325,0
2020-10-29 13:00:00,526.65,527.78,523.53,527.36,22.26574,1603978199999,11713.1116582,50,9.30819,4902.861249000001,0
2020-10-29 13:30:00,527.6,531.11,524.91,528.82,76.23234000000002,1603979999999,40238.2653566,152,43.730109999999996,23105.596739200002,0
2020-10-29 14:00:00,529.21,537.35,529.21,534.9,72.62179,1603981799999,38788.6677306,128,39.81433,21293.4912028,0
2020-10-29 14:30:00,535.99,549.06,534.26,539.81,196.22348,1603983599999,106132.636709,634,108.71041000000001,58813.36153069999,0
2020-10-29 15:00:00,538.97,542.65,537.78,541.0,78.29551,1603985399999,42232.6897102,105,57.3264,30919.324779000002,0
2020-10-29 15:30:00,541.18,542.8,538.96,539.49,42.0816,1603987199999,22764.81633,79,23.4112,12674.447236700002,0
2020-10-29 16:00:00,541.12,541.7,537.57,540.04,35.12233,1603988999999,18953.703270700003,68,14.69311,7944.7558818000025,0
2020-10-29 16:30:00,539.71,541.33,536.3,539.32,45.64055,1603990799999,24586.674773400002,88,13.52179,7300.8978251,0
2020-10-29 17:00:00,538.4,539.95,536.2,539.61,23.14787,1603992599999,12451.7661409,56,9.10108,4906.8566651,0
2020-10-29 17:30:00,539.6,541.35,538.33,539.56,31.281309999999998,1603994399999,16883.897947499998,57,13.74528,7424.4234540000025,0
2020-10-29 18:00:00,538.03,538.79,534.46,537.3,27.032009999999996,1603996199999,14530.4737283,54,9.55746,5136.0230717,0
2020-10-29 18:30:00,537.15,542.03,536.71,540.33,24.0435,1603997999999,12974.7199246,44,16.742379999999994,9046.9712161,0
2020-10-29 19:00:00,540.34,541.36,536.97,537.19,26.72815,1603999799999,14404.4862183,43,4.32744,2334.8718630999997,0
2020-10-29 19:30:00,538.09,538.89,536.66,538.89,5.33426,1604001599999,2869.6909001999998,22,2.77052,1490.9311552000001,0
2020-10-29 20:00:00,536.65,540.56,534.34,535.74,147.0163,1604003399999,78709.51521950001,163,81.16646999999998,43444.6030005,0
2020-10-29 20:30:00,536.24,539.34,535.57,539.34,52.74043,1604005199999,28347.3250393,77,35.67674,19183.384835099998,0
2020-10-29 21:00:00,539.11,539.26,536.94,537.86,1.72275,1604006999999,927.0724752,5,0.027160000000000004,14.646301600000001,0
2020-10-29 21:30:00,537.05,544.3,536.08,544.3,45.77037,1604008799999,24770.9263215,68,35.57393,19276.9944017,0
2020-10-29 22:00:00,543.49,545.63,530.0,531.16,111.9236,1604010599999,60412.71017660001,262,63.997969999999995,34526.712325,0
2020-10-29 22:30:00,529.48,532.11,526.0,526.88,58.07721,1604012399999,30733.9762486,156,28.215429999999998,14914.017899899998,0
2020-10-29 23:00:00,527.26,531.84,527.26,531.55,27.07185,1604014199999,14364.571945700001,49,11.909889999999999,6320.2282825,0
2020-10-29 23:30:00,533.94,535.56,533.94,533.99,10.54257,1604015999999,5637.2876744,25,4.91014,2626.7195243,0
2020-10-30 00:00:00,533.13,533.13,524.62,527.8,61.01472,1604017799999,32243.8886361,154,27.59607,14581.620832100001,0
2020-10-30 00:30:00,528.62,539.33,528.62,535.96,63.486090000000004,1604019599999,33923.0501388,132,23.28378,12428.1588858,0
2020-10-30 01:00:00,536.49,538.26,531.14,533.57,60.28078000000001,1604021399999,32238.886265400004,152,34.08574,18252.7963184,0
2020-10-30 01:30:00,532.09,532.09,527.55,528.37,31.77331,1604023199999,16831.800049899994,87,13.34544,7067.7565449,0
2020-10-30 02:00:00,527.49,528.86,525.1,526.12,39.24654,1604024999999,20660.1050531,87,13.840679999999999,7289.541397,0
2020-10-30 02:30:00,524.74,525.28,521.51,522.52,6.69792,1604026799999,3507.7787349,40,2.86745,1504.6794868,0
2020-10-30 03:00:00,522.49,529.77,522.44,527.33,66.40979,1604028599999,35018.5478886,133,43.49406,22944.2095815,0
2020-10-30 03:30:00,527.32,528.03,523.35,525.14,30.247740000000004,1604030399999,15871.619725499999,54,24.7942,13009.328837899999,0
2020-10-30 04:00:00,526.07,528.61,525.15,526.14,14.3448,1604032199999,7567.879615899998,59,4.47719,2364.6657063000002,0
2020-10-30 04:30:00,528.61,530.33,524.73,524.73,19.724120000000006,1604033999999,10441.150556999999,39,6.84927,3621.8962392,0
2020-10-30 05:00:00,525.29,529.07,520.92,520.92,41.38385,1604035799999,21716.4185789,119,26.72304,14006.365682799998,0
2020-10-30 05:30:00,522.21,523.47,516.83,522.63,96.92102,1604037599999,50378.4365509,225,47.559490000000004,24744.340934,0
2020-10-30 06:00:00,520.9,525.83,520.26,524.86,64.18643,1604039399999,33610.7149587,142,39.035379999999996,20453.0402593,0
2020-10-30 06:30:00,525.91,532.27,525.15,527.16,71.33785,1604041199999,37667.765046199995,170,51.86108,27394.310471700002,0
2020-10-30 07:00:00,528.82,531.87,517.34,525.47,232.7708,1604042999999,121731.8255158,505,125.01136000000001,65502.51410440001,0
2020-10-30 07:30:00,525.97,531.55,524.06,525.24,66.97479,1604044799999,35323.364264899996,143,40.3685,21313.0634254,0
2020-10-30 08:00:00,525.87,533.61,524.96,529.12,103.06559,1604046599999,54616.117581599996,230,56.0787,29725.3095177,0
2020-10-30 08:30:00,528.62,528.62,519.3,520.09,60.54135,1604048399999,31684.410765499997,198,30.35077,15871.2671921,0
2020-10-30 09:00:00,519.3,519.51,511.01,514.79,206.75873,1604050199999,106504.89835399999,492,100.97109,52058.5832648,0
2020-10-30 09:30:00,514.6,521.78,512.14,519.59,60.92925,1604051999999,31515.0841541,143,36.54352,18935.8056015,0
2020-10-30 10:00:00,519.33,526.95,517.07,520.24,80.22898,1604053799999,41834.7323054,199,49.03856,25580.7591504,0
2020-10-30 10:30:00,520.86,525.2,515.0,522.6,102.51456,1604055599999,53245.21715909999,221,68.69979000000001,35656.658662300004,0
2020-10-30 11:00:00,522.04,527.81,520.49,525.07,187.0762,1604057399999,98102.6154384,392,135.21901,70930.66866339999,0
2020-10-30 11:30:00,524.89,524.89,515.77,518.66,330.54618,1604059199999,171992.72376379994,585,228.16585,118726.99506239999,0
2020-10-30 12:00:00,518.58,523.93,516.89,523.01,57.50899999999999,1604060999999,29854.8842287,128,33.67008,17507.5928943,0
2020-10-30 12:30:00,522.94,527.72,519.79,524.58,74.87207,1604062799999,39194.9456551,142,49.414970000000004,25881.1052926,0
2020-10-30 13:00:00,524.53,525.76,520.01,522.88,35.94546,1604064599999,18794.6028054,69,19.59915,10264.1004153,0
2020-10-30 13:30:00,523.59,524.0,515.99,517.16,60.544869999999996,1604066399999,31474.778160799997,164,25.21011,13112.7406735,0
2020-10-30 14:00:00,517.68,522.12,515.3,515.67,63.73952,1604068199999,33032.7257263,125,25.49285,13250.4606458,0
2020-10-30 14:30:00,515.67,516.92,512.94,514.92,34.41039,1604069999999,17705.664692500002,87,16.34713,8419.6207717,0
2020-10-30 15:00:00,513.35,524.95,513.35,523.92,90.22346999999999,1604071799999,47055.18060769999,237,58.76354,30663.657468,0
2020-10-30 15:30:00,522.41,527.08,520.53,524.01,320.99766,1604073599999,168206.2773434,555,180.99438,94911.47409199999,0
2020-10-30 16:00:00,523.72,525.9,517.27,525.89,253.98487000000003,1604075399999,132587.6613827,459,153.44808999999995,80144.45585130001,0
2020-10-30 16:30:00,524.76,524.76,518.35,519.25,138.58854,1604077199999,72336.7749378,198,76.39616,39866.5745462,0
2020-10-30 17:00:00,520.77,522.99,520.77,522.04,45.52135,1604078999999,23743.8621833,59,27.313209999999998,14241.0663758,0
2020-10-30 17:30:00,522.46,525.64,519.74,523.31,49.1729,1604080799999,25758.314608099998,86,35.22994,18477.120793500002,0
2020-10-30 18:00:00,523.01,525.18,522.56,524.35,5.92459,1604082599999,3107.1013472,18,4.44915,2334.4599369000002,0
2020-10-30 18:30:00,524.65,526.46,523.91,525.06,8.634310000000001,1604084399999,4536.543595800002,19,6.59567,3466.0751705,0
2020-10-30 19:00:00,526.5,526.65,522.31,524.22,16.940939999999998,1604086199999,8884.0146658,34,10.45814,5490.4985017,0
2020-10-30 19:30:00,524.76,526.56,522.96,526.13,10.53742,1604087999999,5528.628560600001,28,3.5596300000000003,1873.3902594,0
2020-10-30 20:00:00,526.06,526.61,524.9,525.47,8.26951,1604089799999,4345.6194155,16,2.78677,1465.5449487,0
2020-10-30 20:30:00,524.69,524.69,521.3,522.1,16.202,1604091599999,8470.873325,35,4.21225,2201.7546965,0
2020-10-30 21:00:00,522.92,522.93,516.87,522.93,35.45712,1604093399999,18405.2706283,96,19.187739999999998,9960.054709999999,0
2020-10-30 21:30:00,522.93,526.2,522.84,523.38,17.15924,1604095199999,9001.225145999999,48,5.56775,2923.8727834,0
2020-10-30 22:00:00,524.65,526.48,519.41,521.93,79.23676,1604096999999,41381.809384199994,151,50.07378,26170.6790745,0
2020-10-30 22:30:00,520.39,522.19,519.54,520.15,25.68627,1604098799999,13371.5049748,59,11.50638,5993.3139713,0
2020-10-30 23:00:00,521.09,522.43,519.26,522.21,34.69478,1604100599999,18064.4175381,87,9.34631,4871.2864518,0
2020-10-30 23:30:00,521.96,522.03,519.75,519.75,9.34673,1604102399999,4874.9217944,28,8.4962,4432.629916399998,0
2020-10-31 00:00:00,518.34,519.43,516.69,519.43,30.852840000000004,1604104199999,15977.745147900001,85,19.804270000000002,10262.5690006,0
2020-10-31 00:30:00,519.53,520.71,518.15,518.84,10.6725,1604105999999,5546.2907308999975,40,4.80114,2498.0536629000007,0
2020-10-31 01:00:00,519.37,522.87,519.37,522.73,18.66018,1604107799999,9731.926333700001,46,8.057160000000001,4205.1986398,0
2020-10-31 01:30:00,522.66,524.09,522.66,524.09,5.5662199999999995,1604109599999,2912.452447500001,16,3.94032,2061.4729325,0
2020-10-31 02:00:00,525.0,527.66,521.17,522.94,16.54131,1604111399999,8674.261620799998,60,5.24686,2754.997286,0
2020-10-31 02:30:00,522.94,524.23,520.83,520.89,26.430629999999997,1604113199999,13808.747712999999,51,9.737860000000001,5095.966393399999,0
2020-10-31 03:00:00,521.24,523.52,515.02,518.77,88.00219,1604114999999,45673.3352486,172,45.20198,23491.8180306,0
2020-10-31 03:30:00,519.4,522.81,518.97,520.7,17.51279,1604116799999,9129.509604,45,10.12908,5287.2867381999995,0
2020-10-31 04:00:00,520.97,524.95,520.97,523.46,25.16893,1604118599999,13170.952868299999,68,12.66837,6638.3140087,0
2020-10-31 04:30:00,521.83,523.91,521.83,523.74,6.60337,1604120399999,3453.2304644,15,6.60337,3453.2304644,0
2020-10-31 05:00:00,523.09,523.09,519.01,520.84,16.15731,1604122199999,8421.662852500001,32,2.3991,1247.4667838,0
2020-10-31 05:30:00,521.89,521.89,519.73,519.8,9.66031,1604123999999,5029.0902547,33,2.31832,1208.4526184000001,0
2020-10-31 06:00:00,519.7,524.69,517.33,522.75,47.7241,1604125799999,24847.304685599996,123,31.655070000000002,16465.0336192,0
2020-10-31 06:30:00,523.24,525.86,522.55,525.86,18.17908,1604127599999,9528.5874041,55,9.03041,4740.0241018,0
2020-10-31 07:00:00,525.58,525.58,521.63,522.81,16.7451,1604129399999,8758.2632574,58,3.2621,1707.3462722,0
2020-10-31 07:30:00,523.09,523.49,522.19,522.45,2.52501,1604131199999,1319.5184269000001,10,0.0,0.0,0
2020-10-31 08:00:00,521.75,523.64,520.47,522.83,24.08439,1604132999999,12562.5818636,48,7.57188,3957.3312088,0
2020-10-31 08:30:00,522.82,526.24,521.44,526.24,25.63658,1604134799999,13428.3263785,59,5.10041,2677.8296341,0
2020-10-31 09:00:00,525.77,526.15,522.88,524.23,13.138279999999998,1604136599999,6885.9573097,47,1.02705,539.9057789,0
2020-10-31 09:30:00,524.66,528.12,524.64,526.49,44.73102,1604138399999,23529.6657849,82,25.69305,13524.823049,0
2020-10-31 10:00:00,526.17,531.18,522.68,527.82,157.77235,1604140199999,83079.5862766,460,79.60351999999997,41990.0063615,0
2020-10-31 10:30:00,527.5,529.9,526.48,528.82,18.31127,1604141999999,9666.934257100002,50,6.5102,3441.6697587999997,0
2020-10-31 11:00:00,529.52,529.89,525.05,525.05,8.594330000000001,1604143799999,4528.1054484,34,0.13377,70.5924008,0
2020-10-31 11:30:00,524.14,529.43,524.14,528.69,24.381429999999998,1604145599999,12834.961726700001,58,22.51585,11854.277150299999,0
2020-10-31 12:00:00,527.86,531.98,527.27,531.78,25.88158,1604147399999,13717.0968109,72,20.44906,10839.5622173,0
2020-10-31 12:30:00,530.66,532.5,529.3,531.49,25.982229999999998,1604149199999,13789.5455086,59,13.395010000000001,7117.5822824,0
2020-10-31 13:00:00,531.5,533.96,528.11,530.4,38.42075,1604150999999,20396.9567411,64,16.63831,8848.0364422,0
2020-10-31 13:30:00,529.88,531.91,529.87,531.91,5.14772,1604152799999,2735.5095293,12,4.8993699999999984,2603.9026012,0
2020-10-31 14:00:00,531.14,531.15,527.35,527.53,7.308619999999999,1604154599999,3860.1461908,24,1.29013,683.2014767999998,0
2020-10-31 14:30:00,528.25,530.12,527.87,528.34,19.721,1604156399999,10425.9045489,52,10.81767,5719.2943086999985,0
2020-10-31 15:00:00,526.67,527.05,522.96,525.98,26.486720000000002,1604158199999,13897.662028,90,12.51727,6568.1437369,0
2020-10-31 15:30:00,526.97,527.2,525.29,527.2,3.16567,1604159999999,1664.7762898,15,0.82834,436.6029116,0
2020-10-31 16:00:00,528.62,531.68,525.52,525.89,22.21651,1604161799999,11751.6830291,62,7.5769800000000025,4019.3139373999998,0
2020-10-31 16:30:00,526.19,526.2,523.66,525.08,9.70895,1604163599999,5092.5827167,32,6.57119,3445.775579500001,0
2020-10-31 17:00:00,523.88,524.56,521.52,521.52,17.49025,1604165399999,9142.146566399999,37,3.01353,1579.1461044000002,0
2020-10-31 17:30:00,522.05,523.69,522.05,522.42,2.97837,1604167199999,1557.8910626,12,1.36849,716.4013543,0
2020-10-31 18:00:00,522.29,522.29,518.33,520.38,30.53125,1604168999999,15892.3177313,87,10.56113,5497.788814399999,0
2020-10-31 18:30:00,521.84,522.59,518.79,520.14,23.645210000000002,1604170799999,12295.214032700002,45,2.50734,1307.5940963,0
2020-10-31 19:00:00,519.33,521.14,518.79,521.14,14.356320000000002,1604172599999,7462.809335600001,41,5.96284,3103.2781966,0
2020-10-31 19:30:00,521.47,521.47,518.81,520.53,15.615279999999998,1604174399999,8121.7152531,23,2.0,1040.6884673,0
2020-10-31 20:00:00,520.2,523.07,518.87,521.36,18.11257,1604176199999,9435.7057028,31,2.9411099999999997,1535.1540189999994,0
2020-10-31 20:30:00,522.1,525.0,522.1,525.0,10.551860000000001,1604177999999,5520.8383257,22,9.981860000000001,5221.9417257,0
2020-10-31 21:00:00,524.05,524.05,522.6,522.99,6.768960000000001,1604179799999,3540.9868498000005,12,0.01807,9.4506944,0
2020-10-31 21:30:00,521.65,523.37,521.65,521.99,0.45457,1604181599999,237.678888,6,0.34708,181.57885969999998,0
2020-10-31 22:00:00,521.09,525.11,521.09,525.11,4.83951,1604183399999,2531.9482418000002,11,3.88251,2033.2651118,0
2020-10-31 22:30:00,523.46,527.21,523.46,526.18,42.08542,1604185199999,22120.6156214,72,29.23555,15367.570183000002,0
2020-10-31 23:00:00,526.66,526.67,521.53,523.35,14.62168,1604186999999,7653.5238245,44,8.3215,4361.2466495,0
2020-10-31 23:30:00,523.33,523.63,523.33,523.63,0.19709000000000002,1604188799999,103.20010970000001,2,0.007090000000000002,3.7104097,0
2020-11-01 00:00:00,522.6,527.3,522.34,526.86,6.4057,1604190599999,3368.4184989,12,4.38853,2309.5600262,0
2020-11-01 00:30:00,525.62,527.12,522.3,525.51,39.21699,1604192399999,20566.7285864,97,19.56788,10282.136429600001,0
2020-11-01 01:00:00,526.36,529.5,526.36,529.5,13.41906,1604194199999,7089.0974832,42,11.328660000000001,5986.0851892,0
2020-11-01 01:30:00,528.0,528.0,528.0,528.0,0.8504200000000001,1604195999999,449.02176,1,0.8504200000000001,449.02176,0
2020-11-01 02:00:00,528.68,530.27,527.15,528.61,20.62935,1604197799999,10905.1134926,64,8.47138,4480.467821,0
2020-11-01 02:30:00,527.47,527.93,526.33,526.33,4.90296,1604199599999,2583.7903854,21,0.27121999999999996,142.8726946,0
2020-11-01 03:00:00,525.97,526.54,524.58,525.51,5.2492800000000015,1604201399999,2756.2162921,16,0.025419999999999998,13.384646799999999,0
2020-11-01 03:30:00,526.07,526.84,524.23,525.33,25.722070000000002,1604203199999,13516.447342700001,60,14.56727,7659.5560552,0
2020-11-01 04:00:00,524.85,525.67,522.25,524.37,17.821939999999994,1604204999999,9342.3213015,44,11.77,6174.6164576,0
2020-11-01 04:30:00,524.04,526.29,524.04,524.46,13.39008,1604206799999,7026.123668699999,30,9.6772,5078.1391971,0
2020-11-01 05:00:00,524.47,527.37,523.35,527.37,15.660570000000002,1604208599999,8227.530777099999,37,9.90889,5212.752543,0
2020-11-01 05:30:00,526.56,527.75,525.92,525.92,7.67705,1604210399999,4039.9902020000004,20,1.6427599999999998,865.0249489,0
2020-11-01 06:00:00,527.28,527.95,525.91,525.91,13.3382,1604212199999,7016.5617667,39,0.66117,348.6508672,0
2020-11-01 06:30:00,526.19,529.94,526.18,527.8,30.5126,1604213999999,16127.3910227,72,20.327360000000002,10745.4832298,0
2020-11-01 07:00:00,528.29,531.27,528.29,529.5,20.0768,1604215799999,10640.003052200002,46,16.6318,8813.7007144,0
2020-11-01 07:30:00,528.08,532.04,528.08,530.87,25.78319,1604217599999,13667.232023299995,58,13.2671,7035.1936036,0
2020-11-01 08:00:00,530.36,531.18,528.84,528.84,7.44425,1604219399999,3946.0920971,25,6.80405,3606.6695873999997,0
2020-11-01 08:30:00,528.63,529.5,526.89,528.32,23.4199,1604221199999,12366.131932799999,52,18.10718,9560.8411357,0
2020-11-01 09:00:00,527.85,528.4,522.09,523.3,18.05474,1604222999999,9462.898268,80,4.03092,2119.4069492,0
2020-11-01 09:30:00,523.3,524.07,520.95,524.04,33.597809999999996,1604224799999,17571.227774799998,83,13.37185,6997.943406999999,0
2020-11-01 10:00:00,523.5,524.42,523.24,523.75,8.510689999999999,1604226599999,4458.480312899998,24,5.1372,2692.6128457,0
2020-11-01 10:30:00,523.87,525.07,522.89,523.23,18.40571,1604228399999,9643.188229899999,29,11.63595,6097.3547628,0
2020-11-01 11:00:00,523.65,527.1,523.64,527.06,12.03236,1604230199999,6328.976541100003,33,3.25913,1717.1000548,0
2020-11-01 11:30:00,524.76,525.83,520.98,520.98,13.90153,1604231999999,7261.6572036,57,4.62124,2414.4020675,0
2020-11-01 12:00:00,522.17,525.85,521.44,524.98,24.52869,1604233799999,12838.7579006,40,18.06036,9455.690977,0
2020-11-01 12:30:00,525.85,527.28,523.03,526.66,15.96376,1604235599999,8374.9947281,41,3.9801900000000003,2086.6168854000002,0
2020-11-01 13:00:00,527.65,529.22,525.96,529.22,14.430470000000001,1604237399999,7610.4784847,54,7.8563199999999975,4144.2849073,0
2020-11-01 13:30:00,529.24,529.24,527.12,528.46,8.183860000000001,1604239199999,4322.3500014,17,3.6651,1938.4976819,0
2020-11-01 14:00:00,529.41,530.0,526.54,527.13,19.62763,1604240999999,10355.0101024,37,8.13072,4289.1594664,0
2020-11-01 14:30:00,527.16,528.38,527.16,528.38,0.19526,1604242799999,102.93991059999999,2,0.00545,2.879671,0
2020-11-01 15:00:00,529.02,532.0,527.63,528.39,49.04359,1604244599999,26003.5087101,89,19.97214,10604.5121412,0
2020-11-01 15:30:00,528.67,531.55,526.0,531.55,70.73496999999998,1604246399999,37408.1770212,216,49.78436,26341.6686743,0
2020-11-01 16:00:00,530.47,534.14,530.25,532.43,103.87174,1604248199999,55221.6066452,348,65.98051,35083.8279405,0
2020-11-01 16:30:00,532.0,532.0,527.55,529.53,11.479610000000001,1604249999999,6076.879122,52,2.1341900000000003,1128.2957781,0
2020-11-01 17:00:00,530.14,533.42,529.78,532.81,13.078489999999999,1604251799999,6953.777658900001,77,2.03012,1080.1002079000002,0
2020-11-01 17:30:00,532.03,533.9,530.67,532.42,29.82716,1604253599999,15890.119778,91,13.302629999999999,7096.4369956,0
2020-11-01 18:00:00,532.89,533.76,530.92,532.91,9.58807,1604255399999,5104.6507836,28,6.34768,3382.2052229,0
2020-11-01 18:30:00,532.5,532.93,529.96,532.77,30.152659999999997,1604257199999,16038.401870299998,53,22.13177,11776.822760299998,0
2020-11-01 19:00:00,532.66,533.91,532.1,533.15,10.89223,1604258999999,5807.1342875,18,10.27927,5480.358257,0
2020-11-01 19:30:00,533.95,535.51,533.62,533.93,7.6689300000000005,1604260799999,4101.606927000002,55,4.77088,2552.2671112,0
2020-11-01 20:00:00,533.49,536.59,533.49,536.59,5.9931,1604262599999,3208.1448734,133,4.06449,2176.6576644,0
2020-11-01 20:30:00,535.8,540.95,534.61,538.55,58.14826,1604264399999,31264.959089099997,286,22.593000000000004,12172.659789399999,0
2020-11-01 21:00:00,540.96,543.04,539.36,541.11,37.34852,1604266199999,20212.7775915,97,22.45676,12164.3267367,0
2020-11-01 21:30:00,542.73,545.3,538.66,541.66,113.31137,1604267999999,61399.821917199995,342,49.64682,26930.8502886,0
2020-11-01 22:00:00,542.18,544.19,536.12,539.33,42.73859,1604269799999,23085.897194099998,98,28.29712,15289.154129700002,0
2020-11-01 22:30:00,538.1,539.34,533.24,537.32,33.28829,1604271599999,17862.9192493,91,17.013070000000006,9130.855235500001,0
2020-11-01 23:00:00,538.87,542.61,535.23,541.34,56.80995,1604273399999,30597.527290400005,146,23.34293,12585.6023201,0
2020-11-01 23:30:00,540.5,541.86,537.72,541.5,28.732979999999998,1604275199999,15533.2085839,84,20.45884,11062.795643000001,0
2020-11-02 00:00:00,541.49,549.88,540.94,546.69,167.34211000000005,1604276999999,91415.5222587,479,54.07805,29595.7783629,0
2020-11-02 00:30:00,546.62,559.11,546.62,558.64,114.30036000000001,1604278799999,63214.031456,570,58.681569999999994,32473.6824117,0
2020-11-02 01:00:00,556.65,558.63,552.87,554.58,79.8592,1604280599999,44341.3420493,157,46.6225,25881.518084400002,0
2020-11-02 01:30:00,554.18,557.28,552.73,553.76,24.47919,1604282399999,13590.5467731,87,14.913770000000001,8281.4652215,0
2020-11-02 02:00:00,553.77,561.18,547.54,554.69,265.31102999999996,1604284199999,146951.997886,719,136.45067,75642.7940566,0
2020-11-02 02:30:00,555.83,559.99,552.03,553.08,114.19838999999999,1604285999999,63438.6677733,322,61.37600000000001,34145.6174237,0
2020-11-02 03:00:00,553.32,555.72,548.02,550.0,124.52015,1604287799999,68716.04211519999,320,67.70808000000001,37376.8794994,0
2020-11-02 03:30:00,550.5,555.51,549.49,552.48,40.74709,1604289599999,22524.8977026,113,22.3906,12372.064857,0
2020-11-02 04:00:00,552.75,557.05,548.48,550.73,181.80691000000002,1604291399999,100542.70795089999,415,85.35545,47255.0069653,0
2020-11-02 04:30:00,548.21,551.06,547.54,549.99,29.28218,1604293199999,16071.0974838,60,12.84253,7047.6196482999985,0
2020-11-02 05:00:00,550.21,551.33,545.71,549.45,48.02797,1604294999999,26326.9095242,85,23.40792,12840.286393299999,0
2020-11-02 05:30:00,549.64,551.08,548.18,549.64,32.25397,1604296799999,17717.715922299998,65,6.1961,3407.4446897,0
2020-11-02 06:00:00,547.56,552.04,547.54,552.04,13.32399,1604298599999,7328.2539596,27,10.83913,5959.54672,0
2020-11-02 06:30:00,552.09,554.05,550.79,551.93,22.940920000000002,1604300399999,12668.035609,42,16.652060000000002,9197.165544700001,0
2020-11-02 07:00:00,552.55,554.07,551.81,554.01,8.16669,1604302199999,4517.585323300002,20,1.28158,709.600109,0
2020-11-02 07:30:00,553.68,553.68,550.09,551.59,27.439890000000002,1604303999999,15128.7982659,65,16.57921,9141.7425875,0
2020-11-02 08:00:00,551.01,551.98,542.36,546.56,113.05973,1604305799999,61911.65447590001,273,67.64177,37091.4730602,0
2020-11-02 08:30:00,545.39,547.93,536.04,538.77,158.15021000000004,1604307599999,85579.7834403,438,82.66526999999998,44805.1779714,0
2020-11-02 09:00:00,537.17,541.06,537.01,538.83,56.646359999999994,1604309399999,30542.61767570001,111,39.299659999999996,21187.9054746,0
2020-11-02 09:30:00,538.86,540.51,538.53,538.66,5.3150900000000005,1604311199999,2870.0394005999997,13,2.78337,1504.3705822999998,0
2020-11-02 10:00:00,537.98,539.22,533.96,535.74,53.20907,1604312999999,28556.8996249,115,21.18068,11353.9930635,0
2020-11-02 10:30:00,535.68,536.15,533.51,533.51,7.97405,1604314799999,4267.8761109,33,4.44775,2380.5233946999997,0
2020-11-02 11:00:00,533.8,535.41,529.59,533.31,58.05679,1604316599999,30876.6208338,173,34.32014,18253.4848539,0
2020-11-02 11:30:00,533.87,536.2,531.28,533.71,48.1408,1604318399999,25717.7743587,100,23.366629999999997,12484.9443177,0
2020-11-02 12:00:00,533.14,534.62,529.1,533.69,33.911159999999995,1604320199999,18042.1830822,85,18.82207,10018.2428394,0
2020-11-02 12:30:00,533.92,533.92,524.14,528.8,42.9549,1604321999999,22691.6808006,126,20.390539999999998,10786.6683456,0
2020-11-02 13:00:00,528.53,531.28,527.03,528.82,19.041339999999998,1604323799999,10086.662933,51,4.956169999999998,2629.5268397,0
2020-11-02 13:30:00,531.27,533.26,528.86,531.16,26.820890000000002,1604325599999,14245.4275306,60,11.8152,6283.3740879,0
2020-11-02 14:00:00,528.63,528.96,524.5,527.57,21.99361,1604327399999,11576.0726786,79,8.41722,4434.2526772,0
2020-11-02 14:30:00,528.61,531.0,527.61,527.68,21.507179999999998,1604329199999,11372.5901355,52,11.677719999999999,6181.7576272,0
2020-11-02 15:00:00,528.03,539.0,526.62,533.92,79.89545,1604330999999,42375.4698896,203,58.52868,31050.9719088,0
2020-11-02 15:30:00,532.97,535.39,530.5,530.5,20.71846,1604332799999,11055.0309257,55,4.27802,2278.1571064,0
2020-11-02 16:00:00,530.5,532.98,530.0,532.0,23.40768,1604334599999,12439.2917385,56,5.58748,2967.7467676999995,0
2020-11-02 16:30:00,532.36,532.37,528.93,530.65,4.19473,1604336399999,2222.0332636,19,2.85222,1511.0512121,0
2020-11-02 17:00:00,530.9,533.0,530.9,532.54,2.55165,1604338199999,1357.2839322,15,1.37564,731.5113486,0
2020-11-02 17:30:00,531.94,531.94,528.7,529.86,4.70087,1604339999999,2493.1272366999997,16,2.2101900000000003,1170.59845,0
2020-11-02 18:00:00,528.63,528.63,528.62,528.62,0.8773,1604341799999,463.75862019999994,3,0.0,0.0,0
2020-11-02 18:30:00,528.62,528.62,526.83,528.5,8.453439999999999,1604343599999,4461.361732500001,29,4.27952,2258.2065085,0
2020-11-02 19:00:00,528.01,531.28,528.01,531.28,2.98991,1604345399999,1580.7071276,8,2.98991,1580.7071276,0
2020-11-02 19:30:00,530.6,531.43,529.62,529.62,3.5967599999999997,1604347199999,1907.0300348,13,0.030330000000000006,16.1182719,0
2020-11-02 20:00:00,530.16,532.73,529.35,532.73,10.36235,1604348999999,5502.625322,27,9.4299,5008.7944897,0
2020-11-02 20:30:00,532.05,533.0,532.05,532.47,0.27,1604350799999,143.85229750000005,3,0.25075,133.60225,0
2020-11-02 21:00:00,533.22,533.33,529.42,530.37,7.7139,1604352599999,4095.0260769,21,5.4519400000000005,2892.576895,0
2020-11-02 21:30:00,529.5,530.79,527.26,527.5,36.96305,1604354399999,19528.9653184,94,24.42236,12907.009763700002,0
2020-11-02 22:00:00,527.5,528.84,525.99,526.0,19.69584,1604356199999,10385.6751878,65,6.63103,3498.2517401999994,0
2020-11-02 22:30:00,528.5,528.5,520.62,525.23,41.017379999999996,1604357999999,21520.0577996,150,22.03683,11562.560824099999,0
2020-11-02 23:00:00,525.92,526.72,521.36,522.13,15.17733,1604359799999,7932.8083228,42,8.87416,4637.8593855,0
2020-11-02 23:30:00,521.5,524.76,521.48,523.65,11.09244,1604361599999,5807.4451355,49,3.38159,1770.2055928,0
2020-11-03 00:00:00,523.07,523.07,520.24,520.73,23.59935,1604363399999,12305.6752901,77,3.95159,2059.7707218,0
2020-11-03 00:30:00,520.73,523.51,520.73,523.02,6.36321,1604365199999,3321.5610641999997,22,1.15602,604.2251151,0
2020-11-03 01:00:00,523.29,524.84,523.29,524.84,4.79344,1604366999999,2512.1383653000007,12,0.05462,28.666449100000005,0
2020-11-03 01:30:00,525.59,525.84,522.83,522.83,16.84008,1604368799999,8824.5055472,48,11.66371,6114.3343913,0
2020-11-03 02:00:00,523.1,523.89,522.09,522.17,17.11136,1604370599999,8944.1271631,49,5.76345,3011.390226,0
2020-11-03 02:30:00,521.76,521.76,511.94,514.55,112.5698,1604372399999,58125.4494712,390,39.19449,20271.8700225,0
2020-11-03 03:00:00,514.55,517.13,508.41,508.76,146.11542,1604374199999,74832.7518331,473,61.45919,31522.307790499995,0
2020-11-03 03:30:00,511.18,514.18,507.3,510.62,70.89075,1604375999999,36222.3956635,212,35.23888,18027.182292299996,0
2020-11-03 04:00:00,510.78,511.75,505.31,505.31,65.35471,1604377799999,33277.6981241,156,55.61253000000001,28324.63731870001,0
2020-11-03 04:30:00,505.3,510.38,502.51,510.0,75.94095,1604379599999,38451.1463761,205,53.28527,26991.056746900005,0
2020-11-03 05:00:00,509.87,514.07,509.87,513.53,19.351329999999997,1604381399999,9919.8891449,52,12.67373,6496.9615221999975,0
2020-11-03 05:30:00,512.45,512.93,508.42,508.45,17.628220000000006,1604383199999,8995.939068700001,81,3.241,1658.0342274,0
2020-11-03 06:00:00,508.75,514.22,505.95,514.22,28.28837,1604384999999,14427.0741496,97,15.61766,7966.7407258,0
2020-11-03 06:30:00,513.56,516.07,512.85,514.59,35.13345,1604386799999,18062.851952,75,14.48809,7461.0101941,0
2020-11-03 07:00:00,514.38,515.23,514.01,514.01,2.20864,1604388599999,1135.5929720000001,7,0.07468999999999999,38.4825287,0
2020-11-03 07:30:00,514.01,517.74,513.97,517.47,13.7675,1604390399999,7105.386043500002,41,5.62965,2905.5076396,0
2020-11-03 08:00:00,516.89,520.14,515.31,515.4,70.01104000000001,1604392199999,36216.5840505,190,22.4438,11625.368669200001,0
2020-11-03 08:30:00,516.42,518.11,515.91,518.11,16.71295,1604393999999,8638.3800268,44,15.59454,8060.8083344,0
2020-11-03 09:00:00,517.27,519.14,516.47,518.77,16.65559,1604395799999,8627.457822,43,9.884739999999999,5126.4298019,0
2020-11-03 09:30:00,517.91,521.37,517.8,519.88,27.188570000000002,1604397599999,14134.8608164,74,10.505410000000001,5464.834581600001,0
2020-11-03 10:00:00,521.27,521.32,516.74,517.41,25.88539,1604399399999,13426.5420427,97,4.03999,2097.4467442,0
2020-11-03 10:30:00,517.97,519.95,514.85,519.74,47.32311,1604401199999,24505.2809075,133,29.29365,15185.945494299998,0
2020-11-03 11:00:00,519.06,524.43,518.29,521.97,121.49133,1604402999999,63413.4030472,198,56.910109999999996,29715.801108499996,0
2020-11-03 11:30:00,521.89,522.46,520.72,522.3,15.134789999999999,1604404799999,7894.837256300001,54,6.3813900000000015,3331.5634882,0
2020-11-03 12:00:00,522.0,523.0,519.08,519.09,25.761029999999998,1604406599999,13406.7498956,57,8.3211,4335.196619300002,0
2020-11-03 12:30:00,518.77,519.38,515.05,516.63,103.65951,1604408399999,53553.276606,173,62.15926999999999,32097.188196499996,0
2020-11-03 13:00:00,516.54,521.26,513.69,519.16,86.77004000000002,1604410199999,44907.6195477,164,63.01351,32654.246627999997,0
2020-11-03 13:30:00,519.16,523.0,517.45,522.1,83.46449,1604411999999,43403.527396599995,244,37.38993,19474.58601,0
2020-11-03 14:00:00,522.13,523.0,519.95,521.45,55.34929,1604413799999,28878.964811799997,116,26.078770000000002,13630.9503712,0
2020-11-03 14:30:00,520.49,523.0,519.83,522.8,21.25456,1604415599999,11081.414547499999,61,14.234589999999999,7424.908329000001,0
2020-11-03 15:00:00,522.33,522.42,519.73,519.73,8.0946,1604417399999,4215.3742989,22,0.38295999999999997,200.03814369999998,0
2020-11-03 15:30:00,521.05,521.06,516.72,517.67,40.10711,1604419199999,20812.6792305,118,6.7393199999999975,3500.5903547,0
2020-11-03 16:00:00,517.98,518.9,516.14,517.64,30.307159999999996,1604420999999,15679.0959143,72,12.94661,6703.7420663,0
2020-11-03 16:30:00,517.49,520.31,516.04,520.31,39.46306,1604422799999,20453.536645900003,97,24.03785,12467.7146582,0
2020-11-03 17:00:00,520.71,521.33,517.32,517.32,6.96869,1604424599999,3625.5096971000003,33,5.2753,2746.7377116000002,0
2020-11-03 17:30:00,516.94,519.36,516.94,517.51,16.13982,1604426399999,8368.371448,56,12.03788,6243.5925658,0
2020-11-03 18:00:00,518.4,519.15,517.32,519.15,14.56115,1604428199999,7550.417391500001,35,9.96172,5166.571421,0
2020-11-03 18:30:00,519.13,521.08,518.67,519.86,29.989440000000002,1604429999999,15585.7749007,68,18.02945,9372.8981745,0
2020-11-03 19:00:00,520.79,522.1,519.08,521.4,54.58948,1604431799999,28405.968028299998,100,34.534890000000004,17980.6008166,0
2020-11-03 19:30:00,520.2,522.64,520.2,522.64,5.77482,1604433599999,3014.762051,19,5.2205699999999995,2726.384501,0
2020-11-03 20:00:00,522.0,523.0,521.56,522.88,29.382109999999997,1604435399999,15347.3481908,37,28.18351,14721.8610305,0
2020-11-03 20:30:00,522.3,524.4,521.61,521.61,19.03837,1604437199999,9951.395072700001,36,12.301110000000001,6431.7415526,0
2020-11-03 21:00:00,521.61,522.7,520.72,520.72,9.734210000000001,1604438999999,5080.1121149,25,7.486089999999999,3908.1712089000002,0
2020-11-03 21:30:00,520.93,521.56,517.18,517.43,63.557159999999996,1604440799999,32989.607495899996,86,25.15873,13063.690497200001,0
2020-11-03 22:00:00,517.43,517.43,511.86,515.51,42.93676,1604442599999,22081.258524099998,119,29.711759999999998,15288.837265399998,0
2020-11-03 22:30:00,515.51,522.14,515.51,520.27,51.16775,1604444399999,26549.1001938,141,28.341279999999998,14714.29038,0
2020-11-03 23:00:00,521.4,523.69,518.55,520.81,52.20187,1604446199999,27173.033329299997,138,35.80281,18641.0268382,0
2020-11-03 23:30:00,519.65,522.02,518.89,521.42,19.656370000000006,1604447999999,10219.0838283,49,8.16867,4251.9865754,0
2020-11-04 00:00:00,521.91,522.25,518.53,519.56,12.50308,1604449799999,6507.3864007,49,5.51349,2870.1741657,0
2020-11-04 00:30:00,518.29,519.51,515.94,516.96,20.42912,1604451599999,10588.5414074,60,13.57838,7045.283968100001,0
2020-11-04 01:00:00,516.6,517.0,511.71,514.07,28.818409999999997,1604453399999,14818.605872600001,115,16.09378,8277.6465463,0
2020-11-04 01:30:00,514.12,516.45,514.12,514.15,11.25525,1604455199999,5799.1158971,36,5.44597,2809.4303789,0
2020-11-04 02:00:00,514.27,515.0,511.37,513.24,25.9881,1604456999999,13341.3158122,65,5.33858,2741.7914118,0
2020-11-04 02:30:00,511.35,512.88,509.66,512.26,22.00129,1604458799999,11245.0992756,84,8.357610000000001,4273.5410884,0
2020-11-04 03:00:00,512.92,518.32,512.92,516.42,40.17765,1604460599999,20744.880837200002,128,15.96885,8242.132201100001,0
2020-11-04 03:30:00,516.21,516.91,514.84,515.35,13.336039999999999,1604462399999,6879.4358915,34,8.33349,4302.365928,0
2020-11-04 04:00:00,516.51,518.81,515.82,518.68,15.377629999999998,1604464199999,7950.6584734,47,8.56565,4433.302794300002,0
2020-11-04 04:30:00,517.61,517.65,515.81,517.22,20.292170000000002,1604465999999,10489.447186,51,11.891119999999999,6149.6208944,0
2020-11-04 05:00:00,517.18,519.12,515.09,515.21,30.240059999999996,1604467799999,15624.3738803,84,9.43685,4883.5596727,0
2020-11-04 05:30:00,514.89,515.79,512.26,512.38,26.0091,1604469599999,13371.4600071,76,13.91739,7155.616102500001,0
2020-11-04 06:00:00,511.95,514.03,511.71,511.71,13.81044,1604471399999,7087.8018853,37,9.591000000000001,4926.1795321,0
2020-11-04 06:30:00,512.16,512.24,512.16,512.24,0.826,1604473199999,423.08504000000005,2,0.0,0.0,0
2020-11-04 07:00:00,511.97,513.11,511.66,513.11,8.61125,1604474999999,4410.525365300001,24,3.32062,1701.4501539,0
2020-11-04 07:30:00,513.11,513.11,505.06,507.8,78.2406,1604476799999,39795.995177699995,225,23.96332,12196.729660100002,0
2020-11-04 08:00:00,506.99,509.4,505.91,507.84,35.091159999999995,1604478599999,17808.589367400004,90,23.45035,11901.872801799998,0
2020-11-04 08:30:00,507.11,508.58,506.47,506.47,2.52447,1604480399999,1282.0555611,15,0.9655299999999999,491.0413612,0
2020-11-04 09:00:00,507.56,509.02,506.47,508.51,9.29111,1604482199999,4716.9489556,30,5.68384,2887.1590354,0
2020-11-04 09:30:00,507.98,507.98,505.99,506.35,9.18781,1604483999999,4656.1776565,25,0.0,0.0,0
2020-11-04 10:00:00,506.35,512.41,506.34,509.23,27.57498,1604485799999,14045.775031000001,73,17.82633,9079.635025200001,0
2020-11-04 10:30:00,508.43,508.73,505.14,505.68,11.94161,1604487599999,6046.7756954,44,2.29798,1164.9263637,0
2020-11-04 11:00:00,505.7,506.0,503.61,504.95,24.12387,1604489399999,12176.6651131,64,9.03551,4562.2942187,0
2020-11-04 11:30:00,505.74,507.27,505.02,505.03,41.30395,1604491199999,20928.6521777,89,33.1399,16799.0764037,0
2020-11-04 12:00:00,504.58,507.0,504.58,506.22,19.10834,1604492999999,9679.701601100001,62,16.25919,8237.845588600001,0
2020-11-04 12:30:00,506.99,507.0,505.84,505.9,6.9061600000000025,1604494799999,3499.1186511999995,23,4.87205,2469.7185492,0
2020-11-04 13:00:00,506.82,506.95,503.53,505.54,31.58493,1604496599999,15959.8937209,94,7.4487,3770.7279304,0
2020-11-04 13:30:00,506.52,507.0,504.69,505.13,45.303999999999995,1604498399999,22920.8085675,176,29.24592,14803.794542700001,0
2020-11-04 14:00:00,504.92,505.67,499.15,499.15,39.72645,1604500199999,19945.4246352,124,5.3964,2715.5729102,0
2020-11-04 14:30:00,500.73,503.31,499.38,501.02,38.20346,1604501999999,19168.824879900007,78,16.09926,8085.8576266,0
2020-11-04 15:00:00,501.02,504.96,501.02,504.96,23.98713,1604503799999,12074.331382600001,60,7.31655,3681.7147257,0
2020-11-04 15:30:00,504.87,505.03,503.43,505.03,18.82399,1604505599999,9491.196431,45,5.34799,2699.2193226,0
2020-11-04 16:00:00,504.22,518.2,503.4,516.66,147.83332,1604507399999,75573.8088572,582,97.9469,50044.04179980001,0
2020-11-04 16:30:00,516.13,520.0,515.78,518.81,103.67302,1604509199999,53788.2667747,255,74.78663,38816.87383780001,0
2020-11-04 17:00:00,518.91,530.78,518.91,529.02,250.16752000000002,1604510999999,130836.67696849999,598,156.63531,81920.63875689999,0
2020-11-04 17:30:00,528.0,528.0,521.38,521.51,45.26321,1604512799999,23774.9767772,114,25.15565,13222.8825284,0
2020-11-04 18:00:00,522.96,525.88,522.28,523.18,34.40448,1604514599999,18036.506189400006,82,20.94316,10985.6813317,0
2020-11-04 18:30:00,524.98,528.58,523.98,525.86,34.433479999999996,1604516399999,18098.6336377,60,22.21244,11667.8465689,0
2020-11-04 19:00:00,526.0,526.0,521.95,523.32,14.02635,1604518199999,7342.331344600001,71,5.7836099999999995,3025.6143216,0
2020-11-04 19:30:00,523.23,524.0,522.31,524.0,11.29226,1604519999999,5901.4432438,17,0.38795,202.9947064,0
2020-11-04 20:00:00,523.99,525.47,516.59,520.12,85.47066,1604521799999,44441.8776243,333,56.844030000000004,29530.6094227,0
2020-11-04 20:30:00,519.9,522.86,519.05,520.06,115.23381,1604523599999,60071.67858230001,866,92.31681999999999,48136.192459800004,0
2020-11-04 21:00:00,520.87,522.84,520.69,522.19,16.03151,1604525399999,8367.3411248,83,9.28705,4848.3717774,0
2020-11-04 21:30:00,522.96,523.59,520.51,521.98,27.87872,1604527199999,14560.892763499998,230,18.31135,9572.7652483,0
2020-11-04 22:00:00,521.98,525.01,521.82,524.1,21.37105,1604528999999,11189.8841343,89,11.23316,5883.0955047,0
2020-11-04 22:30:00,523.8,524.85,518.72,519.54,8.66445,1604530799999,4516.3979155,50,0.93921,490.6202091,0
2020-11-04 23:00:00,520.8,521.76,520.28,521.26,23.93705,1604532599999,12474.471606899999,35,1.6957400000000002,884.2272788999999,0
2020-11-04 23:30:00,519.96,521.06,517.06,520.86,16.59398,1604534399999,8611.330780799999,59,2.83878,1475.7022935999994,0
2020-11-05 00:00:00,521.52,525.55,519.69,524.32,42.75709000000001,1604536199999,22367.840995200004,118,17.73425,9287.0105256,0
2020-11-05 00:30:00,524.06,525.65,524.03,524.24,10.16296,1604537999999,5331.6386577,23,9.60569,5039.397561,0
2020-11-05 01:00:00,525.96,526.48,525.84,525.84,0.8926700000000001,1604539799999,469.72134270000004,9,0.72433,381.19065710000007,0
2020-11-05 01:30:00,526.77,529.92,526.77,528.09,13.56908,1604541599999,7168.6246752000025,46,8.34362,4408.118037100001,0
2020-11-05 02:00:00,528.11,534.22,526.56,526.56,81.05591,1604543399999,42967.722322800015,230,42.87194,22740.090942400002,0
2020-11-05 02:30:00,527.47,529.28,526.91,526.91,11.924339999999999,1604545199999,6300.6288406,47,4.13812,2189.4277985,0
2020-11-05 03:00:00,528.41,529.41,527.84,528.97,11.59924,1604546999999,6132.3714858,30,8.39712,4441.079380100001,0
2020-11-05 03:30:00,528.97,529.6,527.2,527.83,14.27074,1604548799999,7542.9109574,30,4.729,2503.8822972,0
2020-11-05 04:00:00,527.9,530.2,526.68,529.04,4.8402199999999995,1604550599999,2552.7638226999998,25,0.8998200000000001,475.3311024,0
2020-11-05 04:30:00,529.87,530.37,527.94,527.94,6.44118,1604552399999,3409.5852077,50,3.57157,1892.3528161,0
2020-11-05 05:00:00,527.85,532.34,527.21,530.71,41.949329999999996,1604554199999,22237.4566876,118,16.000220000000002,8487.8077216,0
2020-11-05 05:30:00,530.15,532.48,530.09,531.88,11.56311,1604555999999,6138.387261800001,27,7.28101,3866.0319458999998,0
2020-11-05 06:00:00,531.71,532.97,529.52,529.52,32.93049,1604557799999,17475.860388099998,69,10.1623,5397.0173274,0
2020-11-05 06:30:00,529.76,532.38,526.76,527.0,27.93836,1604559599999,14778.882085299998,85,16.837310000000002,8907.899604200002,0
2020-11-05 07:00:00,527.01,529.38,526.43,528.48,31.54869,1604561399999,16655.3934121,69,18.55476,9801.7090737,0
2020-11-05 07:30:00,528.24,529.44,526.19,527.29,15.242389999999999,1604563199999,8038.048828200002,39,1.59255,840.9089730000003,0
2020-11-05 08:00:00,526.12,528.12,523.09,525.04,33.49405,1604564999999,17593.1916509,101,16.48055,8659.5813279,0
2020-11-05 08:30:00,522.87,523.04,520.31,520.34,32.38187,1604566799999,16882.76298,108,15.282670000000001,7973.339922900002,0
2020-11-05 09:00:00,521.77,522.97,520.01,522.2,11.25367,1604568599999,5869.5570523999995,37,2.83602,1481.0753733,0
2020-11-05 09:30:00,523.33,524.38,522.54,522.54,6.23974,1604570399999,3262.1947014,17,0.6561600000000001,343.73806989999997,0
2020-11-05 10:00:00,521.39,521.39,520.0,520.5,1.15557,1604572199999,601.7341477000001,18,0.0425,22.121139399999997,0
2020-11-05 10:30:00,519.08,528.46,518.89,526.1,54.04808000000001,1604573999999,28292.7474231,125,17.15721,8975.3083569,0
2020-11-05 11:00:00,526.25,528.07,524.31,524.98,42.21855,1604575799999,22229.7416108,90,27.923840000000002,14712.952760600001,0
2020-11-05 11:30:00,524.93,528.08,524.93,526.23,34.0666,1604577599999,17937.0647601,84,21.71952000000001,11439.8837771,0
2020-11-05 12:00:00,524.81,525.9,522.26,524.77,20.79727,1604579399999,10900.2155887,48,12.44886,6527.159523800001,0
2020-11-05 12:30:00,523.66,523.82,520.5,523.21,23.11853,1604581199999,12074.329501600001,54,7.4224,3880.0040135,0
2020-11-05 13:00:00,522.69,527.19,521.47,526.17,36.6401,1604582999999,19207.939419,87,14.592120000000001,7659.7209502000005,0
2020-11-05 13:30:00,526.96,542.57,526.51,536.76,116.76603999999999,1604584799999,62525.377274599996,369,75.50689,40457.81998440001,0
2020-11-05 14:00:00,537.1,550.97,536.54,548.67,98.42885,1604586599999,53662.1230348,254,64.8706,35395.9236431,0
2020-11-05 14:30:00,549.02,553.54,545.82,551.44,133.8134,1604588399999,73626.2486119,279,96.95544,53382.7962991,0
2020-11-05 15:00:00,551.48,554.46,549.81,552.99,124.17533,1604590199999,68517.8266016,232,71.14591999999998,39281.9014524,0
2020-11-05 15:30:00,552.44,552.44,542.58,544.99,68.87745,1604591999999,37731.048199300014,188,41.6574,22850.37858,0
2020-11-05 16:00:00,544.94,551.98,544.94,547.26,43.73131,1604593799999,23965.3265138,164,18.30734,10035.2850211,0
2020-11-05 16:30:00,548.77,548.77,546.0,546.13,11.041939999999999,1604595599999,6046.5034599,35,8.43896,4621.264743899998,0
2020-11-05 17:00:00,546.83,548.3,543.85,544.29,10.82872,1604597399999,5907.4496917,26,3.64971,1999.8430285999998,0
2020-11-05 17:30:00,543.0,545.74,537.63,540.63,139.48481,1604599199999,75581.43239480001,296,93.51353,50717.0686021,0
2020-11-05 18:00:00,541.39,542.27,536.45,536.45,88.98385,1604600999999,47941.7446545,193,55.60493,29976.022175700004,0
2020-11-05 18:30:00,536.3,537.64,535.52,537.11,61.3526,1604602799999,32912.6492468,124,44.69712,23980.1686285,0
2020-11-05 19:00:00,537.72,540.4,535.79,537.71,60.57435,1604604599999,32592.0702109,115,48.18817,25935.5847607,0
2020-11-05 19:30:00,538.53,540.13,535.37,537.08,69.74409,1604606399999,37453.0025819,143,41.75793,22428.9471027,0
2020-11-05 20:00:00,536.98,537.2,535.0,536.17,95.47546,1604608199999,51178.0890502,234,38.788779999999996,20792.938702,0
2020-11-05 20:30:00,536.12,537.19,534.64,535.86,68.40802,1604609999999,36658.2181545,125,29.67942,15914.981500400001,0
2020-11-05 21:00:00,536.17,537.17,533.62,536.52,115.93046000000001,1604611799999,62134.5495631,224,63.79519000000001,34210.6050169,0
2020-11-05 21:30:00,536.52,536.88,533.31,534.41,129.6848,1604613599999,69390.7517364,289,66.62535,35646.626067000005,0
2020-11-05 22:00:00,535.28,537.15,533.47,535.66,165.25077,1604615399999,88457.6646518,398,86.84852,46493.600998199996,0
2020-11-05 22:30:00,535.04,537.2,533.0,537.11,313.0213,1604617199999,167629.4261457,699,199.93261,107134.0498751,0
2020-11-05 23:00:00,537.11,539.69,532.6,534.72,372.53761000000003,1604618999999,199808.1329266,584,281.99993,151288.06878970002,0
2020-11-05 23:30:00,533.83,534.16,530.01,530.52,148.68507,1604620799999,79114.98215810001,282,96.00804000000001,51098.4294181,0
2020-11-06 00:00:00,530.27,536.53,527.92,534.93,219.76526,1604622599999,116729.43028789999,460,145.52516,77334.2329892,0
2020-11-06 00:30:00,534.92,537.77,526.95,529.29,522.96296,1604624399999,278670.0197275,929,246.11184,131185.0649714,0
2020-11-06 01:00:00,529.63,530.24,526.91,527.8,229.35764,1604626199999,121281.29772810002,414,154.79346,81858.9547115,0
2020-11-06 01:30:00,528.45,536.59,527.7,534.79,238.87313999999998,1604627999999,127078.5725089,483,184.90948,98345.6372229,0
2020-11-06 02:00:00,535.09,539.73,534.11,537.3,216.85199,1604629799999,116376.18661110001,501,142.73462,76579.5331652,0
2020-11-06 02:30:00,536.36,537.29,501.11,526.91,452.49203,1604631599999,238993.6706067,1082,186.63506,98973.9165933,0
2020-11-06 03:00:00,527.22,528.57,522.16,525.49,105.97776,1604633399999,55684.021358800004,409,37.65862,19806.4893187,0
2020-11-06 03:30:00,525.13,527.43,522.5,524.18,60.19217,1604635199999,31574.612601099998,204,24.941860000000002,13111.3925061,0
2020-11-06 04:00:00,524.02,529.88,523.96,528.86,81.27054,1604636999999,42882.6617644,238,74.22771999999998,39166.45019700001,0
2020-11-06 04:30:00,528.63,529.8,525.54,526.43,70.40064,1604638799999,37144.4773818,204,50.33891,26576.8157021,0
2020-11-06 05:00:00,526.42,529.57,525.99,529.4,82.445,1604640599999,43538.1835583,303,58.20319,30717.8765723,0
2020-11-06 05:30:00,529.22,529.22,524.76,526.05,64.84408,1604642399999,34158.631848000005,188,34.07839,17958.485729599994,0
2020-11-06 06:00:00,526.2,528.07,525.32,526.14,51.30322,1604644199999,27023.68383970001,126,34.02769,17927.256920400006,0
2020-11-06 06:30:00,526.23,529.21,525.64,526.97,142.58494,1604645999999,75190.4219691,611,103.21495999999999,54436.85799419999,0
2020-11-06 07:00:00,526.97,530.74,525.56,528.86,209.43614,1604647799999,110773.28663399999,995,145.27313999999996,76834.4046301,0
2020-11-06 07:30:00,528.87,531.5,528.64,530.28,236.1358,1604649599999,125148.13188439999,786,161.90018999999995,85808.92410689997,0
2020-11-06 08:00:00,529.99,531.16,528.48,530.14,134.8134,1604651399999,71466.39207080001,303,108.30516999999999,57423.067049,0
2020-11-06 08:30:00,530.14,531.46,523.93,528.67,209.42337,1604653199999,110611.83433800002,482,133.24666000000002,70364.976785,0
2020-11-06 09:00:00,528.67,531.0,526.11,526.73,132.78996,1604654999999,70241.7767158,389,80.65695,42634.0161547,0
2020-11-06 09:30:00,525.97,530.48,525.3,530.01,102.55699,1604656799999,54128.98759530001,543,90.09268,47553.7074691,0
2020-11-06 10:00:00,529.68,537.59,529.57,535.52,370.62914,1604658599999,197662.9697055,1937,323.83889,172699.63612910002,0
2020-11-06 10:30:00,536.11,537.4,531.98,532.3,267.95835,1604660399999,143062.7522999,427,184.34932,98410.66975760002,0
2020-11-06 11:00:00,531.96,533.27,526.88,527.61,239.67037000000002,1604662199999,127169.7476559,563,167.62276,88950.6289247,0
2020-11-06 11:30:00,527.62,534.0,527.61,534.0,291.75908,1604663999999,154760.3025391,557,226.43922999999998,120114.74058299999,0
2020-11-06 12:00:00,534.0,536.74,531.11,532.65,98.56596,1604665799999,52651.399178199994,198,46.52945,24847.8820641,0
2020-11-06 12:30:00,533.91,537.98,531.37,536.63,61.04306999999999,1604667599999,32589.618852099997,203,45.42172,24261.607213299998,0
2020-11-06 13:00:00,536.68,539.65,536.64,539.62,195.36021000000002,1604669399999,105159.0937365,570,115.52203999999999,62198.2840015,0
2020-11-06 13:30:00,539.25,543.99,538.5,543.89,228.83247000000003,1604671199999,123905.34966160002,972,142.74427,77337.02539410001,0
2020-11-06 14:00:00,543.5,545.95,537.21,540.17,153.96716999999995,1604672999999,83433.3145108,327,75.74543,41101.074441900004,0
2020-11-06 14:30:00,540.05,542.57,530.0,533.03,282.3959700000001,1604674799999,150449.35802679998,560,109.36006,58369.790515199995,0
2020-11-06 15:00:00,533.95,535.82,530.21,535.45,78.03084,1604676599999,41590.286467699996,160,37.13782,19813.0675468,0
2020-11-06 15:30:00,535.21,537.02,530.0,530.87,50.459959999999995,1604678399999,26878.4220134,132,12.30514,6561.3998142,0
2020-11-06 16:00:00,531.7,541.0,530.89,538.66,100.24544,1604680199999,53813.5661419,258,65.67544000000001,35263.4748185,0
2020-11-06 16:30:00,537.96,540.64,532.19,534.92,65.20791,1604681999999,34910.6484704,215,26.58264,14224.5829551,0
2020-11-06 17:00:00,534.96,537.44,533.03,536.0,75.32616999999998,1604683799999,40335.2643261,191,45.20089,24208.0957892,0
2020-11-06 17:30:00,535.3,535.3,532.12,533.94,23.9215,1604685599999,12766.1584141,81,6.9550399999999994,3713.9967391000014,0
2020-11-06 18:00:00,534.61,538.28,533.99,537.98,31.783720000000002,1604687399999,17063.4141787,81,20.27311,10888.776672299999,0
2020-11-06 18:30:00,537.45,538.82,534.0,534.45,63.17511999999999,1604689199999,33820.7990583,99,33.49667,17938.9732144,0
2020-11-06 19:00:00,535.24,543.0,534.65,543.0,134.58296,1604690999999,72713.1262779,262,63.906890000000004,34478.715127999996,0
2020-11-06 19:30:00,542.9,543.0,536.41,537.12,34.50936,1604692799999,18581.155706999998,123,16.44414,8856.367368899999,0
2020-11-06 20:00:00,536.19,536.87,530.0,531.99,118.12508000000001,1604694599999,62884.38175730001,265,52.61638000000001,28008.0284175,0
2020-11-06 20:30:00,531.57,533.77,530.0,532.25,171.09769,1604696399999,90891.459542,326,67.81906,36065.92962230001,0
2020-11-06 21:00:00,532.74,539.44,532.74,536.7,83.5011,1604698199999,44802.4134189,189,26.902109999999997,14435.9194712,0
2020-11-06 21:30:00,535.3,536.6,533.57,534.68,24.27746,1604699999999,12987.5294233,77,14.937529999999999,7993.4238862,0
2020-11-06 22:00:00,533.73,538.69,531.6,537.77,71.71831,1604701799999,38366.7275125,145,40.03364000000001,21421.4151214,0
2020-11-06 22:30:00,538.42,544.11,537.52,541.4,41.7193,1604703599999,22586.2172946,148,20.72887,11220.347067,0
2020-11-06 23:00:00,542.61,543.02,540.0,542.82,60.7638,1604705399999,32918.744162099996,132,25.25765,13684.8604027,0
2020-11-06 23:30:00,542.0,544.23,538.94,541.68,63.84923000000001,1604707199999,34540.9409821,185,29.022109999999998,15718.6128792,0
2020-11-07 00:00:00,541.68,549.08,541.3,548.3,103.3562,1604708999999,56474.2929237,364,87.33606999999998,47717.30431740001,0
2020-11-07 00:30:00,548.4,551.33,543.82,551.33,76.61465,1604710799999,42003.3372751,317,39.813159999999996,21851.1067612,0
2020-11-07 01:00:00,551.33,558.75,550.47,555.24,231.19149,1604712599999,128231.85691919998,784,143.1434,79450.0571673,0
2020-11-07 01:30:00,555.68,559.79,548.19,558.19,80.12706,1604714399999,44486.901863499996,342,48.15682,26777.011767,0
2020-11-07 02:00:00,559.14,560.05,551.76,552.48,155.14151,1604716199999,86658.9568008,258,109.53083000000001,61273.0105336,0
2020-11-07 02:30:00,553.45,554.9,543.35,543.35,62.44409,1604717999999,34216.0621331,214,20.85882,11428.5194181,0
2020-11-07 03:00:00,543.71,546.94,543.71,546.02,22.61342,1604719799999,12333.654363299998,75,10.75405,5866.914340199999,0
2020-11-07 03:30:00,546.01,546.02,537.5,540.57,115.84998999999999,1604721599999,62715.24183759999,250,55.54609,30100.773484599995,0
2020-11-07 04:00:00,542.13,548.87,541.42,543.01,94.28021,1604723399999,51462.0029473,246,56.3715,30790.7400713,0
2020-11-07 04:30:00,542.06,543.46,537.16,542.61,51.95815,1604725199999,28040.6139863,138,22.6517,12247.289129100001,0
2020-11-07 05:00:00,542.61,544.49,540.28,544.16,32.76905,1604726999999,17771.006695,84,12.7781,6938.0453042,0
2020-11-07 05:30:00,543.25,546.29,540.81,545.53,52.20534,1604728799999,28409.638621599996,100,33.39614,18191.7676194,0
2020-11-07 06:00:00,545.14,545.14,539.34,540.3,33.7371,1604730599999,18288.1404737,92,6.7466,3660.3403649,0
2020-11-07 06:30:00,540.31,546.62,540.31,545.08,34.570840000000004,1604732399999,18787.3260231,98,27.44892,14908.353166699999,0
2020-11-07 07:00:00,546.14,546.46,541.63,543.74,21.64188,1604734199999,11767.656673399999,60,9.468060000000001,5156.101644300001,0
2020-11-07 07:30:00,542.09,550.8,540.55,550.16,89.93132,1604735999999,49091.21235280001,248,64.4862,35226.898205,0
2020-11-07 08:00:00,550.83,553.9,530.35,548.28,439.89682999999997,1604737799999,238113.598623,1225,242.23644,131101.4874191,0
2020-11-07 08:30:00,547.43,551.26,544.79,548.2,85.80301999999998,1604739599999,46952.7078191,247,51.24713,28042.8743574,0
2020-11-07 09:00:00,548.18,554.81,542.06,552.41,182.13679,1604741399999,99635.7080881,612,86.15258,47142.7411641,0
2020-11-07 09:30:00,551.7,551.88,543.74,546.06,77.45876,1604743199999,42441.8483671,204,13.46222,7378.699603,0
2020-11-07 10:00:00,546.07,546.55,540.03,545.43,89.12361999999996,1604744999999,48456.1411795,241,29.951520000000002,16302.6557158,0
2020-11-07 10:30:00,545.35,546.76,543.69,544.98,39.11118,1604746799999,21329.397453499998,109,27.24789,14866.891103400001,0
2020-11-07 11:00:00,547.0,548.83,544.88,547.67,24.55529,1604748599999,13416.6881865,88,17.232879999999998,9423.3553374,0
2020-11-07 11:30:00,548.61,551.39,544.1,548.03,144.09929,1604750399999,78886.1907546,308,99.11317,54312.7988398,0
2020-11-07 12:00:00,548.03,550.0,544.59,550.0,25.80576,1604752199999,14138.7325849,67,15.513879999999999,8518.1240412,0
2020-11-07 12:30:00,548.35,549.23,546.27,547.51,36.95915,1604753999999,20236.9161809,91,14.73037,8079.150685,0
2020-11-07 13:00:00,546.54,553.88,535.38,535.84,346.32473999999996,1604755799999,189473.8449448,1019,209.11878000000002,114746.3484102,0
2020-11-07 13:30:00,537.02,552.52,537.02,551.22,224.368,1604757599999,122591.91680610001,700,134.3995,73374.56938069999,0
2020-11-07 14:00:00,551.24,551.24,533.94,545.18,261.47737,1604759399999,141325.41248889998,654,156.24015,84316.07741900001,0
2020-11-07 14:30:00,544.86,547.33,527.21,530.14,413.17687,1604761199999,221449.3350026,1181,186.0738,99867.86578239998,0
2020-11-07 15:00:00,531.15,537.99,511.0,528.86,401.39769,1604762999999,210276.61461740002,1167,184.6664,96731.5301589,0
2020-11-07 15:30:00,527.26,534.91,524.04,527.45,132.21444,1604764799999,70026.80218239999,408,61.25048,32479.8117995,0
2020-11-07 16:00:00,525.98,530.87,512.01,521.07,270.72521,1604766599999,140716.220927,738,135.46403,70413.51556799999,0
2020-11-07 16:30:00,523.32,531.2,517.81,521.78,254.87766000000002,1604768399999,133388.2513411,852,114.45568999999999,60003.378119400004,0
2020-11-07 17:00:00,523.18,530.0,516.11,520.93,365.89507000000003,1604770199999,190917.3999397,974,195.35509,101990.1040276,0
2020-11-07 17:30:00,520.99,528.0,513.18,518.89,223.5462,1604771999999,116086.5644915,561,134.17982,69776.7344048,0
2020-11-07 18:00:00,519.0,522.78,515.51,518.69,68.61015,1604773799999,35584.4851939,229,37.22557000000001,19328.553868400002,0
2020-11-07 18:30:00,519.32,519.83,503.0,514.63,169.06658000000004,1604775599999,86377.7496108,498,82.48076999999998,42241.9739179,0
2020-11-07 19:00:00,515.35,523.95,509.09,513.03,205.46861,1604777399999,106027.7231228,587,100.6271,52036.1788577,0
2020-11-07 19:30:00,512.93,518.37,503.51,514.18,260.07707999999997,1604779199999,132581.5627098,683,132.47687,67663.67503489999,0
2020-11-07 20:00:00,512.99,527.0,510.52,523.94,219.95453999999998,1604780999999,114072.5572845,536,130.86381,67945.3524176,0
2020-11-07 20:30:00,523.86,526.44,517.75,520.86,76.82834,1604782799999,40080.986216300014,191,26.313190000000002,13745.466945299999,0
2020-11-07 21:00:00,522.25,522.25,513.01,517.46,27.12981,1604784599999,13992.448479799998,78,6.32963,3269.6983298,0
2020-11-07 21:30:00,517.67,517.74,507.32,517.66,45.17346,1604786399999,23213.7406728,111,28.36593,14617.4642454,0
2020-11-07 22:00:00,517.75,520.91,509.71,516.83,59.35999,1604788199999,30509.9426792,172,26.8805,13860.317018900001,0
2020-11-07 22:30:00,518.41,525.29,518.03,523.19,33.513059999999996,1604789999999,17470.494152900006,84,22.37538,11672.4902961,0
2020-11-07 23:00:00,523.63,530.8,517.23,519.9,91.00864,1604791799999,47735.903569300004,258,39.65869,20820.257401900002,0
2020-11-07 23:30:00,521.45,522.6,518.43,519.73,20.60626,1604793599999,10715.959147700001,57,2.08102,1083.7610667000001,0
2020-11-08 00:00:00,518.46,518.46,510.36,513.75,83.19185,1604795399999,42759.250101699996,251,31.16116,16021.5106523,0
2020-11-08 00:30:00,515.13,522.67,515.12,521.51,64.61801,1604797199999,33509.1867187,208,30.266409999999997,15724.715690399995,0
2020-11-08 01:00:00,521.42,521.42,513.06,520.03,43.3602,1604798999999,22389.0609116,161,16.05901,8302.015847300001,0
2020-11-08 01:30:00,520.72,527.06,519.35,525.41,49.16798,1604800799999,25744.1062337,197,22.52789,11803.3394598,0
2020-11-08 02:00:00,526.59,527.84,523.37,524.97,36.29049000000001,1604802599999,19073.445660900004,146,15.400279999999999,8106.0033332,0
2020-11-08 02:30:00,524.68,526.97,520.99,523.65,32.75557,1604804399999,17173.4835452,124,17.04397,8945.2849731,0
2020-11-08 03:00:00,523.91,525.91,522.11,525.42,15.39205,1604806199999,8068.0969323,57,6.93467,3637.562897,0
2020-11-08 03:30:00,524.46,525.9,518.92,518.92,29.27481,1604807999999,15278.791410400001,119,5.01365,2618.5496344,0
2020-11-08 04:00:00,519.74,522.31,517.85,521.27,8.96037,1604809799999,4650.821742600001,45,0.72507,377.3837138,0
2020-11-08 04:30:00,520.13,520.76,514.42,515.15,39.69944,1604811599999,20516.408605400004,150,25.49259,13181.9741323,0
2020-11-08 05:00:00,515.9,519.65,514.65,518.89,29.848709999999997,1604813399999,15423.791404299998,119,14.58951,7546.7858014,0
2020-11-08 05:30:00,519.17,521.75,518.1,521.75,11.52027,1604815199999,5991.0886243999985,55,6.15367,3200.1230783000005,0
2020-11-08 06:00:00,522.59,524.99,521.68,522.12,27.434559999999998,1604816999999,14365.355069100002,111,18.11071,9486.8108203,0
2020-11-08 06:30:00,521.18,523.7,518.99,521.64,49.95554,1604818799999,26042.3014128,167,25.80003,13455.7432192,0
2020-11-08 07:00:00,521.94,522.65,518.45,520.61,15.6554,1604820599999,8144.0043082,60,4.68363,2438.9575870999997,0
2020-11-08 07:30:00,518.97,522.73,518.77,520.74,8.55795,1604822399999,4464.0875438,36,5.7447,2996.8981974,0
2020-11-08 08:00:00,520.54,522.53,518.83,519.63,15.21435,1604824199999,7919.8027731,54,6.1228,3188.2458404,0
2020-11-08 08:30:00,520.81,521.22,518.0,520.26,49.406240000000004,1604825999999,25612.3160673,55,37.59313,19484.091160599997,0
2020-11-08 09:00:00,521.22,521.42,519.42,519.5,16.66816,1604827799999,8677.2928853,51,6.5924,3433.6037708999997,0
2020-11-08 09:30:00,520.55,527.5,520.55,526.65,29.8007,1604829599999,15637.0909011,103,23.61066,12394.7970146,0
2020-11-08 10:00:00,526.55,529.13,524.17,527.99,32.89032,1604831399999,17343.4098061,134,21.16798,11169.2969934,0
2020-11-08 10:30:00,528.03,532.23,526.73,527.86,63.83622,1604833199999,33797.3714911,208,34.2005,18122.473681599997,0
2020-11-08 11:00:00,529.31,529.31,519.71,521.27,233.70091000000002,1604834999999,122465.5862633,487,51.03011,26730.6831325,0
2020-11-08 11:30:00,522.49,525.4,521.75,525.08,23.11117,1604836799999,12099.8764153,110,17.25217,9038.3717824,0
2020-11-08 12:00:00,525.29,527.46,521.33,522.64,65.56835,1604838599999,34379.879170199994,192,24.74769,13003.6613972,0
2020-11-08 12:30:00,523.19,527.03,523.19,526.16,52.507459999999995,1604840399999,27587.1203365,125,31.99098,16812.420382,0
2020-11-08 13:00:00,525.84,525.84,519.93,520.0,60.461769999999994,1604842199999,31594.429387199998,193,20.52986,10735.8315983,0
2020-11-08 13:30:00,520.6,523.89,519.52,523.61,38.45295,1604843999999,20079.1523865,67,22.85753,11941.1605029,0
2020-11-08 14:00:00,523.61,526.14,521.24,526.14,31.28026,1604845799999,16370.853587799998,72,19.908720000000002,10431.3897688,0
2020-11-08 14:30:00,524.52,533.0,523.19,531.99,88.27935,1604847599999,46621.3166365,213,48.93128,25872.6812847,0
2020-11-08 15:00:00,532.49,533.0,527.87,531.0,140.48224,1604849399999,74689.76110569999,301,36.32709000000001,19325.658337099998,0
2020-11-08 15:30:00,532.05,535.74,530.96,534.41,64.54398,1604851199999,34428.939196399995,207,40.3308,21534.994525799997,0
2020-11-08 16:00:00,534.0,538.1,528.65,529.61,90.50744,1604852999999,48276.1615852,236,41.867259999999995,22375.747827900002,0
2020-11-08 16:30:00,530.96,534.73,530.46,531.11,43.48486,1604854799999,23151.548689,139,24.466820000000002,13039.0116127,0
2020-11-08 17:00:00,532.01,536.75,530.62,535.01,51.76638,1604856599999,27651.9554137,131,21.72196,11626.4148134,0
2020-11-08 17:30:00,534.96,538.82,532.76,537.18,42.70786,1604858399999,22879.6019947,145,20.05742,10762.6282021,0
2020-11-08 18:00:00,538.95,540.0,531.82,533.86,98.67146,1604860199999,52840.798005000004,290,57.22218,30671.672690599997,0
2020-11-08 18:30:00,534.16,534.17,528.47,530.37,98.49564000000001,1604861999999,52308.2808417,252,44.09355,23432.539012999998,0
2020-11-08 19:00:00,530.36,530.85,523.91,525.0,50.94834,1604863799999,26839.3168469,143,22.06015,11626.2451238,0
2020-11-08 19:30:00,524.91,527.85,523.73,526.36,26.476490000000002,1604865599999,13926.6384393,73,16.23406,8544.2653424,0
2020-11-08 20:00:00,527.05,528.14,526.04,526.74,11.38931,1604867399999,6003.0050985,34,8.75774,4616.7418363000015,0
2020-11-08 20:30:00,526.65,527.9,522.67,526.47,73.50005999999998,1604869199999,38674.051821199995,152,25.4098,13379.5388427,0
2020-11-08 21:00:00,527.7,530.02,524.56,525.94,78.58509000000002,1604870999999,41458.211858099996,173,16.61212,8771.277113200002,0
2020-11-08 21:30:00,526.09,529.57,524.24,528.37,39.600590000000004,1604872799999,20861.884260400002,116,22.723689999999998,11981.998028799999,0
2020-11-08 22:00:00,529.07,531.32,529.02,531.32,12.97277,1604874599999,6875.252120199999,36,9.59188,5086.0147321,0
2020-11-08 22:30:00,532.07,534.95,531.47,531.76,5.33226,1604876399999,2848.3454217,22,3.96595,2120.2612794,0
2020-11-08 23:00:00,533.83,535.62,532.28,532.55,24.9112,1604878199999,13301.639789,55,4.7563,2545.7749708,0
2020-11-08 23:30:00,534.54,537.16,532.9,534.85,29.04523,1604879999999,15536.8974757,83,15.339020000000001,8210.6028303,0
2020-11-09 00:00:00,534.92,537.47,532.24,533.64,41.273179999999996,1604881799999,22081.5739946,125,19.55813,10470.160007299999,0
2020-11-09 00:30:00,535.98,537.4,535.11,535.25,18.588810000000002,1604883599999,9971.524765,45,10.56733,5672.1235572999985,0
2020-11-09 01:00:00,535.25,535.48,532.76,534.39,11.347430000000001,1604885399999,6059.4698229999985,38,2.8132599999999996,1503.5671908,0
2020-11-09 01:30:00,535.23,535.23,531.0,533.47,24.38399,1604887199999,12988.2872658,81,10.12355,5394.6425198,0
2020-11-09 02:00:00,533.36,534.68,531.33,533.96,26.60271,1604888999999,14171.4963055,74,9.78916,5220.1108612,0
2020-11-09 02:30:00,534.62,535.04,532.45,532.46,43.46606,1604890799999,23164.8597113,87,8.10791,4327.8784192,0
2020-11-09 03:00:00,532.47,533.96,529.49,531.65,107.39601,1604892599999,57141.997454799995,140,27.2762,14498.430472,0
2020-11-09 03:30:00,531.9,531.9,529.62,529.64,11.223230000000001,1604894399999,5958.901069,23,6.69597,3554.8743678000005,0
2020-11-09 04:00:00,528.63,530.0,524.37,529.36,37.85781,1604896199999,19947.8725382,116,17.40418,9168.7793779,0
2020-11-09 04:30:00,530.0,530.83,528.43,528.75,10.476280000000001,1604897999999,5550.213978,28,3.72254,1975.3533243000002,0
2020-11-09 05:00:00,527.59,529.66,523.97,529.66,40.66575,1604899799999,21434.0706411,123,25.65332,13527.9471528,0
2020-11-09 05:30:00,529.51,532.68,529.33,532.68,7.5213800000000015,1604901599999,3993.5373489,34,5.79967,3079.8549294,0
2020-11-09 06:00:00,531.32,531.53,528.36,529.31,16.16242,1604903399999,8561.0745882,42,0.21670999999999999,115.14383829999998,0
2020-11-09 06:30:00,529.04,529.04,526.96,527.21,16.79008,1604905199999,8865.301987899997,58,3.82533,2022.9830654,0
2020-11-09 07:00:00,527.42,529.68,524.94,528.36,28.06415,1604906999999,14802.932695,72,12.00073,6336.8707467,0
2020-11-09 07:30:00,529.06,532.08,522.1,523.06,48.30705,1604908799999,25451.0169941,151,18.15832,9595.3581146,0
2020-11-09 08:00:00,523.74,525.97,519.33,521.37,64.61261,1604910599999,33769.9565171,177,23.81186,12467.1263952,0
2020-11-09 08:30:00,520.15,535.0,518.0,534.29,178.2378,1604912399999,93999.6019862,412,140.01686,73857.4249348,0
2020-11-09 09:00:00,533.34,534.32,531.62,533.1,35.852,1604914199999,19110.8393689,86,22.1662,11821.7218683,0
2020-11-09 09:30:00,533.23,535.02,531.37,532.69,88.51615,1604915999999,47216.20367990001,152,49.92908,26648.76245,0
2020-11-09 10:00:00,533.72,535.75,533.09,534.76,43.83167,1604917799999,23441.1915911,113,27.70385,14823.3346503,0
2020-11-09 10:30:00,534.76,538.5,534.4,536.62,84.09966999999997,1604919599999,45140.3126555,189,50.81825,27284.3202622,0
2020-11-09 11:00:00,536.78,539.6,535.75,535.8,68.37316,1604921399999,36737.8729534,194,37.424640000000004,20120.7109055,0
2020-11-09 11:30:00,536.44,540.0,536.43,537.7,49.089690000000004,1604923199999,26471.523061099997,200,36.311370000000004,19588.7264618,0
2020-11-09 12:00:00,539.74,539.74,530.45,534.57,108.03685,1604924999999,57759.40813709999,321,40.98019,21897.1984,0
2020-11-09 12:30:00,534.28,535.0,529.76,531.93,34.80532,1604926799999,18519.200411,131,5.69676,3033.8092837,0
2020-11-09 13:00:00,531.93,531.93,523.0,526.04,181.51838,1604928599999,95607.5809778,555,64.6825,34111.648629100004,0
2020-11-09 13:30:00,527.13,529.54,523.0,527.6,73.28071,1604930399999,38578.85551730001,336,29.68687000000001,15639.606004299998,0
2020-11-09 14:00:00,526.27,528.98,525.3,527.14,30.296670000000002,1604932199999,15958.350922,132,9.110510000000001,4804.0791627,0
2020-11-09 14:30:00,527.07,530.49,520.74,523.19,56.35912,1604933999999,29664.30113370001,265,23.941860000000002,12602.7273232,0
2020-11-09 15:00:00,523.26,525.97,516.0,520.4,173.38655,1604935799999,90164.7887038,861,75.49495999999998,39280.6740201,0
2020-11-09 15:30:00,521.47,521.48,514.12,515.55,112.83528999999999,1604937599999,58376.15025190001,668,30.4327,15762.611839300005,0
2020-11-09 16:00:00,515.57,518.1,511.1,515.04,80.53036,1604939399999,41467.5944724,413,34.78195,17921.366991299998,0
2020-11-09 16:30:00,515.05,521.68,515.03,519.44,72.29329,1604941199999,37378.1095339,379,32.03078,16565.0018494,0
2020-11-09 17:00:00,520.28,522.4,518.0,519.37,28.89632000000001,1604942999999,15014.2252544,105,9.552489999999999,4972.251743399999,0
2020-11-09 17:30:00,519.0,524.63,518.78,522.41,21.01985,1604944799999,10973.6043286,69,15.0445,7857.4535391,0
2020-11-09 18:00:00,521.4,522.79,519.82,521.92,31.230459999999997,1604946599999,16281.3667824,79,13.4039,6993.5050378999995,0
2020-11-09 18:30:00,522.39,524.13,519.64,519.64,18.84081,1604948399999,9847.7792896,69,11.14166,5834.381226899999,0
2020-11-09 19:00:00,520.77,523.12,520.3,523.04,16.22984,1604950199999,8473.2889005,38,9.13993,4773.4447737,0
2020-11-09 19:30:00,523.34,523.4,521.85,522.8,5.41617,1604951999999,2831.1956032,26,3.4161699999999997,1787.2519482,0
2020-11-09 20:00:00,523.81,525.71,522.55,524.29,20.573439999999998,1604953799999,10784.9118058,45,7.13132,3741.6458291999998,0
2020-11-09 20:30:00,525.52,525.52,523.41,523.83,7.07185,1604955599999,3708.1022912,23,2.35623,1235.2895697000001,0
2020-11-09 21:00:00,523.31,528.19,523.31,526.97,20.663710000000002,1604957399999,10882.6182756,64,15.45385,8140.7722249,0
2020-11-09 21:30:00,526.55,527.44,523.1,523.97,3.8811400000000003,1604959199999,2037.6115630999998,18,2.44992,1286.7964880000004,0
2020-11-09 22:00:00,523.1,524.98,522.16,524.94,7.7145600000000005,1604960999999,4036.6665390000003,21,3.0390900000000003,1593.5405923,0
2020-11-09 22:30:00,522.94,523.96,520.72,522.65,25.1928,1604962799999,13153.436823799999,71,13.38887,6994.757627600001,0
2020-11-09 23:00:00,522.48,523.81,521.17,522.04,8.15616,1604964599999,4263.423768,30,4.3814,2293.5779765,0
2020-11-09 23:30:00,522.19,523.95,521.51,523.95,6.37694,1604966399999,3330.6790324999997,25,2.69397,1408.7410668,0
2020-11-10 00:00:00,523.95,523.96,519.58,520.77,26.25367,1604968199999,13677.0097148,68,5.64427,2942.8963237,0
2020-11-10 00:30:00,521.07,524.78,521.07,524.78,19.82444,1604969999999,10366.7104662,56,12.59344,6590.5264516000025,0
2020-11-10 01:00:00,524.29,534.06,523.98,529.91,72.78695,1604971799999,38661.48984140001,276,42.68272,22670.5218158,0
2020-11-10 01:30:00,530.48,532.38,527.92,531.31,35.04343,1604973599999,18566.040948700003,95,22.994320000000002,12188.177173200002,0
2020-11-10 02:00:00,532.2,533.86,531.44,531.57,8.15264,1604975399999,4344.1409355,39,7.0324300000000015,3748.1956656999996,0
2020-11-10 02:30:00,531.6,532.42,529.94,529.95,10.26881,1604977199999,5455.2177963,41,3.62302,1926.8375974,0
2020-11-10 03:00:00,530.61,530.61,528.34,529.52,16.02062,1604978999999,8481.9403537,83,5.9787099999999995,3163.3564496,0
2020-11-10 03:30:00,529.57,530.87,528.56,530.38,21.534570000000002,1604980799999,11410.7425453,83,19.71501,10447.698498799999,0
2020-11-10 04:00:00,531.27,534.37,531.27,533.18,12.69232,1604982599999,6767.5246516000025,77,10.74275,5729.6868943,0
2020-11-10 04:30:00,533.27,537.97,532.99,534.41,62.88621,1604984399999,33675.0123808,255,41.23553,22103.6671317,0
2020-11-10 05:00:00,535.85,536.79,533.17,535.65,28.15138,1604986199999,15050.9131441,100,8.62553,4617.585323800001,0
2020-11-10 05:30:00,533.96,534.08,532.27,533.5,19.67013,1604987999999,10488.2996095,74,8.11475,4330.0013358999995,0
2020-11-10 06:00:00,534.11,534.62,529.75,530.79,62.59303000000001,1604989799999,33351.6098729,192,31.05642000000001,16564.1868352,0
2020-11-10 06:30:00,530.83,531.55,528.62,531.18,32.88368,1604991599999,17422.5792401,101,4.8524199999999995,2573.6672944,0
2020-11-10 07:00:00,531.39,535.72,530.93,532.82,46.7105,1604993399999,24942.0065626,113,24.3601,13017.302063,0
2020-11-10 07:30:00,531.38,534.7,530.85,533.74,12.304960000000001,1604995199999,6553.7036703999975,50,3.64056,1941.4899252999999,0
2020-11-10 08:00:00,534.16,537.16,533.81,536.18,35.12027,1604996999999,18807.9379857,95,23.560879999999997,12616.709669,0
2020-11-10 08:30:00,536.05,539.13,532.31,533.71,41.18159,1604998799999,22076.766889500002,145,14.4061,7738.2338529,0
2020-11-10 09:00:00,534.63,538.99,534.43,538.65,24.26462,1605000599999,13026.0334089,76,21.03724,11295.633306799999,0
2020-11-10 09:30:00,538.5,539.09,536.91,538.44,26.064239999999998,1605002399999,14027.4018632,95,16.80487,9050.578814,0
2020-11-10 10:00:00,538.38,539.28,536.66,538.22,8.57415,1605004199999,4613.4370666999985,52,6.80152,3660.4463117,0
2020-11-10 10:30:00,539.08,539.08,532.65,533.24,81.49237,1605005999999,43675.33322440001,225,15.91066,8536.410113400001,0
2020-11-10 11:00:00,533.24,536.24,529.04,531.13,60.866009999999996,1605007799999,32453.9070323,173,26.806829999999998,14310.376725600001,0
2020-11-10 11:30:00,532.15,533.95,531.99,533.6,17.0072,1605009599999,9064.205386900001,54,12.66328,6749.0901735,0
2020-11-10 12:00:00,533.76,537.89,532.14,533.26,35.39634,1605011399999,18952.4923982,95,11.70834,6281.7752652,0
2020-11-10 12:30:00,533.47,534.23,529.16,532.13,19.140279999999997,1605013199999,10177.2060862,71,6.71909,3580.042255600001,0
2020-11-10 13:00:00,533.04,533.23,528.09,530.21,20.1874,1605014999999,10696.0086153,45,5.337219999999999,2838.9979353,0
2020-11-10 13:30:00,531.6,536.59,529.0,536.57,28.60888,1605016799999,15285.0849259,72,22.39123,11978.5780759,0
2020-11-10 14:00:00,534.5,535.09,530.91,533.03,21.649379999999997,1605018599999,11541.3669169,52,11.13935,5950.2454931,0
2020-11-10 14:30:00,533.33,535.3,528.62,531.28,28.37295,1605020399999,15069.587566799999,70,17.52065,9312.005894,0
2020-11-10 15:00:00,530.46,532.87,526.13,526.85,44.13882,1605022199999,23409.8425849,90,7.7606600000000014,4118.2714039,0
2020-11-10 15:30:00,526.9,530.15,525.22,529.51,28.028890000000004,1605023999999,14796.356628799998,107,12.824810000000001,6779.1289026999975,0
2020-11-10 16:00:00,530.08,536.62,529.14,536.58,29.20632,1605025799999,15578.539555500001,96,22.38072,11936.1704117,0
2020-11-10 16:30:00,536.64,536.95,534.53,536.45,16.99867,1605027599999,9114.156257100001,38,9.97901,5352.5249961,0
2020-11-10 17:00:00,535.88,541.37,535.88,540.72,69.66344000000001,1605029399999,37580.723876699994,148,57.2633,30890.7205078,0
2020-11-10 17:30:00,539.98,541.33,538.77,540.69,31.16153,1605031199999,16825.5737282,69,14.958860000000001,8080.4618498,0
2020-11-10 18:00:00,540.0,544.68,538.25,544.62,82.58425,1605032999999,44752.789564499995,221,60.060880000000004,32537.5929339,0
2020-11-10 18:30:00,543.99,547.0,541.36,546.95,29.72819,1605034799999,16173.197186899999,88,16.46687,8971.038551399999,0
2020-11-10 19:00:00,545.64,547.42,543.93,543.93,55.631719999999994,1605036599999,30345.7307675,129,35.27105,19241.839473400007,0
2020-11-10 19:30:00,544.99,546.1,544.22,545.27,38.76526,1605038399999,21128.8210287,98,25.66594,13990.5554736,0
2020-11-10 20:00:00,546.89,549.22,546.89,549.22,45.83012,1605040199999,25130.940935799998,128,27.761159999999997,15226.791048199999,0
2020-11-10 20:30:00,549.28,549.79,545.5,546.24,72.45626,1605041999999,39673.06152159999,187,33.07904,18133.230657900003,0
2020-11-10 21:00:00,547.14,551.59,546.93,551.47,59.85329,1605043799999,32917.5994517,194,35.47939,19518.002371900002,0
2020-11-10 21:30:00,550.78,552.02,550.57,551.57,15.056629999999998,1605045599999,8304.0882561,51,10.792119999999999,5953.9035313,0
2020-11-10 22:00:00,552.28,554.72,551.91,552.78,29.59405,1605047399999,16377.136391799999,99,18.64777,10320.1594134,0
2020-11-10 22:30:00,552.69,557.29,552.02,554.32,53.67653000000001,1605049199999,29818.494951,148,42.04701,23368.7452792,0
2020-11-10 23:00:00,554.49,556.65,550.93,552.93,92.0346,1605050999999,51014.3398292,306,43.53243,24162.5293417,0
2020-11-10 23:30:00,552.65,553.42,549.29,551.64,29.867459999999998,1605052799999,16477.9391068,80,15.753029999999999,8695.445417,0
2020-11-11 00:00:00,552.32,557.29,550.34,557.27,52.17378,1605054599999,28977.4135335,203,27.32538,15183.800878799999,0
2020-11-11 00:30:00,557.29,558.83,554.46,556.22,60.93551,1605056399999,33944.100951,160,30.935140000000004,17251.825825599994,0
2020-11-11 01:00:00,556.84,557.71,553.09,554.41,68.65996,1605058199999,38132.193378699994,159,29.756079999999997,16521.522856400006,0
2020-11-11 01:30:00,554.05,556.45,553.25,554.28,68.64641,1605059999999,38057.31522780001,155,46.86929,25989.574059,0
2020-11-11 02:00:00,554.53,556.43,552.0,552.0,63.4266,1605061799999,35179.6465992,249,26.735979999999998,14837.6528568,0
2020-11-11 02:30:00,552.13,552.47,546.91,550.61,93.98277,1605063599999,51696.8480851,305,33.17453,18267.580606599997,0
2020-11-11 03:00:00,550.58,552.57,550.5,551.81,24.155479999999997,1605065399999,13323.294208700001,41,19.61225,10821.8236268,0
2020-11-11 03:30:00,551.69,553.08,550.09,551.52,32.244640000000004,1605067199999,17800.0835788,64,24.6803,13629.738678400001,0
2020-11-11 04:00:00,551.2,551.2,546.73,547.41,21.56016,1605068999999,11832.1772283,62,4.70184,2582.5825848,0
2020-11-11 04:30:00,547.03,547.03,543.39,546.73,25.22508,1605070799999,13756.5761479,68,10.73823,5860.4868108,0
2020-11-11 05:00:00,545.28,545.95,543.0,543.0,8.381680000000001,1605072599999,4565.8132772,25,5.0208900000000005,2737.8528737,0
2020-11-11 05:30:00,542.16,545.18,540.64,544.1,10.1725,1605074399999,5517.936901,37,5.34834,2903.1025725,0
2020-11-11 06:00:00,545.0,545.7,543.09,545.7,22.38652,1605076199999,12192.243697799999,61,10.616610000000001,5785.8599776,0
2020-11-11 06:30:00,543.69,543.69,541.35,541.35,5.01527,1605077999999,2723.6351015,14,2.22221,1207.5874195000001,0
2020-11-11 07:00:00,541.56,547.32,541.56,547.32,20.05837,1605079799999,10921.1694894,58,16.2671,8861.2576588,0
2020-11-11 07:30:00,547.27,548.08,546.5,547.73,5.39769,1605081599999,2954.8268755,19,3.47572,1903.8423298,0
2020-11-11 08:00:00,547.55,556.96,546.85,552.0,216.58553999999998,1605083399999,119873.11242739999,433,112.80008000000001,62363.1826369,0
2020-11-11 08:30:00,552.27,554.64,549.68,554.64,25.38328,1605085199999,14015.3608938,85,13.902920000000002,7683.9335492,0
2020-11-11 09:00:00,554.41,558.71,554.15,558.0,22.37673,1605086999999,12456.1075408,95,9.115969999999999,5077.1815935,0
2020-11-11 09:30:00,558.0,558.0,543.64,546.6,186.97521,1605088799999,102700.84462949999,520,39.45224,21577.883404599997,0
2020-11-11 10:00:00,547.01,551.56,547.01,549.74,21.2471,1605090599999,11678.3834589,67,8.435319999999999,4634.5532499,0
2020-11-11 10:30:00,551.17,552.29,548.95,552.26,12.27462,1605092399999,6763.244863,35,7.4668100000000015,4116.4516153,0
2020-11-11 11:00:00,552.4,552.4,548.72,549.48,20.84561,1605094199999,11465.178474299999,61,8.53565,4699.9345365,0
2020-11-11 11:30:00,549.51,549.51,544.04,546.74,30.06703,1605095999999,16434.8442112,82,5.67605,3103.6872246,0
2020-11-11 12:00:00,546.69,551.06,544.53,549.93,17.05216,1605097799999,9330.6787574,57,10.174619999999999,5574.000269100001,0
2020-11-11 12:30:00,549.07,550.0,545.71,545.71,17.13619,1605099599999,9384.0219041,46,4.33595,2379.8416259,0
2020-11-11 13:00:00,547.41,547.65,543.16,543.21,97.38401999999999,1605101399999,52983.7896483,84,81.08059,44106.5975432,0
2020-11-11 13:30:00,544.1,545.63,540.45,540.52,51.87352,1605103199999,28189.7430147,134,27.84082,15142.5538313,0
2020-11-11 14:00:00,541.88,546.9,541.52,546.41,63.66658,1605104999999,34627.0304801,108,46.170159999999996,25077.123322,0
2020-11-11 14:30:00,545.79,552.96,544.91,552.96,89.77635,1605106799999,49138.70095980001,145,45.29965,24806.4791534,0
2020-11-11 15:00:00,552.93,555.0,550.53,553.72,67.10504,1605108599999,37127.2765578,93,49.43415,27354.694560900003,0
2020-11-11 15:30:00,555.28,557.22,554.66,557.2,41.95385,1605110399999,23318.705444400002,128,25.55586,14213.2982527,0
2020-11-11 16:00:00,557.21,565.73,556.52,565.73,218.6387,1605112199999,122651.40483830002,428,98.80678,55441.14538350001,0
2020-11-11 16:30:00,564.36,566.47,559.71,564.11,49.95243,1605113999999,28157.2152102,157,17.325870000000002,9784.337925799999,0
2020-11-11 17:00:00,563.41,567.85,562.37,565.07,32.002990000000004,1605115799999,18093.790961099996,88,16.79576,9499.9464293,0
2020-11-11 17:30:00,565.74,566.08,558.01,560.02,158.56253,1605117599999,89009.9521163,186,95.62794,53700.182796099994,0
2020-11-11 18:00:00,560.25,560.44,557.56,559.2,40.03118,1605119399999,22379.3916247,111,16.77662,9384.307512700001,0
2020-11-11 18:30:00,560.0,562.99,558.65,559.76,30.65632,1605121199999,17194.8840101,80,13.28161,7453.8853324,0
2020-11-11 19:00:00,560.22,561.04,557.8,558.0,14.606329999999998,1605122999999,8179.337985100001,46,6.73987,3778.3880458999997,0
2020-11-11 19:30:00,557.72,557.84,551.99,554.81,71.18590999999998,1605124799999,39480.3081329,190,28.91099,16021.9414572,0
2020-11-11 20:00:00,554.73,554.94,548.36,548.36,44.41492,1605126599999,24473.0069244,101,6.11466,3366.203416400001,0
2020-11-11 20:30:00,548.05,553.06,544.9,552.98,30.381259999999997,1605128399999,16668.9941847,96,19.5903,10762.4267265,0
2020-11-11 21:00:00,554.03,554.6,550.82,553.97,35.71857,1605130199999,19734.9461417,55,12.57625,6957.0453153,0
2020-11-11 21:30:00,553.78,555.82,553.75,555.57,9.02101,1605131999999,5005.521892600002,21,7.9626800000000015,4418.9216334,0
2020-11-11 22:00:00,555.82,556.69,554.23,554.49,15.746920000000001,1605133799999,8743.847574,41,5.560919999999999,3090.3539283000005,0
2020-11-11 22:30:00,553.06,555.5,551.72,553.05,8.59784,1605135599999,4756.169355,25,3.54465,1966.3900074,0
2020-11-11 23:00:00,551.78,551.78,539.92,547.61,123.87063,1605137399999,67440.9609893,401,50.07666,27261.412269,0
2020-11-11 23:30:00,547.61,548.69,543.62,543.62,56.22987,1605139199999,30731.196196099998,90,28.26375,15476.950112399998,0
2020-11-12 00:00:00,544.26,544.47,533.08,536.29,101.77871,1605140999999,54632.63919319999,316,53.84635,28899.4213246,0
2020-11-12 00:30:00,535.56,537.08,531.15,534.7,172.63518,1605142799999,92053.9274546,224,71.18228,37981.6681091,0
2020-11-12 01:00:00,533.55,539.2,532.48,537.75,44.69852,1605144599999,23971.9438994,155,11.08897,5943.682268899999,0
2020-11-12 01:30:00,538.61,539.89,537.68,539.54,12.62996,1605146399999,6804.4179089,42,6.04972,3262.5110987,0
2020-11-12 02:00:00,539.19,545.28,537.89,541.57,33.32403,1605148199999,18026.1263088,98,19.01353,10294.3221579,0
2020-11-12 02:30:00,542.89,545.83,541.63,544.6,13.379629999999999,1605149999999,7281.3519581,55,6.6848,3641.809226,0
2020-11-12 03:00:00,544.6,547.19,544.23,545.11,8.56348,1605151799999,4678.017976,44,2.40833,1317.2635984,0
2020-11-12 03:30:00,544.78,544.78,542.06,543.21,10.51005,1605153599999,5710.4762293,22,8.442839999999999,4588.7939393,0
2020-11-12 04:00:00,542.94,543.21,540.19,540.46,7.695689999999999,1605155399999,4166.2760089,37,0.02476,13.443194400000001,0
2020-11-12 04:30:00,541.85,546.26,541.85,545.1,19.36423,1605157199999,10537.453220200001,54,11.65963,6340.3632265,0
2020-11-12 05:00:00,544.93,547.32,542.78,544.4,18.28567,1605158999999,9972.6782909,38,11.89052,6493.369779600002,0
2020-11-12 05:30:00,545.28,545.65,544.0,544.0,4.30547,1605160799999,2347.3754430999998,11,2.68188,1461.4635595999994,0
2020-11-12 06:00:00,544.25,548.25,544.25,546.6,29.47676,1605162599999,16112.3642264,85,23.982129999999998,13109.6302691,0
2020-11-12 06:30:00,547.37,548.95,546.65,548.95,9.40547,1605164399999,5151.236822,35,6.19915,3396.4924155000012,0
2020-11-12 07:00:00,549.54,550.84,547.03,548.3,17.14515,1605166199999,9408.1233591,57,5.99723,3295.6754336999998,0
2020-11-12 07:30:00,549.28,550.28,548.44,549.4,19.599339999999998,1605167999999,10768.0715909,38,3.94783,2170.6231112,0
2020-11-12 08:00:00,548.34,551.46,546.8,548.03,34.229620000000004,1605169799999,18787.4780289,105,18.77507,10309.2208376,0
2020-11-12 08:30:00,547.93,548.49,541.32,543.37,81.3307,1605171599999,44262.0660707,247,44.08545,24001.630188599996,0
2020-11-12 09:00:00,544.68,546.36,544.27,546.02,10.730839999999999,1605173399999,5854.4284022,47,6.2621,3417.619161800001,0
2020-11-12 09:30:00,546.73,547.53,542.55,542.86,17.30785,1605175199999,9425.8183285,65,3.37065,1837.7062784000002,0
2020-11-12 10:00:00,544.52,547.6,537.21,540.9,39.62085,1605176999999,21476.310395099998,137,10.90628,5916.4201772,0
2020-11-12 10:30:00,541.76,541.76,532.83,534.24,26.01825,1605178799999,13983.072454700005,90,8.89071,4779.089860499998,0
2020-11-12 11:00:00,533.37,540.0,531.8,538.16,40.144529999999996,1605180599999,21544.5931687,136,16.441570000000002,8817.7162658,0
2020-11-12 11:30:00,538.64,540.65,536.34,539.69,21.2219,1605182399999,11437.729540200002,59,10.572189999999999,5705.7510144,0
2020-11-12 12:00:00,538.84,539.81,536.95,538.96,10.39838,1605184199999,5594.2308993999995,41,2.2345099999999998,1203.5320394,0
2020-11-12 12:30:00,538.85,541.23,538.26,538.86,9.846160000000001,1605185999999,5314.5165401,25,3.74683,2027.0021886,0
2020-11-12 13:00:00,537.96,538.13,533.7,536.29,55.53573000000001,1605187799999,29773.93373790001,136,24.12847,12939.238794399998,0
2020-11-12 13:30:00,535.52,537.13,532.13,535.64,88.09376,1605189599999,47071.8793479,194,34.4941,18448.5811832,0
2020-11-12 14:00:00,536.91,537.87,534.0,534.0,39.50902,1605191399999,21142.971128999998,103,5.26415,2826.8453996,0
2020-11-12 14:30:00,534.6,534.61,529.29,530.85,49.81897,1605193199999,26523.1190067,134,12.580680000000001,6697.1150948999975,0
2020-11-12 15:00:00,530.84,534.74,530.84,534.74,32.146359999999994,1605194999999,17126.4746506,65,24.08527,12837.7019717,0
2020-11-12 15:30:00,534.87,535.0,531.76,534.27,12.6602,1605196799999,6753.0553465,41,2.51728,1343.9093722999999,0
2020-11-12 16:00:00,533.21,533.21,530.0,530.55,89.49611999999998,1605198599999,47592.7543226,118,63.70365,33881.929306,0
2020-11-12 16:30:00,530.99,530.99,526.08,526.81,28.66,1605200399999,15131.320827000001,92,12.45803,6582.2345907,0
2020-11-12 17:00:00,527.84,530.79,527.19,530.5,18.68611,1605202199999,9880.5058115,76,7.84818,4151.0615188,0
2020-11-12 17:30:00,530.43,530.43,523.34,524.1,33.71197,1605203999999,17748.7003638,97,4.63026,2445.5326757,0
2020-11-12 18:00:00,524.51,529.58,523.9,529.58,56.975030000000004,1605205799999,29997.801653500002,137,39.94265,21042.1153001,0
2020-11-12 18:30:00,529.72,531.8,528.91,529.41,14.083520000000002,1605207599999,7464.5935822,50,6.73912,3575.5827294,0
2020-11-12 19:00:00,529.95,530.31,529.13,529.46,6.04064,1605209399999,3198.5390224,13,0.5673600000000001,300.785472,0
2020-11-12 19:30:00,529.46,531.15,526.69,531.15,16.109189999999998,1605211199999,8514.7624721,40,6.55615,3469.2872208000013,0
2020-11-12 20:00:00,531.28,534.1,531.28,532.87,2.51914,1605212999999,1342.9345646,21,1.0497299999999998,559.8911489,0
2020-11-12 20:30:00,533.85,535.97,533.43,533.97,8.49835,1605214799999,4547.9059796,25,5.89631,3156.8409171999997,0
2020-11-12 21:00:00,534.82,536.54,533.92,535.55,51.01963,1605216599999,27317.2698463,54,8.44872,4529.8014601999985,0
2020-11-12 21:30:00,535.59,536.86,535.37,535.39,31.7412,1605218399999,17002.0789033,43,20.27064,10859.558061599999,0
2020-11-12 22:00:00,536.16,539.13,535.37,539.06,24.7582,1605220199999,13293.039719,67,15.3961,8270.4257138,0
2020-11-12 22:30:00,539.2,539.89,537.38,538.34,12.63642,1605221999999,6812.1957941,61,10.96795,5914.3927492,0
2020-11-12 23:00:00,539.11,539.11,535.81,537.12,22.3168,1605223799999,11991.965765500001,54,6.3741,3426.542822,0
2020-11-12 23:30:00,537.21,537.21,531.75,533.96,122.84719,1605225599999,65642.9202983,328,40.32659,21548.9056027,0
2020-11-13 00:00:00,534.99,536.64,532.64,535.07,18.749010000000002,1605227399999,10027.7308457,52,8.124139999999999,4351.1896876,0
2020-11-13 00:30:00,535.32,535.65,533.42,534.78,15.39029,1605229199999,8230.954684299999,57,5.66944,3033.5784305,0
2020-11-13 01:00:00,536.53,543.08,536.53,539.38,37.74342,1605230999999,20397.6896992,125,23.88355,12900.384071100001,0
2020-11-13 01:30:00,539.08,540.64,537.74,539.22,26.50345,1605232799999,14298.9658241,62,15.954360000000001,8617.316843,0
2020-11-13 02:00:00,539.64,540.29,536.15,536.15,22.4932,1605234599999,12096.952617899999,96,6.08305,3278.5530301999997,0
2020-11-13 02:30:00,536.31,539.89,536.3,539.0,29.705209999999997,1605236399999,15991.588007100001,60,22.453020000000002,12087.682826200002,0
2020-11-13 03:00:00,538.48,541.4,538.47,541.26,16.23489,1605238199999,8777.411456200001,42,10.721589999999999,5795.788691,0
2020-11-13 03:30:00,541.26,542.09,538.96,540.27,9.79853,1605239999999,5292.8676625,30,3.45154,1868.6916484,0
2020-11-13 04:00:00,539.58,539.64,535.83,537.78,18.67641,1605241799999,10035.5299724,61,7.6429399999999985,4106.1527541999985,0
2020-11-13 04:30:00,537.78,538.92,534.64,535.32,21.80004,1605243599999,11704.990699799999,97,4.3926,2362.1679351999996,0
2020-11-13 05:00:00,534.27,534.87,530.8,534.4,39.52186,1605245399999,21087.0052053,108,11.321,6037.0786248,0
2020-11-13 05:30:00,534.01,534.4,531.6,533.4,11.05157,1605247199999,5892.4538852,35,4.15681,2216.5825689,0
2020-11-13 06:00:00,533.82,536.0,533.45,536.0,14.750010000000001,1605248999999,7891.1977721,55,3.8145,2042.865454,0
2020-11-13 06:30:00,536.64,537.11,535.1,535.44,4.31608,1605250799999,2311.7812071999997,19,1.84233,986.8135517000001,0
2020-11-13 07:00:00,534.8,534.8,532.35,532.99,18.24971,1605252599999,9740.710611499999,61,5.162319999999999,2756.0401816999997,0
2020-11-13 07:30:00,533.38,537.34,531.48,536.89,33.59745,1605254399999,17954.5014026,92,14.38219,7689.033481199999,0
2020-11-13 08:00:00,537.38,540.2,536.36,537.84,30.58245,1605256199999,16467.4720376,80,24.4767,13183.4904811,0
2020-11-13 08:30:00,538.39,547.99,538.0,544.79,73.05994,1605257999999,39753.0150789,230,35.73654000000001,19440.586917099998,0
2020-11-13 09:00:00,546.21,549.75,545.99,549.62,55.11776,1605259799999,30182.2389399,144,30.37127000000001,16635.937369,0
2020-11-13 09:30:00,548.25,548.25,541.88,545.34,54.67425,1605261599999,29742.7116243,169,15.16058,8248.017379800001,0
2020-11-13 10:00:00,545.22,548.13,542.93,543.02,31.87407,1605263399999,17367.81954,99,7.9138,4311.291046,0
2020-11-13 10:30:00,542.07,543.55,537.96,540.09,22.47839,1605265199999,12162.6727702,75,11.423810000000001,6188.7416773999985,0
2020-11-13 11:00:00,540.23,540.23,536.01,539.82,22.25685,1605266999999,11962.733987399999,74,4.7864,2574.4368272,0
2020-11-13 11:30:00,539.51,542.75,539.24,542.52,10.96753,1605268799999,5931.2497811,48,9.953380000000001,5381.4619977,0
2020-11-13 12:00:00,542.56,545.86,541.17,544.6,24.10719,1605270599999,13102.3717847,86,12.51,6805.7959646,0
2020-11-13 12:30:00,543.58,548.55,543.01,543.33,24.92124,1605272399999,13591.573812600001,87,15.054210000000001,8215.734647,0
2020-11-13 13:00:00,543.91,544.89,543.12,544.76,12.89052,1605274199999,7009.775238400001,27,10.98188,5972.4766804,0
2020-11-13 13:30:00,546.0,551.18,546.0,550.01,37.16308,1605275999999,20371.0825874,123,21.48012,11765.960903,0
2020-11-13 14:00:00,550.02,555.0,546.43,547.06,49.65913,1605277799999,27360.3308116,168,20.30977,11196.342219499998,0
2020-11-13 14:30:00,547.84,548.68,543.46,547.05,47.62887,1605279599999,26039.3210493,125,21.64529,11848.7791588,0
2020-11-13 15:00:00,549.35,550.91,544.15,545.71,24.998089999999998,1605281399999,13688.0914667,86,8.71172,4786.3835266000015,0
2020-11-13 15:30:00,545.06,547.06,543.72,545.92,14.08291,1605283199999,7683.852128300001,49,5.297619999999998,2895.097882,0
2020-11-13 16:00:00,545.95,550.06,541.61,545.68,71.72686,1605284999999,39133.5285704,239,33.70837,18395.644272,0
2020-11-13 16:30:00,545.69,554.74,545.69,549.67,55.0788,1605286799999,30352.956038999997,175,28.068659999999998,15483.818593200001,0
2020-11-13 17:00:00,549.03,549.03,545.67,548.35,46.145509999999994,1605288599999,25232.1118836,73,30.868409999999997,16876.172245200003,0
2020-11-13 17:30:00,548.69,549.99,547.83,549.99,5.0035,1605290399999,2747.692081800001,22,1.14147,627.4178772000001,0
2020-11-13 18:00:00,550.0,552.0,548.78,552.0,16.269379999999998,1605292199999,8947.344153799999,53,13.32913,7332.6128530000005,0
2020-11-13 18:30:00,551.48,551.48,546.73,548.43,18.26201,1605293999999,10026.8875881,60,4.19353,2299.2159957,0
2020-11-13 19:00:00,548.92,549.44,545.79,547.39,32.30869000000001,1605295799999,17698.251861700002,85,6.7252800000000015,3690.191664,0
2020-11-13 19:30:00,547.22,550.3,547.22,550.26,10.13614,1605297599999,5566.364966800003,42,7.36107,4043.8743381,0
2020-11-13 20:00:00,549.61,549.61,546.31,547.16,19.90184,1605299399999,10913.825218200001,59,3.63545,1995.0292485,0
2020-11-13 20:30:00,548.56,548.6,546.7,547.29,7.14981,1605301199999,3913.1226145000014,22,1.0636700000000001,582.2703934,0
2020-11-13 21:00:00,548.34,550.89,547.02,547.93,9.379769999999999,1605302999999,5148.7478133,27,6.17494,3393.4753016000004,0
2020-11-13 21:30:00,548.85,550.7,546.79,546.79,12.898610000000001,1605304799999,7074.7160503999985,35,6.3886,3509.6471229999997,0
2020-11-13 22:00:00,547.66,548.74,545.01,547.02,18.28954,1605306599999,9994.959751200002,54,8.91501,4877.9942497,0
2020-11-13 22:30:00,548.1,552.57,546.47,552.35,58.81,1605308399999,32298.484685000003,159,31.372729999999997,17231.882504400004,0
2020-11-13 23:00:00,552.44,555.0,548.93,550.56,37.34335,1605310199999,20626.4125907,111,20.53031,11346.5236452,0
2020-11-13 23:30:00,551.38,556.92,550.4,554.86,14.715420000000002,1605311999999,8155.6049546,47,9.00248,4985.4935625,0
2020-11-14 00:00:00,555.42,556.93,548.28,548.28,37.26569,1605313799999,20555.0170097,124,9.44633,5213.921238100002,0
2020-11-14 00:30:00,550.15,553.91,548.37,550.25,45.09499,1605315599999,24859.5423044,160,17.95586,9902.5610884,0
2020-11-14 01:00:00,550.25,550.25,545.34,546.95,34.72274,1605317399999,18988.7598271,109,11.20298,6131.9045493,0
2020-11-14 01:30:00,546.62,550.29,546.05,548.53,38.104079999999996,1605319199999,20877.0999877,101,15.144879999999999,8303.0232282,0
2020-11-14 02:00:00,548.02,549.34,546.15,547.92,29.15403,1605320999999,15954.4848509,62,19.31362,10571.411488,0
2020-11-14 02:30:00,549.53,551.99,544.79,547.31,64.30836,1605322799999,35234.6516376,135,30.43644,16664.961567,0
2020-11-14 03:00:00,548.0,549.14,547.65,549.14,11.26034,1605324599999,6174.1519326000025,28,3.8627599999999997,2120.323134,0
2020-11-14 03:30:00,548.05,548.05,543.88,545.39,20.44164,1605326399999,11151.4551888,49,3.84936,2100.4690072999997,0
2020-11-14 04:00:00,545.39,546.67,538.34,542.05,69.44546,1605328199999,37648.6126946,198,27.885659999999998,15108.846261300001,0
2020-11-14 04:30:00,542.04,542.09,538.84,538.84,30.99362,1605329999999,16751.520602,63,6.7118199999999995,3628.4072254000002,0
2020-11-14 05:00:00,539.46,544.02,536.08,542.46,64.84371,1605331799999,35051.905777399996,184,32.37829,17513.2142424,0
2020-11-14 05:30:00,543.99,543.99,540.91,543.27,5.979509999999999,1605333599999,3240.1391512,18,3.61671,1961.4175186999998,0
2020-11-14 06:00:00,543.17,546.81,542.84,543.35,26.310209999999998,1605335399999,14347.490933399999,79,12.58,6867.7544485,0
2020-11-14 06:30:00,543.95,544.92,540.94,542.09,26.08951,1605337199999,14168.6460611,79,13.25939,7211.3717635,0
2020-11-14 07:00:00,541.99,542.0,538.1,538.22,28.62312,1605338999999,15467.602970200001,72,5.32399,2880.7542849,0
2020-11-14 07:30:00,537.86,543.49,537.38,542.14,52.73132,1605340799999,28477.7073042,112,42.364779999999996,22878.251555900002,0
2020-11-14 08:00:00,541.59,543.62,533.01,535.75,69.15353,1605342599999,37153.0534318,214,25.62848,13756.448061000001,0
2020-11-14 08:30:00,535.43,540.23,534.11,538.88,46.05055,1605344399999,24751.0963955,149,21.55789,11611.8737798,0
2020-11-14 09:00:00,537.96,537.96,533.97,536.45,18.28448,1605346199999,9800.6670097,52,10.66576,5718.0153099,0
2020-11-14 09:30:00,534.82,536.08,527.15,527.38,163.50517,1605347999999,86928.9665555,409,96.86721999999999,51512.7424327,0
2020-11-14 10:00:00,527.35,544.62,523.89,528.93,171.52275,1605349799999,90906.6688655,578,86.20218,45724.1156449,0
2020-11-14 10:30:00,530.21,530.21,525.6,525.96,9.48552,1605351599999,5004.2644811,39,1.32542,700.3814299,0
2020-11-14 11:00:00,525.03,532.69,524.12,532.14,47.93591,1605353399999,25322.215652900002,133,29.07635,15352.7256102,0
2020-11-14 11:30:00,530.77,531.28,527.58,530.86,37.31593,1605355199999,19764.469341099997,93,19.95962,10577.3331354,0
2020-11-14 12:00:00,530.37,533.01,527.3,529.21,36.587509999999995,1605356999999,19392.487921400007,98,16.89949,8949.8132238,0
2020-11-14 12:30:00,529.55,534.51,529.55,533.75,8.44764,1605358799999,4501.060988800001,27,7.801939999999999,4156.410145800001,0
2020-11-14 13:00:00,534.11,534.6,532.51,534.6,2.96233,1605360599999,1580.6203287,15,0.07767,41.5031005,0
2020-11-14 13:30:00,535.0,536.04,532.49,534.68,12.24892,1605362399999,6546.410619100001,33,5.5334699999999994,2964.1858235,0
2020-11-14 14:00:00,535.78,536.64,532.87,536.04,23.06916,1605364199999,12341.1461082,72,11.997630000000001,6424.0941586,0
2020-11-14 14:30:00,536.08,536.85,534.91,536.38,18.966070000000002,1605365999999,10165.4247583,37,16.38832,8785.692238200001,0
2020-11-14 15:00:00,536.38,536.4,530.55,533.71,38.94619,1605367799999,20780.4562961,120,14.40797,7681.5156400000005,0
2020-11-14 15:30:00,534.25,536.71,532.83,534.29,42.65419,1605369599999,22796.123535299997,86,30.10344000000001,16097.8539447,0
2020-11-14 16:00:00,534.08,539.02,530.61,536.25,58.59332,1605371399999,31387.997992400004,153,36.78536,19724.6738697,0
2020-11-14 16:30:00,537.51,537.52,526.63,526.93,64.56884000000001,1605373199999,34194.683029299995,219,22.78138,12061.754657,0
2020-11-14 17:00:00,529.33,530.91,519.93,526.74,176.78995,1605374999999,92815.5629347,562,103.20615,54213.256641,0
2020-11-14 17:30:00,526.29,531.8,526.28,530.55,23.42531,1605376799999,12394.1681884,86,5.1767400000000015,2743.9665855,0
2020-11-14 18:00:00,530.14,532.56,530.14,531.48,15.820670000000002,1605378599999,8405.408801399999,62,9.8006,5209.9798995,0
2020-11-14 18:30:00,530.02,532.32,526.91,530.78,77.48351,1605380399999,41050.4708215,190,43.106759999999994,22869.3635607,0
2020-11-14 19:00:00,530.15,534.78,525.51,526.35,162.03225,1605382199999,85810.3227861,537,66.79796,35409.1141814,0
2020-11-14 19:30:00,526.5,528.62,523.99,528.01,36.80169,1605383999999,19376.101253099998,107,16.29682,8588.2595754,0
2020-11-14 20:00:00,527.26,532.3,523.99,529.93,75.71374,1605385799999,39978.849159900004,236,32.2998,17065.7625908,0
2020-11-14 20:30:00,529.7,531.15,528.34,528.34,12.84452,1605387599999,6803.375414,50,3.1826,1689.2556107999999,0
2020-11-14 21:00:00,528.81,530.42,526.17,528.84,46.93779,1605389399999,24781.6026913,102,32.7305,17287.288627,0
2020-11-14 21:30:00,527.76,529.53,527.09,528.23,26.278509999999997,1605391199999,13883.8037818,80,11.26604,5956.3522768,0
2020-11-14 22:00:00,528.83,529.08,527.57,527.57,6.19376,1605392999999,3272.7659415999997,23,3.53016,1866.1297425,0
2020-11-14 22:30:00,527.09,534.02,524.43,532.54,223.18243999999999,1605394799999,118275.7840829,769,129.21716,68549.07420219999,0
2020-11-14 23:00:00,533.47,534.63,529.93,530.23,24.95346,1605396599999,13300.8148475,108,12.40584,6617.0282643,0
2020-11-14 23:30:00,531.93,534.33,528.85,529.26,74.38404,1605398399999,39483.3659112,130,24.39639,12977.778799299998,0
2020-11-15 00:00:00,529.3,535.36,526.29,535.15,40.82947,1605400199999,21649.8541565,181,25.085729999999998,13320.922825900001,0
2020-11-15 00:30:00,534.8,535.4,532.31,532.8,25.0297,1605401999999,13352.694249200002,66,8.622110000000001,4606.1858405,0
2020-11-15 01:00:00,533.38,534.48,526.16,528.0,41.57267,1605403799999,22041.7444233,145,13.81865,7342.935024799999,0
2020-11-15 01:30:00,528.69,530.59,527.06,527.96,72.68466,1605405599999,38433.255709400015,202,53.54159,28320.6380001,0
2020-11-15 02:00:00,528.41,529.94,524.24,524.71,118.74202,1605407399999,62555.729417999995,342,71.02941,37429.7547071,0
2020-11-15 02:30:00,524.99,525.27,523.71,524.13,64.89353,1605409199999,34032.560614099995,175,51.74473,27141.2899163,0
2020-11-15 03:00:00,524.02,524.65,519.53,522.56,110.94747,1605410999999,57907.0196709,322,80.0914,41799.686757999996,0
2020-11-15 03:30:00,522.56,523.86,521.46,522.18,36.79282,1605412799999,19223.0426087,158,28.680559999999996,14987.911031200001,0
2020-11-15 04:00:00,521.96,525.82,519.77,524.01,151.25616000000005,1605414599999,79048.97007060001,389,96.49625999999999,50481.945438999996,0
2020-11-15 04:30:00,523.92,524.74,521.21,522.18,51.993559999999995,1605416399999,27166.7293988,154,30.99128,16198.9949512,0
2020-11-15 05:00:00,521.88,526.29,521.88,524.92,54.691230000000004,1605418199999,28642.412390599995,202,48.5217,25409.260481,0
2020-11-15 05:30:00,524.92,527.0,524.69,525.86,57.96224,1605419999999,30483.7883967,173,40.661359999999995,21384.951613,0
2020-11-15 06:00:00,525.95,525.98,523.34,525.56,56.25676,1605421799999,29507.0736078,211,41.12948,21572.3241466,0
2020-11-15 06:30:00,525.28,530.12,524.7,527.97,72.53945999999998,1605423599999,38259.8564589,331,43.74815,23075.66958920001,0
2020-11-15 07:00:00,527.86,530.68,527.35,528.22,71.06600999999998,1605425399999,37584.8373372,160,48.13947,25459.8423817,0
2020-11-15 07:30:00,527.97,530.37,527.96,529.64,40.49495,1605427199999,21439.0135543,136,26.694390000000002,14132.8075551,0
2020-11-15 08:00:00,529.63,531.78,529.15,529.6,36.486290000000004,1605428999999,19346.792993799998,173,25.47071,13510.170942200002,0
2020-11-15 08:30:00,529.51,531.78,529.51,531.38,40.48895,1605430799999,21493.164879,281,30.005,15929.547961100001,0
2020-11-15 09:00:00,531.78,531.78,529.23,529.53,23.98551,1605432599999,12714.762986299998,136,13.673820000000001,7248.050284,0
2020-11-15 09:30:00,529.77,530.01,527.31,527.63,31.77892,1605434399999,16782.2145977,201,24.00131,12673.8476965,0
2020-11-15 10:00:00,527.95,529.85,523.06,523.06,95.04315,1605436199999,49954.99358510001,414,57.27972,30092.0809545,0
2020-11-15 10:30:00,523.31,526.36,522.73,523.75,65.46051,1605437999999,34309.764669,243,47.57608,24945.8025504,0
2020-11-15 11:00:00,523.91,527.35,521.88,524.73,97.90305,1605439799999,51333.1412061,308,53.301359999999995,27950.42294990001,0
2020-11-15 11:30:00,525.86,526.46,521.01,522.27,93.82755,1605441599999,49119.3164648,274,56.62846999999999,29630.6004837,0
2020-11-15 12:00:00,521.87,524.48,520.35,522.7,159.74872,1605443399999,83481.52163130001,572,90.44384000000001,47279.527169199995,0
2020-11-15 12:30:00,522.41,525.51,522.4,524.25,107.28625,1605445199999,56246.1207581,204,61.38749,32194.2726919,0
2020-11-15 13:00:00,524.0,525.61,521.08,523.29,126.57141000000001,1605446999999,66244.9016079,485,67.02762,35077.910344699994,0
2020-11-15 13:30:00,523.26,526.71,523.01,523.68,66.93777,1605448799999,35125.3459623,385,50.19591,26342.2215543,0
2020-11-15 14:00:00,523.84,528.31,522.65,525.67,75.38096,1605450599999,39529.76499059999,290,62.64015,32831.839316900005,0
2020-11-15 14:30:00,525.67,527.23,524.15,525.19,86.0923,1605452399999,45221.2755112,266,55.8002,29303.1002225,0
2020-11-15 15:00:00,525.46,528.94,525.0,525.0,90.04767,1605454199999,47455.5147131,352,74.53103,39287.3098895,0
2020-11-15 15:30:00,525.24,526.16,522.38,524.12,94.05199,1605455999999,49285.871837599996,437,49.86087,26143.2480678,0
2020-11-15 16:00:00,523.87,526.94,520.72,520.97,100.4562,1605457799999,52589.6586187,406,63.295469999999995,33133.826253099985,0
2020-11-15 16:30:00,520.97,524.92,520.72,521.43,86.72264,1605459599999,45308.283841000004,407,53.97212,28186.653705400004,0
2020-11-15 17:00:00,521.17,522.44,516.09,516.98,177.45514,1605461399999,92173.0631878,501,93.6507,48664.9513292,0
2020-11-15 17:30:00,516.24,520.55,509.35,513.74,451.57607,1605463199999,232383.57817670002,1618,235.20966,121097.318602,0
2020-11-15 18:00:00,513.48,516.14,508.44,513.2,256.68001,1605464999999,131591.3857317,1162,145.3324,74554.2344216,0
2020-11-15 18:30:00,513.05,514.98,509.88,512.56,181.95354,1605466799999,93245.57690110001,884,76.73709000000002,39339.7868676,0
2020-11-15 19:00:00,512.07,517.64,508.64,516.11,189.78184,1605468599999,97430.8616438,612,119.35557,61244.457934599995,0
2020-11-15 19:30:00,515.21,515.21,510.96,514.55,106.89818000000001,1605470399999,54872.779794099995,395,69.00871,35427.5918671,0
2020-11-15 20:00:00,513.52,515.57,509.16,510.21,143.50545,1605472199999,73535.36375650001,657,72.43559,37135.2987588,0
2020-11-15 20:30:00,510.21,513.88,508.31,512.36,122.82354,1605473999999,62813.1017426,409,85.12669,43542.615345499995,0
2020-11-15 21:00:00,511.21,515.81,510.08,512.17,114.54953,1605475799999,58716.1074964,372,75.41123,38666.62275919999,0
2020-11-15 21:30:00,512.17,513.88,509.04,509.3,121.93566000000001,1605477599999,62329.2045046,628,58.41761999999999,29872.496072900005,0
2020-11-15 22:00:00,509.3,509.57,499.52,505.08,208.26785,1605479399999,104983.6991967,590,142.42682,71760.15681900001,0
2020-11-15 22:30:00,505.07,515.26,505.07,512.73,189.49694,1605481199999,96662.098623,489,107.91636000000001,55053.0185804,0
2020-11-15 23:00:00,515.51,516.0,511.67,515.18,22.23482000000001,1605482999999,11438.739705299999,66,5.70253,2936.538316800001,0
2020-11-15 23:30:00,516.08,518.12,515.09,515.64,49.15466,1605484799999,25384.6105404,145,17.93819,9273.7579472,0
2020-11-16 00:00:00,515.64,515.64,507.68,511.64,66.09314,1605486599999,33828.8836572,167,34.35375,17578.8264032,0
2020-11-16 00:30:00,511.35,516.01,508.44,515.4,51.42863,1605488399999,26304.523002,120,24.51701,12551.0703699,0
2020-11-16 01:00:00,516.96,517.66,514.59,514.59,21.87752,1605490199999,11296.658051999999,65,10.710980000000001,5536.5223101,0
2020-11-16 01:30:00,515.31,517.84,513.69,515.07,19.61052,1605491999999,10103.8967157,47,11.93887,6152.4956874,0
2020-11-16 02:00:00,515.38,518.69,513.03,513.81,59.449980000000004,1605493799999,30667.7414819,144,29.21326,15077.311835299999,0
2020-11-16 02:30:00,513.81,516.8,513.81,514.32,31.561740000000004,1605495599999,16274.7922248,85,13.29246,6850.7495867,0
2020-11-16 03:00:00,514.72,519.51,514.72,518.08,13.77616,1605497399999,7132.6967641,46,8.77157,4543.683549,0
2020-11-16 03:30:00,518.84,519.62,517.31,518.9,27.1638,1605499199999,14083.274894,74,13.17617,6835.586350300001,0
2020-11-16 04:00:00,519.95,523.68,519.87,523.42,42.80895,1605500999999,22321.5607474,128,36.68327,19129.808073099997,0
2020-11-16 04:30:00,523.61,524.87,522.85,523.71,16.21057,1605502799999,8490.253581300001,46,8.79544,4607.7233481,0
2020-11-16 05:00:00,524.92,527.88,524.59,525.35,54.31811999999999,1605504599999,28586.3453013,152,24.22206,12756.286538200002,0
2020-11-16 05:30:00,525.15,527.3,519.94,520.76,79.95099,1605506399999,41883.4640086,278,27.0767,14206.445018999999,0
2020-11-16 06:00:00,520.29,524.41,520.23,522.05,70.9342,1605508199999,37025.7645533,210,46.12169,24081.121398099996,0
2020-11-16 06:30:00,522.18,523.39,519.62,521.77,49.03507000000001,1605509999999,25587.2205162,165,20.498829999999998,10705.867943899999,0
2020-11-16 07:00:00,522.01,522.7,517.57,517.57,39.598259999999996,1605511799999,20591.9817584,127,18.83432,9811.173799,0
2020-11-16 07:30:00,518.03,518.47,515.12,516.92,36.20092,1605513599999,18717.4933403,152,14.34839,7423.1848482,0
2020-11-16 08:00:00,517.35,518.68,515.0,518.23,40.38127,1605515399999,20889.311452500002,114,22.04282000000001,11403.2852777,0
2020-11-16 08:30:00,518.05,519.56,517.23,518.1,9.74837,1605517199999,5051.9790311000015,28,8.05251,4173.6926677,0
2020-11-16 09:00:00,518.59,519.36,515.96,517.96,37.61225,1605518999999,19456.417213900004,106,21.95671,11359.8357724,0
2020-11-16 09:30:00,516.72,518.47,516.43,518.47,11.08447,1605520799999,5734.1860244,36,5.43417,2813.885837300001,0
2020-11-16 10:00:00,519.15,522.09,518.58,518.88,18.31619,1605522599999,9528.7971937,81,8.71748,4544.7520644,0
2020-11-16 10:30:00,519.5,519.54,517.99,519.46,19.112920000000006,1605524399999,9918.949842,66,10.27339,5333.8249789,0
2020-11-16 11:00:00,519.83,519.88,516.96,518.7,21.930039999999998,1605526199999,11367.1978205,44,8.0916,4196.4843814999995,0
2020-11-16 11:30:00,518.82,520.99,515.98,515.98,26.01719,1605527999999,13498.1108081,53,12.94697,6730.1480646,0
2020-11-16 12:00:00,517.96,520.16,516.93,520.13,17.73767,1605529799999,9205.9234964,46,13.6711,7098.8777177,0
2020-11-16 12:30:00,519.48,520.0,518.12,519.16,4.56006,1605531599999,2366.0031611,17,1.88261,977.8004344000001,0
2020-11-16 13:00:00,518.9,519.55,517.25,518.25,56.832409999999996,1605533399999,29465.490697400004,100,25.4086,13185.164534399999,0
2020-11-16 13:30:00,518.83,525.8,518.83,525.12,96.04127,1605535199999,50310.8795975,199,61.60343,32249.3825196,0
2020-11-16 14:00:00,525.24,528.22,524.77,525.76,84.60200999999998,1605536999999,44559.5754523,177,50.361000000000004,26548.524567,0
2020-11-16 14:30:00,525.39,527.11,523.01,525.86,51.37409,1605538799999,26971.0499017,98,23.00571,12081.755998,0
2020-11-16 15:00:00,526.97,528.63,524.45,526.83,42.07973,1605540599999,22184.7971961,104,24.88522,13126.0160471,0
2020-11-16 15:30:00,527.3,528.28,523.84,526.47,28.16514,1605542399999,14812.8756278,66,6.0702300000000005,3194.6270648,0
2020-11-16 16:00:00,525.49,527.23,519.2,519.55,82.80604,1605544199999,43208.8102853,212,28.41922000000001,14836.741167200002,0
2020-11-16 16:30:00,520.7,523.62,518.37,521.77,50.1461,1605545999999,26129.8585439,117,26.26785,13699.766148899998,0
2020-11-16 17:00:00,522.31,527.13,522.31,526.86,31.000999999999998,1605547799999,16281.5226303,72,22.384629999999998,11757.5932573,0
2020-11-16 17:30:00,526.39,526.47,523.13,525.72,55.12024,1605549599999,28947.9500274,108,16.48562,8668.4673652,0
2020-11-16 18:00:00,525.72,529.77,524.27,526.85,71.55393000000002,1605551399999,37723.8553307,163,50.34619,26561.0271803,0
2020-11-16 18:30:00,526.6,527.08,522.01,524.79,44.33563,1605553199999,23227.72745440001,93,24.51274,12842.5876547,0
2020-11-16 19:00:00,525.21,525.84,520.18,520.3,77.55569,1605554999999,40462.7666036,202,28.482059999999997,14867.144344499999,0
2020-11-16 19:30:00,520.58,521.56,517.88,519.92,67.56251,1605556799999,35092.347308,104,44.62161,23175.503258400004,0
2020-11-16 20:00:00,520.72,521.12,517.64,519.39,42.233670000000004,1605558599999,21918.4507707,79,9.41906,4893.455193600002,0
2020-11-16 20:30:00,519.3,519.65,516.91,519.39,52.10422,1605560399999,27031.5756228,83,14.8223,7694.904928,0
2020-11-16 21:00:00,519.0,521.14,518.24,521.14,19.10044,1605562199999,9924.613639799998,58,9.47643,4930.145772600001,0
2020-11-16 21:30:00,521.14,521.14,512.16,515.11,178.15299,1605563999999,92068.1432247,384,79.27642,41003.3116041,0
2020-11-16 22:00:00,516.52,517.05,512.46,513.58,128.48189,1605565799999,66145.0600334,217,66.55569,34280.9839946,0
2020-11-16 22:30:00,514.01,517.54,514.01,516.24,19.45448,1605567599999,10046.5989063,53,9.45021,4878.920364500002,0
2020-11-16 23:00:00,516.5,520.73,516.5,520.37,29.66382,1605569399999,15377.5126674,78,11.88924,6161.791163100002,0
2020-11-16 23:30:00,520.72,520.72,515.99,517.98,16.65147,1605571199999,8631.8489799,36,9.18034,4755.1038021,0
2020-11-17 00:00:00,516.74,520.62,516.01,517.74,114.23091000000001,1605572999999,59239.9210864,373,58.702980000000004,30425.638374799997,0
2020-11-17 00:30:00,517.47,518.84,513.71,516.88,80.25820999999998,1605574799999,41435.634598000004,264,43.49264,22469.696929700003,0
2020-11-17 01:00:00,517.4,517.92,513.16,517.1,70.60239,1605576599999,36385.408275199996,194,23.77267,12260.3023391,0
2020-11-17 01:30:00,516.79,517.62,513.34,515.13,60.69289000000001,1605578399999,31285.2584593,166,11.780389999999999,6083.2614859,0
2020-11-17 02:00:00,515.61,519.0,515.61,518.49,41.38412,1605580199999,21425.996840599997,119,20.73938,10741.0434712,0
2020-11-17 02:30:00,517.29,518.19,513.85,517.16,49.48153,1605581999999,25514.8020164,175,25.5686,13192.9643338,0
2020-11-17 03:00:00,517.05,518.72,515.52,515.92,73.93504,1605583799999,38240.5644652,159,46.57862,24102.5035604,0
2020-11-17 03:30:00,517.31,521.19,515.86,516.37,34.178259999999995,1605585599999,17745.8270805,180,13.586839999999999,7052.2642397,0
2020-11-17 04:00:00,517.08,518.89,514.14,515.5,177.79596,1605587399999,91788.19391900001,435,75.72944,39103.379173,0
2020-11-17 04:30:00,515.5,516.14,513.69,514.81,67.68496,1605589199999,34844.1660165,290,29.86373,15378.925601700004,0
2020-11-17 05:00:00,515.15,515.35,511.39,514.26,41.527429999999995,1605590999999,21316.9957343,138,23.195999999999998,11918.4253366,0
2020-11-17 05:30:00,514.34,516.01,513.09,514.85,34.74654,1605592799999,17874.3015536,130,11.13332,5726.3847798,0
2020-11-17 06:00:00,514.92,517.66,511.89,515.29,46.168079999999996,1605594599999,23758.453067,194,21.921870000000002,11291.9052907,0
2020-11-17 06:30:00,515.55,522.0,515.55,517.55,141.34085,1605596399999,73337.7549037,438,93.90281,48724.5978294,0
2020-11-17 07:00:00,517.56,522.41,517.55,517.76,62.79614,1605598199999,32670.8239647,205,30.753940000000004,16014.170522600001,0
2020-11-17 07:30:00,517.77,520.27,513.98,516.77,100.38194,1605599999999,51885.030175,316,50.29554,26025.885752500002,0
2020-11-17 08:00:00,516.65,518.72,513.84,516.14,86.32916999999998,1605601799999,44598.7488171,166,44.186409999999995,22846.0526021,0
2020-11-17 08:30:00,517.28,519.45,515.43,519.38,37.95828,1605603599999,19648.847706099998,87,22.04285,11426.322042799999,0
2020-11-17 09:00:00,519.4,520.54,518.01,518.09,43.94498,1605605399999,22817.5662872,196,24.29982,12617.343050399999,0
2020-11-17 09:30:00,517.1,517.75,512.13,516.56,80.32088,1605607199999,41320.97790380001,266,47.2564,24313.292189300002,0
2020-11-17 10:00:00,516.35,518.69,514.78,518.04,25.65458,1605608999999,13258.936910299999,71,13.19395,6826.3021001000025,0
2020-11-17 10:30:00,518.84,519.68,517.02,517.34,68.83135,1605610799999,35693.8646072,278,15.013770000000001,7783.8820792,0
2020-11-17 11:00:00,517.08,519.06,513.0,514.45,103.62759,1605612599999,53469.2630808,251,44.92053,23208.6955365,0
2020-11-17 11:30:00,514.94,518.08,514.86,517.24,32.63492,1605614399999,16855.1196922,70,19.78809,10224.5567058,0
2020-11-17 12:00:00,517.55,517.97,515.41,516.82,37.12139000000001,1605616199999,19197.205207,73,18.433870000000002,9538.954318600001,0
2020-11-17 12:30:00,517.53,519.52,516.38,518.93,109.73311000000001,1605617999999,56836.678725699996,170,68.36061,35417.350795199985,0
2020-11-17 13:00:00,517.87,519.47,517.07,519.41,27.1553,1605619799999,14070.040653100004,62,10.88247,5643.4124748,0
2020-11-17 13:30:00,519.41,519.49,516.4,517.41,21.71931,1605621599999,11249.6518545,86,6.20461,3214.6226827,0
2020-11-17 14:00:00,516.64,521.45,516.64,521.26,25.249779999999998,1605623399999,13112.562967200001,115,12.63391,6572.1891243,0
2020-11-17 14:30:00,520.98,522.42,519.2,519.2,54.722809999999996,1605625199999,28488.4534356,117,26.22702,13670.5518445,0
2020-11-17 15:00:00,520.01,520.41,514.08,517.14,138.41363,1605626999999,71648.00121900001,300,62.33608,32295.097447900003,0
2020-11-17 15:30:00,517.82,522.49,515.19,520.17,83.30412,1605628799999,43191.8206489,227,37.662009999999995,19558.3903792,0
2020-11-17 16:00:00,521.54,521.61,516.19,520.49,96.50968,1605630599999,50099.39024340001,228,31.299970000000002,16265.5191305,0
2020-11-17 16:30:00,520.82,524.0,518.49,519.96,179.90171999999995,1605632399999,93813.88505619999,485,93.59023,48843.3568689,0
2020-11-17 17:00:00,520.63,522.25,516.29,522.05,92.12616,1605634199999,47840.077515699995,291,50.51824000000001,26250.163060599996,0
2020-11-17 17:30:00,521.21,523.41,519.32,521.22,66.21056,1605635999999,34531.7270364,185,39.376459999999994,20558.688012900002,0
2020-11-17 18:00:00,521.8,525.0,519.99,523.02,47.96293,1605637799999,25069.6040304,228,28.65336,14984.157305899998,0
2020-11-17 18:30:00,522.67,526.66,520.82,524.33,101.71515,1605639599999,53248.5749011,318,46.216,24228.2420053,0
2020-11-17 19:00:00,525.52,528.17,524.2,525.87,63.78675,1605641399999,33566.871599,186,35.71713,18802.9652746,0
2020-11-17 19:30:00,526.17,528.99,526.08,527.38,27.631240000000002,1605643199999,14577.672987099999,157,18.168110000000002,9590.8053736,0
2020-11-17 20:00:00,527.29,528.94,525.09,526.05,59.795730000000006,1605644999999,31519.0440725,139,27.6546,14590.133291999999,0
2020-11-17 20:30:00,527.35,528.99,525.26,528.97,45.249159999999996,1605646799999,23875.883038699998,104,20.86218,11022.166490200001,0
2020-11-17 21:00:00,528.99,529.33,522.95,524.8,103.12026999999999,1605648599999,54287.599292,264,64.43772,33959.7829559,0
2020-11-17 21:30:00,526.2,528.21,523.66,526.13,68.2153,1605650399999,35866.354332300005,149,24.38497000000001,12833.7422624,0
2020-11-17 22:00:00,526.12,526.12,521.27,523.56,43.25298,1605652199999,22630.7407151,129,18.51904,9693.2486278,0
2020-11-17 22:30:00,524.91,526.51,524.27,526.51,19.2602,1605653999999,10114.2397338,60,13.27159,6971.2697907,0
2020-11-17 23:00:00,526.58,529.82,524.39,528.41,33.99098,1605655799999,17912.834624900002,151,21.8957,11555.4323379,0
2020-11-17 23:30:00,528.45,528.61,524.53,525.68,61.668530000000004,1605657599999,32465.7262555,159,18.571820000000002,9781.272868600001,0
2020-11-18 00:00:00,526.75,532.65,526.75,530.73,80.30013000000002,1605659399999,42611.7517393,246,40.021159999999995,21253.4274902,0
2020-11-18 00:30:00,530.75,535.0,529.84,535.0,80.0753,1605661199999,42649.744789699995,399,49.54738,26410.355256400002,0
2020-11-18 01:00:00,533.05,536.78,532.31,535.97,43.304159999999996,1605662999999,23143.6260979,159,20.9671,11204.5442805,0
2020-11-18 01:30:00,535.49,536.48,533.68,534.43,35.10334,1605664799999,18783.280714099998,99,15.63369,8374.9299827,0
2020-11-18 02:00:00,534.22,535.6,529.82,534.27,88.20219,1605666599999,47074.5870092,249,34.24708,18279.3794211,0
2020-11-18 02:30:00,535.16,536.48,522.48,527.26,491.67862,1605668399999,259665.4712044,1237,185.67581,98036.6720397,0
2020-11-18 03:00:00,527.23,531.9,525.22,530.92,108.74067,1605670199999,57364.923976,394,57.45399000000001,30329.9944227,0
2020-11-18 03:30:00,530.55,531.83,525.71,530.38,140.86568,1605671999999,74513.58896000001,467,56.61464,29959.70990730001,0
2020-11-18 04:00:00,530.39,534.09,528.94,531.3,108.31849,1605673799999,57544.9013921,318,41.9229,22284.4013735,0
2020-11-18 04:30:00,531.99,532.52,527.18,530.7,87.50899,1605675599999,46438.80903419999,269,38.63807,20503.284964,0
2020-11-18 05:00:00,530.31,536.85,529.65,532.17,74.61317,1605677399999,39803.212272199984,270,40.45256,21596.7027854,0
2020-11-18 05:30:00,533.22,534.35,505.43,516.38,645.40026,1605679199999,332577.3962742,1634,190.88012,98659.73514939999,0
2020-11-18 06:00:00,517.22,517.66,509.43,511.68,407.07791000000003,1605680999999,208883.45516440002,1663,150.92893,77532.8220647,0
2020-11-18 06:30:00,512.71,517.75,510.02,510.76,245.09577000000002,1605682799999,125927.09596860001,911,117.14945,60245.1940474,0
2020-11-18 07:00:00,510.82,512.85,505.93,508.65,86.94816999999998,1605684599999,44300.4439665,252,34.73036,17715.4132689,0
2020-11-18 07:30:00,509.33,513.95,509.22,512.54,74.13634,1605686399999,37924.881584800016,258,29.65902,15178.4093606,0
2020-11-18 08:00:00,513.13,513.95,510.26,510.26,73.53875,1605688199999,37685.69276090001,199,27.37675,14045.272099200001,0
2020-11-18 08:30:00,511.64,514.73,511.24,512.78,22.41087000000001,1605689999999,11504.707118200002,94,11.15748,5728.8278446999975,0
2020-11-18 09:00:00,512.54,513.15,507.78,508.43,114.64882,1605691799999,58549.97974330001,301,38.47743,19664.533507599997,0
2020-11-18 09:30:00,509.74,514.05,509.26,513.27,100.67591,1605693599999,51517.7211877,267,45.40537,23254.719951099996,0
2020-11-18 10:00:00,513.44,515.76,511.59,514.67,61.03317,1605695399999,31342.352734099997,160,34.13974,17550.3875031,0
2020-11-18 10:30:00,514.99,517.2,514.11,516.48,20.5444,1605697199999,10594.0726587,57,18.187920000000002,9380.407125700001,0
2020-11-18 11:00:00,517.41,517.42,512.34,515.32,49.337540000000004,1605698999999,25409.3881211,162,18.669710000000002,9621.9078575,0
2020-11-18 11:30:00,514.58,518.27,512.17,515.57,82.5909,1605700799999,42589.0897915,254,49.0171,25302.2235848,0
2020-11-18 12:00:00,515.31,517.11,513.15,515.69,39.97681,1605702599999,20588.533241900004,126,18.56598,9567.312038799999,0
2020-11-18 12:30:00,515.93,517.11,511.52,512.74,43.89311,1605704399999,22570.5721436,138,20.38593,10492.8624529,0
2020-11-18 13:00:00,512.14,516.74,509.84,512.55,85.03753,1605706199999,43665.0424663,263,41.09019,21122.0586852,0
2020-11-18 13:30:00,512.54,515.28,507.43,511.34,134.85664,1605707999999,68850.08437839999,401,66.72889,34113.3385686,0
2020-11-18 14:00:00,510.46,512.39,507.0,510.0,70.30236,1605709799999,35875.3193458,185,36.16068,18479.0348404,0
2020-11-18 14:30:00,510.11,510.12,506.09,507.44,184.15406000000002,1605711599999,93563.22753660001,505,112.3087,57096.3812615,0
2020-11-18 15:00:00,507.1,514.0,505.32,512.31,194.9668,1605713399999,99215.0167476,546,115.95561000000001,59066.3692158,0
2020-11-18 15:30:00,512.14,514.84,510.33,514.0,88.97913,1605715199999,45688.3235694,216,56.51928,29047.7107287,0
2020-11-18 16:00:00,513.11,516.08,509.59,513.78,121.45071000000002,1605716999999,62314.6410008,412,60.527609999999996,31073.168839899998,0
2020-11-18 16:30:00,514.02,516.18,511.81,513.14,131.07048,1605718799999,67357.2201505,386,91.50856,47044.32696180001,0
2020-11-18 17:00:00,513.08,517.64,511.52,515.24,69.90191999999999,1605720599999,36020.9037145,253,42.53135,21931.4017762,0
2020-11-18 17:30:00,515.29,518.61,512.67,515.59,142.90525,1605722399999,73731.4620518,410,77.20385999999998,39876.0911385,0
2020-11-18 18:00:00,515.99,517.94,511.22,511.63,144.29863999999995,1605724199999,74331.4638704,472,78.80306,40630.594439099994,0
2020-11-18 18:30:00,511.63,516.71,511.03,513.33,117.92589,1605725999999,60540.4511771,567,54.292759999999994,27898.889060400004,0
2020-11-18 19:00:00,513.56,515.97,507.8,509.0,179.69701,1605727799999,92010.95641130001,799,79.74502,40849.8506998,0
2020-11-18 19:30:00,508.75,511.52,507.02,509.56,43.96228,1605729599999,22392.693635699998,120,17.903589999999994,9126.3725693,0
2020-11-18 20:00:00,509.56,510.75,506.63,508.61,38.65274,1605731399999,19656.5172549,148,17.52102,8910.982233,0
2020-11-18 20:30:00,507.8,511.3,507.52,508.11,64.67668,1605733199999,32933.9780861,233,28.6786,14611.1708046,0
2020-11-18 21:00:00,508.11,510.68,507.62,509.74,25.299529999999997,1605734999999,12889.823396200001,85,15.45529,7880.5417955,0
2020-11-18 21:30:00,510.78,514.74,507.6,511.87,52.15337,1605736799999,26642.338817,198,19.55142,9998.8891275,0
2020-11-18 22:00:00,511.86,514.46,509.89,512.52,51.08016,1605738599999,26153.1254278,156,26.473679999999998,13562.792136700002,0
2020-11-18 22:30:00,512.31,517.82,511.18,517.26,164.89241,1605740399999,84975.8647795,290,55.96778000000001,28816.355815599996,0
2020-11-18 23:00:00,516.15,516.15,509.0,510.2,277.12391,1605742199999,141550.38904,305,148.28393,75718.07410710001,0
2020-11-18 23:30:00,510.49,513.28,509.76,510.87,35.582029999999996,1605743999999,18182.228544999998,99,22.95745,11736.125995999999,0
2020-11-19 00:00:00,510.66,512.36,504.22,506.2,206.66099,1605745799999,104630.9912135,465,107.91023999999999,54613.88305519999,0
2020-11-19 00:30:00,504.66,509.28,504.66,507.68,56.831869999999995,1605747599999,28852.5341487,145,41.67627,21160.515566799997,0
2020-11-19 01:00:00,508.0,508.57,505.97,507.58,31.932609999999997,1605749399999,16205.627794,98,7.217410000000001,3666.85241,0
2020-11-19 01:30:00,508.61,510.02,508.44,509.35,19.24314,1605751199999,9795.702851,62,11.99399,6106.794895100003,0
2020-11-19 02:00:00,510.05,510.78,506.69,508.51,32.17087,1605752999999,16356.805231400005,124,11.315539999999999,5751.7921005,0
2020-11-19 02:30:00,508.97,510.67,506.93,510.59,33.7533,1605754799999,17191.965050400002,72,22.99617000000001,11716.008465500001,0
2020-11-19 03:00:00,510.67,512.24,507.09,507.66,49.52959,1605756599999,25237.2861931,176,26.7691,13654.277204499998,0
2020-11-19 03:30:00,508.02,509.39,507.52,509.39,9.24099,1605758399999,4699.3392164,29,5.94385,3024.4225845,0
2020-11-19 04:00:00,509.53,510.05,505.36,506.75,52.75816,1605760199999,26764.0349197,161,21.54441,10938.986143,0
2020-11-19 04:30:00,508.03,509.35,506.36,508.68,10.56357,1605761999999,5370.413884600001,31,8.62812,4388.804161300001,0
2020-11-19 05:00:00,507.35,509.06,506.43,508.12,33.42522,1605763799999,16949.9918649,66,17.68073,8967.6735063,0
2020-11-19 05:30:00,508.34,510.46,505.82,509.85,41.77516,1605765599999,21263.9398062,86,14.80884,7538.6387037,0
2020-11-19 06:00:00,510.47,510.68,506.0,506.0,23.28029,1605767399999,11828.2231162,59,9.459010000000001,4810.7669881,0
2020-11-19 06:30:00,507.13,507.16,503.74,505.44,45.16891,1605769199999,22814.1040452,110,16.652260000000002,8415.882041699999,0
2020-11-19 07:00:00,505.31,507.04,502.6,505.88,54.69696999999999,1605770999999,27627.4704787,150,31.57933,15962.4940049,0
2020-11-19 07:30:00,505.88,505.88,502.55,503.56,35.60737,1605772799999,17941.385607199998,110,19.66991,9913.629193,0
2020-11-19 08:00:00,503.57,505.17,502.01,503.67,36.57819,1605774599999,18416.5164005,89,21.6749,10913.2872959,0
2020-11-19 08:30:00,504.37,506.51,501.0,504.43,84.75943000000002,1605776399999,42705.2582542,259,36.69231,18512.8369843,0
2020-11-19 09:00:00,504.59,507.9,502.52,505.33,41.54347,1605778199999,21003.891883700002,139,21.63208,10954.0674925,0
2020-11-19 09:30:00,505.3,506.28,501.0,502.78,33.324490000000004,1605779999999,16761.5323141,119,18.356720000000006,9246.6623665,0
2020-11-19 10:00:00,501.41,505.33,501.0,501.38,191.36619,1605781799999,96078.0404266,288,121.69168,61088.813796099996,0
2020-11-19 10:30:00,502.01,508.2,500.69,506.22,159.72526000000005,1605783599999,80626.1336151,385,72.60763,36638.169010800004,0
2020-11-19 11:00:00,505.77,512.61,505.67,511.56,157.87704,1605785399999,80599.8506992,431,106.79496999999999,54567.03667250001,0
2020-11-19 11:30:00,511.67,516.97,510.92,513.81,109.51206,1605787199999,56320.6471405,292,57.786390000000004,29733.977460799997,0
2020-11-19 12:00:00,515.04,516.42,513.19,515.21,66.70528,1605788999999,34342.9016562,169,45.540729999999996,23446.714229799996,0
2020-11-19 12:30:00,515.49,519.7,515.49,517.94,62.07195,1605790799999,32151.9312252,196,38.239329999999995,19807.971204499998,0
2020-11-19 13:00:00,517.88,522.24,517.88,520.86,59.23319,1605792599999,30810.225673,148,44.825359999999996,23315.6052967,0
2020-11-19 13:30:00,520.64,522.89,519.59,520.47,15.089789999999999,1605794399999,7866.3415213,50,4.44993,2323.7070154,0
2020-11-19 14:00:00,521.57,525.43,519.84,522.91,113.34227,1605796199999,59231.8247054,292,75.43384,39429.7882992,0
2020-11-19 14:30:00,523.95,525.46,521.99,525.05,50.61769,1605797999999,26528.276182499998,155,23.584,12371.8479654,0
2020-11-19 15:00:00,523.84,524.9,521.51,524.35,46.57964000000001,1605799799999,24371.104738299997,121,22.3663,11709.0396568,0
2020-11-19 15:30:00,524.98,528.08,523.4,524.55,86.70316,1605801599999,45520.188838099995,335,48.068220000000004,25237.0678055,0
2020-11-19 16:00:00,525.58,526.68,520.0,521.74,116.12286999999999,1605803399999,60730.23595419999,469,52.295,27358.887242799996,0
2020-11-19 16:30:00,521.76,522.9,517.41,517.72,185.0679,1605805199999,96138.3557593,1004,72.69404,37757.2709549,0
2020-11-19 17:00:00,517.44,520.35,515.11,516.88,229.67082000000002,1605806999999,118863.59603280001,856,105.31355,54534.4946311,0
2020-11-19 17:30:00,517.61,520.52,517.29,518.84,22.11222,1605808799999,11472.203241700001,84,5.12625,2660.9861799,0
2020-11-19 18:00:00,518.98,521.43,518.22,520.52,48.44885,1605810599999,25178.7945755,117,30.38131,15792.919239300001,0
2020-11-19 18:30:00,519.74,521.16,517.06,519.77,54.519619999999996,1605812399999,28305.033381800004,111,21.10611,10963.7877003,0
2020-11-19 19:00:00,519.58,520.94,515.46,518.54,64.8951,1605814199999,33647.6874694,197,30.56369,15871.2408873,0
2020-11-19 19:30:00,518.38,519.6,517.5,518.44,6.4604,1605815999999,3350.5567631,22,2.56553,1331.8795629,0
2020-11-19 20:00:00,518.44,518.44,513.34,514.08,312.28786,1605817799999,160901.563808,974,69.26666999999999,35733.6459922,0
2020-11-19 20:30:00,514.08,514.5,511.06,511.79,116.69015,1605819599999,59792.7997352,491,33.35433,17094.754035100006,0
2020-11-19 21:00:00,512.11,512.68,510.0,510.45,137.30597,1605821399999,70219.1725544,353,40.07226,20506.801290299998,0
2020-11-19 21:30:00,510.15,510.46,506.26,508.21,173.84905,1605823199999,88404.9546398,427,88.57751,45069.992336100004,0
2020-11-19 22:00:00,509.09,511.44,506.23,508.43,134.59056999999999,1605824999999,68459.6419539,341,69.45799,35359.1598509,0
2020-11-19 22:30:00,508.42,508.5,504.06,507.83,232.76897000000002,1605826799999,118164.03246470001,504,138.10238,70174.3934296,0
2020-11-19 23:00:00,507.56,509.99,504.78,508.66,241.85168,1605828599999,122846.0017517,407,160.23211,81428.5852153,0
2020-11-19 23:30:00,509.45,510.0,507.87,509.4,36.14821,1605830399999,18393.5637307,102,14.88079,7581.0414117,0
2020-11-20 00:00:00,509.38,510.68,508.34,509.7,68.7189,1605832199999,35033.5009399,182,40.77561,20794.1127177,0
2020-11-20 00:30:00,509.51,511.12,507.84,509.25,76.51901,1605833999999,39035.8625667,147,44.58703,22764.8766096,0
2020-11-20 01:00:00,508.44,511.53,507.13,511.37,167.88641,1605835799999,85695.30690639999,246,125.6923,64178.8529128,0
2020-11-20 01:30:00,510.78,513.31,509.65,513.0,300.2761700000001,1605837599999,153650.74163889998,410,236.64782000000002,121107.87122510001,0
2020-11-20 02:00:00,513.0,513.5,511.26,512.3,103.4715,1605839399999,53079.062493,156,75.72958,38863.7863611,0
2020-11-20 02:30:00,512.61,513.13,509.84,511.09,49.42433,1605841199999,25277.4558496,109,21.31146,10909.1180767,0
2020-11-20 03:00:00,511.5,512.39,510.56,510.56,26.260709999999996,1605842999999,13431.2711882,67,10.939119999999999,5601.8932975,0
2020-11-20 03:30:00,511.9,512.08,510.0,511.34,51.01278,1605844799999,26045.7172377,101,23.4453,11972.0259298,0
2020-11-20 04:00:00,511.47,512.0,510.14,510.51,41.37634,1605846599999,21155.253257700002,88,29.578770000000002,15130.6941115,0
2020-11-20 04:30:00,511.35,511.49,509.78,510.38,50.684909999999995,1605848399999,25879.7438422,92,23.50595,12010.467230299999,0
2020-11-20 05:00:00,510.84,511.22,508.55,511.14,34.37077,1605850199999,17537.0661727,79,19.82348,10122.202211799999,0
2020-11-20 05:30:00,510.57,511.5,509.89,511.1,38.61014,1605851999999,19721.167704900006,80,22.81941,11661.696255500001,0
2020-11-20 06:00:00,510.89,511.5,509.67,510.47,27.60244,1605853799999,14101.156828100002,61,16.08119,8220.063287800001,0
2020-11-20 06:30:00,511.19,511.5,510.47,511.5,43.55809,1605855599999,22252.3341606,66,14.91916,7626.9728272,0
2020-11-20 07:00:00,511.47,512.0,507.38,510.36,168.53986,1605857399999,86032.40085860001,282,83.54191,42668.275597500004,0
2020-11-20 07:30:00,510.36,512.0,508.43,510.77,58.84346,1605859199999,30055.929737299997,138,31.06649,15886.111595100001,0
2020-11-20 08:00:00,511.22,512.5,509.12,511.19,104.72364,1605860999999,53539.467272300004,153,73.04361,37347.547534,0
2020-11-20 08:30:00,511.54,513.0,510.58,512.65,75.86466999999998,1605862799999,38868.2672502,109,58.57369,30017.0244434,0
2020-11-20 09:00:00,513.0,513.5,510.9,512.17,175.75435,1605864599999,90045.15722889997,447,93.11806999999999,47718.1366102,0
2020-11-20 09:30:00,512.0,512.3,508.93,510.31,95.92591,1605866399999,49029.7145534,236,51.24538,26205.809542099996,0
2020-11-20 10:00:00,510.33,512.26,509.84,510.97,85.63968,1605868199999,43720.177305900004,279,43.29181,22095.2377418,0
2020-11-20 10:30:00,510.97,514.4,510.84,514.4,143.82011,1605869999999,73787.44022250001,570,127.07059,65204.434121599996,0
2020-11-20 11:00:00,514.4,516.01,513.09,514.62,107.35961999999999,1605871799999,55240.0908372,459,74.95298000000003,38574.1427382,0
2020-11-20 11:30:00,515.07,515.19,513.39,513.72,84.29858,1605873599999,43340.4256437,577,58.60389,30132.8489148,0
2020-11-20 12:00:00,514.16,519.5,514.16,519.26,186.29761000000002,1605875399999,96185.7897247,707,130.33812,67312.3831883,0
2020-11-20 12:30:00,519.5,524.99,519.39,524.15,130.6586,1605877199999,68365.87908,326,59.47026999999999,31096.5189361,0
2020-11-20 13:00:00,524.5,525.61,523.57,524.2,88.65309,1605878999999,46502.0119196,163,45.37429,23812.281091999997,0
2020-11-20 13:30:00,524.2,526.44,523.51,523.99,160.93671,1605880799999,84466.72218069999,636,104.47796,54849.97371030001,0
2020-11-20 14:00:00,524.0,526.0,523.28,525.76,90.56574,1605882599999,47522.34330930001,325,59.64516,31309.445172099997,0
2020-11-20 14:30:00,524.4,524.86,518.23,519.37,180.82621,1605884399999,94276.5997363,492,79.16341,41267.1563898,0
2020-11-20 15:00:00,518.86,519.83,512.04,517.99,147.64913,1605886199999,76195.2101522,591,67.98295,35109.528001,0
2020-11-20 15:30:00,517.99,521.63,516.91,519.97,97.32979,1605887999999,50573.8242334,348,46.76222,24293.5064657,0
2020-11-20 16:00:00,521.41,522.82,516.4,517.55,142.52375,1605889799999,73957.51377599999,317,74.21891,38494.9057703,0
2020-11-20 16:30:00,517.55,520.99,515.78,520.54,103.91169000000001,1605891599999,53919.78274809999,197,65.90886,34205.8814151,0
2020-11-20 17:00:00,519.73,523.07,518.64,519.65,83.83505,1605893399999,43670.978174,222,39.8591,20774.668038099997,0
2020-11-20 17:30:00,519.65,523.84,519.65,523.67,76.93334,1605895199999,40181.4073389,151,45.8631,23960.5014282,0
2020-11-20 18:00:00,523.94,524.0,520.28,521.95,63.7666,1605896999999,33307.935463099995,119,35.56759,18577.203406599998,0
2020-11-20 18:30:00,521.46,522.27,518.25,521.95,46.54927,1605898799999,24231.5462917,128,26.735609999999998,13928.0511641,0
2020-11-20 19:00:00,522.28,524.16,519.36,524.16,55.81522,1605900599999,29113.8446366,141,27.55279,14384.2945877,0
2020-11-20 19:30:00,524.3,524.3,519.66,521.86,29.895190000000003,1605902399999,15600.9950196,86,18.1383,9467.163835899999,0
2020-11-20 20:00:00,522.3,523.95,518.85,518.85,33.03175,1605904199999,17242.667510799998,119,14.79607,7731.7885793,0
2020-11-20 20:30:00,518.86,522.16,517.76,519.88,33.16819,1605905999999,17262.7657154,105,14.62921,7621.890639,0
2020-11-20 21:00:00,519.98,521.02,517.14,518.6,69.38663000000001,1605907799999,36015.2691638,182,21.70674,11275.4746585,0
2020-11-20 21:30:00,519.89,526.17,518.24,519.35,235.79443999999998,1605909599999,123048.6063121,438,183.01937,95538.9387215,0
2020-11-20 22:00:00,519.54,519.89,514.96,515.6,65.88776,1605911399999,34091.4431284,191,20.44495,10579.1391089,0
2020-11-20 22:30:00,515.14,520.42,514.0,520.41,90.36486,1605913199999,46736.18763440001,291,51.22446,26510.264530700002,0
2020-11-20 23:00:00,519.32,519.32,513.75,518.42,74.93518,1605914999999,38743.611662,253,22.71622,11742.6024997,0
2020-11-20 23:30:00,518.08,519.21,515.93,515.93,21.91779,1605916799999,11341.0923387,81,4.04354,2092.6545343,0
2020-11-21 00:00:00,515.79,523.6,515.78,523.6,233.74902999999998,1605918599999,121955.92601289999,1476,192.36033,100399.1879156,0
2020-11-21 00:30:00,523.53,523.6,520.48,520.53,89.15913,1605920399999,46568.1893483,637,71.23850999999998,37218.771175,0
2020-11-21 01:00:00,520.28,523.98,517.82,522.29,129.98144,1605922199999,67755.7596191,647,86.15598,44920.1322513,0
2020-11-21 01:30:00,521.11,526.74,518.86,525.66,168.09452,1605923999999,87938.5847016,754,108.17822,56625.458136099995,0
2020-11-21 02:00:00,526.14,538.17,523.86,535.58,409.56455,1605925799999,217482.633495,1556,262.52134,139427.371758,0
2020-11-21 02:30:00,535.27,537.15,523.7,527.09,169.92518,1605927599999,90199.5320752,834,81.45201,43265.29651540001,0
2020-11-21 03:00:00,527.28,532.94,527.28,531.22,47.76031,1605929399999,25327.0278789,162,29.11003,15447.1944944,0
2020-11-21 03:30:00,531.23,535.56,530.22,532.82,77.68734,1605931199999,41400.9984179,293,38.84028,20717.0934967,0
2020-11-21 04:00:00,533.6,535.64,525.98,530.78,152.96505,1605932999999,81128.8659165,466,82.66413,43864.8543111,0
2020-11-21 04:30:00,531.07,534.48,530.47,531.29,47.52239,1605934799999,25299.7999185,184,25.24009,13445.8375066,0
2020-11-21 05:00:00,530.89,536.24,530.88,534.36,57.075309999999995,1605936599999,30476.446168000002,207,32.163579999999996,17174.1692956,0
2020-11-21 05:30:00,534.48,535.92,533.16,534.53,36.79564,1605938399999,19660.124548,106,17.924979999999994,9580.7281324,0
2020-11-21 06:00:00,535.49,537.37,534.65,536.01,80.37137,1605940199999,43087.4613025,416,37.479729999999996,20107.403675999998,0
2020-11-21 06:30:00,535.91,537.99,535.59,536.33,45.78281,1605941999999,24567.927722,148,25.1681,13513.628122,0
2020-11-21 07:00:00,536.74,538.45,536.18,538.34,50.016909999999996,1605943799999,26876.6454749,233,13.285420000000002,7148.160795999999,0
2020-11-21 07:30:00,537.5,539.0,535.56,536.38,33.536590000000004,1605945599999,18036.5719614,157,11.93929,6429.2915791999985,0
2020-11-21 08:00:00,537.62,539.99,536.37,538.21,62.35207,1605947399999,33555.861793000004,484,34.32873,18478.803218,0
2020-11-21 08:30:00,538.65,541.88,537.07,541.83,59.06884,1605949199999,31892.7498337,402,37.49252,20261.7605588,0
2020-11-21 09:00:00,541.86,542.73,539.0,541.83,82.66925,1605950999999,44770.28535869999,168,18.706670000000006,10128.2270998,0
2020-11-21 09:30:00,541.59,541.59,535.9,536.8,106.18426000000001,1605952799999,57179.85491749999,418,47.09057,25360.649160900004,0
2020-11-21 10:00:00,535.83,539.83,533.37,539.27,37.05169,1605954599999,19890.826747799998,183,14.642439999999999,7871.3025608,0
2020-11-21 10:30:00,539.01,539.01,532.53,534.85,21.48314,1605956399999,11511.5312519,103,9.62242,5160.2017561,0
2020-11-21 11:00:00,534.85,536.88,528.79,528.81,63.508630000000004,1605958199999,33800.7417072,236,40.28849,21447.2024338,0
2020-11-21 11:30:00,529.49,531.5,526.77,528.9,116.99595,1605959999999,61922.613926800004,201,55.694990000000004,29492.0789682,0
2020-11-21 12:00:00,528.22,530.7,524.43,529.85,79.66499,1605961799999,41994.1282195,223,32.759859999999996,17278.4886534,0
2020-11-21 12:30:00,528.67,532.44,528.58,531.58,24.003410000000002,1605963599999,12743.9327082,86,12.40649,6587.6957728,0
2020-11-21 13:00:00,532.51,535.66,532.0,532.12,74.01629,1605965399999,39513.928947500004,205,24.52269,13099.1842871,0
2020-11-21 13:30:00,532.12,536.98,531.92,536.98,29.14965,1605967199999,15570.991043799999,73,14.840420000000002,7932.2600212,0
2020-11-21 14:00:00,537.14,540.0,535.92,536.63,38.115140000000004,1605968999999,20509.8316414,188,17.065939999999998,9186.058792299998,0
2020-11-21 14:30:00,536.64,544.59,536.0,544.59,83.7158,1605970799999,45308.3579936,233,58.65486,31759.7904828,0
2020-11-21 15:00:00,544.64,545.95,541.02,542.4,342.04438999999996,1605972599999,186026.7882403,543,250.185,136080.19387730001,0
2020-11-21 15:30:00,543.4,550.0,542.88,548.91,59.02239,1605974399999,32331.8275882,195,39.41989,21604.2199866,0
2020-11-21 16:00:00,549.88,552.27,545.04,548.24,95.01881,1605976199999,52179.8485282,246,52.62095,28913.272415400013,0
2020-11-21 16:30:00,548.92,549.91,540.1,542.45,146.27823999999995,1605977999999,79720.39041210001,406,70.91933,38644.17353730001,0
2020-11-21 17:00:00,543.37,545.65,536.4,538.76,99.64326,1605979799999,53888.632851300004,401,50.00103,27052.607062700004,0
2020-11-21 17:30:00,538.9,546.01,538.9,544.83,39.419470000000004,1605981599999,21405.856385599996,136,23.29579,12656.631667399999,0
2020-11-21 18:00:00,545.24,545.24,540.5,543.0,50.21273,1605983399999,27265.1892329,116,23.28444,12651.0203892,0
2020-11-21 18:30:00,543.02,547.26,542.51,547.26,60.45026,1605985199999,32974.9398958,182,36.53669,19945.3580789,0
2020-11-21 19:00:00,547.26,548.16,541.0,542.06,81.35025999999998,1605986999999,44369.5870047,216,31.76448,17348.8305213,0
2020-11-21 19:30:00,542.06,544.94,541.64,543.93,37.14113,1605988799999,20188.0587167,78,18.06155,9810.1183607,0
2020-11-21 20:00:00,543.86,543.86,539.81,541.08,42.49154,1605990599999,23021.608690099998,116,20.4431,11080.6654817,0
2020-11-21 20:30:00,541.98,542.0,539.51,541.45,19.475939999999998,1605992399999,10529.9095139,45,8.845930000000003,4786.454287600001,0
2020-11-21 21:00:00,539.84,540.8,538.09,540.69,30.59341,1605994199999,16504.9647446,69,13.73851,7417.9729737000025,0
2020-11-21 21:30:00,540.84,547.23,540.54,544.37,34.816179999999996,1605995999999,18973.0728851,115,14.040389999999999,7657.4949407,0
2020-11-21 22:00:00,544.3,544.76,538.45,540.48,64.404,1605997799999,34864.484550400004,181,26.15249,14154.367317700002,0
2020-11-21 22:30:00,539.53,543.19,538.28,543.05,51.8535,1605999599999,28058.621071099995,138,30.599359999999997,16581.0347207,0
2020-11-21 23:00:00,543.25,544.84,541.55,544.3,49.48504000000001,1606001399999,26876.9249921,134,25.61666,13926.6227694,0
2020-11-21 23:30:00,544.65,553.73,543.19,552.62,177.09627,1606003199999,97042.1034496,397,145.33995,79609.5487015,0
2020-11-22 00:00:00,551.99,558.64,550.8,555.62,163.45427,1606004999999,90668.78548460001,579,108.206,60050.2347036,0
2020-11-22 00:30:00,557.02,560.38,546.0,548.77,233.14027000000002,1606006799999,129086.7290425,653,129.16601,71694.14566839999,0
2020-11-22 01:00:00,549.8,552.32,540.02,547.51,226.88845,1606008599999,124268.87080569999,581,77.92051,42634.996351300004,0
2020-11-22 01:30:00,546.12,546.5,534.1,541.97,286.97832999999997,1606010399999,155019.080295,831,141.62582,76552.9987118,0
2020-11-22 02:00:00,541.16,543.72,538.86,542.48,136.11709,1606012199999,73720.52528300001,428,61.015809999999995,33066.3092451,0
2020-11-22 02:30:00,542.35,546.69,541.22,544.15,78.75312,1606013999999,42792.4239987,186,35.35495,19226.2176955,0
2020-11-22 03:00:00,543.98,545.0,539.45,539.91,82.49141999999998,1606015799999,44728.1650794,251,36.48173,19788.3229363,0
2020-11-22 03:30:00,541.56,550.67,541.37,550.67,83.47916,1606017599999,45627.8972643,251,52.944959999999995,28935.2648176,0
2020-11-22 04:00:00,550.39,550.39,543.7,547.07,50.86545,1606019399999,27796.244027700002,136,26.58832,14511.9512257,0
2020-11-22 04:30:00,547.08,551.58,547.08,549.03,52.1401,1606021199999,28627.0258764,163,31.91137,17534.0564825,0
2020-11-22 05:00:00,548.04,550.9,546.15,549.97,28.365579999999998,1606022999999,15558.646309799999,77,19.203979999999998,10541.1356761,0
2020-11-22 05:30:00,548.69,548.69,541.28,541.82,77.41235999999998,1606024799999,42226.52199730001,199,27.806620000000002,15150.8369639,0
2020-11-22 06:00:00,542.56,545.16,533.51,537.93,115.64003999999998,1606026599999,62247.5185122,289,45.81847,24659.7673284,0
2020-11-22 06:30:00,537.13,543.94,536.61,542.18,66.82135,1606028399999,36118.1325815,157,28.28107,15291.8796456,0
2020-11-22 07:00:00,541.0,541.0,533.16,535.39,80.4046,1606030199999,43188.543677300004,259,31.031390000000002,16672.3650634,0
2020-11-22 07:30:00,535.37,542.37,534.08,541.58,89.29545999999998,1606031999999,48113.952245,183,63.70483,34344.8458415,0
2020-11-22 08:00:00,541.22,541.87,536.07,536.34,149.82013999999995,1606033799999,80640.14951460001,284,79.91077,43019.8479456,0
2020-11-22 08:30:00,537.51,538.33,530.66,531.0,128.51372,1606035599999,68740.65391699999,350,55.34446,29639.420668000002,0
2020-11-22 09:00:00,531.04,533.13,525.69,532.56,205.02522,1606037399999,108589.9126537,539,87.02489,46127.241534,0
2020-11-22 09:30:00,533.34,539.72,533.12,537.92,72.92567,1606039199999,39132.2158933,206,31.701340000000002,17027.0538032,0
2020-11-22 10:00:00,536.59,536.73,533.79,535.12,31.316409999999998,1606040999999,16759.4144419,103,12.73206,6817.155384000002,0
2020-11-22 10:30:00,534.41,536.53,530.13,533.79,86.77020999999998,1606042799999,46242.1233687,223,48.89024000000001,26061.325664099997,0
2020-11-22 11:00:00,535.12,535.43,528.08,529.19,93.73567,1606044599999,49822.70052290001,271,50.71488,26979.8320833,0
2020-11-22 11:30:00,528.07,530.29,513.49,522.09,285.89772999999997,1606046399999,149041.0769476,747,116.57093,60819.42400669999,0
2020-11-22 12:00:00,522.14,524.41,519.41,523.02,180.78388999999999,1606048199999,94400.628465,567,43.183170000000004,22558.9895493,0
2020-11-22 12:30:00,523.14,532.0,521.81,530.0,334.54559,1606049999999,176915.2025496,948,143.24395,75630.6437102,0
2020-11-22 13:00:00,530.5,535.15,528.24,535.15,111.30933999999999,1606051799999,59146.865916999996,297,58.80829,31281.458056700005,0
2020-11-22 13:30:00,534.22,540.0,531.25,539.26,590.39433,1606053599999,315803.45013009995,1684,400.15181,214192.31671379998,0
2020-11-22 14:00:00,538.23,542.84,536.34,540.61,475.09904000000006,1606055399999,256430.37087210003,1444,234.20809,126415.2888845,0
2020-11-22 14:30:00,540.26,541.98,538.41,540.0,124.55537,1606057199999,67251.6816361,314,46.90084,25334.612538999998,0
2020-11-22 15:00:00,540.01,544.02,540.0,541.66,59.890919999999994,1606058999999,32482.1616614,167,24.132820000000002,13093.7350254,0
2020-11-22 15:30:00,540.95,544.9,539.52,543.96,76.01176,1606060799999,41167.7136384,181,52.81247,28605.100910900004,0
2020-11-22 16:00:00,542.32,548.24,540.26,548.23,120.47705,1606062599999,65648.8264165,387,53.80574,29316.8875277,0
2020-11-22 16:30:00,548.23,556.21,547.13,555.27,133.33558,1606064399999,73489.93549450001,703,91.23145,50305.3006398,0
2020-11-22 17:00:00,555.27,558.29,553.99,556.91,100.86195,1606066199999,56158.3749561,225,30.38575,16914.7951962,0
2020-11-22 17:30:00,557.58,561.57,555.81,560.98,84.04857,1606067999999,46944.725621599995,206,40.82827,22821.9994664,0
2020-11-22 18:00:00,560.79,585.52,560.68,578.07,541.74594,1606069799999,311902.2494363,1330,234.90615,135251.9434004,0
2020-11-22 18:30:00,578.2,583.86,573.57,580.14,290.28334,1606071599999,168456.1972097,691,135.50115,78604.07358869999,0
2020-11-22 19:00:00,579.97,582.19,574.64,574.93,339.7037,1606073399999,196337.5882538,738,250.39556000000002,144734.8352664,0
2020-11-22 19:30:00,575.44,582.81,572.82,574.11,469.4343,1606075199999,271426.3046479,800,146.83885,84773.40098630001,0
2020-11-22 20:00:00,573.38,576.41,564.94,566.16,228.37384,1606076999999,130345.48737410002,857,129.25582,73867.88635560001,0
2020-11-22 20:30:00,566.31,567.78,563.31,567.78,61.4089,1606078799999,34704.331676199996,280,34.82906,19698.1116258,0
2020-11-22 21:00:00,567.75,572.28,566.56,572.28,18.078210000000002,1606080599999,10277.1691418,98,11.36622,6463.2075417,0
2020-11-22 21:30:00,572.28,573.61,568.16,571.04,35.008520000000004,1606082399999,19990.606275,210,15.411270000000002,8793.1742871,0
2020-11-22 22:00:00,570.81,574.91,570.01,574.91,11.53203,1606084199999,6593.7949819,59,5.8016,3315.6298816999997,0
2020-11-22 22:30:00,574.92,576.49,569.97,571.57,72.30599000000002,1606085999999,41512.83170990001,224,20.07933,11546.397599099999,0
2020-11-22 23:00:00,570.37,570.91,563.0,564.2,84.80684000000002,1606087799999,47959.6625393,376,39.19659,22160.974519599997,0
2020-11-22 23:30:00,564.9,566.73,557.35,562.66,116.05762,1606089599999,65220.38890599999,272,25.6419,14414.4744106,0
2020-11-23 00:00:00,562.67,566.72,560.69,562.9,80.00461999999997,1606091399999,45141.7045634,305,32.36829,18264.5046115,0
2020-11-23 00:30:00,563.07,564.89,557.0,557.62,167.18028999999999,1606093199999,93585.00434289999,807,40.67256,22779.31602390001,0
2020-11-23 01:00:00,557.02,558.07,547.59,547.65,523.6137200000002,1606094999999,288682.7899202,1522,293.84187000000014,161859.5159953,0
2020-11-23 01:30:00,548.72,552.17,547.05,551.66,39.66405,1606096799999,21810.7525504,184,16.67106,9165.2961481,0
2020-11-23 02:00:00,551.72,556.41,551.72,556.41,30.89787,1606098599999,17126.4065551,139,26.79141,14847.320199700001,0
2020-11-23 02:30:00,555.25,558.62,555.25,556.14,18.56921,1606100399999,10337.9767684,114,10.32403,5749.785054,0
2020-11-23 03:00:00,556.26,557.49,552.39,555.77,72.28542,1606102199999,40106.7410536,273,25.997339999999998,14423.485086899998,0
2020-11-23 03:30:00,556.34,560.55,555.52,560.25,45.15061,1606103999999,25184.4348985,165,26.767409999999998,14935.523175999999,0
2020-11-23 04:00:00,559.29,569.9,559.29,569.11,102.8844,1606105799999,58374.5911222,295,52.84476,29983.254755500002,0
2020-11-23 04:30:00,568.56,574.8,568.01,574.74,45.78145,1606107599999,26133.1995243,211,28.35022,16184.1734475,0
2020-11-23 05:00:00,574.74,575.86,571.39,574.94,46.89258,1606109399999,26908.5783448,187,16.87566,9687.2388312,0
2020-11-23 05:30:00,575.11,576.15,573.52,575.07,34.49839,1606111199999,19845.677008099996,96,25.25936,14535.0635331,0
2020-11-23 06:00:00,575.38,575.38,570.4,571.73,58.11095,1606112999999,33279.9772638,184,28.096290000000003,16097.6115329,0
2020-11-23 06:30:00,572.64,575.0,572.46,574.53,11.62752,1606114799999,6673.8157298,35,8.89065,5102.786490300001,0
2020-11-23 07:00:00,574.53,574.99,572.57,574.09,48.52475,1606116599999,27841.5028532,99,28.39395,16299.2027307,0
2020-11-23 07:30:00,574.49,574.58,571.5,573.0,12.04933,1606118399999,6908.5379513,40,8.11726,4656.8561083,0
2020-11-23 08:00:00,572.82,574.99,572.82,573.55,12.85333,1606120199999,7379.135503599998,77,6.00542,3448.5649608999997,0
2020-11-23 08:30:00,573.55,573.95,572.01,572.7,10.8723,1606121999999,6228.0456492,43,6.0545300000000015,3470.411882,0
2020-11-23 09:00:00,574.03,574.73,573.2,574.67,7.91303,1606123799999,4544.464569100001,47,5.2211099999999995,2998.3081013,0
2020-11-23 09:30:00,574.98,588.29,574.21,586.27,231.96347000000003,1606125599999,134545.40250280002,599,198.52246,115150.761783,0
2020-11-23 10:00:00,586.27,590.1,584.64,589.96,124.71837,1606127399999,73430.3203234,334,45.9348,27053.694016,0
2020-11-23 10:30:00,589.96,590.1,588.04,588.48,22.59601,1606129199999,13311.1779249,88,5.5601400000000005,3280.662824,0
2020-11-23 11:00:00,588.68,591.38,583.57,583.57,45.99344,1606130999999,26950.7804277,319,14.13967,8291.1107672,0
2020-11-23 11:30:00,585.34,586.91,582.63,582.85,16.94515,1606132799999,9925.625676799997,85,11.09787,6503.8704365,0
2020-11-23 12:00:00,582.3,585.89,576.9,584.28,68.02831,1606134599999,39564.356249300006,272,36.445679999999996,21218.7474668,0
2020-11-23 12:30:00,584.33,589.15,584.33,588.0,32.64739,1606136399999,19164.8181046,97,19.49769,11451.8446013,0
2020-11-23 13:00:00,589.22,589.75,579.05,581.24,66.25119000000001,1606138199999,38645.132461,306,25.47953,14862.358204600001,0
2020-11-23 13:30:00,581.75,590.0,580.12,585.21,136.6905,1606139999999,80010.3633672,357,36.83276,21557.258669599996,0
2020-11-23 14:00:00,585.66,590.0,585.22,588.62,50.80865,1606141799999,29854.5169551,152,29.57398,17362.1006433,0
2020-11-23 14:30:00,587.86,594.0,584.29,593.19,109.70993,1606143599999,64750.55557020001,397,78.2819,46244.58133,0
2020-11-23 15:00:00,593.67,595.0,586.25,587.18,183.19708,1606145399999,108249.01364949999,544,77.69338,45927.2688874,0
2020-11-23 15:30:00,587.62,588.27,580.05,585.0,193.05597,1606147199999,112833.4731786,482,98.02841,57271.701485699996,0
2020-11-23 16:00:00,586.77,590.38,582.33,585.59,75.40634,1606148999999,44168.6833511,164,43.34283,25395.4175743,0
2020-11-23 16:30:00,583.94,585.67,575.99,585.23,166.64467,1606150799999,96644.6378845,445,87.58851,50842.7088255,0
2020-11-23 17:00:00,584.84,591.23,583.7,591.23,84.06067,1606152599999,49469.4340692,260,46.98664,27672.811157599997,0
2020-11-23 17:30:00,591.23,593.41,588.97,589.28,53.22432,1606154399999,31454.652371099997,92,32.43506,19173.736888099997,0
2020-11-23 18:00:00,589.27,591.88,586.13,591.01,122.60061999999999,1606156199999,72216.5660658,376,82.5543,48618.9755996,0
2020-11-23 18:30:00,590.86,598.14,590.86,596.56,76.18047,1606157999999,45425.0492727,443,51.82829,30905.330877700002,0
2020-11-23 19:00:00,596.54,596.82,592.15,595.99,39.94577,1606159799999,23743.444579299998,167,22.804679999999998,13567.2576118,0
2020-11-23 19:30:00,596.05,597.97,594.25,594.77,28.20455,1606161599999,16795.8689721,59,11.32082,6739.9500428,0
2020-11-23 20:00:00,593.77,594.74,592.35,592.82,11.54088,1606163399999,6849.1504745,28,1.89578,1126.4418772,0
2020-11-23 20:30:00,594.15,595.13,592.09,594.97,44.988609999999994,1606165199999,26724.5537393,89,34.55554,20536.3738752,0
2020-11-23 21:00:00,594.76,596.42,590.98,596.42,42.57874,1606166999999,25279.683019699998,69,28.2757,16809.4523428,0
2020-11-23 21:30:00,596.84,598.14,595.11,598.14,60.620380000000004,1606168799999,36214.2182453,136,36.81556,22008.0572739,0
2020-11-23 22:00:00,598.14,599.49,594.47,598.01,40.57066,1606170599999,24243.8565454,128,19.81609,11860.747790000001,0
2020-11-23 22:30:00,598.23,608.0,598.23,606.65,120.31537,1606172399999,72702.55334380001,529,83.30801,50300.6748737,0
2020-11-23 23:00:00,606.65,608.35,598.47,602.29,127.52028999999999,1606174199999,76914.91759410001,327,55.59808,33479.4997013,0
2020-11-23 23:30:00,601.2,602.51,599.32,602.51,57.21556999999999,1606175999999,34377.9320377,156,18.52966,11141.065899500001,0
2020-11-24 00:00:00,603.18,603.19,593.61,593.61,53.61875,1606177799999,32150.627243700004,391,32.05393,19231.1218423,0
2020-11-24 00:30:00,593.6,606.95,592.76,604.34,112.51633999999999,1606179599999,67573.634936,527,62.628,37638.499791,0
2020-11-24 01:00:00,604.98,609.41,603.92,607.68,100.58603000000001,1606181399999,61144.988298899996,441,58.838609999999996,35778.129371800016,0
2020-11-24 01:30:00,608.98,608.98,605.21,605.44,45.38167,1606183199999,27520.4069753,159,8.968919999999997,5446.4028733999985,0
2020-11-24 02:00:00,605.85,608.63,601.04,606.66,70.1417,1606184999999,42500.9830316,466,44.07463,26710.645651299998,0
2020-11-24 02:30:00,607.99,609.0,599.77,600.39,69.35378,1606186799999,41944.951277199994,325,38.54829,23284.4498007,0
2020-11-24 03:00:00,600.37,605.09,599.71,603.6,24.37301,1606188599999,14699.9301389,134,12.07357,7285.971269600002,0
2020-11-24 03:30:00,603.97,605.09,600.77,600.8,15.274329999999999,1606190399999,9219.835248799998,96,10.14573,6126.1869288,0
2020-11-24 04:00:00,601.32,608.3,601.32,606.69,43.66751,1606192199999,26460.2716913,211,31.2346,18922.1419096,0
2020-11-24 04:30:00,605.87,609.99,605.87,609.39,37.24445,1606193999999,22670.553878900002,109,13.325389999999999,8115.296692899998,0
2020-11-24 05:00:00,608.64,611.98,608.63,609.45,104.15665,1606195799999,63495.0759165,369,65.25024,39793.639641300004,0
2020-11-24 05:30:00,608.67,612.92,608.66,611.14,89.32002,1606197599999,54534.325174699996,376,52.04435,31777.8946185,0
2020-11-24 06:00:00,609.54,609.69,579.05,597.52,493.01577000000003,1606199399999,292103.4605463,1514,241.14317999999997,142782.638453,0
2020-11-24 06:30:00,596.04,598.33,585.4,592.34,159.08226000000005,1606201199999,94058.7389803,847,87.56837,51765.2695846,0
2020-11-24 07:00:00,592.48,598.26,591.79,597.83,40.363640000000004,1606202999999,23959.3953972,178,21.19679,12593.5919954,0
2020-11-24 07:30:00,598.84,601.86,595.95,597.19,87.58901999999998,1606204799999,52450.6868954,293,47.92302,28711.7159823,0
2020-11-24 08:00:00,597.81,609.76,597.81,609.16,84.29611,1606206599999,51077.90564630001,448,46.91888,28442.6487282,0
2020-11-24 08:30:00,608.92,612.86,608.27,610.25,44.26569,1606208399999,27026.557165400005,186,25.801779999999997,15742.464577899998,0
2020-11-24 09:00:00,611.49,612.09,604.69,605.97,130.00311000000002,1606210199999,79167.0381584,454,66.98684,40785.173663300004,0
2020-11-24 09:30:00,605.95,607.47,600.57,603.29,179.23309,1606211999999,108313.8588789,740,108.85185,65790.8346674,0
2020-11-24 10:00:00,604.23,604.89,578.59,588.79,488.08983,1606213799999,288406.6317584,1385,230.94961,136459.9562605,0
2020-11-24 10:30:00,588.81,598.68,585.97,597.51,216.89207000000002,1606215599999,128951.41384370001,784,109.6901,65263.36646390001,0
2020-11-24 11:00:00,597.97,599.12,592.14,595.01,172.83658,1606217399999,102988.5710683,474,92.55275999999999,55188.0369273,0
2020-11-24 11:30:00,597.49,600.0,591.84,595.93,100.16778000000001,1606219199999,59753.82806980001,294,54.13166999999999,32307.54376320001,0
2020-11-24 12:00:00,595.1,596.5,589.59,593.32,118.93087,1606220999999,70535.59755199999,418,56.81227,33707.02786,0
2020-11-24 12:30:00,593.62,595.24,582.72,587.01,130.55078,1606222799999,76851.4138595,441,61.366719999999994,36140.5507362,0
2020-11-24 13:00:00,587.41,593.47,587.29,592.96,62.8162,1606224599999,37050.9449876,213,29.37149,17333.7910588,0
2020-11-24 13:30:00,593.18,609.0,593.18,607.76,160.07254,1606226399999,96324.9985513,438,92.60401999999999,55785.301672300004,0
2020-11-24 14:00:00,606.76,609.0,603.02,607.83,66.03726999999999,1606228199999,39987.8300007,261,36.85868,22321.9170992,0
2020-11-24 14:30:00,607.14,611.34,603.76,604.65,87.6383,1606229999999,53243.6270335,421,44.91328,27319.8999141,0
2020-11-24 15:00:00,605.9,607.69,599.05,600.55,80.90696,1606231799999,48749.6678943,439,27.8685,16816.5920166,0
2020-11-24 15:30:00,600.77,650.0,600.77,616.02,517.86438,1606233599999,318566.6591275,1440,345.21509,213269.4292327,0
2020-11-24 16:00:00,616.02,617.88,610.79,610.79,186.82721,1606235399999,114649.90876779999,1046,65.76737,40407.06824930001,0
2020-11-24 16:30:00,610.62,616.15,608.61,612.75,77.96739000000002,1606237199999,47731.8909884,346,31.194390000000002,19101.8813458,0
2020-11-24 17:00:00,614.02,617.97,610.78,611.18,61.755869999999994,1606238999999,37944.361683899995,227,22.056720000000002,13571.036637399999,0
2020-11-24 17:30:00,612.6,615.24,610.0,611.23,98.09666,1606240799999,59997.2862669,377,53.76991999999999,32870.7423307,0
2020-11-24 18:00:00,611.24,614.97,607.93,610.43,30.41371,1606242599999,18591.213594599998,251,9.540389999999999,5830.888657,0
2020-11-24 18:30:00,610.44,612.09,608.05,612.08,18.810470000000002,1606244399999,11477.6743,180,11.23477,6857.7215296999975,0
2020-11-24 19:00:00,610.48,616.1,610.48,615.39,14.892929999999998,1606246199999,9157.456045899999,52,14.06373,8648.607497600002,0
2020-11-24 19:30:00,614.85,615.51,611.91,611.91,15.04982,1606247999999,9239.557628,119,4.6264,2841.9275059,0
2020-11-24 20:00:00,611.68,612.87,604.31,608.58,105.4758,1606249799999,64168.357763199994,567,61.56957,37403.7552639,0
2020-11-24 20:30:00,609.19,609.33,606.2,606.57,13.201260000000001,1606251599999,8026.6238372,78,5.20432,3167.182880300001,0
2020-11-24 21:00:00,606.96,607.45,600.2,603.33,19.70553,1606253399999,11894.3648231,120,5.54861,3345.4860421,0
2020-11-24 21:30:00,601.91,603.66,596.33,601.35,33.69467,1606255199999,20181.846207799998,149,8.330810000000001,4997.5552327,0
2020-11-24 22:00:00,600.42,602.85,599.1,600.83,5.9610400000000014,1606256999999,3583.0608169,37,1.68495,1012.7664624,0
2020-11-24 22:30:00,601.14,601.14,597.26,599.68,32.77353,1606258799999,19617.107302599998,91,0.99635,597.6933756,0
2020-11-24 23:00:00,599.61,602.51,599.08,601.88,17.91235,1606260599999,10754.4999637,130,6.32998,3800.7264681,0
2020-11-24 23:30:00,602.8,602.8,599.67,600.54,6.82735,1606262399999,4100.4768259,52,1.81797,1093.3889104,0
2020-11-25 00:00:00,600.44,605.57,596.0,599.52,62.04108000000001,1606264199999,37269.430431,471,22.85655,13724.284188799998,0
2020-11-25 00:30:00,600.56,601.39,597.92,598.88,17.67417,1606265999999,10609.315399299998,118,6.94734,4172.8452515,0
2020-11-25 01:00:00,601.03,605.69,601.03,605.52,36.05531,1606267799999,21785.9773619,195,18.15651,10967.682590299999,0
2020-11-25 01:30:00,605.69,606.7,601.32,605.91,17.12019,1606269599999,10358.3278784,108,10.57351,6402.8601984,0
2020-11-25 02:00:00,604.81,605.38,594.85,596.77,56.71791999999999,1606271399999,33995.7392502,349,32.27599,19341.3912373,0
2020-11-25 02:30:00,597.97,598.61,590.56,590.83,80.78553000000002,1606273199999,48014.59316519999,302,22.77724,13549.335629700005,0
2020-11-25 03:00:00,590.83,593.98,586.66,592.4,58.730180000000004,1606274999999,34648.0605824,409,31.84573,18797.3532856,0
2020-11-25 03:30:00,591.18,591.18,580.54,585.04,63.985009999999996,1606276799999,37515.011751,337,32.72667,19184.563521599997,0
2020-11-25 04:00:00,585.28,588.29,581.69,587.71,38.84005,1606278599999,22731.1256787,198,15.076020000000002,8823.120327399998,0
2020-11-25 04:30:00,586.73,590.98,580.35,581.58,55.42074,1606280399999,32447.728883999996,337,28.54975,16704.8527578,0
2020-11-25 05:00:00,580.34,586.94,579.58,583.91,67.67565,1606282199999,39506.7766841,374,31.336109999999998,18289.1270041,0
2020-11-25 05:30:00,583.91,588.47,583.91,587.37,34.90954,1606283999999,20475.327660799998,92,14.99474,8802.005674099999,0
2020-11-25 06:00:00,588.78,598.54,588.77,597.78,70.35481,1606285799999,41783.6418704,535,43.07356,25612.4738305,0
2020-11-25 06:30:00,597.97,603.62,595.72,597.44,159.69298,1606287599999,95790.96155139999,1378,101.32213,60791.03115040001,0
2020-11-25 07:00:00,595.67,605.19,594.5,604.79,29.90076,1606289399999,17985.7957325,271,15.73576,9470.218535799999,0
2020-11-25 07:30:00,604.92,607.36,602.45,603.83,31.31363,1606291199999,18953.2760395,232,13.56511,8205.7553718,0
2020-11-25 08:00:00,604.26,605.98,598.32,598.32,42.12148,1606292999999,25335.1556708,305,20.364179999999998,12258.6615799,0
2020-11-25 08:30:00,598.99,606.37,597.92,605.47,32.41599,1606294799999,19495.443899500002,217,21.07425,12673.4892618,0
2020-11-25 09:00:00,605.11,609.01,604.28,607.87,51.784240000000004,1606296599999,31430.246501700003,259,22.5812,13706.364098700002,0
2020-11-25 09:30:00,608.11,612.12,607.31,610.0,34.13047,1606298399999,20796.7740106,283,21.45731,13076.078992,0
2020-11-25 10:00:00,609.35,613.32,609.34,612.84,14.3951,1606300199999,8804.1450456,129,7.78901,4765.3515993,0
2020-11-25 10:30:00,613.0,613.0,610.4,611.21,34.57278,1606301999999,21152.7660584,151,2.99874,1834.2866809,0
2020-11-25 11:00:00,611.98,613.0,610.93,611.6,40.048790000000004,1606303799999,24499.585023199998,177,5.3181199999999995,3257.0206957,0
2020-11-25 11:30:00,611.73,612.74,610.8,611.71,35.61057,1606305599999,21770.614230900002,105,8.55583,5232.4404042,0
2020-11-25 12:00:00,611.91,612.49,606.81,608.01,97.48263,1606307399999,59467.313383500004,225,11.34652,6910.6282207,0
2020-11-25 12:30:00,607.01,607.27,597.65,603.09,74.1379,1606309199999,44575.988045499995,440,24.27534,14602.1256747,0
2020-11-25 13:00:00,603.09,603.95,600.28,603.73,47.15518,1606310999999,28392.768297000002,178,20.42031,12310.649348899999,0
2020-11-25 13:30:00,602.99,604.0,593.37,598.15,167.59011,1606312799999,100369.3278499,537,87.16523000000002,52180.72212180001,0
2020-11-25 14:00:00,598.15,601.25,595.38,596.12,103.5079,1606314599999,61860.9883092,347,47.21409,28234.410056599998,0
2020-11-25 14:30:00,596.2,599.31,593.23,599.31,81.47542,1606316399999,48633.337371099995,462,52.52008000000001,31370.066997400005,0
2020-11-25 15:00:00,598.35,599.24,595.93,597.84,43.29749,1606318199999,25872.85240470001,227,14.79016,8842.9033159,0
2020-11-25 15:30:00,599.79,603.61,593.07,602.28,113.22895,1606319999999,67687.3964693,462,67.42657,40349.0470416,0
2020-11-25 16:00:00,602.36,603.23,590.05,595.05,309.75838,1606321799999,185333.660055,1029,200.59897,120077.06858020001,0
2020-11-25 16:30:00,594.52,594.52,590.0,592.05,159.77071,1606323599999,94685.2270238,501,101.44242,60121.41967509999,0
2020-11-25 17:00:00,592.74,596.54,590.24,592.52,141.80781000000005,1606325399999,84039.9643155,515,71.24364,42179.428554300015,0
2020-11-25 17:30:00,593.22,595.39,588.64,595.39,62.02575,1606327199999,36682.122865,371,28.25927,16722.9111076,0
2020-11-25 18:00:00,594.66,596.38,594.04,595.51,3.63476,1606328999999,2163.2532042,46,0.8721700000000001,519.6872154,0
2020-11-25 18:30:00,596.7,596.84,593.03,593.03,7.69373,1606330799999,4577.2793179,52,1.87875,1118.6538817,0
2020-11-25 19:00:00,593.02,602.91,591.38,598.41,356.82484,1606332599999,213245.8825939,847,143.27301,85614.1189901,0
2020-11-25 19:30:00,598.4,598.85,591.17,592.13,80.26208000000003,1606334399999,47717.6308785,366,38.948840000000004,23178.7055755,0
2020-11-25 20:00:00,591.38,595.0,585.76,587.83,90.35958000000001,1606336199999,53229.0930732,411,41.91055,24697.684670599996,0
2020-11-25 20:30:00,587.51,587.78,570.06,579.6,274.89682,1606337999999,159238.5817967,880,142.88905,82769.5001773,0
2020-11-25 21:00:00,579.74,581.0,575.57,579.95,130.37185,1606339799999,75601.5879656,290,91.6116,53175.7017507,0
2020-11-25 21:30:00,581.0,585.91,575.21,578.44,94.24620999999999,1606341599999,54784.798904100004,350,41.47231,24109.829583099996,0
2020-11-25 22:00:00,577.19,580.1,569.73,572.49,88.72623,1606343399999,51048.68533630001,383,42.507,24447.1961289,0
2020-11-25 22:30:00,570.14,571.11,561.36,571.11,176.36312,1606345199999,100027.57449,612,96.25307,54621.1284352,0
2020-11-25 23:00:00,569.7,570.01,544.55,561.62,292.57695,1606346999999,162535.9598936,927,142.70628,79180.9346729,0
2020-11-25 23:30:00,561.88,566.8,560.81,561.93,118.51751000000002,1606348799999,66809.46671519999,521,62.313869999999994,35143.7680311,0
2020-11-26 00:00:00,561.35,570.31,555.8,570.31,219.98309,1606350599999,123755.85951330002,764,114.62475,64519.2490143,0
2020-11-26 00:30:00,569.45,570.49,566.81,567.52,51.78018,1606352399999,29463.4026351,189,23.990879999999997,13660.788731499999,0
2020-11-26 01:00:00,568.76,570.78,561.68,563.22,87.23564,1606354199999,49441.4575004,369,43.95319,24942.998870400002,0
2020-11-26 01:30:00,562.54,566.88,560.41,565.09,43.053259999999995,1606355999999,24254.9235459,190,26.421409999999998,14894.471704,0
2020-11-26 02:00:00,564.54,564.54,547.89,551.66,208.86351000000002,1606357799999,115764.012685,907,96.60951999999999,53511.56572130001,0
2020-11-26 02:30:00,551.06,556.0,545.13,548.16,262.30174,1606359599999,144330.2985002,657,135.17623999999998,74416.30553099999,0
2020-11-26 03:00:00,547.3,548.87,528.83,531.0,508.0042,1606361399999,272662.346765,1066,201.04391,108077.37210339999,0
2020-11-26 03:30:00,530.73,533.22,500.0,531.5,337.99074,1606363199999,175372.5694218,1431,197.17604,102603.4641714,0
2020-11-26 04:00:00,531.56,532.84,516.93,523.09,518.2010700000002,1606364999999,272474.3549842,1287,297.19738,156333.1325466,0
2020-11-26 04:30:00,521.76,527.5,515.0,522.08,333.15479,1606366799999,173880.6434943,922,173.20635,90465.58114289999,0
2020-11-26 05:00:00,520.59,528.66,516.77,521.29,181.80688999999998,1606368599999,95275.6057228,690,73.50336,38532.6023754,0
2020-11-26 05:30:00,520.93,528.11,519.35,526.44,107.79026999999999,1606370399999,56502.51801930001,416,66.47752,34838.9202801,0
2020-11-26 06:00:00,526.1,536.59,523.37,533.68,116.89588,1606372199999,61986.976581099996,593,67.00073,35592.9600815,0
2020-11-26 06:30:00,534.03,537.62,529.64,536.42,140.73346,1606373999999,75071.00216830001,639,83.06385999999998,44315.1023334,0
2020-11-26 07:00:00,533.8,534.1,525.77,526.87,127.54717,1606375799999,67550.6618071,600,68.09036,36044.8838824,0
2020-11-26 07:30:00,527.44,529.82,511.37,518.51,457.44747,1606377599999,237519.65888210002,1282,225.01835,116896.1960908,0
2020-11-26 08:00:00,518.2,519.86,504.77,510.68,489.80665,1606379399999,251337.98628200003,1135,230.16667999999999,118103.2516553,0
2020-11-26 08:30:00,510.68,511.26,489.6,505.01,494.4246,1606381199999,247358.9395881,1112,223.38476,111640.5804456,0
2020-11-26 09:00:00,505.23,515.85,503.19,508.88,353.54582,1606382999999,180220.6383895,769,197.2988,100528.52622160001,0
2020-11-26 09:30:00,507.76,518.25,504.4,514.95,251.27087000000003,1606384799999,128621.7926072,515,143.34482,73493.6788704,0
2020-11-26 10:00:00,515.36,521.0,512.5,513.16,123.44219,1606386599999,63807.3988273,351,50.67606,26194.525895400002,0
2020-11-26 10:30:00,512.96,521.0,512.96,520.42,88.24502,1606388399999,45709.570675,209,52.87686,27393.526096599995,0
2020-11-26 11:00:00,520.99,527.69,520.45,522.97,162.41589,1606390199999,84986.8077974,390,115.05287,60156.241851499995,0
2020-11-26 11:30:00,522.7,527.5,515.93,520.62,193.12971000000002,1606391999999,100844.5035452,535,78.71132,41014.397661,0
2020-11-26 12:00:00,520.62,526.53,515.27,524.56,130.7202,1606393799999,68314.7014771,429,54.527,28510.347327099997,0
2020-11-26 12:30:00,524.83,528.0,518.93,527.47,112.61268000000001,1606395599999,58994.0102771,430,53.87924,28252.586707599996,0
2020-11-26 13:00:00,528.04,529.42,523.11,525.52,102.18845999999999,1606397399999,53756.03449299999,333,49.93606,26305.124367,0
2020-11-26 13:30:00,526.29,531.7,522.01,522.79,124.03639,1606399199999,65411.1478316,427,62.434509999999996,32984.2113994,0
2020-11-26 14:00:00,522.85,526.82,515.0,517.93,220.55247000000003,1606400999999,114913.3135345,644,104.30830999999999,54355.17218740001,0
2020-11-26 14:30:00,518.46,523.86,515.93,516.84,144.75516000000005,1606402799999,75302.6857435,346,79.06153,41148.473999,0
2020-11-26 15:00:00,517.35,534.3,517.0,524.9,286.1976,1606404599999,150146.3983041,812,135.1442,70925.8161375,0
2020-11-26 15:30:00,525.26,529.0,518.46,520.41,162.65008,1606406399999,85213.0229244,484,75.80405,39746.98153680001,0
2020-11-26 16:00:00,520.11,525.72,511.75,517.47,285.58332,1606408199999,148048.3037711,877,148.05961000000005,76797.5304834,0
2020-11-26 16:30:00,516.53,518.91,503.63,506.05,222.22187000000002,1606409999999,113535.3261687,785,112.90958,57698.7948773,0
2020-11-26 17:00:00,506.47,508.23,490.0,495.85,757.20526,1606411799999,377870.4260028,1818,471.42144,234966.2317402,0
2020-11-26 17:30:00,495.34,510.13,495.26,505.36,197.21142,1606413599999,98670.11428919999,606,81.54054000000002,40830.54836,0
2020-11-26 18:00:00,503.4,510.55,501.5,507.49,170.11857,1606415399999,86177.6717773,577,84.19355,42650.4021466,0
2020-11-26 18:30:00,507.49,517.5,507.23,509.12,169.06763,1606417199999,86560.9374614,675,71.85441999999998,36811.2013587,0
2020-11-26 19:00:00,510.02,515.07,500.04,502.26,245.48071000000002,1606418999999,124204.30034889998,868,115.32173,58395.7165247,0
2020-11-26 19:30:00,502.29,514.35,502.02,511.55,234.70061,1606420799999,119373.1592512,799,112.91877,57493.4388579,0
2020-11-26 20:00:00,510.59,522.63,510.12,519.87,245.70828999999998,1606422599999,127086.5286526,959,117.49565,60867.8337755,0
2020-11-26 20:30:00,519.89,529.0,516.63,526.03,294.89972,1606424399999,154544.3849558,1381,138.38398999999998,72571.4059457,0
2020-11-26 21:00:00,527.23,529.0,518.87,523.38,264.4701,1606426199999,138753.62629820002,1012,137.97053,72391.0239805,0
2020-11-26 21:30:00,523.42,528.12,518.23,520.34,164.69873,1606427999999,86259.9869685,670,82.81801,43394.5593912,0
2020-11-26 22:00:00,519.9,526.82,516.9,526.16,118.74238999999999,1606429799999,61921.2719863,634,49.6631,25923.5961403,0
2020-11-26 22:30:00,525.61,529.0,520.52,527.33,87.95485,1606431599999,46330.3586514,325,44.29764,23364.9355585,0
2020-11-26 23:00:00,527.69,527.78,515.06,525.25,130.66197,1606433399999,68337.8089032,441,54.259159999999994,28404.879502599997,0
2020-11-26 23:30:00,524.83,527.33,523.47,526.63,41.345859999999995,1606435199999,21740.372929499998,165,22.49706,11840.0948909,0
2020-11-27 00:00:00,526.79,528.7,523.0,527.5,149.05955,1606436999999,78310.78288360001,450,63.66479,33463.9399734,0
2020-11-27 00:30:00,527.5,537.02,526.07,533.38,334.16494,1606438799999,177591.674974,1418,224.24666000000002,119121.24853499999,0
2020-11-27 01:00:00,533.1,534.84,528.55,530.08,212.53593999999998,1606440599999,112851.6654227,1116,105.52868000000001,56055.34690569999,0
2020-11-27 01:30:00,529.69,538.21,529.67,533.79,218.10053,1606442399999,116453.7184968,885,140.42131,75015.47658,0
2020-11-27 02:00:00,534.5,536.86,528.8,533.91,200.38213000000002,1606444199999,106798.12850169999,1339,115.02956,61351.93714800001,0
2020-11-27 02:30:00,533.48,534.04,523.75,523.75,234.88151000000002,1606445999999,123965.1037032,728,88.54866,46760.3865636,0
2020-11-27 03:00:00,525.75,532.63,525.75,532.42,107.81765,1606447799999,57100.1619866,309,67.91946,35987.7069499,0
2020-11-27 03:30:00,532.61,533.65,526.68,528.84,130.6663,1606449599999,69281.05047510001,362,63.784569999999995,33849.985044,0
2020-11-27 04:00:00,527.74,535.08,527.71,534.95,89.88956999999998,1606451399999,47844.3021638,433,52.012809999999995,27698.9064439,0
2020-11-27 04:30:00,534.35,534.35,529.32,530.38,84.80889,1606453199999,45145.5731231,370,47.613409999999995,25366.963695,0
2020-11-27 05:00:00,530.39,538.9,530.38,537.04,129.36432,1606454999999,69230.1653497,679,69.78387,37352.4275051,0
2020-11-27 05:30:00,536.92,539.39,535.28,536.91,86.62659000000002,1606456799999,46559.2772589,561,49.14411,26429.536368099998,0
2020-11-27 06:00:00,536.77,538.66,534.2,537.19,53.03301,1606458599999,28441.022437700005,349,30.27625,16246.8185006,0
2020-11-27 06:30:00,536.28,542.46,536.28,539.82,84.42305999999998,1606460399999,45596.39952119999,441,50.7284,27415.212241600002,0
2020-11-27 07:00:00,538.98,540.17,534.36,535.88,51.17777,1606462199999,27461.1275212,291,28.50998,15299.483973299995,0
2020-11-27 07:30:00,535.08,536.88,530.54,533.39,78.64976,1606463999999,41937.6431896,297,30.118709999999997,16065.4571271,0
2020-11-27 08:00:00,533.41,534.05,512.18,512.18,346.01923,1606465799999,180442.7311783,1166,161.69132,84327.65159919999,0
2020-11-27 08:30:00,513.33,517.98,512.12,515.0,123.27528000000001,1606467599999,63524.8693887,410,59.84053,30856.555091400005,0
2020-11-27 09:00:00,516.01,526.37,513.14,516.9,214.1069,1606469399999,111174.0355298,674,107.2022,55643.8479947,0
2020-11-27 09:30:00,517.33,521.79,512.15,514.94,154.64281,1606471199999,79757.1333898,523,63.26129,32694.481305799996,0
2020-11-27 10:00:00,515.04,521.97,514.66,518.18,68.79609,1606472999999,35647.5384818,265,34.1801,17718.1043168,0
2020-11-27 10:30:00,518.85,523.84,515.68,522.46,55.59679000000001,1606474799999,28874.150966900004,181,32.63066,16957.4307348,0
2020-11-27 11:00:00,522.29,522.36,516.43,518.19,36.31648,1606476599999,18851.8892241,183,12.34558,6409.6461461,0
2020-11-27 11:30:00,518.11,518.22,514.31,516.73,33.14007,1606478399999,17112.0718834,139,17.91967,9260.7383857,0
2020-11-27 12:00:00,517.93,522.5,517.87,519.65,31.99281,1606480199999,16645.934455399998,111,14.910420000000002,7763.9361585,0
2020-11-27 12:30:00,520.87,524.83,518.83,520.32,98.82929,1606481999999,51568.559946199995,324,37.622859999999996,19636.508522099997,0
2020-11-27 13:00:00,520.21,522.5,517.93,520.93,23.47271,1606483799999,12206.8196915,119,9.44781,4914.1557986,0
2020-11-27 13:30:00,520.0,521.99,517.66,519.59,23.900129999999997,1606485599999,12421.5581251,98,10.45766,5439.3577282,0
2020-11-27 14:00:00,519.59,519.59,513.76,516.27,101.76334,1606487399999,52511.7265526,335,50.31029,25980.147554900002,0
2020-11-27 14:30:00,516.68,520.0,512.36,513.93,84.00879,1606489199999,43380.4659079,213,41.47984,21428.0293662,0
2020-11-27 15:00:00,514.34,515.54,511.01,513.86,144.03172,1606490999999,73882.5717558,418,75.81658,38909.607513999996,0
2020-11-27 15:30:00,512.14,514.31,510.0,511.6,208.54451,1606492799999,106787.775683,534,120.49497,61755.49480260001,0
2020-11-27 16:00:00,511.0,515.5,510.0,513.89,108.825,1606494599999,55755.3295768,233,43.530809999999995,22327.188904900002,0
2020-11-27 16:30:00,514.04,517.99,511.68,517.28,95.80266,1606496399999,49227.3644994,335,53.74491999999999,27629.263312900002,0
2020-11-27 17:00:00,516.18,516.18,513.34,515.95,98.52994,1606498199999,50675.9767632,332,63.81319000000001,32817.0060386,0
2020-11-27 17:30:00,514.79,515.17,511.08,511.56,181.22875,1606499999999,92968.0316626,485,102.5795,52642.036428,0
2020-11-27 18:00:00,511.44,513.57,511.01,511.38,41.77639,1606501799999,21384.838975,151,13.08752,6699.0664375,0
2020-11-27 18:30:00,511.38,512.18,510.0,511.01,53.75369,1606503599999,27469.4214163,193,14.429,7381.582618800001,0
2020-11-27 19:00:00,510.33,511.0,509.3,509.96,23.21007,1606505399999,11842.755619900001,120,10.94196,5584.6281593,0
2020-11-27 19:30:00,509.84,509.84,508.12,509.33,27.86826,1606507199999,14183.908565,128,9.96946,5077.3319632,0
2020-11-27 20:00:00,508.91,514.03,508.04,514.03,107.113,1606508999999,54797.09318230001,384,94.12677,48164.572094,0
2020-11-27 20:30:00,513.79,517.93,512.04,514.31,106.3488,1606510799999,54602.6527048,296,40.12867,20640.247682499998,0
2020-11-27 21:00:00,513.32,514.03,511.56,512.97,33.0093,1606512599999,16934.9100558,148,14.5186,7453.767252099998,0
2020-11-27 21:30:00,513.01,514.03,509.91,512.59,63.7768,1606514399999,32653.997735900004,246,26.48257000000001,13559.9442254,0
2020-11-27 22:00:00,512.61,514.72,509.54,509.54,56.27071,1606516199999,28833.945242799997,198,29.2554,15007.1636095,0
2020-11-27 22:30:00,510.72,512.09,508.61,510.05,46.42457,1606517999999,23702.750967099997,165,19.824720000000006,10132.7683133,0
2020-11-27 23:00:00,510.24,513.83,510.24,513.53,30.67176,1606519799999,15702.8053618,116,17.49505,8958.3055146,0
2020-11-27 23:30:00,513.42,514.73,512.62,514.73,12.13637,1606521599999,6231.5049476,42,3.70718,1906.4937443,0
2020-11-28 00:00:00,514.53,515.0,509.79,510.37,59.57258,1606523399999,30466.9437995,280,22.37523,11444.147926399999,0
2020-11-28 00:30:00,511.35,514.8,510.91,514.8,59.49321,1606525199999,30493.300152599997,183,35.12638,18015.968436900002,0
2020-11-28 01:00:00,514.41,521.84,513.21,518.74,106.20496000000001,1606526999999,55015.0020079,444,63.67685,32982.072047,0
2020-11-28 01:30:00,519.5,521.11,518.25,520.82,60.559259999999995,1606528799999,31467.922507,219,19.683239999999998,10231.016758299998,0
2020-11-28 02:00:00,520.11,520.5,517.27,519.26,33.01709,1606530599999,17122.1285561,150,15.07792,7821.005568100001,0
2020-11-28 02:30:00,519.89,519.89,514.56,515.0,27.941509999999997,1606532399999,14456.726463799998,119,6.12082,3171.7732193,0
2020-11-28 03:00:00,515.0,515.98,513.86,515.5,65.81808000000001,1606534199999,33877.66575290001,165,35.51781,18276.8928451,0
2020-11-28 03:30:00,515.49,517.96,515.37,516.75,20.68185,1606535999999,10686.1565296,92,14.51905,7501.713097499999,0
2020-11-28 04:00:00,517.71,517.71,510.13,512.28,47.44597,1606537799999,24344.1300885,189,26.55906,13619.938881,0
2020-11-28 04:30:00,512.31,513.73,509.45,513.73,30.90397,1606539599999,15816.790691600001,143,18.859029999999997,9649.7754455,0
2020-11-28 05:00:00,514.01,514.01,508.5,511.69,58.18464,1606541399999,29740.755801099996,173,24.56185,12549.4139459,0
2020-11-28 05:30:00,511.63,513.52,511.26,512.15,30.72065,1606543199999,15737.530868900001,101,16.873639999999998,8651.4577456,0
2020-11-28 06:00:00,512.15,512.76,511.09,512.72,5.61327,1606544999999,2873.4057285999997,32,2.21398,1134.5951920999996,0
2020-11-28 06:30:00,512.98,513.31,511.38,513.31,4.45009,1606546799999,2277.0873196,26,0.93309,478.0795863,0
2020-11-28 07:00:00,514.03,514.19,512.75,514.19,6.9596300000000015,1606548599999,3573.1406217,33,1.65762,851.7709822999999,0
2020-11-28 07:30:00,514.74,514.79,513.38,513.38,8.207310000000001,1606550399999,4217.7005609,46,2.8098,1444.7082562,0
2020-11-28 08:00:00,514.8,515.98,512.04,512.42,35.9007,1606552199999,18450.9318043,141,13.85486,7123.4081384,0
2020-11-28 08:30:00,512.12,513.66,511.44,512.0,29.7171,1606553999999,15224.501642500001,121,9.08346,4655.7717117,0
2020-11-28 09:00:00,512.08,513.05,510.66,511.89,70.15028000000001,1606555799999,35913.838660500005,153,40.129329999999996,20544.898027400002,0
2020-11-28 09:30:00,511.69,512.28,510.03,510.03,27.03207,1606557599999,13819.903552899998,87,14.74906,7543.541582100002,0
2020-11-28 10:00:00,510.11,515.53,509.58,514.62,42.29404,1606559399999,21695.2932697,131,28.67748,14719.6953053,0
2020-11-28 10:30:00,515.76,516.63,513.93,515.93,21.26741,1606561199999,10956.347044,105,7.44497,3840.3499921999996,0
2020-11-28 11:00:00,516.06,516.19,514.44,516.0,14.970670000000002,1606562999999,7716.547408600001,48,9.98281,5146.1590138,0
2020-11-28 11:30:00,516.0,518.91,516.0,518.56,14.46209,1606564799999,7487.270382600002,55,9.524980000000001,4930.606253399998,0
2020-11-28 12:00:00,518.9,520.06,516.93,516.95,36.01294,1606566599999,18686.1352044,152,19.079620000000002,9906.8300035,0
2020-11-28 12:30:00,517.71,517.71,515.93,517.3,13.69185,1606568399999,7076.901134999999,79,7.43955,3846.8233071000004,0
2020-11-28 13:00:00,517.3,518.6,515.93,517.55,172.87458999999996,1606570199999,89317.2356636,459,113.49951000000001,58631.93030160001,0
2020-11-28 13:30:00,517.32,520.62,516.95,519.69,298.34057,1606571999999,154585.4891122,1058,210.49816,109060.462495,0
2020-11-28 14:00:00,518.83,520.57,516.16,519.59,61.2959,1606573799999,31782.720925999998,161,20.261,10520.449512000001,0
2020-11-28 14:30:00,519.63,523.14,515.97,522.5,84.9459,1606575599999,44166.720451,250,49.188179999999996,25575.8016903,0
2020-11-28 15:00:00,523.15,527.07,520.54,524.41,66.36046999999999,1606577399999,34789.31444080001,288,31.84367,16699.489323899998,0
2020-11-28 15:30:00,523.51,528.4,522.71,527.34,71.22239,1606579199999,37470.9023744,226,37.025690000000004,19503.6796189,0
2020-11-28 16:00:00,528.38,529.56,521.66,523.69,111.60897,1606580999999,58694.583616699994,336,42.34578,22264.8720237,0
2020-11-28 16:30:00,525.08,526.81,521.33,524.16,119.39646,1606582799999,62605.99693730001,328,52.371990000000004,27453.866233099998,0
2020-11-28 17:00:00,524.43,526.3,519.97,524.7,185.99441000000002,1606584599999,97311.6594892,469,97.19149,50889.6234235,0
2020-11-28 17:30:00,524.55,526.44,524.06,526.44,32.62545,1606586399999,17143.2167912,141,9.27698,4878.263309100002,0
2020-11-28 18:00:00,526.82,528.32,525.85,526.59,77.9402,1606588199999,41079.841349,259,39.46906,20815.108872599998,0
2020-11-28 18:30:00,526.99,528.8,524.9,528.0,32.22081,1606589999999,16975.5321787,130,14.21239,7494.541343600001,0
2020-11-28 19:00:00,528.0,529.56,526.05,527.32,231.32317999999998,1606591799999,122054.91671830001,596,104.03986,54933.02466880001,0
2020-11-28 19:30:00,527.87,532.39,527.87,532.03,44.91495,1606593599999,23828.1162198,207,26.90832,14276.9192571,0
2020-11-28 20:00:00,531.72,532.04,528.47,529.22,48.5041,1606595399999,25736.7520061,199,14.441889999999999,7669.900719399999,0
2020-11-28 20:30:00,529.5,530.0,525.0,525.29,41.98594,1606597199999,22130.7709935,144,16.096,8503.6265364,0
2020-11-28 21:00:00,526.08,528.19,526.08,526.71,15.49714,1606598999999,8171.992760699999,112,9.68422,5108.001178,0
2020-11-28 21:30:00,526.39,530.87,526.27,530.57,22.03182,1606600799999,11666.078859700001,112,19.12969,10133.8845851,0
2020-11-28 22:00:00,530.57,531.89,529.77,531.19,32.23438,1606602599999,17116.1389687,140,18.72831,9946.840250799998,0
2020-11-28 22:30:00,531.27,534.43,530.0,531.45,83.38864000000002,1606604399999,44416.6313631,178,60.46094,32215.6400677,0
2020-11-28 23:00:00,532.0,534.64,532.0,533.73,27.34518,1606606199999,14583.097360400001,100,11.362739999999999,6061.543736300001,0
2020-11-28 23:30:00,533.67,533.67,528.47,530.68,46.41195,1606607999999,24639.146554599996,159,19.5268,10374.04902,0
2020-11-29 00:00:00,529.82,532.41,525.0,526.37,156.29348000000005,1606609799999,82555.79868539999,398,78.71616,41553.9473888,0
2020-11-29 00:30:00,527.07,529.99,526.68,529.17,38.956759999999996,1606611599999,20576.2929186,102,30.41726,16068.2894084,0
2020-11-29 01:00:00,529.26,530.42,523.79,523.79,74.13035,1606613399999,39103.4899878,245,50.731359999999995,26774.4639615,0
2020-11-29 01:30:00,524.38,526.28,522.19,524.45,76.75883,1606615199999,40234.151376199996,281,35.57612,18661.5896105,0
2020-11-29 02:00:00,524.45,526.67,523.32,525.87,22.55649,1606616999999,11838.408324299999,62,10.03469,5265.665826100001,0
2020-11-29 02:30:00,525.95,528.36,525.0,527.43,55.39076,1606618799999,29159.3816228,177,22.65952,11933.980531799998,0
2020-11-29 03:00:00,527.31,531.32,527.31,530.24,15.139629999999999,1606620599999,8019.803680500001,70,12.26923,6499.5607736,0
2020-11-29 03:30:00,529.84,532.5,529.78,532.5,24.21964,1606622399999,12866.516440899999,73,13.18508,7008.2448515,0
2020-11-29 04:00:00,531.98,532.45,530.79,532.39,42.34701,1606624199999,22517.9001593,114,16.1724,8605.3377827,0
2020-11-29 04:30:00,532.31,532.83,531.19,531.79,18.8703,1606625999999,10037.6879338,51,7.2963,3883.8299770999997,0
2020-11-29 05:00:00,531.79,533.26,531.16,533.26,26.561629999999997,1606627799999,14128.3541803,87,7.3761100000000015,3924.7476891999995,0
2020-11-29 05:30:00,533.33,533.49,531.41,532.18,19.18148,1606629599999,10214.5277985,96,9.22827,4916.5336204,0
2020-11-29 06:00:00,531.9,531.9,527.78,528.35,18.84001,1606631399999,9972.5212875,78,8.832980000000003,4673.1396638000015,0
2020-11-29 06:30:00,528.75,531.29,528.75,531.29,5.47321,1606633199999,2899.6343724,20,4.2242,2237.7809686,0
2020-11-29 07:00:00,530.36,533.69,529.2,533.69,21.18272,1606634999999,11241.3737965,64,10.4288,5534.2654098,0
2020-11-29 07:30:00,533.2,535.0,532.08,534.05,22.98266,1606636799999,12270.619429100001,96,8.49045,4537.303263399999,0
2020-11-29 08:00:00,534.98,539.44,534.53,538.87,92.82512,1606638599999,49803.5440835,259,72.40302,38820.158809699984,0
2020-11-29 08:30:00,538.64,539.0,537.53,538.28,21.13796,1606640399999,11379.333705500001,69,10.283710000000001,5538.1187499,0
2020-11-29 09:00:00,538.13,540.87,536.82,538.63,83.40413000000002,1606642199999,44921.9240368,207,61.46598,33130.476871499995,0
2020-11-29 09:30:00,539.85,539.85,536.95,537.61,20.792820000000006,1606643999999,11190.8269392,112,7.7664399999999985,4183.932364599998,0
2020-11-29 10:00:00,536.82,537.6,535.9,537.34,10.87095,1606645799999,5835.2388702,54,2.40253,1289.6182927000002,0
2020-11-29 10:30:00,538.02,540.7,537.54,540.43,19.21337,1606647599999,10361.4614805,45,12.13213,6540.9391268,0
2020-11-29 11:00:00,539.71,540.01,534.03,535.09,79.49638,1606649399999,42685.2504023,271,27.87067,14981.793010100002,0
2020-11-29 11:30:00,535.22,535.68,531.61,535.68,23.05707,1606651199999,12306.6635008,108,6.57448,3510.4629622,0
2020-11-29 12:00:00,535.86,536.14,529.23,531.68,36.59232,1606652999999,19451.047601599996,160,15.480089999999999,8221.5527771,0
2020-11-29 12:30:00,531.83,534.85,530.02,534.72,21.87509,1606654799999,11646.551970100001,57,10.306569999999999,5495.5624936,0
2020-11-29 13:00:00,534.04,537.5,534.04,537.5,8.36155,1606656599999,4477.1830972,45,4.91426,2632.1672948000005,0
2020-11-29 13:30:00,536.75,537.75,534.1,537.5,27.842540000000003,1606658399999,14920.3589674,124,12.452589999999999,6681.6818636000025,0
2020-11-29 14:00:00,537.7,539.58,535.81,537.05,75.86046,1606660199999,40779.814934199996,167,48.57189,26123.942402,0
2020-11-29 14:30:00,537.27,537.34,534.87,534.87,14.39211,1606661999999,7721.1725038,50,5.13454,2754.6062270999996,0
2020-11-29 15:00:00,534.8,536.28,531.56,534.72,76.17335,1606663799999,40701.478082,191,41.133109999999995,21981.6653088,0
2020-11-29 15:30:00,534.87,535.66,532.03,533.59,18.14455,1606665599999,9679.539924200002,74,6.5725,3510.6683491,0
2020-11-29 16:00:00,534.85,535.47,523.02,526.32,92.09302,1606667399999,48606.8231645,401,40.48292,21382.6321512,0
2020-11-29 16:30:00,525.72,528.29,524.6,527.59,59.038000000000004,1606669199999,31136.5806744,105,14.431629999999998,7609.9851171,0
2020-11-29 17:00:00,527.57,532.5,526.27,531.38,32.52503,1606670999999,17224.013290799998,105,9.48429,5019.503168,0
2020-11-29 17:30:00,531.83,533.52,530.11,533.41,20.37516,1606672799999,10844.1309407,53,18.064989999999998,9613.6001355,0
2020-11-29 18:00:00,533.25,533.25,530.77,531.25,21.0605,1606674599999,11192.4192596,61,4.0326900000000006,2144.1659425000007,0
2020-11-29 18:30:00,531.67,534.49,531.67,534.49,14.03031,1606676399999,7473.971186399999,38,7.3656,3925.7126397,0
2020-11-29 19:00:00,534.31,535.83,533.74,535.01,49.46602,1606678199999,26463.4124121,124,31.3832,16793.5318373,0
2020-11-29 19:30:00,535.72,536.59,535.0,535.2,28.88,1606679999999,15473.8421331,80,4.11575,2205.1555746999998,0
2020-11-29 20:00:00,535.64,542.86,535.64,542.52,76.16969,1606681799999,41079.365712599996,211,55.75483000000001,30043.4996125,0
2020-11-29 20:30:00,542.83,545.72,542.28,543.84,42.49447,1606683599999,23134.028742200004,266,24.43442000000001,13304.516228100001,0
2020-11-29 21:00:00,545.36,547.88,545.24,545.76,52.02026,1606685399999,28433.78330720001,159,30.340120000000002,16593.9671516,0
2020-11-29 21:30:00,545.76,547.4,543.37,543.43,37.251459999999994,1606687199999,20320.670813,131,11.24725,6149.1849288,0
2020-11-29 22:00:00,543.58,543.83,539.73,540.89,62.13271999999999,1606688999999,33655.7593717,181,23.31316,12627.2941629,0
2020-11-29 22:30:00,540.5,541.97,537.74,540.15,58.825269999999996,1606690799999,31750.0268078,192,31.289309999999997,16895.7223319,0
2020-11-29 23:00:00,540.45,545.0,540.36,544.27,30.292240000000003,1606692599999,16437.3693981,114,11.642389999999999,6314.1450844,0
2020-11-29 23:30:00,545.05,546.12,543.33,546.12,47.56094,1606694399999,25917.7445377,97,9.98138,5438.601632800001,0
2020-11-30 00:00:00,546.12,556.05,546.12,554.45,92.34475,1606696199999,50973.986423300004,455,53.39536,29454.343387700002,0
2020-11-30 00:30:00,555.29,557.85,552.19,557.24,92.51262,1606697999999,51334.0502254,285,64.61388000000001,35886.1759823,0
2020-11-30 01:00:00,557.22,558.41,551.23,552.01,79.26959000000002,1606699799999,43967.7215434,304,17.872889999999995,9946.7219802,0
2020-11-30 01:30:00,551.99,554.03,551.58,552.8,18.8392,1606701599999,10418.0445188,65,9.39372,5195.8297213999995,0
2020-11-30 02:00:00,553.17,553.17,550.41,550.91,7.59397,1606703399999,4186.7264178999985,28,0.3432,189.42629330000003,0
2020-11-30 02:30:00,551.36,555.32,550.65,554.1,38.229859999999995,1606705199999,21164.3352349,126,17.44422,9654.5415643,0
2020-11-30 03:00:00,554.29,555.93,551.72,555.03,44.46615,1606706999999,24603.442289099996,162,19.15707,10608.3968566,0
2020-11-30 03:30:00,555.99,557.06,554.64,555.72,30.32341,1606708799999,16848.585059600002,94,21.72201,12073.160573899999,0
2020-11-30 04:00:00,554.99,554.99,549.43,549.43,51.75324000000001,1606710599999,28550.0727912,194,12.779760000000001,7048.0550299,0
2020-11-30 04:30:00,549.98,550.39,548.96,549.78,4.77894,1606712399999,2626.6987024,34,2.99245,1645.2455532,0
2020-11-30 05:00:00,549.36,550.66,549.04,549.88,10.426810000000001,1606714199999,5732.5139148,51,5.5545300000000015,3054.5006409000002,0
2020-11-30 05:30:00,551.01,551.12,547.0,547.0,11.26529,1606715999999,6183.6914913,63,4.95294,2720.5792865,0
2020-11-30 07:00:00,546.26,550.56,546.26,548.25,60.60814,1606721399999,33211.7769088,223,36.32112,19904.8493352,0
2020-11-30 07:30:00,548.56,549.09,543.75,545.81,37.38268,1606723199999,20431.4161499,165,15.897110000000001,8704.843317,0
2020-11-30 08:00:00,545.81,584.75,535.76,539.32,567.84622,1606724999999,312175.5138303,1321,291.19707999999997,161654.0226106,0
2020-11-30 08:30:00,539.33,541.98,539.33,540.49,25.66478,1606726799999,13878.591428299998,87,10.494000000000002,5675.9828607,0
2020-11-30 09:00:00,540.63,540.63,536.93,537.95,34.370709999999995,1606728599999,18495.4080411,167,18.982039999999998,10217.766070399999,0
2020-11-30 09:30:00,537.1,540.69,534.8,540.69,60.6821,1606730399999,32620.042335799997,251,28.18274000000001,15147.7500192,0
2020-11-30 10:00:00,540.24,546.08,540.24,546.07,54.1676,1606732199999,29474.925947099997,131,38.124829999999996,20747.0770882,0
2020-11-30 10:30:00,545.39,547.84,544.52,546.27,33.5054,1606733999999,18300.4313373,153,13.740029999999999,7508.257125399998,0
2020-11-30 11:00:00,546.84,552.34,546.84,551.47,41.22977,1606735799999,22694.5209115,172,13.41751,7389.5323434,0
2020-11-30 11:30:00,550.71,553.78,550.0,552.04,55.79031,1606737599999,30776.959996099995,245,24.24565,13374.951125,0
2020-11-30 12:00:00,552.34,559.0,552.34,557.14,47.653929999999995,1606739399999,26526.8095422,212,28.027040000000003,15582.9792699,0
2020-11-30 12:30:00,558.06,559.47,555.0,556.94,56.86193000000001,1606741199999,31721.6106853,169,31.78683,17736.6348249,0
2020-11-30 13:00:00,557.57,557.62,551.15,553.64,68.16450999999999,1606742999999,37779.3231074,301,26.30738,14555.617826499998,0
2020-11-30 13:30:00,552.95,562.45,550.63,562.45,135.18913,1606744799999,75196.7844972,886,83.3608,46420.962336900004,0
2020-11-30 14:00:00,560.82,565.57,559.0,563.02,132.43368,1606746599999,74413.225062,400,53.388909999999996,30041.2700712,0
2020-11-30 14:30:00,564.04,568.76,563.01,565.26,188.18986,1606748399999,106452.04465810001,649,93.93075,53156.1669238,0
2020-11-30 15:00:00,565.26,571.19,564.6,570.81,71.20374,1606750199999,40517.3699809,325,39.22298,22331.8225882,0
2020-11-30 15:30:00,570.03,571.45,560.98,563.73,355.91807,1606751999999,202245.34053359999,979,117.41746,66566.36004859999,0
2020-11-30 16:00:00,564.62,581.57,564.62,579.45,132.61088,1606753799999,75925.7513033,448,84.16254,48240.5695815,0
2020-11-30 16:30:00,579.06,581.85,567.93,569.84,169.85405,1606755599999,97719.6738728,534,72.33915,41688.545079400006,0
2020-11-30 17:00:00,570.37,574.66,566.95,572.8,60.53938,1606757399999,34526.5677834,179,34.64495,19779.3831065,0
2020-11-30 17:30:00,572.49,572.49,564.93,566.32,183.47523999999999,1606759199999,104354.6755763,456,119.76938999999999,68142.0938795,0
2020-11-30 18:00:00,566.98,568.87,563.5,564.78,46.42615,1606760999999,26287.998253499998,112,27.165290000000002,15396.0205946,0
2020-11-30 18:30:00,564.03,567.84,560.0,560.01,32.60626,1606762799999,18396.9094523,138,17.52356,9906.2754109,0
2020-11-30 19:00:00,560.85,566.08,559.23,564.58,30.20544000000001,1606764599999,16983.225173,122,15.812920000000002,8912.7941639,0
2020-11-30 19:30:00,565.08,565.29,561.52,561.52,23.04492,1606766399999,12990.8907979,91,9.944930000000001,5613.3571596,0
2020-11-30 20:00:00,561.5,563.83,559.18,563.35,27.790290000000002,1606768199999,15622.6172417,81,15.51615,8718.1092283,0
2020-11-30 20:30:00,563.35,566.06,563.35,565.27,34.46286,1606769999999,19464.6193373,83,7.10571,4010.9236011999997,0
2020-11-30 21:00:00,565.19,566.53,564.12,565.02,11.35821,1606771799999,6424.5891174,60,5.2967,2998.1473641,0
2020-11-30 21:30:00,564.97,566.04,564.03,565.35,21.80526,1606773599999,12317.0707157,62,12.9081,7291.9037344,0
2020-11-30 22:00:00,565.17,565.17,561.94,564.48,18.02046,1606775399999,10155.8224139,60,9.86754,5565.6353147,0
2020-11-30 22:30:00,563.69,568.21,563.64,568.21,8.97891,1606777199999,5083.7758427,30,7.89717,4472.9128092,0
2020-11-30 23:00:00,568.95,568.95,566.47,568.66,13.25322,1606778999999,7525.4398858999975,95,4.3282,2460.3558063,0
2020-11-30 23:30:00,568.96,571.83,567.02,568.12,33.82176,1606780799999,19255.7077132,184,13.5282,7711.348241,0
2020-12-01 00:00:00,568.28,570.37,561.22,563.98,148.05458000000004,1606782599999,83561.56445539999,484,60.78998000000001,34321.20185020001,0
2020-12-01 00:30:00,564.63,564.63,557.62,559.34,49.77642,1606784399999,27867.8164824,192,10.99099,6168.2507588,0
2020-12-01 01:00:00,558.87,560.25,553.26,553.64,71.74566999999998,1606786199999,39863.5649019,326,28.580759999999998,15906.001152399998,0
2020-12-01 01:30:00,553.63,558.32,552.04,557.99,103.49501,1606787999999,57458.2472104,202,66.89239,37141.7572874,0
2020-12-01 02:00:00,557.41,561.4,557.41,560.83,26.28235,1606789799999,14697.625176700001,123,12.92952,7235.9449918,0
2020-12-01 02:30:00,560.06,560.09,557.0,558.15,88.46655,1606791599999,49357.316558,161,47.88166,26705.3390936,0
2020-12-01 03:00:00,558.87,558.87,550.39,552.62,57.483259999999994,1606793399999,31823.7042275,275,16.39526,9069.59927,0
2020-12-01 03:30:00,552.75,554.48,550.91,551.89,20.001829999999998,1606795199999,11055.448996500001,72,5.10565,2825.0626746999997,0
2020-12-01 04:00:00,551.19,557.57,550.45,557.56,61.27867,1606796999999,34015.5046098,200,50.06147,27805.416215499998,0
2020-12-01 04:30:00,556.8,556.8,550.41,550.41,49.49453,1606798799999,27432.296525300004,214,11.270539999999999,6246.6566679,0
2020-12-01 05:00:00,550.73,554.94,550.18,554.87,38.24133,1606800599999,21099.4420508,132,18.45608,10196.650885500001,0
2020-12-01 05:30:00,555.39,556.78,553.47,556.78,12.48868,1606802399999,6928.4556271,33,7.197960000000001,3996.7415216,0
2020-12-01 06:00:00,556.84,558.46,556.35,557.15,20.64225,1606804199999,11502.629948200001,55,7.052989999999999,3934.228132,0
2020-12-01 06:30:00,556.73,559.23,552.64,554.9,60.30314,1606805999999,33527.1222959,222,22.80844,12693.2068537,0
2020-12-01 07:00:00,553.99,558.89,553.95,558.0,21.28444,1606807799999,11852.464137899999,124,12.77341,7110.669717300001,0
2020-12-01 07:30:00,558.51,562.0,558.31,561.99,48.09391,1606809599999,26945.7862847,212,22.42795,12574.4376566,0
2020-12-01 08:00:00,562.0,562.84,557.93,558.51,42.39544,1606811399999,23767.3264063,157,15.9884,8971.7956092,0
2020-12-01 08:30:00,559.5,560.28,556.78,558.47,28.82256,1606813199999,16102.086168799999,98,10.52023,5881.008579300003,0
2020-12-01 09:00:00,558.78,561.73,558.57,560.32,30.04885,1606814999999,16814.6024076,128,20.9024,11697.495332100001,0
2020-12-01 09:30:00,559.14,560.75,558.02,560.13,22.28945,1606816799999,12473.3539752,124,8.769730000000001,4909.623354300002,0
2020-12-01 10:00:00,560.74,563.68,559.29,563.45,112.11622,1606818599999,63005.601887599994,286,54.80536,30808.952154000002,0
2020-12-01 10:30:00,562.69,564.97,559.95,563.86,91.35005,1606820399999,51344.6894699,250,46.836420000000004,26340.3378324,0
2020-12-01 11:00:00,564.7,567.26,549.55,554.29,175.40913,1606822199999,98157.8225484,624,66.80094,37381.2236933,0
2020-12-01 11:30:00,555.05,557.62,550.38,552.99,151.73965,1606823999999,84035.02145449999,434,61.73631999999999,34197.7509291,0
2020-12-01 12:00:00,552.66,556.55,500.73,526.5,320.13967,1606825799999,171208.66816360006,1033,122.82168999999999,65828.72565319999,0
2020-12-01 12:30:00,525.83,536.57,521.81,525.34,507.7195,1606827599999,268771.9390896,1377,260.98566,138129.5316851,0
2020-12-01 13:00:00,525.6,537.55,519.17,535.56,431.25952,1606829399999,227532.33272059998,1289,217.28599,114729.68913399999,0
2020-12-01 13:30:00,535.48,540.48,533.08,537.4,180.21841,1606831199999,96726.9947862,591,93.54439,50259.311340800006,0
2020-12-01 14:00:00,536.83,538.35,531.51,536.09,96.52606999999999,1606832999999,51720.2764875,264,55.5258,29782.317170399998,0
2020-12-01 14:30:00,535.97,551.27,535.97,548.59,197.92813999999998,1606834799999,108044.4998026,586,101.00983000000001,55134.8397293,0
2020-12-01 15:00:00,547.35,555.87,547.0,554.63,153.24522,1606836599999,84569.6321637,427,76.56141,42259.7380041,0
2020-12-01 15:30:00,554.41,554.41,545.66,549.07,102.67059,1606838399999,56419.1364092,338,51.37459000000001,28244.4321881,0
2020-12-01 16:00:00,549.19,552.9,537.46,541.07,273.67996,1606840199999,148711.35674929994,701,129.92083,70613.8763469,0
2020-12-01 16:30:00,538.94,545.01,537.89,541.26,88.18259,1606841999999,47709.605183499996,275,41.626909999999995,22543.966394400002,0
2020-12-01 17:00:00,541.61,542.85,533.0,541.61,193.99264,1606843799999,104327.4343459,520,94.11891,50653.2795819,0
2020-12-01 17:30:00,540.68,543.65,534.87,543.32,133.83177,1606845599999,72299.9203819,514,53.648869999999995,29003.125613,0
2020-12-01 18:00:00,541.97,542.05,532.06,534.67,125.1777,1606847399999,67343.7636304,256,74.3526,40027.0218902,0
2020-12-01 18:30:00,533.79,537.13,529.16,531.68,185.63003,1606849199999,98894.5123067,479,89.96968000000004,47981.6740214,0
2020-12-01 19:00:00,532.19,540.16,531.3,538.91,59.869969999999995,1606850999999,32160.039351800002,240,31.64667,17010.599337,0
2020-12-01 19:30:00,539.86,542.49,536.96,539.2,83.54455,1606852799999,45043.0577221,302,36.43492,19655.950709599998,0
2020-12-01 20:00:00,538.78,540.62,536.94,537.95,26.157410000000002,1606854599999,14090.876057799998,102,15.82815,8539.174631999998,0
2020-12-01 20:30:00,537.38,539.11,534.42,537.77,27.77522,1606856399999,14912.3019739,95,13.211110000000001,7102.285852,0
2020-12-01 21:00:00,539.09,542.93,537.77,542.93,31.78019,1606858199999,17203.984333200002,100,18.61317,10082.6228085,0
2020-12-01 21:30:00,542.86,543.2,537.85,537.86,68.74473,1606859999999,37155.7319315,246,30.822570000000002,16679.2478893,0
2020-12-01 22:00:00,539.78,542.74,539.37,541.2,25.06348,1606861799999,13561.6871729,79,14.35222,7770.2324999,0
2020-12-01 22:30:00,540.22,541.55,531.5,531.5,98.53022,1606863599999,52698.5091992,378,39.60386,21200.4316652,0
2020-12-01 23:00:00,531.02,532.1,527.01,528.27,95.92505,1606865399999,50772.4888345,340,35.76704,18948.2710259,0
2020-12-01 23:30:00,527.58,530.58,526.51,528.5,36.94442,1606867199999,19540.888397,144,18.7155,9910.0936918,0
2020-12-02 00:00:00,527.81,533.6,521.86,533.22,153.2577,1606868999999,80739.8525151,485,64.30371,33889.973306299995,0
2020-12-02 00:30:00,533.82,540.33,533.82,540.33,51.71945,1606870799999,27788.238590900004,207,31.012140000000002,16677.1227271,0
2020-12-02 01:00:00,539.96,540.08,535.81,539.46,55.890969999999996,1606872599999,30066.824887,189,37.94021,20420.1460721,0
2020-12-02 01:30:00,539.3,541.92,537.8,541.0,76.2358,1606874399999,41143.0700583,172,30.180120000000002,16279.315291100002,0
2020-12-02 02:00:00,541.81,541.95,537.89,539.07,36.32294,1606876199999,19640.220531799998,142,12.94714,7012.2139498999995,0
2020-12-02 02:30:00,538.73,539.06,532.3,535.45,34.10324,1606877999999,18254.903437099998,151,13.88135,7430.269699500002,0
2020-12-02 03:00:00,534.59,537.76,532.66,532.83,23.19792,1606879799999,12391.0536035,111,10.739239999999999,5735.7363397,0
2020-12-02 03:30:00,532.61,539.77,531.45,534.34,58.721709999999995,1606881599999,31438.7426636,246,27.5342,14758.237876299998,0
2020-12-02 04:00:00,534.8,537.88,529.89,530.87,69.9997,1606883399999,37357.1847863,267,34.67785,18524.5538604,0
2020-12-02 04:30:00,531.25,535.59,530.08,535.59,22.01315,1606885199999,11731.7011045,87,14.33177,7646.127023700001,0
2020-12-02 05:00:00,535.59,538.43,533.14,534.99,79.41724,1606886999999,42548.45116100001,274,43.315259999999995,23219.1902991,0
2020-12-02 05:30:00,534.64,540.39,533.82,539.89,25.50817,1606888799999,13709.180038600001,141,15.11695,8123.226372399998,0
2020-12-02 06:00:00,540.11,543.86,539.66,543.85,21.94216,1606890599999,11894.503070899998,88,15.32605,8303.5688691,0
2020-12-02 06:30:00,543.87,546.87,541.94,546.45,46.018,1606892399999,25040.6181384,211,29.42632,16022.4813764,0
2020-12-02 07:00:00,546.7,548.75,544.1,548.6,70.5589,1606894199999,38586.59147769999,229,27.21535,14887.3127978,0
2020-12-02 07:30:00,548.4,553.02,548.17,553.02,27.78724,1606895999999,15281.740800299998,152,18.6189,10244.0145592,0
2020-12-02 08:00:00,552.51,553.32,548.78,551.64,50.5566,1606897799999,27827.1211992,188,25.3668,13968.591529199999,0
2020-12-02 08:30:00,551.69,551.69,548.26,548.99,26.39225,1606899599999,14518.6658949,108,11.51694,6338.7217242,0
2020-12-02 09:00:00,550.63,555.59,548.87,554.74,46.26446,1606901399999,25558.2911587,237,26.45228,14614.078678400001,0
2020-12-02 09:30:00,553.31,555.17,548.11,548.11,47.91437,1606903199999,26385.98649570001,219,19.8611,10943.0612193,0
2020-12-02 10:00:00,548.84,551.06,545.89,547.33,56.95328000000001,1606904999999,31225.408443400003,206,38.86237,21313.7996006,0
2020-12-02 10:30:00,548.02,550.53,548.02,549.58,15.786929999999998,1606906799999,8677.736189399999,65,10.66119,5862.6007518999995,0
2020-12-02 11:00:00,550.64,555.13,549.14,553.56,27.93292000000001,1606908599999,15417.923405700001,109,13.6634,7545.5264619,0
2020-12-02 11:30:00,554.67,555.93,550.65,553.09,39.99978,1606910399999,22151.3278189,122,16.41542,9098.690509799999,0
2020-12-02 12:00:00,552.8,552.8,544.43,547.02,76.74704,1606912199999,41997.073766,259,34.97926,19146.5554523,0
2020-12-02 12:30:00,547.43,552.43,544.09,551.93,44.392920000000004,1606913999999,24310.9987717,172,27.2149,14915.598602700002,0
2020-12-02 13:00:00,551.34,556.74,550.7,556.74,31.066209999999998,1606915799999,17198.9621356,106,19.860429999999997,11008.841454000001,0
2020-12-02 13:30:00,555.99,557.0,554.59,554.91,43.53315,1606917599999,24222.4759612,175,19.18806,10679.4108326,0
2020-12-02 14:00:00,555.3,558.25,552.67,554.15,78.58927,1606919399999,43672.9208124,259,39.408809999999995,21925.4034757,0
2020-12-02 14:30:00,554.43,556.15,550.39,554.53,50.07526,1606921199999,27723.7890136,204,21.57359,11955.1780348,0
2020-12-02 15:00:00,553.57,559.5,549.15,556.46,75.2725,1606922999999,41785.6657014,218,42.20128,23443.4000352,0
2020-12-02 15:30:00,556.46,558.41,552.27,557.48,35.85953,1606924799999,19926.4947723,120,14.927589999999999,8303.307165600001,0
2020-12-02 16:00:00,558.45,560.0,552.69,558.11,88.53452,1606926599999,49285.0508365,297,42.47654,23673.9681595,0
2020-12-02 16:30:00,557.52,557.52,552.71,553.88,29.751379999999997,1606928399999,16510.5525157,116,18.91085,10500.791530600001,0
2020-12-02 17:00:00,555.45,560.99,554.0,559.97,49.09342,1606930199999,27377.145689200002,182,32.22903,17989.4330403,0
2020-12-02 17:30:00,559.63,562.7,557.66,560.84,58.73248,1606931999999,32899.3594052,211,37.595040000000004,21072.4121873,0
2020-12-02 18:00:00,561.19,564.94,560.4,563.74,26.80998,1606933799999,15099.215535199999,170,13.38539,7544.3118686000025,0
2020-12-02 18:30:00,562.23,564.0,561.44,563.27,21.978089999999998,1606935599999,12360.6671847,123,4.24185,2389.3150207,0
2020-12-02 19:00:00,563.19,564.44,558.69,559.18,26.71828,1606937399999,15003.785531,93,11.165289999999999,6284.8268366,0
2020-12-02 19:30:00,559.62,561.39,555.09,556.06,159.28959,1606939199999,88983.97746180002,315,35.22434000000001,19694.2072433,0
2020-12-02 20:00:00,556.68,556.89,553.19,556.04,29.46098,1606940999999,16358.1124166,149,14.439179999999999,8029.3912268,0
2020-12-02 20:30:00,555.93,559.59,555.93,559.08,47.72977,1606942799999,26640.7185519,151,30.74257,17168.592757299994,0
2020-12-02 21:00:00,559.66,560.29,557.75,558.67,15.262020000000001,1606944599999,8528.4211565,47,5.02578,2811.664528300001,0
2020-12-02 21:30:00,558.64,560.43,558.22,558.22,11.819519999999999,1606946399999,6616.4599126,24,10.758389999999999,6022.7941384,0
2020-12-02 22:00:00,558.21,560.63,557.37,557.65,13.871120000000001,1606948199999,7745.434996600001,57,6.61557,3693.0743721,0
2020-12-02 22:30:00,557.66,559.65,557.12,558.54,10.39285,1606949999999,5803.5012625,58,4.3866,2451.1617065,0
2020-12-02 23:00:00,558.44,561.29,558.44,561.28,9.00624,1606951799999,5045.6904729,37,5.53747,3102.3882436999997,0
2020-12-02 23:30:00,561.29,561.29,557.73,560.67,18.17334,1606953599999,10167.0577139,75,5.7057,3192.258742,0
2020-12-03 00:00:00,560.67,564.44,560.67,564.44,83.08408,1606955399999,46813.5684336,174,61.53811999999999,34688.3367379,0
2020-12-03 00:30:00,564.42,564.42,559.46,563.99,38.649809999999995,1606957199999,21711.2840713,143,18.65812,10491.5086471,0
2020-12-03 01:00:00,563.86,570.65,559.56,569.13,215.49387000000002,1606958999999,121843.8056211,528,176.38481000000004,99798.7903073,0
2020-12-03 01:30:00,569.2,569.87,561.05,564.33,85.42865,1606960799999,48347.963577999995,285,46.4884,26321.1710437,0
2020-12-03 02:00:00,565.18,568.42,564.44,566.4,27.11358,1606962599999,15363.584644499999,96,14.71659,8344.949902600001,0
2020-12-03 02:30:00,567.32,570.58,566.13,569.3,77.64115,1606964399999,44159.0268514,185,42.21371,24015.6895883,0
2020-12-03 03:00:00,570.03,570.46,569.08,569.08,18.53042,1606966199999,10559.1873653,71,3.4191599999999998,1949.5697192000002,0
2020-12-03 03:30:00,569.33,570.93,567.08,568.54,92.56071999999999,1606967999999,52695.163146,278,21.22354,12082.5995906,0
2020-12-03 04:00:00,567.55,570.75,566.28,566.32,47.41904,1606969799999,26981.5457269,183,24.62334,14023.007851299999,0
2020-12-03 04:30:00,567.41,567.54,564.94,565.47,18.3464,1606971599999,10384.5460889,77,2.53815,1436.6795499000002,0
2020-12-03 05:00:00,565.22,569.17,564.29,569.17,25.39648,1606973399999,14381.2482099,139,17.66495,10009.603959799999,0
2020-12-03 05:30:00,568.17,568.39,556.47,562.69,80.01236,1606975199999,44885.06585959999,360,30.2187,16943.2510753,0
2020-12-03 06:00:00,563.04,567.45,561.46,566.63,34.37823,1606976999999,19446.5532537,144,16.17867,9160.983165399999,0
2020-12-03 06:30:00,567.04,567.27,564.04,564.04,17.50013,1606978799999,9907.0137651,104,5.4718,3099.4246727,0
2020-12-03 07:00:00,565.11,569.76,559.61,569.76,39.22221,1606980599999,22114.3266495,168,27.92565,15757.582532700002,0
2020-12-03 07:30:00,568.87,573.18,568.84,573.15,35.60856,1606982399999,20347.8884912,269,22.91187,13094.355126,0
2020-12-03 08:00:00,573.22,578.0,571.46,576.34,62.77105,1606984199999,36107.640843199995,338,38.6334,22220.6226931,0
2020-12-03 08:30:00,576.51,576.52,572.99,575.59,25.0014,1606985999999,14364.9710106,223,11.41923,6566.7538408,0
2020-12-03 09:00:00,575.78,576.87,570.01,570.89,63.62856,1606987799999,36467.002125,196,31.8135,18245.2953257,0
2020-12-03 09:30:00,571.34,574.5,571.0,574.5,34.72388,1606989599999,19901.240654499998,142,20.0316,11482.901087,0
2020-12-03 10:00:00,574.16,577.65,572.49,577.5,29.20277,1606991399999,16786.352941999998,192,14.82425,8530.435013,0
2020-12-03 10:30:00,577.65,579.77,576.41,578.83,29.64473,1606993199999,17140.1308498,157,13.82116,7996.382418699999,0
2020-12-03 11:00:00,579.73,582.03,577.52,578.69,55.66059,1606994999999,32271.9199041,296,25.49932,14794.4485444,0
2020-12-03 11:30:00,578.76,579.96,576.32,579.96,19.50935,1606996799999,11272.451691700002,84,10.58453,6121.032304,0
2020-12-03 12:00:00,579.46,579.46,572.7,575.19,35.93127,1606998599999,20678.1385053,168,11.26269,6481.401981,0
2020-12-03 12:30:00,575.38,575.98,574.11,575.55,11.29405,1607000399999,6496.9709326,60,8.21626,4727.0636822999995,0
2020-12-03 13:00:00,575.0,584.39,574.81,583.88,106.86726999999999,1607002199999,62019.682970300004,411,76.24591,44240.442512300004,0
2020-12-03 13:30:00,582.87,583.61,581.08,581.43,33.0079,1607003999999,19220.4456194,155,13.293660000000001,7745.993141,0
2020-12-03 14:00:00,582.4,587.97,582.37,586.65,38.62478,1607005799999,22623.3128942,179,28.7912,16864.2032064,0
2020-12-03 14:30:00,586.68,589.98,583.93,589.58,84.87702,1607007599999,49854.6154545,358,56.4074,33138.5280416,0
2020-12-03 15:00:00,589.62,589.72,584.9,586.51,115.19566999999999,1607009399999,67657.5727455,327,52.60943,30898.62103440001,0
2020-12-03 15:30:00,585.73,586.8,583.5,586.47,53.70381999999999,1607011199999,31414.325198500002,196,23.58561,13811.215946,0
2020-12-03 16:00:00,586.46,588.5,578.8,584.03,118.89496000000001,1607012999999,69290.0585752,365,55.73848,32451.934577099997,0
2020-12-03 16:30:00,584.01,591.95,584.01,591.76,123.41281000000001,1607014799999,72657.88674249999,362,80.39966,47357.8386645,0
2020-12-03 17:00:00,591.82,592.0,587.78,591.24,50.84328,1607016599999,30014.6823621,186,26.961840000000002,15934.1529024,0
2020-12-03 17:30:00,590.82,593.47,590.82,592.43,39.92968,1607018399999,23639.95014,126,31.576359999999998,18695.0543195,0
2020-12-03 18:00:00,593.18,594.59,592.14,594.59,22.229960000000002,1607020199999,13189.6232733,105,10.37098,6153.8126948,0
2020-12-03 18:30:00,594.59,595.43,594.0,595.03,16.61942,1607021999999,9881.814001,112,9.47982,5640.4060286,0
2020-12-03 19:00:00,595.05,596.12,594.0,594.0,81.59148,1607023799999,48500.3125276,151,20.812920000000002,12393.7829504,0
2020-12-03 19:30:00,594.0,596.25,593.16,595.74,65.8078,1607025599999,39148.424940499994,171,29.017120000000002,17273.7789724,0
2020-12-03 20:00:00,595.88,598.61,594.13,597.37,41.01509,1607027399999,24454.4858918,116,17.863229999999994,10651.5334846,0
2020-12-03 20:30:00,598.35,598.41,586.74,589.81,165.088,1607029199999,97803.7499698,509,54.408409999999996,32216.8706513,0
2020-12-03 21:00:00,588.72,591.16,585.61,589.77,157.33515,1607030999999,92537.5846472,571,74.50044,43826.5557035,0
2020-12-03 21:30:00,589.64,590.77,586.95,588.03,48.21719,1607032799999,28416.818450400002,146,17.40072,10262.0358207,0
2020-12-03 22:00:00,587.61,589.72,586.33,589.36,25.10341,1607034599999,14762.249289,135,13.69035,8057.3393133,0
2020-12-03 22:30:00,589.43,590.56,588.66,589.39,14.702960000000001,1607036399999,8668.0952595,80,9.502889999999999,5603.205381100001,0
2020-12-03 23:00:00,588.88,590.24,588.8,589.14,19.68047,1607038199999,11597.4271942,88,10.72985,6325.5789471,0
2020-12-03 23:30:00,589.98,592.75,589.56,592.75,14.3901,1607039999999,8503.5198214,82,11.13021,6580.9901419,0
2020-12-04 00:00:00,592.34,595.03,591.0,595.03,28.024309999999996,1607041799999,16592.8195894,182,8.2587,4897.5096443,0
2020-12-04 00:30:00,595.61,599.35,595.24,598.54,93.14771,1607043599999,55722.3187732,321,28.03745,16768.8704888,0
2020-12-04 01:00:00,598.03,598.03,592.02,592.8,95.62829,1607045399999,56893.0192467,197,47.54548,28262.4724611,0
2020-12-04 01:30:00,592.97,595.04,591.27,591.27,39.44509,1607047199999,23402.49362790001,226,26.00446,15440.117244,0
2020-12-04 02:00:00,591.17,593.47,589.61,590.19,30.796540000000004,1607048999999,18220.9499481,168,20.63462,12215.235532100001,0
2020-12-04 02:30:00,590.15,590.26,582.64,583.82,125.77481999999999,1607050799999,73693.6498095,538,68.64947,40232.0849426,0
2020-12-04 03:00:00,583.8,588.77,583.36,584.97,46.05445,1607052599999,26973.347648699997,233,24.37197,14284.593741100001,0
2020-12-04 03:30:00,584.49,585.66,576.67,578.06,124.08563000000001,1607054399999,72168.5418138,470,70.34866,40943.7032865,0
2020-12-04 04:00:00,578.75,583.05,576.23,582.21,130.44635,1607056199999,75768.0451481,422,59.57201,34626.5358014,0
2020-12-04 04:30:00,582.0,587.17,581.99,586.33,154.51261,1607057999999,90173.07934530001,243,138.63897,80905.88618989999,0
2020-12-04 05:00:00,585.53,588.71,584.57,584.62,52.27414,1607059799999,30642.405649799995,144,34.77339,20386.3749417,0
2020-12-04 05:30:00,584.87,585.02,575.75,576.01,121.63949,1607061599999,70401.65145830001,408,81.69102,47246.2962534,0
2020-12-04 06:00:00,576.01,578.08,575.92,578.08,175.79737,1607063399999,101466.36271280001,664,125.57903999999999,72480.16214380001,0
2020-12-04 06:30:00,578.08,578.41,573.73,574.21,91.60672,1607065199999,52815.2816857,282,55.54897,32047.443306099998,0
2020-12-04 07:00:00,574.21,576.0,571.51,571.51,108.24883,1607066999999,62205.0120231,302,61.30921,35262.047146599994,0
2020-12-04 07:30:00,572.09,574.51,567.95,569.06,89.93222,1607068799999,51317.385818099996,355,47.67593,27225.470461400004,0
2020-12-04 08:00:00,568.39,574.92,568.06,574.06,51.48697,1607070599999,29455.120293599997,167,26.96239000000001,15429.291624899999,0
2020-12-04 08:30:00,574.7,575.54,572.09,574.5,108.22613999999999,1607072399999,62121.4916035,228,72.2729,41503.170542,0
2020-12-04 09:00:00,573.21,574.69,571.23,571.25,37.06404000000001,1607074199999,21242.9561472,183,14.16151,8125.6023842999975,0
2020-12-04 09:30:00,571.85,573.48,569.23,571.4,33.44823,1607075999999,19088.670392900003,232,15.077029999999999,8610.410455,0
2020-12-04 10:00:00,571.25,571.25,552.81,557.44,508.6969,1607077799999,285253.7243966,1273,289.98571,162432.066417,0
2020-12-04 10:30:00,556.62,563.54,555.17,559.61,420.26468,1607079599999,235417.96698439997,1054,323.38349,181160.2838805,0
2020-12-04 11:00:00,559.5,562.46,555.89,556.75,218.96596,1607081399999,122686.0549055,908,148.22623000000004,83095.1368124,0
2020-12-04 11:30:00,556.57,556.57,541.99,542.57,480.16994000000005,1607083199999,264737.0937188,1339,278.81452,153778.90386420002,0
2020-12-04 12:00:00,542.57,547.03,537.92,543.98,379.05643,1607084999999,205980.93399949998,1094,277.33006,150766.6701054,0
2020-12-04 12:30:00,543.98,547.13,543.41,547.08,260.18116000000003,1607086799999,141818.0863853,1220,190.06603,103604.285181,0
2020-12-04 13:00:00,547.08,547.53,541.3,543.47,248.22071,1607088599999,135121.3007056,598,171.57661000000004,93407.2687006,0
2020-12-04 13:30:00,543.4,545.8,541.81,543.1,244.55291,1607090399999,132961.1805599,698,185.96952,101111.7621309,0
2020-12-04 14:00:00,543.1,545.88,539.88,544.03,242.10497,1607092199999,131280.18444070002,699,192.64108000000002,104420.2396329,0
2020-12-04 14:30:00,544.06,544.93,542.85,543.51,269.46736,1607093999999,146492.5460083,885,210.06307999999999,114203.850575,0
2020-12-04 15:00:00,543.51,545.0,539.03,539.94,421.77800999999994,1607095799999,228660.3265821,733,336.0244,182174.65419489998,0
2020-12-04 15:30:00,540.61,542.42,539.15,539.15,147.29238999999995,1607097599999,79619.8141846,313,98.18581,53078.1647487,0
2020-12-04 16:00:00,539.11,539.46,532.29,538.07,198.5022,1607099399999,106452.7088369,654,80.96799,43424.429885800004,0
2020-12-04 16:30:00,537.36,541.36,532.95,540.12,196.17511000000002,1607101199999,105600.45031439999,417,152.8462,82373.72998430001,0
2020-12-04 17:00:00,539.72,542.65,538.25,540.14,284.73847,1607102999999,153914.0417241,583,188.12685,101742.2760777,0
2020-12-04 17:30:00,540.15,541.83,537.88,540.72,289.18146,1607104799999,156208.6539815,583,203.56843,110024.5756863,0
2020-12-04 18:00:00,540.01,541.98,537.74,540.95,226.31149,1607106599999,122277.1990461,418,165.83078999999995,89631.0378416,0
2020-12-04 18:30:00,540.24,541.73,539.19,540.24,202.20855,1607108399999,109261.46689230001,498,153.78152,83099.20435880001,0
2020-12-04 19:00:00,540.47,541.95,538.53,540.07,227.88627000000002,1607110199999,123060.2232687,378,140.70678999999998,76040.96233960001,0
2020-12-04 19:30:00,540.13,541.51,539.24,540.27,180.02056000000005,1607111999999,97259.201068,310,153.59636,82987.212025,0
2020-12-04 20:00:00,540.3,540.62,536.0,538.19,82.46348,1607113799999,44333.53352119999,302,35.65685999999999,19174.038361099996,0
2020-12-04 20:30:00,538.56,540.17,535.09,540.17,75.89135999999998,1607115599999,40753.1698361,250,38.06098,20458.111996400006,0
2020-12-04 21:00:00,539.9,540.18,533.79,533.79,44.21788,1607117399999,23705.866377500002,123,14.487429999999998,7790.5966808,0
2020-12-04 21:30:00,533.79,536.46,530.57,533.66,70.34661,1607119199999,37542.3414155,220,45.78593,24451.5124759,0
2020-12-04 22:00:00,533.29,535.86,530.49,532.28,87.68554,1607120999999,46835.6005702,280,69.63136,37219.144915599994,0
2020-12-04 22:30:00,532.37,532.9,521.32,523.9,446.22343,1607122799999,235218.2716847,810,162.70932,85838.39984410001,0
2020-12-04 23:00:00,523.79,531.24,523.27,529.95,281.80637,1607124599999,148679.7024422,607,234.93052000000003,123956.68197209999,0
2020-12-04 23:30:00,529.89,529.95,524.28,524.29,239.85827,1607126399999,126332.47501489999,428,202.64817,106728.7644608,0
2020-12-05 00:00:00,524.07,525.82,519.14,523.26,404.70524,1607128199999,211389.83832729998,1044,273.70081,142996.14310010002,0
2020-12-05 00:30:00,523.27,527.81,522.97,526.02,257.62327,1607129999999,135453.59696670002,784,165.23927,86900.9411452,0
2020-12-05 01:00:00,526.27,528.08,524.59,524.59,165.63901,1607131799999,87109.2404503,361,109.29235,57473.83633330001,0
2020-12-05 01:30:00,524.59,527.69,519.75,520.16,209.37961,1607133599999,109808.03206700001,526,160.8524,84440.2869162,0
2020-12-05 02:00:00,520.26,524.52,520.26,522.1,216.51698,1607135399999,113026.2738769,828,168.38295,87923.66360589999,0
2020-12-05 02:30:00,522.1,527.48,521.19,527.36,268.33918,1607137199999,140605.727857,603,145.3685,76200.7068116,0
2020-12-05 03:00:00,526.39,528.31,524.59,525.79,218.24596,1607138999999,114800.3649322,466,171.07448,89977.9573772,0
2020-12-05 03:30:00,525.92,528.14,524.44,524.44,131.53146,1607140799999,69238.5616098,328,98.29675,51744.199724,0
2020-12-05 04:00:00,525.29,527.31,524.5,525.2,172.88477,1607142599999,90855.3382307,385,132.16896,69451.3152158,0
2020-12-05 04:30:00,525.44,526.54,523.57,524.67,144.78114,1607144399999,75935.7488536,333,112.09265,58790.6544957,0
2020-12-05 05:00:00,524.3,524.77,523.22,523.84,159.95898,1607146199999,83816.8106592,290,126.37511,66218.17284380001,0
2020-12-05 05:30:00,523.72,528.82,523.72,528.35,247.26007,1607147999999,130111.5851714,428,198.69317,104575.7423158,0
2020-12-05 06:00:00,527.55,528.28,526.33,526.86,67.79968000000001,1607149799999,35738.396439,169,53.18946,28035.21020450001,0
2020-12-05 06:30:00,527.13,533.13,527.13,530.79,201.28298999999998,1607151599999,106804.6196275,1039,170.04855,90235.39493889999,0
2020-12-05 07:00:00,530.79,532.18,529.08,529.86,130.20756,1607153399999,68994.4118693,462,91.15333000000001,48295.9850447,0
2020-12-05 07:30:00,530.18,532.44,529.77,529.79,80.24651,1607155199999,42577.3088473,228,52.71801,27971.213524400002,0
2020-12-05 08:00:00,529.97,533.42,529.78,531.51,175.73181,1607156999999,93401.40372310001,568,119.57988999999999,63558.78665680001,0
2020-12-05 08:30:00,531.44,532.53,528.76,530.69,348.4318,1607158799999,184745.654709,869,203.69016000000002,108017.491318,0
2020-12-05 09:00:00,530.68,538.14,530.35,536.86,135.96149,1607160599999,72534.14623150001,422,76.82376,40988.866124500004,0
2020-12-05 09:30:00,536.94,537.21,532.64,533.94,160.95762,1607162399999,86019.6309998,333,129.45537,69183.88465580001,0
2020-12-05 10:00:00,533.97,535.13,530.77,531.3,185.50173,1607164199999,98815.40071419999,313,134.39622,71590.8569143,0
2020-12-05 10:30:00,531.3,532.63,530.89,531.49,84.73938000000003,1607165999999,45036.0219716,269,62.50775,33212.593572000005,0
2020-12-05 11:00:00,531.09,531.1,525.42,525.71,196.81681,1607167799999,103877.1813425,473,134.93045,71225.52521839997,0
2020-12-05 11:30:00,525.71,529.17,525.71,527.72,274.72425,1607169599999,144896.74243359998,371,175.37957,92461.1320566,0
2020-12-05 12:00:00,527.71,528.82,525.77,525.78,152.08281000000005,1607171399999,80154.5434675,287,115.72723,60992.981564300004,0
2020-12-05 12:30:00,525.79,530.56,525.52,529.95,154.55826000000005,1607173199999,81543.41299119999,377,114.11615,60201.3889781,0
2020-12-05 13:00:00,529.0,529.67,525.77,525.84,121.67936,1607174999999,64199.10770440001,251,96.91373,51135.7159137,0
2020-12-05 13:30:00,525.83,525.83,521.47,522.92,172.89049,1607176799999,90343.8743389,325,108.63401999999999,56761.4617538,0
2020-12-05 14:00:00,523.42,526.81,523.11,524.18,193.85793999999999,1607178599999,101788.9464354,265,137.06371000000001,71978.5871944,0
2020-12-05 14:30:00,524.94,526.67,523.97,525.51,193.24251999999998,1607180399999,101459.439324,334,151.38366000000005,79477.68841889997,0
2020-12-05 15:00:00,524.84,526.59,522.93,523.9,275.18526,1607182199999,144459.26486700002,569,205.33831999999998,107799.17385280001,0
2020-12-05 15:30:00,523.71,524.22,522.6,523.16,189.74698999999998,1607183999999,99284.9337416,457,151.60418,79328.2574912,0
2020-12-05 16:00:00,523.16,529.1,522.62,524.93,233.53566,1607185799999,122627.496577,506,199.03118999999998,104518.7666512,0
2020-12-05 16:30:00,525.14,528.82,524.15,526.62,111.41716000000001,1607187599999,58648.9052572,203,96.48812,50786.7773057,0
2020-12-05 17:00:00,526.7,527.35,524.61,525.38,168.14693,1607189399999,88402.3069702,279,101.19738000000001,53190.615970599996,0
2020-12-05 17:30:00,525.1,527.69,524.53,526.43,213.31277999999998,1607191199999,112098.89318180001,383,185.82089,97653.3537645,0
2020-12-05 18:00:00,526.43,528.4,526.42,527.41,106.74328,1607192999999,56274.511973399996,199,89.46099,47161.6238734,0
2020-12-05 18:30:00,527.7,527.73,524.78,524.86,72.70359,1607194799999,38245.4063804,151,51.07379,26873.8200209,0
2020-12-05 19:00:00,524.81,526.27,524.15,524.25,254.98616,1607196599999,133849.8394552,1101,208.5696,109487.210527,0
2020-12-05 19:30:00,524.25,525.82,523.73,525.65,167.93155,1607198399999,88102.42145669999,526,144.09501,75598.36740419999,0
2020-12-05 20:00:00,526.57,527.2,523.25,523.44,71.12064000000002,1607200199999,37331.2831389,146,52.45503000000001,27535.62507490001,0
2020-12-05 20:30:00,523.37,524.8,521.57,521.72,198.52053,1607201999999,103761.83202,550,147.41027,77046.62923169999,0
2020-12-05 21:00:00,521.72,523.84,521.72,522.84,210.01973999999998,1607203799999,109786.9557763,700,140.32929,73357.820748,0
2020-12-05 21:30:00,522.58,523.75,521.21,521.3,139.30937,1607205599999,72693.7809905,283,100.52665999999999,52462.8346209,0
2020-12-05 22:00:00,521.31,522.42,520.46,521.7,177.01083,1607207399999,92256.93211810001,304,129.92201,67718.7105857,0
2020-12-05 22:30:00,521.19,522.13,518.82,520.32,137.43945,1607209199999,71518.9043375,362,75.42159000000002,39266.773714999996,0
2020-12-05 23:00:00,520.03,525.32,519.53,525.32,211.95889,1607210999999,110382.0534944,429,168.12431999999995,87553.9591883,0
2020-12-05 23:30:00,525.22,533.73,524.66,533.53,115.4726,1607212799999,61147.228635399995,346,93.14116999999999,49288.5060108,0
2020-12-06 00:00:00,533.2,533.83,529.21,531.83,87.01347,1607214599999,46273.814713199994,264,27.1816,14464.0811141,0
2020-12-06 00:30:00,531.91,533.04,531.84,533.03,9.323830000000001,1607216399999,4963.5826522,49,3.6257099999999998,1929.7662477000001,0
2020-12-06 01:00:00,533.38,533.74,532.31,533.65,37.99886,1607218199999,20260.9627397,60,20.23635,10787.814443700001,0
2020-12-06 01:30:00,533.35,537.46,532.87,537.25,133.59011,1607219999999,71525.7394018,445,99.27833000000001,53155.5482179,0
2020-12-06 02:00:00,536.81,537.35,533.44,533.55,64.73175,1607221799999,34597.6707186,152,32.175270000000005,17186.288908900002,0
2020-12-06 02:30:00,533.51,533.66,530.51,530.57,97.96974,1607223599999,52090.3329735,256,60.80069,32330.1718523,0
2020-12-06 03:00:00,530.53,531.67,525.33,526.85,133.33626999999998,1607225399999,70448.60329039999,314,74.54763,39364.4093852,0
2020-12-06 03:30:00,526.85,526.85,522.84,523.63,213.41772000000003,1607227199999,111869.1576568,322,141.49938,74137.16432380001,0
2020-12-06 04:00:00,523.26,524.41,522.69,523.36,228.61295,1607228999999,119610.58157780001,296,154.74823999999995,80959.6839335,0
2020-12-06 04:30:00,523.4,524.27,522.7,522.77,207.90604,1607230799999,108784.06607610002,309,167.27874,87527.9059517,0
2020-12-06 05:00:00,523.15,524.18,522.05,522.36,166.70958000000005,1607232599999,87163.86992530001,330,124.23375,64959.30155909999,0
2020-12-06 05:30:00,522.34,524.58,522.18,522.18,161.92368000000005,1607234399999,84703.1860844,334,107.93908,56471.4251681,0
2020-12-06 06:00:00,522.0,523.83,521.43,523.04,157.11831999999995,1607236199999,82089.4759159,221,108.89956000000001,56879.59237000001,0
2020-12-06 06:30:00,523.03,523.68,522.56,522.63,119.0677,1607237999999,62268.091199,239,102.51996,53612.76211600001,0
2020-12-06 07:00:00,522.63,524.26,522.06,522.88,131.08093,1607239799999,68535.9453946,257,95.47959,49920.2830727,0
2020-12-06 07:30:00,523.18,525.05,522.72,524.6,89.90229000000002,1607241599999,47057.311046099996,199,67.19837,35172.658187,0
2020-12-06 08:00:00,524.62,525.58,521.41,522.47,120.4219,1607243399999,62985.93556880001,303,82.70568,43265.81616,0
2020-12-06 08:30:00,522.12,522.12,512.51,515.58,300.31351,1607245199999,155580.2982968,782,136.13671000000002,70588.73342979999,0
2020-12-06 09:00:00,515.52,517.6,514.34,515.33,271.68952,1607246999999,140119.7045552,692,207.83189,107194.55418110001,0
2020-12-06 09:30:00,515.33,516.16,511.55,513.01,474.81485,1607248799999,243739.11654179997,1291,278.23797,142812.8415182,0
2020-12-06 10:00:00,512.87,519.24,512.87,516.83,510.24327999999997,1607250599999,263412.6323545,1323,342.02827,176633.21618579997,0
2020-12-06 10:30:00,516.79,518.7,514.57,515.6,116.1934,1607252399999,60003.229351999995,393,72.26521,37327.713979500004,0
2020-12-06 11:00:00,515.57,516.26,512.85,513.33,146.60246,1607254199999,75425.48861760001,430,84.49696999999998,43467.3170428,0
2020-12-06 11:30:00,513.38,517.45,512.65,515.97,200.82777,1607255999999,103190.78610930001,710,132.10511,67884.1537156,0
2020-12-06 12:00:00,515.71,516.49,513.81,514.21,114.08386999999999,1607257799999,58678.9040092,358,84.96996999999998,43699.3217041,0
2020-12-06 12:30:00,514.08,514.21,510.0,510.78,202.56393,1607259599999,103679.1633963,584,113.13677,57886.064876,0
2020-12-06 13:00:00,510.78,514.66,510.5,514.66,307.55185,1607261399999,157687.2367081,332,177.15081999999995,90848.7456758,0
2020-12-06 13:30:00,514.66,514.66,509.81,511.32,248.25943999999998,1607263199999,126919.9334927,501,157.00097,80251.9320158,0
2020-12-06 14:00:00,511.32,513.93,510.58,513.17,270.10606,1607264999999,138272.606676,785,171.89013,87986.10699510002,0
2020-12-06 14:30:00,512.84,514.54,512.04,513.06,230.52882000000002,1607266799999,118241.46580250001,520,165.8261,85046.6530188,0
2020-12-06 15:00:00,513.01,515.13,512.38,513.03,138.72534,1607268599999,71304.098161,422,108.48728,55768.894107500004,0
2020-12-06 15:30:00,513.01,515.34,511.94,512.45,237.02638,1607270399999,121673.6527902,507,152.4861,78302.9267282,0
2020-12-06 16:00:00,512.72,515.5,511.12,511.91,298.95312,1607272199999,153355.8347943,633,206.21877,105771.88165289999,0
2020-12-06 16:30:00,511.91,518.33,511.86,517.66,76.09943,1607273999999,39214.38868500001,288,59.72225,30787.989542299998,0
2020-12-06 17:00:00,518.39,520.87,516.15,520.6,41.2768,1607275799999,21436.6677022,194,31.46602,16347.492305000002,0
2020-12-06 17:30:00,520.53,521.92,520.25,521.41,68.55796,1607277599999,35744.6414455,144,56.20905,29308.7366811,0
2020-12-06 18:00:00,521.14,522.49,520.87,521.95,56.65736,1607279399999,29558.681631700005,89,28.88999,15065.6715477,0
2020-12-06 18:30:00,521.62,522.22,521.17,521.83,13.75451,1607281199999,7175.045717,35,7.88588,4115.1656129,0
2020-12-06 19:00:00,521.64,522.73,518.79,519.17,18.51051,1607282999999,9628.735069299999,85,10.13763,5276.967829,0
2020-12-06 19:30:00,519.53,524.83,519.16,524.21,16.67814,1607284799999,8721.50728,84,14.951970000000001,7818.256948,0
2020-12-06 20:00:00,524.48,525.62,524.14,525.12,11.40258,1607286599999,5985.6280806999985,61,7.051939999999999,3702.0922721,0
2020-12-06 20:30:00,524.49,525.62,524.44,525.51,24.567629999999998,1607288399999,12906.740527,48,9.87197,5185.4147795,0
2020-12-06 21:00:00,525.1,525.44,523.67,525.17,12.9722,1607290199999,6806.318523000001,40,9.64776,5061.3585025,0
2020-12-06 21:30:00,525.44,528.82,525.17,527.92,83.09934,1607291999999,43811.8341819,194,65.6207,34589.1586261,0
2020-12-06 22:00:00,528.47,529.9,526.94,527.55,35.25881,1607293799999,18633.1489389,110,14.83937,7854.462324600001,0
2020-12-06 22:30:00,526.95,527.23,523.22,524.67,51.719879999999996,1607295599999,27146.8394235,165,21.60422,11343.5048246,0
2020-12-06 23:00:00,524.75,530.0,524.75,528.46,37.25952,1607297399999,19697.3636668,178,16.44431,8691.8640746,0
2020-12-06 23:30:00,529.21,530.17,528.16,528.65,6.3952,1607299199999,3381.9856780999994,31,1.00652,533.0738778,0
2020-12-07 00:00:00,529.12,529.76,525.42,526.52,21.72464,1607300999999,11452.9178066,94,10.93929,5767.1058623,0
2020-12-07 00:30:00,526.84,528.9,526.2,528.36,23.113879999999998,1607302799999,12202.410985100001,84,16.67053,8800.908802,0
2020-12-07 01:00:00,528.54,528.91,521.8,521.98,123.62732,1607304599999,65007.141365100004,191,11.94405,6280.1826993,0
2020-12-07 01:30:00,521.97,522.26,520.0,522.0,22.48322000000001,1607306399999,11719.1647317,72,12.56608,6548.498881,0
2020-12-07 02:00:00,521.98,522.72,521.08,521.62,14.83639,1607308199999,7742.326317899999,29,6.2809099999999995,3277.6155479000013,0
2020-12-07 02:30:00,522.08,526.44,521.48,526.16,83.30702,1607309999999,43606.426340699996,133,75.92331,39741.9297686,0
2020-12-07 03:00:00,525.5,526.03,523.29,523.62,45.49209000000001,1607311799999,23864.9581013,103,9.71538,5089.7688852,0
2020-12-07 03:30:00,523.29,524.16,522.65,524.16,6.45915,1607313599999,3379.8375465999998,43,3.46831,1815.0107411,0
2020-12-07 04:00:00,523.4,524.16,522.51,522.89,6.78065,1607315399999,3546.259272900001,33,6.28305,3286.0502972,0
2020-12-07 04:30:00,522.78,525.22,522.14,525.22,17.2991,1607317199999,9048.6403975,41,8.08653,4229.6182807,0
2020-12-07 05:00:00,524.91,527.66,524.91,527.66,34.11652,1607318999999,17940.9834661,72,23.29584,12255.4122372,0
2020-12-07 05:30:00,527.54,528.45,526.7,527.89,5.51659,1607320799999,2912.0072662,35,2.66153,1405.4148670999994,0
2020-12-07 06:00:00,528.1,528.97,527.79,528.48,5.19725,1607322599999,2746.0510993000007,23,2.65924,1405.0275520999999,0
2020-12-07 06:30:00,528.18,529.55,527.61,528.03,106.39545,1607324399999,56222.46612540001,97,84.82375,44824.76654230001,0
2020-12-07 07:00:00,528.04,528.6,525.79,526.02,77.1293,1607326199999,40652.65566600001,139,36.361709999999995,19170.5599583,0
2020-12-07 07:30:00,526.02,526.19,524.08,524.13,81.47612,1607327999999,42791.043881699996,153,43.37859,22789.8779642,0
2020-12-07 08:00:00,524.21,524.75,521.88,521.91,118.1236,1607329799999,61780.055578600004,210,90.67241999999999,47420.8768906,0
2020-12-07 08:30:00,521.88,523.39,521.15,522.29,85.08014,1607331599999,44420.9921889,145,75.70217,39523.6998769,0
2020-12-07 09:00:00,522.29,522.29,518.17,518.31,113.84163999999998,1607333399999,59227.196923899995,324,51.08275,26557.8563312,0
2020-12-07 09:30:00,518.31,519.74,517.15,517.37,179.78146,1607335199999,93134.8818427,322,136.01942,70455.9599527,0
2020-12-07 10:00:00,517.47,518.13,515.96,517.49,114.69561000000002,1607336999999,59259.450466199996,201,89.86156,46427.535595999994,0
2020-12-07 10:30:00,517.13,517.99,514.71,515.51,118.13883,1607338799999,60996.297034,394,72.09895999999998,37225.0521299,0
2020-12-07 11:00:00,515.0,517.11,514.9,516.3,237.61582,1607340599999,122542.68170439999,1300,207.97195,107256.2472399,0
2020-12-07 11:30:00,516.3,516.88,514.28,514.81,79.17455,1607342399999,40838.397111,223,67.67134,34905.1007699,0
2020-12-07 12:00:00,514.75,516.85,514.75,516.2,111.11201000000001,1607344199999,57332.788467,318,93.30586,48141.1136966,0
2020-12-07 12:30:00,516.2,518.66,515.96,518.2,174.68775,1607345999999,90335.2910866,598,141.98086999999995,73417.4341785,0
2020-12-07 13:00:00,518.32,518.65,517.0,517.07,160.54888,1607347799999,83103.0312021,291,125.48791999999999,64949.4100576,0
2020-12-07 13:30:00,517.07,518.4,517.02,517.38,131.18941999999998,1607349599999,67883.135269,331,99.97233,51728.66251230001,0
2020-12-07 14:00:00,517.35,517.69,514.35,516.53,174.53485,1607351399999,90096.9449688,313,135.81287,70095.96618010003,0
2020-12-07 14:30:00,516.51,517.13,514.25,514.61,264.61786,1607353199999,136470.20995299998,435,163.32558,84224.86959850001,0
2020-12-07 15:00:00,514.61,515.34,513.06,513.57,167.25415,1607354999999,85894.74857410001,496,121.56577,62429.20693130001,0
2020-12-07 15:30:00,513.64,514.76,513.16,513.74,127.31728999999999,1607356799999,65430.08711819999,462,95.56671,49110.864310900004,0
2020-12-07 16:00:00,513.23,519.5,513.22,519.04,267.46446000000003,1607358599999,137994.2369303,605,246.06996,126981.5864875,0
2020-12-07 16:30:00,519.04,520.75,517.57,517.62,164.19377,1607360399999,85218.20257410001,289,126.08041999999999,65448.0035735,0
2020-12-07 17:00:00,517.62,517.62,514.84,514.96,158.7498,1607362199999,81881.0552515,327,109.43808999999999,56446.26799400001,0
2020-12-07 17:30:00,515.3,520.51,515.3,516.47,197.4774,1607363999999,102265.0147079,403,148.94617,77121.37529260003,0
2020-12-07 18:00:00,516.93,517.2,510.4,512.62,127.78693999999999,1607365799999,65581.40859759999,369,60.167559999999995,30911.598783899997,0
2020-12-07 18:30:00,513.03,513.58,510.16,512.28,88.2371,1607367599999,45145.9066242,266,45.91941,23473.8565002,0
2020-12-07 19:00:00,511.41,514.57,510.84,514.54,48.48962,1607369399999,24897.5432833,180,17.54224,9003.815013700001,0
2020-12-07 19:30:00,514.53,514.55,512.65,513.61,47.08916,1607371199999,24191.693718900002,54,43.197309999999995,22194.0584503,0
2020-12-07 20:00:00,512.94,515.84,511.68,515.84,21.73648,1607372999999,11149.1384197,62,13.69873,7026.5052641,0
2020-12-07 20:30:00,515.1,515.45,513.6,515.45,6.00667,1607374799999,3090.8404146,44,1.93229,995.8321798000001,0
2020-12-07 21:00:00,514.21,515.98,513.1,515.9,10.38355,1607376599999,5341.7289433,49,3.68595,1899.7983480999999,0
2020-12-07 21:30:00,516.3,517.71,515.23,515.72,23.52444,1607378399999,12161.0815851,63,8.9775,4642.4447436,0
2020-12-07 22:00:00,515.16,517.27,515.13,516.48,19.365389999999998,1607380199999,9993.970422499999,57,12.44687,6425.4694309,0
2020-12-07 22:30:00,516.76,517.98,515.0,515.62,66.06249,1607381999999,34096.3089842,126,14.13665,7303.580481800002,0
2020-12-07 23:00:00,515.99,517.56,515.22,516.65,21.248839999999998,1607383799999,10977.607688,104,9.6421,4980.803699100001,0
2020-12-07 23:30:00,517.48,519.79,516.71,518.97,37.1008,1607385599999,19243.516586200003,106,27.335459999999998,14178.174772,0
2020-12-08 00:00:00,518.91,519.08,518.0,519.08,44.943509999999996,1607387399999,23291.1658199,75,15.533489999999999,8055.5777986,0
2020-12-08 00:30:00,519.08,520.42,518.93,520.22,27.159190000000002,1607389199999,14108.2971353,59,14.080589999999999,7314.103882800001,0
2020-12-08 01:00:00,520.25,520.71,518.24,519.55,32.58784,1607390999999,16930.9187337,117,17.19621,8934.678875799998,0
2020-12-08 01:30:00,518.87,519.76,518.39,519.07,44.604440000000004,1607392799999,23155.3689845,113,40.93032,21248.473113699998,0
2020-12-08 02:00:00,519.07,520.3,518.9,520.17,30.907290000000003,1607394599999,16063.250174,140,20.06033,10428.021822600002,0
2020-12-08 02:30:00,519.93,520.99,519.93,519.97,38.58048,1607396399999,20073.8489794,92,32.858979999999995,17097.8426507,0
2020-12-08 03:00:00,519.98,520.0,518.0,518.94,147.02184,1607398199999,76257.3399011,125,14.3395,7438.777195899997,0
2020-12-08 03:30:00,518.25,519.59,518.22,519.58,26.48473,1607399999999,13741.890974700002,48,4.19034,2174.5096318000005,0
2020-12-08 04:00:00,519.22,520.71,519.22,519.63,8.364189999999999,1607401799999,4348.0351205,32,2.26669,1178.6272483,0
2020-12-08 04:30:00,519.43,519.99,518.63,519.1,23.88959,1607403599999,12404.7242372,67,4.8280199999999995,2507.3949251999998,0
2020-12-08 05:00:00,519.11,519.91,518.98,519.58,40.732659999999996,1607405399999,21152.7097499,79,11.73114,6091.9550075000025,0
2020-12-08 05:30:00,519.4,519.69,518.34,519.17,32.1943,1607407199999,16711.278947799998,59,7.739839999999999,4016.7120636,0
2020-12-08 06:00:00,519.49,519.96,516.69,516.71,34.62644,1607408999999,17922.9831147,110,9.388530000000001,4860.618424,0
2020-12-08 06:30:00,516.8,517.45,516.7,517.04,12.06681,1607410799999,6239.737836,41,8.08211,4179.465964900001,0
2020-12-08 07:00:00,517.04,523.48,515.12,523.4,315.11348,1607412599999,164113.87931370002,646,265.06636000000003,138081.52752529999,0
2020-12-08 07:30:00,522.68,524.2,516.67,517.0,281.29665,1607414399999,146872.9062545,544,181.45531,94769.8226597,0
2020-12-08 08:00:00,516.66,517.01,511.65,511.9,198.1469,1607416199999,101854.4429424,514,145.86434,74974.7603791,0
2020-12-08 08:30:00,511.91,512.39,509.44,511.76,208.90767,1607417999999,106708.87591080001,562,148.52989,75867.425773,0
2020-12-08 09:00:00,511.24,511.25,509.31,509.79,168.06038999999996,1607419799999,85755.8372006,392,128.63943,65645.5688635,0
2020-12-08 09:30:00,509.64,511.48,506.91,507.56,465.1774,1607421599999,236964.21926210003,967,187.36435,95473.82047389999,0
2020-12-08 10:00:00,507.23,510.42,505.42,509.45,76.4305,1607423399999,38856.8503792,227,29.1399,14824.482943599998,0
2020-12-08 10:30:00,509.44,510.17,507.0,508.28,61.91368000000001,1607425199999,31457.7674754,177,24.95887,12693.9428941,0
2020-12-08 11:00:00,506.88,510.9,506.0,506.83,91.56241999999999,1607426999999,46618.398462900004,214,56.60491,28844.5999268,0
2020-12-08 11:30:00,506.88,508.96,506.02,506.67,68.29969,1607428799999,34668.3116282,196,27.83493,14129.9395766,0
2020-12-08 12:00:00,506.67,510.44,503.73,504.85,76.69626,1607430599999,38866.521110800015,302,33.7665,17119.509841,0
2020-12-08 12:30:00,504.81,504.91,498.0,504.15,228.96526,1607432399999,114782.9614581,640,67.8872,34066.6085052,0
2020-12-08 13:00:00,503.56,509.41,503.56,508.28,36.80466,1607434199999,18673.9957215,124,26.26928,13335.6993127,0
2020-12-08 13:30:00,508.28,511.61,507.95,510.65,70.95011,1607435999999,36197.517777800014,117,67.41614,34398.7538541,0
2020-12-08 14:00:00,510.84,513.52,508.89,509.42,215.22331,1607437799999,110069.5792568,337,158.43193,81028.48012050001,0
2020-12-08 14:30:00,509.17,509.4,507.3,508.2,33.6669,1607439599999,17121.0051833,74,22.22513,11304.809254799999,0
2020-12-08 15:00:00,508.9,510.0,507.63,508.53,34.53595,1607441399999,17564.3305319,84,23.76012,12082.7496245,0
2020-12-08 15:30:00,509.01,511.03,501.89,502.69,162.40944,1607443199999,82356.4874751,288,68.9921,35078.475495599996,0
2020-12-08 16:00:00,502.64,509.19,498.5,508.51,310.13801,1607444999999,155609.6304312,655,87.20968,43902.3822455,0
2020-12-08 16:30:00,508.43,509.84,503.77,506.47,49.77644,1607446799999,25223.44901750001,264,37.39628,18958.819987799998,0
2020-12-08 17:00:00,506.02,510.98,505.83,509.61,80.51767,1607448599999,41012.668343,271,73.8389,37615.1996554,0
2020-12-08 17:30:00,510.02,512.0,508.79,511.11,65.46346,1607450399999,33390.6314769,255,45.40715,23170.168939099996,0
2020-12-08 18:00:00,510.82,511.24,508.46,508.72,71.49375,1607452199999,36463.8738929,206,48.33484,24663.979004099998,0
2020-12-08 18:30:00,509.27,509.65,503.07,503.28,278.77262,1607453999999,141213.8714635,496,189.86451,96150.6767255,0
2020-12-08 19:00:00,503.3,503.69,501.05,502.91,152.63427,1607455799999,76659.4428343,318,88.99801,44681.7077335,0
2020-12-08 19:30:00,502.99,503.48,500.09,502.1,44.43422,1607457599999,22310.3103241,220,35.54631,17855.5974876,0
2020-12-08 20:00:00,502.11,504.2,498.44,499.69,64.94979000000001,1607459399999,32574.850058099997,230,44.13163,22136.1768927,0
2020-12-08 20:30:00,499.08,500.76,497.52,499.99,109.35286,1607461199999,54546.45523230001,285,46.1474,23035.692911000002,0
2020-12-08 21:00:00,499.65,504.21,499.05,503.09,70.7771,1607462999999,35507.0889229,318,51.47603,25823.554730300002,0
2020-12-08 21:30:00,503.4,505.15,499.13,505.07,45.37531,1607464799999,22804.5374927,215,33.33565,16752.0242081,0
2020-12-08 22:00:00,504.87,509.03,504.87,506.94,84.38320999999998,1607466599999,42837.9618391,292,53.691559999999996,27273.146465400005,0
2020-12-08 22:30:00,506.93,506.94,495.08,495.08,149.34123,1607468399999,74699.22222060003,387,46.13483,23163.1708668,0
2020-12-08 23:00:00,495.08,501.92,492.32,499.2,208.80311,1607470199999,103838.75401389999,692,103.19296,51376.93654130001,0
2020-12-08 23:30:00,499.2,505.35,499.2,503.11,98.98013,1607471999999,49741.566793800004,464,60.6131,30487.93882620001,0
2020-12-09 00:00:00,502.3,505.93,498.01,504.72,152.49809,1607473799999,76440.45355510003,476,74.54159,37403.997588,0
2020-12-09 00:30:00,504.43,504.77,498.07,499.7,66.98724,1607475599999,33580.917566000004,248,28.649490000000004,14392.701595800001,0
2020-12-09 01:00:00,499.79,503.38,486.0,497.31,211.53312999999997,1607477399999,104643.4843884,518,69.58371,34470.0936299,0
2020-12-09 01:30:00,497.39,497.81,492.5,496.55,183.71997,1607479199999,90929.0482435,402,84.27874,41752.334907899996,0
2020-12-09 02:00:00,495.75,498.69,495.75,498.54,72.54273,1607480999999,36047.004179,217,39.44122,19602.775683400007,0
2020-12-09 02:30:00,497.86,499.98,497.59,498.54,60.570130000000006,1607482799999,30225.5205575,203,46.79956,23353.7810655,0
2020-12-09 03:00:00,498.3,498.7,493.44,493.86,66.14161999999999,1607484599999,32812.968161900004,178,44.27901,21976.7030115,0
2020-12-09 03:30:00,493.87,495.89,493.87,495.76,106.59925,1607486399999,52724.9294331,221,72.58112,35899.116483800004,0
2020-12-09 04:00:00,495.69,496.25,493.25,493.51,57.99973000000001,1607488199999,28666.92284430001,186,51.49355,25451.2638406,0
2020-12-09 04:30:00,493.49,493.56,487.0,488.39,110.37563,1607489999999,54180.8893796,324,62.0959,30523.1292695,0
2020-12-09 05:00:00,488.5,491.29,486.93,488.88,252.71223999999998,1607491799999,123628.12407319999,406,196.57818,96156.5869337,0
2020-12-09 05:30:00,488.53,490.7,487.8,488.95,124.21291000000001,1607493599999,60742.4627368,305,89.36296999999998,43699.7341986,0
2020-12-09 06:00:00,488.99,490.51,487.43,487.72,199.23174,1607495399999,97423.7038258,515,143.33007,70074.40895560001,0
2020-12-09 06:30:00,487.72,490.71,487.3,490.21,188.1384,1607497199999,91851.24347280001,655,174.37538,85133.219675,0
2020-12-09 07:00:00,489.94,491.28,488.33,488.33,145.90782,1607498999999,71472.7494328,417,106.48436000000001,52175.8239949,0
2020-12-09 07:30:00,488.69,488.82,480.31,481.08,337.23124,1607500799999,163437.7035607,695,198.40125,96225.5365897,0
2020-12-09 08:00:00,480.94,484.06,474.42,475.44,354.67912,1607502599999,170076.6768261,686,210.94257000000002,101297.33470860001,0
2020-12-09 08:30:00,475.43,484.05,473.08,484.05,366.79655,1607504399999,175560.87193979998,800,236.8756,113596.5846014,0
2020-12-09 09:00:00,483.68,494.14,483.04,492.71,244.33737000000002,1607506199999,119342.13436630002,730,213.80362999999997,104430.37291369999,0
2020-12-09 09:30:00,492.71,492.78,487.75,491.33,178.98758,1607507999999,87722.59979960001,441,119.06211,58344.2138041,0
2020-12-09 10:00:00,490.76,493.56,487.52,491.84,187.46931,1607509799999,91839.8642898,448,130.32109,63838.5120908,0
2020-12-09 10:30:00,491.84,494.32,490.0,490.36,367.82268999999997,1607511599999,180768.0438891,735,254.47231000000002,125098.0625595,0
2020-12-09 11:00:00,490.65,495.12,486.75,492.14,348.71811,1607513399999,170726.0080713,646,193.82377,94829.81912100001,0
2020-12-09 11:30:00,492.31,498.17,491.12,496.45,56.572109999999995,1607515199999,27954.540587800002,176,49.2765,24343.082404,0
2020-12-09 12:00:00,497.24,500.0,495.76,496.75,65.55849,1607516999999,32656.3713093,249,43.736779999999996,21785.947452,0
2020-12-09 12:30:00,497.0,497.55,492.45,494.77,112.73364,1607518799999,55829.6830757,282,84.25399999999998,41731.509942900004,0
2020-12-09 13:00:00,496.01,496.35,491.33,491.49,155.85437,1607520599999,76947.5700607,319,107.91897,53271.3631007,0
2020-12-09 13:30:00,491.49,496.96,491.04,496.34,261.84312,1607522399999,129300.64190310001,529,178.60645,88177.5613368,0
2020-12-09 14:00:00,496.35,498.32,493.69,496.01,225.77112000000002,1607524199999,111911.6425564,497,178.05669,88248.7505577,0
2020-12-09 14:30:00,496.01,498.22,493.62,493.95,168.95334,1607525999999,83780.6995242,324,112.51576000000001,55793.178262,0
2020-12-09 15:00:00,493.97,496.84,490.76,491.24,246.55487999999997,1607527799999,121773.35612610001,537,179.40149,88650.3263291,0
2020-12-09 15:30:00,491.24,493.1,488.48,489.98,219.48382999999998,1607529599999,107687.6934441,645,190.06392,93258.1192121,0
2020-12-09 16:00:00,490.02,490.42,485.3,489.76,239.09195,1607531399999,116587.7862653,494,181.21987,88344.9995467,0
2020-12-09 16:30:00,489.78,490.67,486.58,489.73,243.75156,1607533199999,118976.389606,461,172.69228,84285.0086266,0
2020-12-09 17:00:00,489.35,491.68,485.46,487.77,301.32582,1607534999999,147062.493288,590,180.45615,88111.0889215,0
2020-12-09 17:30:00,487.55,489.57,483.19,488.43,399.15281,1607536799999,194143.48409229997,866,301.7079700000001,146735.95373839999,0
2020-12-09 18:00:00,488.43,494.23,487.76,489.61,259.09384,1607538599999,127440.43537410002,463,216.27596,106403.3810224,0
2020-12-09 18:30:00,489.58,490.98,486.13,486.8,159.79287,1607540399999,77973.274646,328,127.6466,62291.340828,0
2020-12-09 19:00:00,487.08,491.13,486.7,489.16,188.51939,1607542199999,92106.0475281,345,168.34992,82253.5092908,0
2020-12-09 19:30:00,489.2,495.16,487.96,493.82,321.50923,1607543999999,158199.02156949998,494,299.87289,147542.5351785,0
2020-12-09 20:00:00,494.16,495.34,491.12,491.12,194.55391,1607545799999,96035.9594883,295,168.65667,83244.769409,0
2020-12-09 20:30:00,491.12,495.43,489.89,494.66,306.62252,1607547599999,151171.69256,466,263.36194,129840.3728528,0
2020-12-09 21:00:00,493.86,498.11,493.06,496.97,354.8317,1607549399999,176003.7964081,603,306.55654,152035.97486400002,0
2020-12-09 21:30:00,496.96,499.83,495.86,496.61,250.91776000000002,1607551199999,124951.47967379999,462,207.22939,103212.75030680001,0
2020-12-09 22:00:00,496.57,498.64,495.78,496.96,147.87085,1607552999999,73470.5806578,234,120.00206000000001,59625.2538423,0
2020-12-09 22:30:00,496.54,504.85,496.52,503.7,347.07821,1607554799999,173436.2013285,650,305.41225,152649.1615217,0
2020-12-09 23:00:00,503.69,504.98,501.78,503.75,75.27149,1607556599999,37851.4264114,200,51.86959,26077.755363999997,0
2020-12-09 23:30:00,504.21,508.55,503.63,506.44,160.83855,1607558399999,81441.57304239999,405,55.74725,28245.682972900002,0
2020-12-10 00:00:00,506.58,508.34,504.46,507.07,164.4991,1607560199999,83420.15252789999,380,100.20114000000001,50831.9483799,0
2020-12-10 00:30:00,506.88,508.35,505.31,506.03,28.650190000000002,1607561999999,14497.1803872,101,9.58905,4854.1457107,0
2020-12-10 01:00:00,506.05,507.73,505.06,506.74,22.33653,1607563799999,11308.2193432,69,6.98308,3536.8569975,0
2020-12-10 01:30:00,506.99,507.81,504.82,507.27,26.00714,1607565599999,13162.0688853,99,10.02091,5073.3212628,0
2020-12-10 02:00:00,507.65,509.84,507.5,508.83,12.23681,1607567399999,6227.8029558,101,8.838510000000003,4500.1723351,0
2020-12-10 02:30:00,508.61,509.55,503.99,504.83,29.25879,1607569199999,14784.290605099999,115,2.57753,1305.6761824999999,0
2020-12-10 03:00:00,505.78,506.92,504.88,505.51,8.59172,1607570999999,4348.1025673,46,2.71104,1371.3778132999996,0
2020-12-10 03:30:00,506.49,506.74,496.69,497.7,198.03123,1607572799999,99266.56971180001,550,50.18464,25168.610392099996,0
2020-12-10 04:00:00,498.46,502.96,497.28,501.41,29.26731,1607574599999,14616.521057,108,12.839889999999999,6412.915967800001,0
2020-12-10 04:30:00,502.67,502.68,500.1,500.5,14.29616,1607576399999,7163.9131253999985,81,8.59278,4308.3115081999995,0
2020-12-10 05:00:00,500.02,504.84,499.23,504.36,258.19658,1607578199999,129656.5221556,748,176.15426000000005,88486.25165660003,0
2020-12-10 05:30:00,504.81,505.71,502.7,504.53,147.24926000000005,1607579999999,74179.92915289999,329,62.99189000000001,31737.2433996,0
2020-12-10 06:00:00,504.69,507.45,502.45,503.02,112.03128999999998,1607581799999,56568.324407500004,430,67.83283,34259.772593199996,0
2020-12-10 06:30:00,502.89,505.82,499.98,500.22,31.22652,1607583599999,15709.063735,122,10.92419,5500.1061232,0
2020-12-10 07:00:00,499.83,505.99,499.64,504.58,59.540409999999994,1607585399999,29991.647766400005,185,45.395579999999995,22856.7252345,0
2020-12-10 07:30:00,504.74,506.31,503.86,503.86,21.648789999999998,1607587199999,10921.9747791,64,5.29334,2673.3597858000007,0
2020-12-10 08:00:00,504.23,512.0,504.03,511.8,120.59069,1607588999999,61465.683891999994,340,80.47965,41024.1350238,0
2020-12-10 08:30:00,512.0,512.0,509.29,511.99,30.017809999999997,1607590799999,15330.799523700001,70,14.6843,7502.5827394,0
2020-12-10 09:00:00,512.0,518.0,510.79,513.91,80.67511999999998,1607592599999,41560.1586991,376,41.09016,21159.163475999998,0
2020-12-10 09:30:00,513.77,515.3,500.96,502.1,334.66721,1607594399999,171179.6716043,957,63.214330000000004,32258.2064945,0
2020-12-10 10:00:00,501.33,507.11,500.68,501.91,257.88032000000004,1607596199999,130184.72669479999,1087,150.50661000000005,76003.5930876,0
2020-12-10 10:30:00,501.64,502.81,492.5,493.1,135.82298,1607597999999,67427.9239153,536,60.008469999999996,29792.3077476,0
2020-12-10 11:00:00,493.14,498.38,490.89,492.13,367.08567,1607599799999,181761.2057865,1229,193.67596,95985.9034442,0
2020-12-10 11:30:00,491.4,496.4,491.4,495.32,44.639559999999996,1607601599999,22053.9883375,177,28.190720000000002,13925.3181961,0
2020-12-10 12:00:00,494.17,501.81,493.64,498.5,89.78466999999998,1607603399999,44813.2804203,394,61.54767,30715.042074599998,0
2020-12-10 12:30:00,498.5,500.05,495.55,498.45,38.447379999999995,1607605199999,19138.269017900002,158,26.8637,13376.660570200005,0
2020-12-10 13:00:00,498.35,506.35,494.1,504.78,202.40861,1607606999999,101419.5882534,627,135.11151999999998,67668.1332275,0
2020-12-10 13:30:00,504.36,505.38,496.38,502.86,62.30388000000001,1607608799999,31234.4449602,263,29.39005,14729.370884299999,0
2020-12-10 14:00:00,502.44,508.83,501.98,507.84,144.69079,1607610599999,73188.5891621,488,92.49636,46809.48397759999,0
2020-12-10 14:30:00,507.35,512.85,506.66,507.28,99.57474,1607612399999,50804.3678536,391,49.61508,25336.9625892,0
2020-12-10 15:00:00,508.3,515.0,506.9,509.17,324.85422,1607614199999,166241.77355,896,156.38978,80069.839089,0
2020-12-10 15:30:00,508.93,514.17,507.22,513.5,44.992709999999995,1607615999999,23017.507550799997,155,36.90906,18888.0842251,0
2020-12-10 16:00:00,513.21,518.0,512.06,516.59,169.30909,1607617799999,87200.22276689997,461,111.96896000000001,57613.3652064,0
2020-12-10 16:30:00,517.1,517.1,512.05,515.8,72.9287,1607619599999,37555.1173727,240,37.50215,19315.747164200002,0
2020-12-10 17:00:00,515.02,521.59,514.96,520.73,165.71712,1607621399999,86117.5089224,571,127.10043,66045.5379978,0
2020-12-10 17:30:00,520.19,524.63,516.75,523.6,180.75333999999998,1607623199999,94136.6470843,689,109.22563999999998,56907.363790699994,0
2020-12-10 18:00:00,524.05,527.48,523.51,525.44,98.99671,1607624999999,52011.4231991,368,61.99744000000001,32572.447555400002,0
2020-12-10 18:30:00,525.31,525.75,516.24,518.05,146.57259,1607626799999,76208.378276,583,73.16852,38063.847281,0
2020-12-10 19:00:00,517.24,518.98,515.98,516.12,62.60418000000001,1607628599999,32388.182303099995,240,27.187309999999997,14077.6343951,0
2020-12-10 19:30:00,516.1,520.0,516.1,520.0,51.02215,1607630399999,26476.0346557,145,37.13088,19274.355325,0
2020-12-10 20:00:00,520.0,528.81,520.0,527.31,129.32253,1607632199999,67977.7016469,459,57.03093000000001,29922.7103274,0
2020-12-10 20:30:00,528.06,528.24,521.9,522.41,114.51613,1607633999999,60056.591815199994,355,49.72719,26071.2941307,0
2020-12-10 21:00:00,523.1,529.67,522.26,527.5,149.70049,1607635799999,78858.19916779999,517,86.01924,45320.70559709999,0
2020-12-10 21:30:00,527.34,527.71,521.0,522.38,92.88703000000001,1607637599999,48654.0883146,405,38.98774,20430.7965522,0
2020-12-10 22:00:00,523.75,527.94,523.7,526.64,94.55479,1607639399999,49747.305157099996,394,36.9071,19421.964889,0
2020-12-10 22:30:00,527.52,530.51,526.0,529.8,139.56998000000002,1607641199999,73869.2392003,367,49.79638,26343.886113900004,0
2020-12-10 23:00:00,529.8,529.8,527.04,528.23,59.013059999999996,1607642999999,31163.2072403,323,32.90663,17388.7502801,0
2020-12-10 23:30:00,527.98,528.28,521.71,522.3,50.964420000000004,1607644799999,26779.4801182,337,14.27723,7511.096291,0
2020-12-11 00:00:00,522.82,523.23,508.0,508.57,347.96856,1607646599999,178786.41629360005,834,165.78072,85236.7087772,0
2020-12-11 00:30:00,508.62,510.15,501.15,505.55,152.77806999999999,1607648399999,77276.81260569999,687,46.92508,23774.4199535,0
2020-12-11 01:00:00,504.97,510.99,501.34,501.95,203.49982,1607650199999,102864.0868952,1028,77.14641,39067.69572780001,0
2020-12-11 01:30:00,501.95,509.59,500.66,508.02,234.67951000000002,1607651999999,118614.0453053,854,70.87631999999998,35840.280562,0
2020-12-11 02:00:00,508.01,508.92,505.0,508.11,88.27772,1607653799999,44726.060593,560,24.40416,12366.725386799999,0
2020-12-11 02:30:00,508.11,511.02,507.05,508.46,99.8431,1607655599999,50765.5532446,682,36.1518,18389.43155,0
2020-12-11 03:00:00,509.33,514.55,504.27,514.32,66.56137,1607657399999,33869.1908701,410,26.74295,13637.337096399999,0
2020-12-11 03:30:00,514.32,517.01,512.85,515.22,72.83849000000002,1607659199999,37518.4277374,536,34.51224000000001,17783.0129965,0
2020-12-11 04:00:00,514.69,518.97,513.38,516.23,54.1326,1607660999999,27930.015131299995,398,29.44091,15197.962651700005,0
2020-12-11 04:30:00,516.78,517.36,514.84,516.03,45.54815,1607662799999,23508.0358301,285,23.33761,12043.6333529,0
2020-12-11 05:00:00,517.0,518.07,514.95,515.27,58.59778000000001,1607664599999,30285.863366900005,485,24.754170000000002,12810.3257388,0
2020-12-11 05:30:00,515.25,517.47,512.76,514.65,59.083330000000004,1607666399999,30414.004576099996,348,23.02851,11857.6732096,0
2020-12-11 06:00:00,514.67,517.32,512.35,513.27,33.640809999999995,1607668199999,17297.6013393,238,12.65434,6511.6546647,0
2020-12-11 06:30:00,512.31,513.05,508.5,508.51,161.20051,1607669999999,82472.34435639999,473,48.57011,24835.4091213,0
2020-12-11 07:00:00,508.71,510.65,503.86,505.26,114.78827,1607671799999,58304.4203398,608,40.96484,20811.291705900006,0
2020-12-11 07:30:00,505.23,507.98,503.43,507.8,99.02042,1607673599999,50052.9253475,460,27.20027,13753.2956252,0
2020-12-11 08:00:00,507.44,512.17,507.44,510.31,67.85138,1607675399999,34548.19290340001,421,26.54539,13522.873417299998,0
2020-12-11 08:30:00,509.41,509.44,505.83,508.03,77.84436,1607677199999,39518.1994358,550,36.74478,18645.906798599997,0
2020-12-11 09:00:00,508.1,517.93,502.25,510.97,265.23363,1607678999999,135121.96163660006,1207,148.05729,75538.55370389999,0
2020-12-11 09:30:00,510.8,511.65,507.47,510.15,55.43698000000001,1607680799999,28234.16275040001,263,18.33698,9349.9596773,0
2020-12-11 10:00:00,509.82,511.99,503.9,508.27,184.89606,1607682599999,93740.090725,765,105.26403,53364.298237099996,0
2020-12-11 10:30:00,509.18,512.09,507.54,508.8,92.28945999999999,1607684399999,47088.386263199995,530,53.56809000000001,27353.4913855,0
2020-12-11 11:00:00,507.78,508.14,503.0,505.96,171.52631,1607686199999,86711.37999339997,718,90.5532,45788.3387867,0
2020-12-11 11:30:00,505.96,506.68,504.0,505.33,219.54246,1607687999999,110817.27382829999,665,75.01835,37890.934918,0
2020-12-11 12:00:00,504.74,507.5,501.25,506.77,148.79022,1607689799999,75111.9944307,441,48.74882,24655.2875478,0
2020-12-11 12:30:00,507.3,513.02,507.3,511.89,55.58864000000001,1607691599999,28371.7428872,528,26.306829999999998,13437.2111283,0
2020-12-11 13:00:00,512.68,515.98,511.87,513.77,123.75412,1607693399999,63622.6964311,660,76.32970999999998,39240.407720999996,0
2020-12-11 13:30:00,513.77,517.9,511.48,517.61,49.1277,1607695199999,25281.8906562,235,22.327939999999998,11499.563093100001,0
2020-12-11 14:00:00,517.74,517.74,512.0,515.26,105.75293,1607696999999,54381.5964066,361,56.85142,29194.3752856,0
2020-12-11 14:30:00,515.64,518.62,513.4,518.58,30.56423,1607698799999,15746.334528200001,160,19.65075,10126.0380469,0
2020-12-11 15:00:00,518.62,518.73,516.91,518.73,23.64441,1607700599999,12246.847394,150,15.077820000000001,7812.7058962,0
2020-12-11 15:30:00,518.39,518.72,513.24,516.64,128.55063,1607702399999,66303.64312339999,443,56.42377,29115.159947699998,0
2020-12-11 16:00:00,515.59,515.99,511.33,511.75,21.67316,1607704199999,11142.765287200002,89,9.75944,5023.5940924999995,0
2020-12-11 16:30:00,512.75,513.98,510.64,511.04,23.493660000000002,1607705999999,12023.0841547,116,10.364139999999999,5306.3478774,0
2020-12-11 17:00:00,510.86,512.48,507.5,509.28,18.48621,1607707799999,9424.6421865,101,13.15761,6714.803976800001,0
2020-12-11 17:30:00,508.17,508.92,503.4,505.69,100.20788,1607709599999,50691.7902304,299,50.54705,25579.3018707,0
2020-12-11 18:00:00,505.63,506.31,502.88,504.13,47.3785,1607711399999,23894.0606975,140,14.213579999999999,7169.635808300001,0
2020-12-11 18:30:00,504.64,506.21,503.95,505.54,32.97464,1607713199999,16663.4914221,84,17.50864,8844.9242031,0
2020-12-11 19:00:00,505.64,511.94,505.42,510.33,220.56617999999997,1607714999999,112378.8157168,653,151.09628999999995,76983.3985209,0
2020-12-11 19:30:00,509.52,509.52,506.52,506.83,15.565270000000002,1607716799999,7913.3629763,48,5.34965,2718.8721673,0
2020-12-11 20:00:00,507.79,511.13,505.12,506.66,49.0905,1607718599999,24866.8228063,208,14.23461,7224.143244499999,0
2020-12-11 20:30:00,506.64,507.94,504.45,507.19,21.11957,1607720399999,10680.138221700001,68,6.75358,3415.7518977,0
2020-12-11 21:00:00,507.43,508.92,505.62,506.27,17.072570000000002,1607722199999,8663.6325908,66,7.08435,3597.5570210999995,0
2020-12-11 21:30:00,507.2,510.91,505.77,509.73,45.28895,1607723999999,23019.2190108,166,21.259339999999998,10811.775115200002,0
2020-12-11 22:00:00,509.57,512.08,509.55,510.04,57.04006,1607725799999,29132.09815,192,17.31703,8848.1386652,0
2020-12-11 22:30:00,510.34,510.34,506.53,507.46,83.09846999999998,1607727599999,42246.8948726,315,40.71982,20707.988994299998,0
2020-12-11 23:00:00,507.46,509.19,503.46,504.43,87.48172,1607729399999,44231.5103754,229,36.86381,18642.6462026,0
2020-12-11 23:30:00,504.0,505.25,502.01,502.84,143.37603000000001,1607731199999,72241.0506366,388,62.41856,31466.693555299997,0
2020-12-12 00:00:00,503.31,520.41,502.2,511.0,909.05849,1607732999999,464157.84067770006,2855,469.68392,239924.72173120003,0
2020-12-12 00:30:00,510.75,514.55,508.85,513.61,29.312440000000002,1607734799999,15005.072114200002,168,18.769679999999997,9610.6765995,0
2020-12-12 01:00:00,514.53,515.75,512.98,515.14,19.42055,1607736599999,9995.9101658,84,16.79766,8647.5940328,0
2020-12-12 01:30:00,514.64,517.68,514.59,517.39,20.153589999999998,1607738399999,10415.1555964,95,9.361189999999999,4838.0530251,0
2020-12-12 02:00:00,517.49,519.93,517.06,517.89,54.09229000000001,1607740199999,28035.373889899998,224,33.658229999999996,17455.330020299996,0
2020-12-12 02:30:00,517.29,519.81,516.2,519.23,44.64448,1607741999999,23126.3856349,180,31.046740000000003,16074.3572811,0
2020-12-12 03:00:00,519.34,519.35,517.21,518.89,21.38241,1607743799999,11074.229322600002,118,6.63213,3439.3022538000005,0
2020-12-12 03:30:00,518.14,519.05,516.47,517.2,10.97803,1607745599999,5685.7766491,77,4.8062,2492.5195394,0
2020-12-12 04:00:00,516.6,518.02,515.28,516.23,16.71051,1607747399999,8638.6328601,82,12.79293,6617.8158764,0
2020-12-12 04:30:00,516.1,518.23,515.48,518.23,31.83235,1607749199999,16444.596355,159,14.05294,7270.4296905,0
2020-12-12 05:00:00,518.21,518.91,516.72,517.26,26.74229,1607750999999,13847.923018399999,101,18.10164,9371.9462415,0
2020-12-12 05:30:00,517.83,517.85,514.84,515.84,17.02884,1607752799999,8791.239308700002,128,7.26947,3755.0349818000004,0
2020-12-12 06:00:00,515.57,525.52,515.54,523.44,127.52344,1607754599999,66419.85127690001,524,100.08258000000001,52055.0176801,0
2020-12-12 06:30:00,522.84,522.97,521.29,522.8,14.46509,1607756399999,7555.0941557,83,6.03965,3154.4867649999997,0
2020-12-12 07:00:00,523.38,524.0,522.01,522.04,33.19439000000001,1607758199999,17363.7992785,138,12.04279,6305.4712427,0
2020-12-12 07:30:00,522.03,524.0,522.0,522.79,50.04772,1607759999999,26166.448216,200,22.48404,11766.5294378,0
2020-12-12 08:00:00,523.61,524.24,522.0,523.84,28.192459999999997,1607761799999,14737.576175,140,7.02893,3679.9609286,0
2020-12-12 08:30:00,522.97,523.76,522.0,523.32,12.807939999999999,1607763599999,6689.435860600001,58,3.80194,1987.7763276,0
2020-12-12 09:00:00,522.76,523.31,522.0,522.32,35.93385,1607765399999,18774.0064028,178,11.835930000000001,6188.4753892,0
2020-12-12 09:30:00,522.11,522.57,518.86,520.24,62.68885,1607767199999,32703.2624334,271,6.7145,3501.5608824,0
2020-12-12 10:00:00,521.68,521.8,517.07,517.56,23.217470000000002,1607768999999,12052.239904,193,4.8845,2535.2418518000004,0
2020-12-12 10:30:00,517.68,521.6,516.99,519.67,23.07336,1607770799999,11973.332548100001,182,11.294,5866.6560658,0
2020-12-12 11:00:00,519.68,522.06,518.86,520.36,22.996560000000002,1607772599999,11961.5009514,150,8.60422,4477.0130482,0
2020-12-12 11:30:00,520.48,521.51,519.54,519.71,33.77456,1607774399999,17575.8593312,200,7.95403,4140.6855721,0
2020-12-12 12:00:00,519.76,520.15,517.34,517.75,38.06848,1607776199999,19731.970461099998,222,7.3742100000000015,3823.4312063,0
2020-12-12 12:30:00,518.15,520.12,517.87,517.91,15.36827,1607777999999,7971.637994,104,9.0484,4695.1475936000015,0
2020-12-12 13:00:00,518.05,518.05,514.28,515.98,47.51943,1607779799999,24524.874117400002,197,22.80513,11769.478440100002,0
2020-12-12 13:30:00,515.82,516.95,511.34,512.3,70.43365,1607781599999,36218.9828506,278,15.457239999999999,7969.3639138,0
2020-12-12 14:00:00,512.96,514.31,511.04,513.68,45.56355,1607783399999,23362.4979055,125,28.04062,14386.2125773,0
2020-12-12 14:30:00,513.3,513.51,506.3,507.73,64.09346,1607785199999,32677.1889389,224,23.16205,11812.843496200001,0
2020-12-12 15:00:00,507.67,507.67,502.86,505.13,106.15033000000001,1607786999999,53582.915636800004,301,24.97965,12608.4457294,0
2020-12-12 15:30:00,505.42,507.95,504.27,507.75,64.44744,1607788799999,32651.1303769,107,42.97749,21774.522915,0
2020-12-12 16:00:00,507.76,509.63,506.81,508.38,62.51667,1607790599999,31809.17481750001,109,42.54269,21646.458206,0
2020-12-12 16:30:00,508.57,508.69,502.76,504.53,57.47419,1607792399999,29003.4212839,126,8.16178,4125.1698468,0
2020-12-12 17:00:00,504.83,506.3,503.68,504.61,19.03659,1607794199999,9612.203397399999,105,11.19942,5655.9138172,0
2020-12-12 17:30:00,504.79,511.84,504.44,509.76,138.39926,1607795999999,70518.3324763,466,98.41667,50127.7929423,0
2020-12-12 18:00:00,509.57,511.75,509.57,511.16,20.79857,1607797799999,10624.277866,96,14.09942,7200.777715700001,0
2020-12-12 18:30:00,511.01,512.32,510.49,512.09,33.77756,1607799599999,17293.964222,94,27.8896,14280.724832700002,0
2020-12-12 19:00:00,512.09,514.03,511.42,514.0,27.5955,1607801399999,14141.0572722,104,24.30481,12455.806329000001,0
2020-12-12 19:30:00,514.0,515.97,513.02,515.97,17.84844,1607803199999,9180.9579975,153,12.25971,6309.0863585,0
2020-12-12 20:00:00,515.82,516.42,514.73,516.42,23.28035,1607804999999,12003.0179753,80,7.70538,3974.2958520999996,0
2020-12-12 20:30:00,515.61,517.78,508.66,511.67,162.44572,1607806799999,83445.55978069999,488,88.98846,45721.2952506,0
2020-12-12 21:00:00,511.67,513.83,508.89,510.27,167.03938,1607808599999,85513.4242499,284,84.2562,43129.7876316,0
2020-12-12 21:30:00,511.48,511.72,509.68,511.69,14.12819,1607810399999,7216.9229785,105,7.85308,4015.4091401999995,0
2020-12-12 22:00:00,511.82,512.77,511.05,512.42,10.46301,1607812199999,5358.6733532,70,9.27882,4753.0588882,0
2020-12-12 22:30:00,511.54,514.03,510.11,513.38,14.75562,1607813999999,7563.2586157000005,75,10.619589999999999,5447.5030221,0
2020-12-12 23:00:00,513.16,518.07,511.07,517.41,79.57419,1607815799999,40978.431397500004,294,49.62232,25556.5870029,0
2020-12-12 23:30:00,517.88,518.07,511.39,513.79,67.85885,1607817599999,34868.751865900005,245,26.79133,13768.1058532,0
2020-12-13 00:00:00,514.56,516.65,513.87,514.8,34.87552,1607819399999,17953.010476,114,19.12865,9848.391071,0
2020-12-13 00:30:00,514.77,517.19,514.24,517.19,39.93062000000001,1607821199999,20585.502464099998,124,27.63281,14252.691688100002,0
2020-12-13 01:00:00,516.48,518.77,516.3,518.25,54.5941,1607822999999,28256.8694524,221,36.55787,18925.3025137,0
2020-12-13 01:30:00,518.57,518.91,517.18,517.18,10.31386,1607824799999,5342.1680515,44,2.97266,1541.1408559000001,0
2020-12-13 02:00:00,517.3,517.75,514.76,514.76,20.15781,1607826599999,10407.9293331,63,8.46252,4373.815898,0
2020-12-13 02:30:00,515.12,515.12,513.98,514.89,3.49223,1607828399999,1796.518941,18,0.6794100000000001,349.7900004,0
2020-12-13 03:00:00,514.37,515.06,513.61,514.51,3.628,1607830199999,1865.5716446,34,1.54598,795.7787352999999,0
2020-12-13 03:30:00,514.15,514.15,511.19,512.08,11.16133,1607831999999,5722.0609078,49,3.81104,1953.4788477000002,0
2020-12-13 04:00:00,512.17,513.17,511.29,512.59,12.872489999999999,1607833799999,6596.2626967,60,10.85763,5563.944373100001,0
2020-12-13 04:30:00,512.59,514.46,512.59,514.34,18.69408,1607835599999,9601.8046259,91,15.11635,7764.0383791999975,0
2020-12-13 05:00:00,514.59,519.78,513.98,519.18,34.95335,1607837399999,18106.2125828,173,20.57179,10643.2822951,0
2020-12-13 05:30:00,519.68,520.0,518.96,519.05,14.00503,1607839199999,7278.188984899999,52,10.45105,5432.711183899999,0
2020-12-13 06:00:00,519.05,519.81,518.34,519.21,56.04696,1607840999999,29091.6119019,88,32.51951,16881.1165312,0
2020-12-13 06:30:00,519.44,523.73,519.21,523.33,64.41665,1607842799999,33603.035915099994,200,54.36237,28351.3347358,0
2020-12-13 07:00:00,523.28,523.72,521.78,523.03,39.00033,1607844599999,20394.1631649,189,18.78479,9828.0050537,0
2020-12-13 07:30:00,523.18,524.38,521.63,523.91,36.188109999999995,1607846399999,18927.1833115,139,15.11108,7909.896205,0
2020-12-13 08:00:00,524.38,525.0,523.66,524.45,31.655659999999997,1607848199999,16608.723463799994,123,19.311510000000002,10131.8111346,0
2020-12-13 08:30:00,523.9,525.57,523.9,525.57,9.15601,1607849999999,4805.596770800002,32,6.2102,3260.3793696999996,0
2020-12-13 09:00:00,525.4,525.53,524.64,525.02,8.73295,1607851799999,4584.8672742,38,1.7207299999999999,903.528451,0
2020-12-13 09:30:00,525.02,525.27,522.82,524.5,39.78666,1607853599999,20861.331566900004,92,2.87049,1506.5947867999994,0
2020-12-13 10:00:00,524.99,525.6,524.1,525.0,22.2677,1607855399999,11696.148746500001,76,10.83355,5690.7953744,0
2020-12-13 10:30:00,524.97,525.0,524.19,525.0,3.66384,1607857199999,1921.7763868000002,12,1.23059,645.9200443,0
2020-12-13 11:00:00,525.0,525.35,524.18,524.23,24.48498,1607858999999,12843.368979100005,52,11.21583,5887.3347897,0
2020-12-13 11:30:00,524.49,525.47,523.85,524.78,33.5051,1607860799999,17571.7028355,60,9.96862,5229.9163518,0
2020-12-13 12:00:00,524.69,525.21,524.01,524.58,22.05285,1607862599999,11572.1394551,42,19.59344,10282.637999600001,0
2020-12-13 12:30:00,524.59,525.66,524.09,524.96,18.871370000000002,1607864399999,9907.561267899999,54,6.43963,3383.0664063,0
2020-12-13 13:00:00,524.96,525.5,524.68,524.69,19.45407,1607866199999,10218.8475605,60,7.46904,3924.4730692000003,0
2020-12-13 13:30:00,525.04,525.39,522.37,522.37,33.3928,1607867999999,17494.222446,122,5.50358,2883.5219521,0
2020-12-13 14:00:00,523.17,524.82,522.07,524.13,9.26474,1607869799999,4851.116654899999,59,6.46092,3384.630265,0
2020-12-13 14:30:00,524.29,525.44,523.8,525.44,10.76982,1607871599999,5650.5138222,48,10.42408,5469.366737300002,0
2020-12-13 15:00:00,525.43,525.68,522.42,524.03,27.859009999999998,1607873399999,14607.2975283,172,17.16678,9005.012768,0
2020-12-13 15:30:00,523.35,524.81,522.72,524.3,17.26655,1607875199999,9049.650241700001,63,16.1003,8438.5865397,0
2020-12-13 16:00:00,524.81,529.27,524.57,529.16,79.15298,1607876999999,41708.9093558,231,46.52417,24503.377514300002,0
2020-12-13 16:30:00,528.4,529.5,527.5,528.98,44.102129999999995,1607878799999,23312.251097200002,85,29.28697,15480.0953212,0
2020-12-13 17:00:00,528.96,529.67,527.55,529.14,14.23926,1607880599999,7531.959119,83,10.73794,5680.080362899997,0
2020-12-13 17:30:00,528.62,529.25,528.04,528.5,30.877809999999997,1607882399999,16317.1519908,104,8.118739999999999,4294.1319506,0
2020-12-13 18:00:00,528.81,528.95,527.12,527.9,13.538789999999999,1607884199999,7147.994870899999,89,9.481810000000001,5008.205012100001,0
2020-12-13 18:30:00,527.05,528.12,527.04,527.92,6.54737,1607885999999,3455.1468308,36,4.27007,2254.1313876,0
2020-12-13 19:00:00,527.39,531.08,527.16,531.08,56.8231,1607887799999,30066.961200499998,131,30.387109999999996,16097.502829799998,0
2020-12-13 19:30:00,531.08,532.62,529.57,531.55,47.41639,1607889599999,25178.865072999997,162,26.12415,13881.8806496,0
2020-12-13 20:00:00,531.7,531.7,520.63,521.26,68.52774000000001,1607891399999,36062.739988199995,312,22.902079999999998,12053.2349821,0
2020-12-13 20:30:00,520.5,525.71,519.15,525.71,30.150840000000002,1607893199999,15746.749915299999,184,24.10194,12590.2516747,0
2020-12-13 21:00:00,525.39,527.53,525.39,527.1,5.42525,1607894999999,2855.8151589999998,46,3.8682300000000014,2035.7990795000005,0
2020-12-13 21:30:00,526.38,527.47,526.11,526.3,12.6449,1607896799999,6662.2939376999975,38,5.13669,2707.5303739,0
2020-12-13 22:00:00,526.37,526.37,520.18,520.71,27.702170000000002,1607898599999,14495.4933109,157,14.62694,7652.0503156,0
2020-12-13 22:30:00,520.71,523.7,520.24,523.7,18.60032,1607900399999,9711.2229593,127,10.17774,5318.989677600001,0
2020-12-13 23:00:00,522.92,526.78,522.92,526.78,19.657529999999998,1607902199999,10332.156859,103,15.63729,8219.1928212,0
2020-12-13 23:30:00,525.9,526.99,523.93,526.56,24.840889999999998,1607903999999,13063.3931239,144,9.32877,4912.0710477,0
2020-12-14 00:00:00,527.28,527.42,522.21,525.11,34.40387,1607905799999,18041.5234868,180,22.562070000000002,11834.9551835,0
2020-12-14 00:30:00,524.79,525.38,520.25,522.2,27.44855,1607907599999,14353.690973899998,228,11.84119,6192.3866303999985,0
2020-12-14 01:00:00,521.74,522.54,520.1,520.75,24.77647,1607909399999,12908.8591284,124,8.76293,4572.2352359999995,0
2020-12-14 01:30:00,521.18,525.13,521.18,525.13,72.79491,1607911199999,38053.6906763,301,39.11945,20454.509455400002,0
2020-12-14 02:00:00,524.13,525.87,523.0,524.77,14.304820000000001,1607912999999,7499.7531273999975,102,7.137010000000001,3747.0616236,0
2020-12-14 02:30:00,524.88,528.39,524.88,528.39,16.61161,1607914799999,8751.0768975,129,10.991610000000001,5792.9501797,0
2020-12-14 03:00:00,527.45,528.78,526.19,527.35,29.89191,1607916599999,15767.243105399999,251,10.4228,5501.553778,0
2020-12-14 03:30:00,527.3,527.71,524.95,526.93,26.53363,1607918399999,13965.078206799999,182,14.65727,7721.776642199998,0
2020-12-14 04:00:00,526.75,529.13,523.79,524.23,28.64085,1607920199999,15073.946381400001,204,16.71152,8795.1633964,0
2020-12-14 04:30:00,524.54,527.2,523.85,526.98,32.568259999999995,1607921999999,17112.50444,207,17.6483,9274.9346329,0
2020-12-14 05:00:00,527.17,527.76,524.65,527.76,39.20598,1607923799999,20635.2315729,265,18.82716,9916.743194600003,0
2020-12-14 05:30:00,526.6,528.6,526.6,528.48,31.67806,1607925599999,16717.1695219,193,17.78949,9392.374120999999,0
2020-12-14 06:00:00,528.63,528.85,525.58,528.08,46.12469,1607927399999,24305.972759,158,10.68431,5636.8624506999995,0
2020-12-14 06:30:00,528.01,529.65,527.31,528.92,12.895769999999999,1607929199999,6815.684258600001,112,7.6932899999999975,4066.5157553000004,0
2020-12-14 07:00:00,529.67,534.14,528.76,532.23,117.67305,1607930999999,62566.479138,373,50.90696,27049.821560900004,0
2020-12-14 07:30:00,532.24,534.84,532.24,533.81,57.635040000000004,1607932799999,30757.1868134,157,12.347760000000001,6590.9628278,0
2020-12-14 08:00:00,533.19,534.46,533.16,533.41,16.6653,1607934599999,8899.919269600001,89,4.835459999999999,2582.5859586999995,0
2020-12-14 08:30:00,533.78,537.78,533.05,537.03,84.79442,1607936399999,45421.974063099995,182,53.00209,28409.773808899998,0
2020-12-14 09:00:00,537.21,537.3,534.29,534.98,37.55141,1607938199999,20115.976958400002,131,3.8938699999999997,2086.2256736,0
2020-12-14 09:30:00,534.92,535.85,534.29,535.3,43.49046,1607939999999,23274.010120099996,86,21.601679999999998,11560.114226,0
2020-12-14 10:00:00,535.3,537.72,535.3,537.39,24.70665,1607941799999,13253.2528893,87,18.03716,9676.4281969,0
2020-12-14 10:30:00,537.34,537.34,531.0,531.82,34.60301,1607943599999,18462.4048039,145,18.219179999999998,9696.7596669,0
2020-12-14 11:00:00,531.8,534.84,530.44,533.12,44.46748,1607945399999,23673.963076199998,198,28.96412,15420.321079199999,0
2020-12-14 11:30:00,533.7,533.84,531.57,531.74,18.79133,1607947199999,10006.3866837,104,4.6979,2503.5972884,0
2020-12-14 12:00:00,531.58,534.43,529.67,532.15,106.60911000000002,1607948999999,56675.6899141,188,76.74823,40775.2211665,0
2020-12-14 12:30:00,531.99,532.57,529.88,532.22,14.562470000000001,1607950799999,7742.8537934,88,8.88393,4725.6685143999985,0
2020-12-14 13:00:00,532.76,534.14,530.0,531.07,37.72947,1607952599999,20051.776004900006,159,8.782739999999999,4670.693105100001,0
2020-12-14 13:30:00,531.07,534.0,530.49,533.34,20.25695,1607954399999,10787.141763,121,9.89551,5273.3239463,0
2020-12-14 14:00:00,533.59,533.59,530.0,530.0,47.42217,1607956199999,25160.1954855,140,6.97956,3712.1204692,0
2020-12-14 14:30:00,530.0,531.52,530.0,530.74,64.00065,1607957999999,33948.8310093,177,18.43279,9785.9611178,0
2020-12-14 15:00:00,530.8,535.64,530.8,535.03,32.1612,1607959799999,17172.1034627,138,18.91542,10101.310894299999,0
2020-12-14 15:30:00,534.51,534.75,533.41,534.17,6.49967,1607961599999,3470.5392136,28,0.60144,321.26741969999995,0
2020-12-14 16:00:00,534.12,534.85,530.0,531.02,107.80831,1607963399999,57348.99069500001,216,32.71682,17461.463614400003,0
2020-12-14 16:30:00,531.25,532.8,530.91,531.92,73.78141,1607965199999,39238.5250208,189,40.37834,21473.3506008,0
2020-12-14 17:00:00,532.42,547.5,531.92,534.75,281.94367,1607966999999,151277.5053806,806,156.55364,84178.4080289,0
2020-12-14 17:30:00,535.28,535.28,532.39,533.86,53.17851999999999,1607968799999,28372.3282459,153,21.82326,11640.222399200002,0
2020-12-14 18:00:00,533.38,534.05,533.05,534.05,23.47428,1607970599999,12527.4447566,89,14.096720000000001,7526.094787000001,0
2020-12-14 18:30:00,534.05,536.16,534.05,536.16,18.412229999999997,1607972399999,9858.4741205,69,16.01305,8574.2758251,0
2020-12-14 19:00:00,535.82,535.82,535.39,535.7,3.8355900000000003,1607974199999,2054.5196162,21,2.72484,1459.3953353,0
2020-12-14 19:30:00,535.67,535.7,534.54,535.31,3.9722699999999995,1607975999999,2125.9395016,18,1.88323,1008.5937064,0
2020-12-14 20:00:00,535.04,535.95,533.05,533.88,39.35977000000001,1607977799999,21011.0768913,69,11.64091,6216.8279782,0
2020-12-14 20:30:00,534.18,536.11,533.44,535.66,10.86991,1607979599999,5813.8629923,27,9.355269999999999,5002.3118847,0
2020-12-14 21:00:00,535.73,537.46,534.59,535.98,17.90522,1607981399999,9595.3029376,87,5.70829,3058.1083595,0
2020-12-14 21:30:00,536.13,537.85,535.7,536.48,11.81303,1607983199999,6340.7708146,55,9.39749,5046.0610612,0
2020-12-14 22:00:00,536.87,539.52,536.37,539.47,21.06156,1607984999999,11350.4542619,94,18.34577,9888.741403799999,0
2020-12-14 22:30:00,539.45,539.45,537.47,538.5,19.39101,1607986799999,10439.3528519,56,4.94797,2664.4328245,0
2020-12-14 23:00:00,538.36,539.28,535.71,539.28,52.494569999999996,1607988599999,28214.1980181,135,15.416160000000001,8287.1319615,0
2020-12-14 23:30:00,539.44,539.75,539.13,539.15,11.03638,1607990399999,5950.722238,39,2.47737,1336.2395563,0
2020-12-15 00:00:00,539.79,540.4,539.16,540.06,10.97584,1607992199999,5925.0507479,98,5.32399,2875.3193241,0
2020-12-15 00:30:00,539.31,540.28,539.16,540.28,14.289470000000001,1607993999999,7712.378827500002,66,6.173719999999999,3333.4142579,0
2020-12-15 01:00:00,540.14,540.53,539.19,539.44,13.64821,1607995799999,7365.923327500002,58,3.2921400000000003,1777.9603547000006,0
2020-12-15 01:30:00,539.91,540.53,539.13,540.53,23.78898,1607997599999,12835.738870799998,100,13.471639999999999,7273.022967,0
2020-12-15 02:00:00,540.56,542.05,539.96,541.07,32.351929999999996,1607999399999,17502.694329700003,162,21.93273,11868.631491,0
2020-12-15 02:30:00,540.19,540.96,539.64,540.6,11.112919999999999,1608001199999,6005.905483,57,3.8071599999999997,2059.1450074,0
2020-12-15 03:00:00,540.77,540.77,539.65,540.5,6.47403,1608002999999,3496.0364071000013,32,1.29959,702.3916075,0
2020-12-15 03:30:00,539.95,540.13,538.0,538.29,20.161820000000002,1608004799999,10869.5877313,64,2.37432,1279.452917,0
2020-12-15 04:00:00,538.21,538.38,536.19,536.48,24.683429999999998,1608006599999,13267.3310534,66,17.395529999999994,9350.077345200001,0
2020-12-15 04:30:00,536.18,536.25,530.0,531.01,48.60113,1608008399999,25909.134676299996,267,14.78285,7862.6712448,0
2020-12-15 05:00:00,531.19,534.07,530.0,531.42,118.61573999999999,1608010199999,62923.34856919999,312,21.73885,11546.679280299999,0
2020-12-15 05:30:00,531.86,533.28,530.0,532.23,53.74071,1608011999999,28566.744158599995,148,24.866239999999998,13237.3765965,0
2020-12-15 06:00:00,532.12,532.52,530.53,531.0,36.99893,1608013799999,19654.1721375,112,25.098110000000002,13332.6931704,0
2020-12-15 06:30:00,530.29,532.05,530.0,531.12,43.95624,1608015599999,23346.3510152,64,30.76953,16353.3499243,0
2020-12-15 07:00:00,531.38,536.08,531.38,534.44,20.23049,1608017399999,10800.1003286,131,17.19288,9176.595806799998,0
2020-12-15 07:30:00,534.14,535.65,533.41,535.56,14.603829999999999,1608019199999,7805.3119942,81,4.91141,2627.5317526999997,0
2020-12-15 08:00:00,534.94,535.2,531.95,533.51,35.63082,1608020999999,19033.7185204,81,10.844380000000001,5785.5543507,0
2020-12-15 08:30:00,534.14,535.79,530.0,531.44,49.94211,1608022799999,26586.48402370001,175,14.91119,7935.8431545,0
2020-12-15 09:00:00,530.65,532.08,530.0,532.08,102.12694,1608024599999,54134.3627402,256,13.26614,7036.226269499999,0
2020-12-15 09:30:00,530.76,532.77,530.29,532.43,9.48175,1608026399999,5042.3754341,50,4.760669999999998,2531.6200008,0
2020-12-15 10:00:00,531.41,532.77,530.91,532.77,9.192,1608028199999,4885.1485556,42,6.09392,3239.3633147,0
2020-12-15 10:30:00,532.75,536.26,532.37,536.26,24.945629999999998,1608029999999,13312.674677500001,88,12.52292,6692.0149061,0
2020-12-15 11:00:00,536.37,537.1,535.21,535.21,4.600230000000002,1608031799999,2465.6976733,35,2.87929,1543.7779973,0
2020-12-15 11:30:00,536.44,538.33,536.42,537.72,32.24585,1608033599999,17333.641240200002,108,20.534589999999998,11043.309285299998,0
2020-12-15 12:00:00,537.72,537.8,536.03,537.8,11.63728,1608035399999,6246.6120285,60,4.18809,2249.6602124,0
2020-12-15 12:30:00,538.03,538.04,536.93,537.5,6.980460000000001,1608037199999,3752.7126172,42,2.8178400000000003,1514.0196710999999,0
2020-12-15 13:00:00,537.54,538.15,537.35,537.35,2.52973,1608038999999,1360.431429,8,0.75637,406.6615898,0
2020-12-15 13:30:00,538.13,538.15,536.84,537.45,18.74762,1608040799999,10071.336459999999,27,0.057579999999999985,30.9862684,0
2020-12-15 14:00:00,537.83,538.44,535.31,537.02,9.43564,1608042599999,5064.3859494,44,6.70645,3601.1267483,0
2020-12-15 14:30:00,536.04,536.55,535.45,536.09,0.69586,1608044399999,372.9972357,11,0.15864,85.0654572,0
2020-12-15 15:00:00,535.39,537.09,534.99,535.73,11.08581,1608046199999,5944.734312,34,4.19306,2247.536685400001,0
2020-12-15 15:30:00,535.63,536.5,534.85,536.0,3.39266,1608047999999,1818.608432,16,0.69916,374.8078505,0
2020-12-15 16:00:00,536.76,537.55,534.73,537.55,5.214180000000002,1608049799999,2796.9986219,24,1.3997899999999999,751.5182318,0
2020-12-15 16:30:00,537.57,537.93,535.55,536.04,13.50561,1608051599999,7240.4386453000025,38,2.48909,1334.4877181,0
2020-12-15 17:00:00,536.57,537.73,535.67,537.29,4.4120300000000015,1608053399999,2367.8421903000008,40,1.9082400000000002,1024.9820406,0
2020-12-15 17:30:00,537.15,538.9,537.11,538.1,9.2484,1608055199999,4976.3227922,30,6.26325,3371.0531296999998,0
2020-12-15 18:00:00,537.99,538.65,537.16,538.65,6.4653300000000025,1608056999999,3476.668993900001,28,0.79676,428.825058,0
2020-12-15 18:30:00,538.65,539.98,537.75,537.96,31.639840000000003,1608058799999,17040.111096200002,71,16.57212,8926.441671100001,0
2020-12-15 19:00:00,538.03,539.27,538.03,538.74,3.22784,1608060599999,1739.4041311,15,2.05958,1109.6789447,0
2020-12-15 19:30:00,539.27,541.8,538.46,541.55,30.523509999999998,1608062399999,16486.398713799994,112,22.37268,12087.842432,0
2020-12-15 20:00:00,541.37,544.8,541.02,543.2,57.64597,1608064199999,31259.342281,250,37.45798,20310.5932394,0
2020-12-15 20:30:00,543.99,545.28,542.85,544.46,26.96015,1608065999999,14684.9356725,95,15.3811,8380.7675185,0
2020-12-15 21:00:00,543.8,544.97,539.51,540.35,35.80605,1608067799999,19396.3142836,136,10.69225,5789.8235768999975,0
2020-12-15 21:30:00,540.33,541.63,538.02,539.32,42.6682,1608069599999,23055.97082440001,128,6.5883600000000015,3557.743878,0
2020-12-15 22:00:00,539.76,539.77,533.98,533.98,125.55118,1608071399999,67251.4914888,576,21.0472,11280.2623316,0
2020-12-15 22:30:00,534.12,534.57,531.96,534.01,24.425810000000002,1608073199999,13017.6889309,87,4.79975,2557.9436856999996,0
2020-12-15 23:00:00,533.48,533.48,525.11,529.25,139.99291000000002,1608074999999,74242.7366965,489,28.91772000000001,15290.3280581,0
2020-12-15 23:30:00,530.59,530.59,528.21,529.69,1.91576,1608076799999,1013.4377950999999,23,0.93189,493.0871422,0
2020-12-16 00:00:00,529.54,529.54,520.28,521.19,110.84198,1608078599999,58041.42399500001,455,35.74995,18661.6006758,0
2020-12-16 00:30:00,520.95,524.96,520.75,523.75,52.79342,1608080399999,27651.9287324,199,24.93417,13059.4616016,0
2020-12-16 01:00:00,523.82,525.47,518.32,525.42,135.32674,1608082199999,70648.8101607,507,74.17409,38714.2645476,0
2020-12-16 01:30:00,524.74,525.66,519.24,524.54,69.48975,1608083999999,36308.1566485,266,51.79722,27058.730558099996,0
2020-12-16 02:00:00,525.14,525.81,519.24,525.81,91.00946,1608085799999,47547.7200259,349,52.41338,27386.748998699997,0
2020-12-16 02:30:00,525.68,525.68,522.43,525.33,98.35291,1608087599999,51553.723076,229,50.50338,26480.516681999998,0
2020-12-16 03:00:00,525.52,527.06,519.92,523.23,153.32228999999995,1608089399999,80184.1412258,759,85.47551,44699.7404051,0
2020-12-16 03:30:00,523.64,525.65,523.38,523.57,5.97046,1608091199999,3131.4843293000013,28,2.80653,1472.82123,0
2020-12-16 04:00:00,524.24,524.25,517.01,518.68,73.68047,1608092999999,38235.7117372,328,16.77342,8698.0363458,0
2020-12-16 04:30:00,519.05,520.72,519.05,520.51,4.9734,1608094799999,2584.6350913,32,4.87741,2534.7049329,0
2020-12-16 05:00:00,519.61,519.75,515.53,519.69,114.10283999999999,1608096599999,59024.6087287,338,29.319340000000004,15152.848277899999,0
2020-12-16 05:30:00,519.69,521.3,519.69,521.26,24.59319,1608098399999,12798.4244729,98,18.05811,9394.2267588,0
2020-12-16 06:00:00,520.98,520.98,516.29,518.89,162.60285,1608100199999,84219.4413777,568,59.08418,30595.488162700003,0
2020-12-16 06:30:00,519.18,520.27,519.0,519.9,18.17267,1608101999999,9443.0649098,71,7.7404100000000025,4023.059271900001,0
2020-12-16 07:00:00,520.29,520.37,515.21,516.16,96.27116,1608103799999,49752.4654295,364,7.85124,4059.6167922,0
2020-12-16 07:30:00,516.55,519.24,515.64,518.16,54.2955,1608105599999,28088.800896499997,257,33.05413,17112.9202839,0
2020-12-16 08:00:00,518.22,518.97,514.22,515.31,90.91775,1608107399999,46877.8014443,332,33.31374,17175.217531000002,0
2020-12-16 08:30:00,516.28,520.17,514.5,520.17,79.27192,1608109199999,41030.0388484,225,61.23411,31690.8982075,0
2020-12-16 09:00:00,520.29,521.07,519.69,520.55,20.8443,1608110999999,10844.1957755,73,11.87026,6174.8525399,0
2020-12-16 09:30:00,519.66,521.45,519.66,521.45,4.46286,1608112799999,2323.5177563,23,3.22859,1680.9914883000001,0
2020-12-16 10:00:00,520.98,521.37,520.31,520.31,5.21191,1608114599999,2713.9788101999998,33,1.26451,658.7812655,0
2020-12-16 10:30:00,520.8,521.0,520.5,521.0,6.66365,1608116399999,3470.8691727,26,6.4774,3373.8701727,0
2020-12-16 11:00:00,521.0,521.0,517.16,519.16,151.75634,1608118199999,78815.8373411,284,102.14856999999999,53076.082363099995,0
2020-12-16 11:30:00,519.12,519.8,519.12,519.8,13.51849,1608119999999,7024.8649322,44,12.82788,6666.2097837,0
2020-12-16 12:00:00,519.8,519.8,518.74,519.8,56.5549,1608121799999,29384.689571099996,54,41.24674,21437.410250099998,0
2020-12-16 12:30:00,519.8,519.8,518.38,519.16,30.882270000000002,1608123599999,16024.6386255,60,15.2918,7934.865138600001,0
2020-12-16 13:00:00,519.31,519.8,519.09,519.8,5.79098,1608125399999,3008.0357136,21,2.21877,1152.7958718,0
2020-12-16 13:30:00,519.79,520.64,517.62,520.5,308.93394,1608127199999,160501.8250036,400,247.31391000000002,128493.4932994,0
2020-12-16 14:00:00,520.29,529.27,520.0,525.84,187.96648000000002,1608128999999,99035.3544355,775,98.79252,51989.9229757,0
2020-12-16 14:30:00,526.08,527.8,520.63,525.2,82.8624,1608130799999,43453.0489825,368,25.79411,13547.182080300001,0
2020-12-16 15:00:00,525.2,530.01,524.68,529.16,77.38753,1608132599999,40856.9643795,402,48.05696,25394.037535,0
2020-12-16 15:30:00,529.98,533.49,529.25,531.19,91.93078,1608134399999,48874.1373953,299,53.90606999999999,28657.7308013,0
2020-12-16 16:00:00,532.42,534.0,528.68,529.38,119.55183999999998,1608136199999,63483.4522911,398,43.16871,22940.521201099997,0
2020-12-16 16:30:00,529.6,531.1,529.2,531.1,440.22694,1608137999999,233641.85265420002,998,411.32055,218323.1857789,0
2020-12-16 17:00:00,531.1,533.55,530.7,531.85,198.07506999999998,1608139799999,105252.81375510001,638,174.44008,92698.6264344,0
2020-12-16 17:30:00,532.64,533.01,531.0,531.58,39.6888,1608141599999,21118.862423299997,154,16.678929999999998,8877.481386700001,0
2020-12-16 18:00:00,532.14,533.28,531.67,532.68,45.186170000000004,1608143399999,24054.274369400002,149,27.25585,14509.274691100001,0
2020-12-16 18:30:00,532.68,533.02,531.25,532.6,29.674640000000004,1608145199999,15791.2206609,154,16.38755,8723.059447799998,0
2020-12-16 19:00:00,532.54,534.0,532.42,533.47,25.11267,1608146999999,13400.3733036,81,11.01247,5875.7921257,0
2020-12-16 19:30:00,534.02,534.93,533.01,534.08,14.51893,1608148799999,7756.0738887,75,6.9126,3693.9139502999997,0
2020-12-16 20:00:00,534.17,535.05,534.17,534.6,23.614160000000002,1608150599999,12628.5368156,88,9.06333,4846.5801095,0
2020-12-16 20:30:00,535.08,535.26,534.61,535.21,27.13583,1608152399999,14511.4010614,101,7.95892,4258.7995621,0
2020-12-16 21:00:00,535.21,536.97,531.08,531.65,159.85883,1608154199999,85443.4253525,385,71.07741,38057.867718400004,0
2020-12-16 21:30:00,531.08,536.37,531.08,536.34,51.055209999999995,1608155999999,27248.78623970001,233,40.00666,21364.973335799998,0
2020-12-16 22:00:00,536.22,538.45,536.14,537.45,142.45217,1608157799999,76485.18553019999,289,57.34039,30804.1773499,0
2020-12-16 22:30:00,537.46,538.88,535.75,538.01,53.52905,1608159599999,28790.171643299997,153,23.68877,12739.0593423,0
2020-12-16 23:00:00,537.97,539.99,537.82,539.82,133.96534,1608161399999,72201.1052974,296,59.25812,31950.96482120001,0
2020-12-16 23:30:00,539.35,539.99,538.66,539.82,44.49492,1608163199999,23996.9529768,101,10.51177,5671.4115547,0
2020-12-17 00:00:00,539.3,544.99,539.3,544.37,225.83628,1608164999999,122327.2180478,408,121.05713999999999,65572.7180801,0
2020-12-17 00:30:00,544.65,545.68,543.5,545.26,180.01208,1608166799999,98024.9942296,323,77.73510999999998,42349.1901996,0
2020-12-17 01:00:00,545.26,547.91,544.75,545.2,158.3584,1608168599999,86545.6408913,466,47.1642,25770.1965672,0
2020-12-17 01:30:00,544.92,545.5,541.29,543.88,126.07271999999999,1608170399999,68529.092662,409,23.20395,12615.7509967,0
2020-12-17 02:00:00,543.23,544.03,541.82,542.45,72.21537,1608172199999,39190.3034832,146,30.37239000000001,16485.6287189,0
2020-12-17 02:30:00,542.45,545.41,542.45,545.0,64.74379,1608173999999,35196.218528900004,132,55.73934000000001,30302.7018487,0
2020-12-17 03:00:00,544.98,545.78,539.19,539.64,142.13955,1608175799999,77009.5773028,470,63.48019,34396.7549795,0
2020-12-17 03:30:00,540.39,541.42,539.01,539.36,44.480909999999994,1608177599999,24004.7712925,167,14.49187,7830.1304716,0
2020-12-17 04:00:00,539.02,540.29,539.01,540.07,9.75044,1608179399999,5261.5291041,56,3.93601,2124.6689207000004,0
2020-12-17 04:30:00,539.27,539.83,536.21,537.18,62.43221,1608181199999,33622.795941799995,146,2.4952099999999997,1342.2432397,0
2020-12-17 05:00:00,537.17,538.98,537.07,538.98,16.58471,1608182999999,8928.1487033,109,11.568439999999999,6228.3497811000025,0
2020-12-17 05:30:00,538.94,542.72,537.42,540.71,121.27393000000001,1608184799999,65436.53966259999,411,92.32379,49806.930233,0
2020-12-17 06:00:00,540.57,540.57,537.76,538.79,21.45974,1608186599999,11562.2385189,140,11.63144,6269.0905127999995,0
2020-12-17 06:30:00,538.86,539.29,537.84,539.06,23.90341,1608188399999,12877.6768583,91,14.430710000000001,7778.1548171,0
2020-12-17 07:00:00,539.0,543.63,538.37,543.63,11.8245,1608190199999,6403.5144791,97,10.75014,5822.066694,0
2020-12-17 07:30:00,542.86,543.07,539.92,540.24,40.97072,1608191999999,22211.2996851,201,14.137570000000002,7664.144444399999,0
2020-12-17 08:00:00,540.6,542.3,538.32,541.11,50.44563,1608193799999,27268.6981152,268,31.454420000000002,17002.4416398,0
2020-12-17 08:30:00,540.84,541.28,536.21,536.97,55.14638000000001,1608195599999,29728.8544936,323,33.661970000000004,18171.7002801,0
2020-12-17 09:00:00,536.79,540.59,536.21,540.18,146.90776,1608197399999,79149.57665260001,537,94.19703,50748.5841581,0
2020-12-17 09:30:00,539.7,539.92,533.5,534.95,189.6267,1608199199999,101549.6038398,834,81.89116999999997,43861.6406947,0
2020-12-17 10:00:00,535.63,544.81,534.67,544.31,160.80553,1608200999999,86873.0107143,855,98.53569,53264.5861465,0
2020-12-17 10:30:00,544.67,549.94,544.09,549.05,171.61648,1608202799999,93856.76508060002,670,116.57118,63746.3017002,0
2020-12-17 11:00:00,547.89,549.97,547.69,548.81,27.75126,1608204599999,15230.809640000001,142,14.113979999999998,7747.607128300001,0
2020-12-17 11:30:00,548.67,549.52,545.57,546.87,31.518309999999996,1608206399999,17277.903764500006,142,14.32029,7856.4115606000005,0
2020-12-17 12:00:00,546.86,554.67,546.21,553.59,94.61028,1608208199999,52071.91508580001,365,72.73204,40005.8542551,0
2020-12-17 12:30:00,553.83,558.38,553.42,558.38,140.90856000000005,1608209999999,78293.27885860001,530,100.10169,55609.23070730001,0
2020-12-17 13:00:00,557.43,558.38,553.24,553.24,126.60683,1608211799999,70520.3585591,618,41.582029999999996,23201.8208011,0
2020-12-17 13:30:00,553.23,554.95,551.67,552.83,73.32043,1608213599999,40579.54507769999,251,35.79347999999999,19824.0038146,0
2020-12-17 14:00:00,552.2,553.55,551.5,552.53,48.52042,1608215399999,26800.166557900004,127,29.61029000000001,16350.532605200002,0
2020-12-17 14:30:00,553.83,553.96,550.64,551.09,143.00001,1608217199999,79006.6037228,256,105.56517,58317.0581784,0
2020-12-17 15:00:00,550.97,554.79,549.84,550.64,118.13932,1608218999999,65157.179022899996,226,90.51646,49924.6076321,0
2020-12-17 15:30:00,550.73,552.98,549.8,552.75,47.26273,1608220799999,26062.4112197,128,35.07223,19344.751204700002,0
2020-12-17 16:00:00,552.92,565.8,551.13,557.66,342.93085,1608222599999,191381.785565,1006,235.41212000000002,131270.73188769998,0
2020-12-17 16:30:00,557.63,559.4,556.42,556.69,68.47031,1608224399999,38206.3811124,181,15.10046,8428.2937978,0
2020-12-17 17:00:00,556.55,556.55,550.7,551.19,49.99301,1608226199999,27673.872757499998,302,21.35454,11823.7825983,0
2020-12-17 17:30:00,551.65,555.27,542.74,543.71,89.63924,1608227999999,49348.6583036,420,31.30657,17272.4003208,0
2020-12-17 18:00:00,542.81,550.06,533.7,538.16,343.5018,1608229799999,185438.3062381,1008,141.67901,76555.1891286,0
2020-12-17 18:30:00,538.18,540.43,535.08,539.99,98.38403000000001,1608231599999,52939.1202913,344,36.95091,19889.6435105,0
2020-12-17 19:00:00,539.45,541.63,538.0,540.0,13.91528,1608233399999,7516.3128413999975,82,7.69235,4158.0323797,0
2020-12-17 19:30:00,539.88,547.15,537.06,540.24,229.73722,1608235199999,124652.446906,614,119.45126,64883.361459,0
2020-12-17 20:00:00,540.08,544.47,538.25,544.34,46.57352,1608236999999,25207.134554700002,179,33.21346,17979.792523199998,0
2020-12-17 20:30:00,543.63,544.12,537.47,540.26,54.037009999999995,1608238799999,29176.498176099998,299,28.43388,15356.090024899999,0
2020-12-17 21:00:00,539.97,539.97,532.16,532.94,54.03038000000001,1608240599999,28954.307443799997,221,18.72907,10063.696906799998,0
2020-12-17 21:30:00,532.61,536.36,530.29,535.95,44.61677,1608242399999,23798.8146556,236,23.49375,12529.3168154,0
2020-12-17 22:00:00,536.21,540.33,534.87,540.33,87.50806,1608244199999,47009.1245934,200,77.88479,41847.401363,0
2020-12-17 22:30:00,540.34,540.69,536.19,539.06,46.56346,1608245999999,25104.563432799998,212,28.33045,15295.9290376,0
2020-12-17 23:00:00,539.68,539.68,534.59,534.75,64.1559,1608247799999,34471.6598279,313,36.83522,19814.2669731,0
2020-12-17 23:30:00,535.96,539.16,535.1,538.79,48.52342,1608249599999,26081.823356200002,241,43.19194,23218.0841363,0
2020-12-18 00:00:00,538.88,539.13,533.32,534.36,54.10746999999999,1608251399999,28985.9923237,303,41.69566,22342.6836509,0
2020-12-18 00:30:00,534.36,536.92,532.45,533.67,98.29182,1608253199999,52579.832132999996,321,66.99351999999999,35853.8751585,0
2020-12-18 01:00:00,533.61,542.4,531.26,538.36,145.6239,1608254999999,78128.19763039997,504,112.38395,60282.29624430001,0
2020-12-18 01:30:00,539.62,542.69,537.47,542.22,46.555640000000004,1608256799999,25171.2305339,269,33.48746,18116.6534255,0
2020-12-18 02:00:00,541.5,546.42,541.15,546.15,96.44875,1608258599999,52485.5514078,606,74.34652,40460.1900811,0
2020-12-18 02:30:00,545.58,549.06,544.88,548.02,48.373909999999995,1608260399999,26453.03547,372,37.95373,20759.794038599997,0
2020-12-18 03:00:00,547.88,550.68,545.05,545.05,126.59366999999999,1608262199999,69353.01966689999,624,57.33835,31460.8383116,0
2020-12-18 03:30:00,545.06,545.47,536.22,539.05,233.84176000000002,1608263999999,126355.289115,942,102.77814000000001,55526.80662430001,0
2020-12-18 04:00:00,539.98,544.37,538.38,540.67,84.81851999999998,1608265799999,45939.611589,358,40.15927,21754.375435299997,0
2020-12-18 04:30:00,540.01,543.72,536.76,537.06,76.50493,1608267599999,41228.9683374,336,28.29986,15264.0287632,0
2020-12-18 05:00:00,537.43,540.27,536.03,537.96,92.00285,1608269399999,49468.0856821,611,56.640519999999995,30474.9220544,0
2020-12-18 05:30:00,538.53,538.53,535.33,536.7,63.90973,1608271199999,34292.7649177,330,24.55368,13182.2001676,0
2020-12-18 06:00:00,536.69,539.55,536.68,539.11,107.70266000000001,1608272999999,57989.87514149999,282,89.10906999999996,47987.41558630001,0
2020-12-18 06:30:00,539.11,540.56,537.24,538.03,70.8156,1608274799999,38211.20992240001,371,57.70381,31142.273956800003,0
2020-12-18 07:00:00,538.02,543.68,537.97,543.65,50.16778,1608276599999,27113.506685400003,269,40.4229,21867.988471,0
2020-12-18 07:30:00,543.61,543.92,537.05,543.66,96.4964,1608278399999,52179.2454192,522,57.907109999999996,31329.137896099997,0
2020-12-18 08:00:00,543.78,549.12,541.45,548.09,83.83618,1608280199999,45746.2969769,500,54.38301,29644.445952399998,0
2020-12-18 08:30:00,548.4,552.91,546.35,552.39,116.45636,1608281999999,63933.9610972,474,67.52741999999999,37122.5899608,0
2020-12-18 09:00:00,552.49,554.27,550.33,552.59,52.71227,1608283799999,29143.5966675,319,44.3761,24538.9706172,0
2020-12-18 09:30:00,552.48,555.0,551.52,553.04,70.02208,1608285599999,38732.2413227,393,40.35314,22326.486593,0
2020-12-18 10:00:00,552.78,555.66,550.83,554.82,100.50871,1608287399999,55644.04394400001,488,67.88469,37588.8971072,0
2020-12-18 10:30:00,555.48,555.88,553.2,554.41,50.52093,1608289199999,28010.5524241,245,19.64088,10902.0429229,0
2020-12-18 11:00:00,554.2,554.2,550.38,553.2,63.69846999999999,1608290999999,35174.5806617,252,33.31155,18400.1351186,0
2020-12-18 11:30:00,554.04,559.88,552.04,559.02,76.66727,1608292799999,42624.8814001,352,63.121159999999996,35100.9883508,0
2020-12-18 12:00:00,558.8,559.02,551.49,554.6,65.67782,1608294599999,36537.7232185,392,24.83004,13813.035492299998,0
2020-12-18 12:30:00,555.51,557.57,554.41,555.06,60.6483,1608296399999,33701.62839290001,223,36.145309999999995,20097.901809299998,0
2020-12-18 13:00:00,554.45,561.22,552.06,560.28,108.34693999999999,1608298199999,60321.8483235,326,87.84836,48940.210343599996,0
2020-12-18 13:30:00,561.28,562.09,549.68,549.68,61.95762,1608299999999,34532.5226333,302,22.98379,12789.9732348,0
2020-12-18 14:00:00,550.33,551.16,543.92,544.14,65.41197,1608301799999,35791.52644630001,244,40.05392,21909.481097099997,0
2020-12-18 14:30:00,544.49,550.25,544.14,549.79,43.39505,1608303599999,23745.602851099997,244,32.50333,17783.856383099996,0
2020-12-18 15:00:00,549.79,550.53,545.11,547.94,56.60895,1608305399999,31051.7731102,238,20.48479,11239.978288,0
2020-12-18 15:30:00,548.03,548.03,543.41,545.78,36.25871,1608307199999,19776.2060332,221,16.41261,8965.398977500001,0
2020-12-18 16:00:00,545.22,551.5,545.0,550.49,25.95169,1608308999999,14241.174015399998,165,20.22096,11101.059056,0
2020-12-18 16:30:00,550.49,553.96,550.15,553.51,45.05348,1608310799999,24901.521695299998,242,34.54176,19094.676322400002,0
2020-12-18 17:00:00,553.49,559.03,552.64,557.96,53.05627,1608312599999,29517.0772179,377,39.17884,21792.6904699,0
2020-12-18 17:30:00,557.38,560.0,557.38,558.96,107.4861,1608314399999,60103.8409602,459,66.85744,37408.718068300004,0
2020-12-18 18:00:00,559.16,559.97,558.43,559.68,53.8769,1608316199999,30139.058109099995,339,29.05617,16261.772748,0
2020-12-18 18:30:00,559.67,560.0,557.34,559.0,70.91297,1608317999999,39643.405091,252,45.55348,25483.5463523,0
2020-12-18 19:00:00,559.62,560.02,558.58,559.15,23.005329999999997,1608319799999,12876.3989804,150,19.49908,10915.519758499999,0
2020-12-18 19:30:00,559.06,564.53,559.06,563.11,76.2456,1608321599999,42897.045804800015,484,42.20844,23756.7041038,0
2020-12-18 20:00:00,563.0,565.99,562.59,565.05,54.96623,1608323399999,31037.6932476,284,26.552020000000002,14994.815948,0
2020-12-18 20:30:00,565.43,566.09,560.2,566.0,53.635259999999995,1608325199999,30223.281658099997,343,31.265240000000002,17635.385855,0
2020-12-18 21:00:00,566.0,568.0,565.34,568.0,47.70002,1608326999999,27042.6241176,238,32.28053,18301.1395199,0
2020-12-18 21:30:00,567.59,572.0,562.48,567.47,144.32189,1608328799999,81972.8628171,547,49.26576,27934.0390347,0
2020-12-18 22:00:00,567.4,567.51,562.65,564.05,52.28796,1608330599999,29533.8759847,271,27.62615,15603.772003100004,0
2020-12-18 22:30:00,564.65,568.5,563.13,563.9,46.74457,1608332399999,26432.228188499997,253,22.03014,12464.6258796,0
2020-12-18 23:00:00,563.22,579.99,561.1,568.41,686.4374799999998,1608334199999,392504.98739809997,1855,303.70416,173324.18218839998,0
2020-12-18 23:30:00,568.39,569.83,567.35,569.83,27.569490000000002,1608335999999,15670.7751651,146,8.14229,4635.1381585,0
2020-12-19 00:00:00,569.83,575.98,569.81,575.21,45.49689,1608337799999,26070.096007,250,27.5334,15769.393315399999,0
2020-12-19 00:30:00,575.12,578.99,571.0,571.0,157.85902,1608339599999,90711.612465,510,85.38885,49111.5852765,0
2020-12-19 01:00:00,570.84,571.06,563.46,564.07,49.46383,1608341399999,28070.324957999997,319,16.55848,9384.638851799999,0
2020-12-19 01:30:00,564.86,570.86,564.86,570.86,21.48486,1608343199999,12215.562522499999,177,20.1081,11432.272004,0
2020-12-19 02:00:00,570.85,573.28,567.96,572.52,124.23338000000001,1608344999999,70927.8045981,367,58.03487,33152.314536699996,0
2020-12-19 02:30:00,572.55,580.48,572.55,580.03,175.01918999999995,1608346799999,101268.66514269999,370,150.89739,87377.8751627,0
2020-12-19 03:00:00,580.0,580.59,575.09,580.56,115.92419,1608348599999,67055.6819972,445,56.25945,32535.553701999997,0
2020-12-19 03:30:00,580.54,581.43,578.91,580.35,36.62219,1608350399999,21254.093193099998,205,21.31145,12371.0757865,0
2020-12-19 04:00:00,580.84,581.21,578.0,578.99,32.77042,1608352199999,18978.3703997,198,11.78764,6829.6394322999995,0
2020-12-19 04:30:00,578.45,578.7,577.72,578.2,17.19497,1608353999999,9939.8810047,45,2.93083,1693.9852261,0
2020-12-19 05:00:00,578.67,578.7,576.23,576.84,7.66535,1608355799999,4425.2703891,62,3.67795,2124.1961340999997,0
2020-12-19 05:30:00,576.75,576.75,575.63,576.62,15.696279999999998,1608357599999,9041.650133399999,69,6.22865,3589.1964926,0
2020-12-19 06:00:00,576.23,576.23,570.86,570.86,32.47463,1608359399999,18607.6425184,151,6.27422,3596.9163236,0
2020-12-19 06:30:00,571.06,573.0,568.7,572.91,50.52882,1608361199999,28832.500605799996,178,18.92308,10806.8916208,0
2020-12-19 07:00:00,571.75,576.23,571.75,575.88,21.25194,1608362999999,12224.5163005,68,19.57612,11261.2308537,0
2020-12-19 07:30:00,575.88,576.35,575.02,575.17,16.04063,1608364799999,9230.706955,92,4.36785,2513.2088883,0
2020-12-19 08:00:00,575.64,577.24,575.25,576.38,30.820420000000002,1608366599999,17753.893926900004,124,18.54235,10682.309051600001,0
2020-12-19 08:30:00,576.75,576.77,575.08,576.0,64.12228,1608368399999,36918.3784899,129,51.50533,29653.6780681,0
2020-12-19 09:00:00,576.82,577.2,574.84,574.84,22.45112,1608370199999,12925.8822806,131,2.50148,1442.6058380999998,0
2020-12-19 09:30:00,575.22,576.0,573.93,575.64,20.981920000000002,1608371999999,12051.1193164,53,0.99118,570.1347699,0
2020-12-19 10:00:00,575.38,576.42,575.33,576.32,15.156170000000001,1608373799999,8728.5722595,37,5.74187,3306.8295077,0
2020-12-19 10:30:00,576.21,577.54,576.02,577.54,16.88107,1608375599999,9742.9052577,79,12.11164,6991.2547393,0
2020-12-19 11:00:00,577.51,578.47,577.51,577.59,20.5323,1608377399999,11869.3790256,64,8.54963,4942.220136,0
2020-12-19 11:30:00,578.31,579.04,575.15,575.15,14.262970000000001,1608379199999,8241.021006,81,5.62361,3247.3285096,0
2020-12-19 12:00:00,575.09,576.74,574.16,574.73,48.828359999999996,1608380999999,28099.748039399998,123,24.0598,13859.734379700001,0
2020-12-19 12:30:00,575.29,576.47,573.68,574.01,28.80916,1608382799999,16586.8385998,73,17.42592,10030.454846200002,0
2020-12-19 13:00:00,574.0,574.2,573.0,573.79,9.46016,1608384599999,5427.077736300002,30,5.06843,2908.4434499000013,0
2020-12-19 13:30:00,574.16,574.47,568.68,571.97,160.50858,1608386399999,91668.8995826,390,98.35892,56185.0139577,0
2020-12-19 14:00:00,571.74,572.67,568.42,570.75,145.32626000000005,1608388199999,82935.1410125,434,72.7108,41493.1924775,0
2020-12-19 14:30:00,570.74,572.53,570.73,571.95,16.759339999999998,1608389999999,9580.1763661,82,4.48696,2565.2847225,0
2020-12-19 15:00:00,571.95,571.95,570.12,570.97,33.2714,1608391799999,19003.6856571,124,15.47587,8844.2385084,0
2020-12-19 15:30:00,570.28,570.67,569.9,570.38,32.75716,1608393599999,18671.4939023,72,5.96221,3399.1925075000013,0
2020-12-19 16:00:00,570.66,571.0,568.56,570.76,137.15113,1608395399999,78225.04181180001,295,71.04753000000002,40552.0555703,0
2020-12-19 16:30:00,570.32,571.0,569.77,570.17,30.30604000000001,1608397199999,17297.601011500006,53,21.19601,12102.3567974,0
2020-12-19 17:00:00,570.17,573.27,570.17,572.1,65.54234,1608398999999,37456.037875199996,132,42.436809999999994,24240.5118272,0
2020-12-19 17:30:00,572.16,573.59,571.75,573.36,17.05305,1608400799999,9769.4473727,73,5.9817,3428.059211900001,0
2020-12-19 18:00:00,573.36,573.59,569.44,569.44,48.68777,1608402599999,27839.5941056,367,7.4466199999999985,4266.3922526999995,0
2020-12-19 18:30:00,570.05,575.21,569.44,575.2,145.15878999999995,1608404399999,83019.6632037,631,79.84225,45685.52155219999,0
2020-12-19 19:00:00,575.21,576.77,574.88,576.77,49.6124,1608406199999,28580.64556790001,124,27.02348,15570.1717439,0
2020-12-19 19:30:00,576.67,577.24,575.54,576.41,8.368780000000001,1608407999999,4823.7977682,34,3.28229,1890.5757914,0
2020-12-19 20:00:00,576.39,578.43,576.23,578.01,27.39603,1608409799999,15823.3914613,90,14.714189999999999,8501.4134674,0
2020-12-19 20:30:00,578.43,579.42,578.25,579.42,19.50275,1608411599999,11286.2133448,60,4.32421,2504.3950255,0
2020-12-19 21:00:00,579.17,581.01,578.24,580.24,164.29198,1608413399999,95316.6148357,138,137.29833,79651.20651539999,0
2020-12-19 21:30:00,580.78,581.2,577.54,577.54,62.97844,1608415199999,36502.174400699994,174,14.23564,8249.4597826,0
2020-12-19 22:00:00,577.54,577.96,570.92,573.8,113.65591,1608416999999,65316.2787614,308,52.968469999999996,30445.613987700002,0
2020-12-19 22:30:00,573.6,573.6,573.02,573.18,9.283439999999999,1608418799999,5322.6704229,19,5.70713,3272.1243667,0
2020-12-19 23:00:00,573.18,573.67,564.65,566.95,82.91736999999998,1608420599999,47153.7889876,286,22.83588,12980.2502329,0
2020-12-19 23:30:00,566.81,567.16,565.42,567.16,17.0292,1608422399999,9647.8787386,39,6.18155,3502.2876545999998,0
2020-12-20 00:00:00,566.6,566.93,561.15,561.55,22.587220000000002,1608424199999,12744.5387705,138,8.26591,4662.267256100001,0
2020-12-20 00:30:00,561.6,562.69,560.87,562.34,25.937829999999998,1608425999999,14577.567471899998,83,11.54778,6491.530102100001,0
2020-12-20 01:00:00,562.96,562.96,560.09,561.21,8.36987,1608427799999,4704.073141200001,38,0.9118200000000001,512.0458164,0
2020-12-20 01:30:00,561.49,562.22,560.96,561.04,4.18029,1608429599999,2347.0258061,24,2.7437099999999996,1540.2954201,0
2020-12-20 02:00:00,560.17,562.48,560.14,562.17,10.47739,1608431399999,5884.7812656999995,79,8.02333,4508.9358837,0
2020-12-20 02:30:00,561.64,561.64,560.52,561.21,1.64609,1608433199999,923.4137535,15,0.05345,29.9966745,0
2020-12-20 03:00:00,561.21,561.31,559.95,561.31,9.11683,1608434999999,5107.574610399999,46,3.30819,1854.007809,0
2020-12-20 03:30:00,562.22,562.93,562.22,562.93,1.34558,1608436799999,757.2383685,9,1.34558,757.2383685,0
2020-12-20 04:00:00,562.92,563.3,558.91,559.43,14.655129999999998,1608438599999,8229.062668800001,65,5.55925,3121.7617422,0
2020-12-20 04:30:00,559.17,566.22,559.17,566.22,43.91386,1608440399999,24644.2742182,143,41.94309000000001,23535.4044397,0
2020-12-20 05:00:00,566.11,566.53,566.11,566.53,3.4253099999999996,1608442199999,1939.6186063999999,31,0.47257,267.7012322,0
2020-12-20 05:30:00,566.11,566.12,564.26,564.26,20.34354,1608443999999,11504.64588,63,1.2759200000000002,721.4612416,0
2020-12-20 06:00:00,564.31,564.31,561.86,562.41,22.2414,1608445799999,12519.371989899999,83,4.50007,2532.9137976,0
2020-12-20 06:30:00,561.87,563.95,561.87,562.59,6.01103,1608447599999,3384.3992625,34,1.7238,970.5657996,0
2020-12-20 07:00:00,563.54,566.39,563.54,565.14,14.450870000000002,1608449399999,8163.349032699999,54,9.71994,5488.123685600001,0
2020-12-20 07:30:00,565.97,565.98,563.4,565.55,28.081970000000002,1608451199999,15844.8902099,64,11.520710000000001,6501.386563300001,0
2020-12-20 08:00:00,565.41,565.67,561.53,564.31,24.39208,1608452999999,13732.314711200002,107,7.2645100000000005,4090.8276139,0
2020-12-20 08:30:00,563.33,565.36,563.07,565.36,13.266639999999999,1608454799999,7484.744241600001,67,9.31558,5257.1940674,0
2020-12-20 09:00:00,565.74,566.51,565.7,565.84,4.1483,1608456599999,2347.6204085,33,2.08929,1182.5665183,0
2020-12-20 09:30:00,566.42,570.18,566.42,566.91,27.920270000000002,1608458399999,15868.162889300002,125,22.739620000000002,12927.5903572,0
2020-12-20 10:00:00,566.53,567.05,565.2,565.2,9.48812,1608460199999,5371.9693923,43,1.5591,882.8173617999997,0
2020-12-20 10:30:00,564.97,565.43,561.23,561.57,23.745620000000002,1608461999999,13374.4749605,152,8.95668,5049.3788795,0
2020-12-20 11:00:00,562.19,563.4,561.22,561.78,9.18802,1608463799999,5166.6700298999995,47,2.56153,1440.4065100999999,0
2020-12-20 11:30:00,561.59,565.64,560.22,564.67,50.01721,1608465599999,28137.343487700004,102,44.47186,25024.1744162,0
2020-12-20 12:00:00,564.59,567.47,559.27,560.35,111.78446000000001,1608467399999,62952.8657614,343,37.7239,21240.0973056,0
2020-12-20 12:30:00,560.55,560.55,555.11,557.17,76.88006999999998,1608469199999,42815.0156987,468,21.68836,12064.8525787,0
2020-12-20 13:00:00,557.51,558.37,555.1,556.92,81.65172,1608470999999,45443.96151050001,518,10.18121,5662.7936607,0
2020-12-20 13:30:00,557.32,557.66,556.33,557.66,12.11319,1608472799999,6746.7237577,92,3.4628900000000002,1930.2874777,0
2020-12-20 14:00:00,557.13,557.69,555.8,556.85,17.10139,1608474599999,9521.9821638,76,5.76865,3214.0467430999997,0
2020-12-20 14:30:00,556.58,557.07,555.77,556.85,15.2222,1608476399999,8467.21429,41,4.2922400000000005,2388.0287785,0
2020-12-20 15:00:00,556.3,559.19,556.3,559.19,1.8534599999999999,1608478199999,1034.4565546000001,24,1.02071,569.9560468999998,0
2020-12-20 15:30:00,559.2,559.95,555.73,559.95,89.40528,1608479999999,49786.0419292,214,82.89845,46154.34650940001,0
2020-12-20 16:00:00,559.47,562.94,559.08,561.1,31.890359999999998,1608481799999,17890.497798700002,178,7.8597899999999985,4409.4613468,0
2020-12-20 16:30:00,561.2,561.93,560.35,561.72,9.008,1608483599999,5055.8931026,78,1.9473099999999999,1093.199838,0
2020-12-20 17:00:00,561.38,561.66,560.8,560.93,6.77425,1608485399999,3800.0026791999994,45,2.43332,1365.0076313,0
2020-12-20 17:30:00,560.86,560.86,559.59,559.59,3.5207699999999997,1608487199999,1971.4733594999998,20,1.44058,806.9294836,0
2020-12-20 18:00:00,559.6,559.8,558.0,559.8,13.127289999999999,1608488999999,7339.7312305000005,49,6.30123,3521.1745115999997,0
2020-12-20 18:30:00,559.75,562.13,559.75,561.1,17.79701,1608490799999,9986.0912171,68,6.885489999999999,3863.8729866999997,0
2020-12-20 19:00:00,560.77,560.77,555.69,555.69,12.061910000000001,1608492599999,6740.501398800001,41,0.05464,30.526927,0
2020-12-20 19:30:00,555.72,556.55,555.39,556.44,16.08568,1608494399999,8943.0177905,53,5.79245,3221.3643945999997,0
2020-12-20 20:00:00,556.0,558.87,555.84,558.86,7.615660000000001,1608496199999,4251.716525,36,3.32259,1855.0611465999998,0
2020-12-20 20:30:00,558.13,562.36,558.13,561.59,48.67487,1608497999999,27277.3097613,124,38.46795,21555.3510599,0
2020-12-20 21:00:00,561.4,563.29,557.01,558.0,29.45686,1608499799999,16488.618186300002,160,11.9432,6686.5257179,0
2020-12-20 21:30:00,557.31,557.31,547.93,547.93,89.64491,1608501599999,49649.082465900006,392,28.064459999999997,15523.7270352,0
2020-12-20 22:00:00,548.12,549.16,541.52,543.7,102.3474,1608503399999,55637.966149399996,397,40.63517,22106.19195220001,0
2020-12-20 22:30:00,543.27,546.14,541.11,544.61,36.548120000000004,1608505199999,19864.4859475,199,22.1326,12026.9321139,0
2020-12-20 23:00:00,544.61,546.55,544.15,546.55,1.97691,1608506999999,1077.9510772,17,1.21496,663.1099051,0
2020-12-20 23:30:00,544.51,547.36,543.97,545.27,7.1075,1608508799999,3877.0659111,62,2.39643,1309.1808779,0
2020-12-21 00:00:00,545.61,549.4,541.93,548.27,52.74669,1608510599999,28821.101969,218,25.880879999999998,14144.566596899998,0
2020-12-21 00:30:00,547.99,550.99,547.99,550.64,3.76617,1608512399999,2071.4735706,43,2.25902,1242.4063152,0
2020-12-21 01:00:00,550.66,550.92,549.16,549.54,2.8758,1608514199999,1582.1389147,17,1.05918,583.1660696,0
2020-12-21 01:30:00,549.92,551.78,549.92,551.08,5.92531,1608515999999,3265.3764899,30,1.9720099999999998,1087.4112986,0
2020-12-21 02:00:00,551.6,552.11,550.74,551.9,2.53487,1608517799999,1399.017098,23,2.16569,1195.4927865999996,0
2020-12-21 02:30:00,551.45,551.45,549.9,550.36,3.8196800000000004,1608519599999,2102.6842172,20,1.0587600000000001,582.4939103999999,0
2020-12-21 03:00:00,550.72,551.73,550.28,550.29,18.115289999999998,1608521399999,9980.8883595,49,14.92312,8223.031475900001,0
2020-12-21 03:30:00,549.9,550.65,548.65,549.08,8.77721,1608523199999,4824.3437529,59,1.9395200000000001,1065.9163953,0
2020-12-21 04:00:00,549.13,554.41,549.13,554.35,36.15937,1608524999999,19958.6434979,118,34.36999,18973.2356268,0
2020-12-21 04:30:00,553.8,553.93,549.67,549.67,58.50755,1608526799999,32302.4441207,182,36.34556,20063.4876509,0
2020-12-21 05:00:00,549.67,549.67,546.17,546.69,36.094409999999996,1608528599999,19786.0973161,122,7.47806,4092.4174151,0
2020-12-21 05:30:00,546.16,546.57,544.27,544.4,15.00285,1608530399999,8176.47668,88,6.51584,3553.58127,0
2020-12-21 06:00:00,544.4,545.83,543.6,545.83,24.172179999999997,1608532199999,13161.640631,129,8.45402,4604.5232786000015,0
2020-12-21 06:30:00,545.16,546.23,544.2,546.23,4.32446,1608533999999,2357.4940678000007,28,1.60675,876.1551264000003,0
2020-12-21 07:00:00,546.38,550.56,546.38,550.38,17.36484,1608535799999,9515.270199200002,80,10.34933,5677.4576234,0
2020-12-21 07:30:00,550.72,551.08,549.67,549.85,2.1699200000000003,1608537599999,1194.2039949999996,20,0.9718899999999999,534.7360631,0
2020-12-21 08:00:00,550.45,550.74,545.23,546.47,21.37399,1608539399999,11707.441123999999,113,13.96846,7656.9735314,0
2020-12-21 08:30:00,545.48,547.2,541.35,541.85,16.71377,1608541199999,9099.3625686,120,8.59118,4683.6773666,0
2020-12-21 09:00:00,541.17,541.4,535.39,536.11,36.86777,1608542999999,19823.0770965,147,8.34548,4489.421446500001,0
2020-12-21 09:30:00,536.06,537.8,532.42,532.97,13.027439999999999,1608544799999,6971.424810100001,124,7.9851300000000025,4278.5305979999985,0
2020-12-21 10:00:00,532.96,534.19,520.19,521.47,187.65108,1608546599999,98744.0386658,850,61.51354,32376.7991907,0
2020-12-21 10:30:00,520.65,522.83,517.85,518.17,160.06728,1608548399999,83266.9409896,397,81.20488,42218.136168699995,0
2020-12-21 11:00:00,517.85,522.83,517.61,520.08,77.37671,1608550199999,40266.28547230001,212,46.53100000000001,24229.680925099998,0
2020-12-21 11:30:00,520.53,521.99,515.17,516.48,82.97896999999998,1608551999999,43086.444640099995,310,14.06202,7301.720376,0
2020-12-21 12:00:00,515.65,517.66,510.31,515.57,117.35826000000002,1608553799999,60389.88466130001,365,49.805479999999996,25674.4652457,0
2020-12-21 12:30:00,515.55,517.57,512.07,515.98,33.3972,1608555599999,17195.3989607,171,10.13096,5221.8053951,0
2020-12-21 13:00:00,516.14,519.8,516.08,519.54,34.58478,1608557399999,17930.6820621,156,18.98227,9841.6246905,0
2020-12-21 13:30:00,519.54,519.54,519.54,519.54,0.0,1608559199999,0.0,0,0.0,0.0,0
2020-12-21 14:00:00,519.54,519.54,519.54,519.54,0.0,1608558443968,0.0,0,0.0,0.0,0
2020-12-21 18:00:00,520.42,529.44,520.42,529.19,45.29518,1608575399999,23846.0264468,373,26.44955,13914.1991285,0
2020-12-21 18:30:00,529.46,532.93,528.94,531.23,58.22988,1608577199999,30951.9531076,132,42.04846,22359.9578716,0
2020-12-21 19:00:00,531.27,533.0,529.74,531.41,10.4671,1608578999999,5563.096766,80,3.5884099999999997,1908.9358394,0
2020-12-21 19:30:00,531.52,531.52,528.87,530.05,6.16995,1608580799999,3267.3725371,36,2.97483,1574.8980752999994,0
2020-12-21 20:00:00,530.64,532.76,529.75,531.54,20.218020000000006,1608582599999,10741.7129419,73,14.96229,7956.6707152,0
2020-12-21 20:30:00,531.1,532.66,528.23,528.25,37.488929999999996,1608584399999,19867.5728248,117,6.67415,3546.213186,0
2020-12-21 21:00:00,528.7,530.68,525.04,529.52,23.00328,1608586199999,12143.4347841,145,12.40072,6553.046935,0
2020-12-21 21:30:00,530.3,532.06,529.87,532.06,23.52987000000001,1608587999999,12490.5142314,60,19.1186,10150.453958,0
2020-12-21 22:00:00,531.39,531.63,529.68,530.16,33.627790000000005,1608589799999,17853.498048400004,96,9.03231,4795.1914616,0
2020-12-21 22:30:00,530.16,533.3,529.68,533.14,21.04916,1608591599999,11191.0610844,80,15.09482,8028.4682758,0
2020-12-21 23:00:00,532.67,532.67,530.21,530.42,4.9791099999999995,1608593399999,2642.3974478,27,3.4144300000000003,1811.7973451999999,0
2020-12-21 23:30:00,531.11,531.11,524.03,524.25,15.60121,1608595199999,8230.845123199999,134,5.17456,2729.2465555,0
2020-12-22 00:00:00,524.72,529.14,522.91,529.14,11.08712,1608596999999,5834.0523971,110,6.780660000000001,3571.6557,0
2020-12-22 00:30:00,528.55,528.55,523.21,523.98,21.12556,1608598799999,11104.564173,140,13.71946,7214.949031499998,0
2020-12-22 01:00:00,524.47,541.72,523.09,528.34,155.34223,1608600599999,82779.4373153,649,91.30759,48705.777632,0
2020-12-22 01:30:00,527.93,529.19,526.35,528.64,24.0201,1608602399999,12685.7016607,97,5.219530000000002,2756.9308975999998,0
2020-12-22 02:00:00,528.8,529.18,527.94,529.09,16.58031,1608604199999,8761.9809548,64,3.6344,1922.5875364,0
2020-12-22 02:30:00,528.73,530.47,528.72,530.24,10.92915,1608605999999,5789.9202795,78,7.537610000000001,3994.8828299,0
2020-12-22 03:00:00,530.63,532.49,530.29,532.03,16.60339,1608607799999,8830.090289700001,80,16.0441,8533.0624228,0
2020-12-22 03:30:00,532.04,532.77,528.51,530.31,43.28305,1608609599999,22978.06224570001,180,20.24928,10751.087296,0
2020-12-22 04:00:00,530.9,537.28,530.89,534.76,25.35372000000001,1608611399999,13590.635275,154,19.31811,10360.860347700003,0
2020-12-22 04:30:00,534.6,534.6,532.43,532.43,23.35639,1608613199999,12467.2556476,70,4.35475,2325.3536263,0
2020-12-22 05:00:00,532.43,532.76,528.88,528.88,15.23867,1608614999999,8070.311495300001,78,4.55996,2415.2575833,0
2020-12-22 05:30:00,528.9,529.7,525.92,525.92,62.54806,1608616799999,33022.313346599985,210,4.53256,2391.2138814,0
2020-12-22 06:00:00,526.99,529.94,523.91,529.23,41.528659999999995,1608618599999,21888.402272,218,20.7467,10930.3578396,0
2020-12-22 06:30:00,528.6,529.91,524.21,527.68,68.62411999999999,1608620399999,36172.008166900014,182,13.2584,6996.8341004999975,0
2020-12-22 07:00:00,527.45,530.7,526.0,528.02,23.48032000000001,1608622199999,12420.7429789,147,12.29818,6504.656155899997,0
2020-12-22 07:30:00,527.45,529.2,525.17,528.43,93.59900999999999,1608623999999,49243.6956365,412,24.266170000000002,12785.759820899999,0
2020-12-22 08:00:00,528.39,529.67,517.59,519.91,66.26864,1608625799999,34742.4278044,378,18.70017,9795.3016687,0
2020-12-22 08:30:00,519.38,529.46,518.4,529.46,48.46513,1608627599999,25395.9051911,249,36.76554,19241.189091999997,0
2020-12-22 09:00:00,529.67,536.44,529.67,533.08,24.72595,1608629399999,13203.8019559,168,17.71623,9458.1658016,0
2020-12-22 09:30:00,534.07,537.37,531.78,536.05,171.1198,1608631199999,91554.53299739999,292,124.52186999999999,66595.7202418,0
2020-12-22 10:00:00,536.04,537.34,533.91,535.74,43.473440000000004,1608632999999,23283.637461500002,240,15.24515,8166.758807800001,0
2020-12-22 10:30:00,535.81,536.67,528.75,531.24,128.95491,1608634799999,68740.93589410001,587,62.55885,33383.3452494,0
2020-12-22 11:00:00,531.98,537.37,530.44,536.48,62.86615,1608636599999,33614.9959684,141,47.78002,25563.383666900005,0
2020-12-22 11:30:00,537.32,539.57,535.28,538.06,40.834270000000004,1608638399999,21946.162687400007,223,25.30256,13600.7088857,0
2020-12-22 12:00:00,537.62,539.0,536.42,537.22,12.95032,1608640199999,6960.3502248999985,95,7.90773,4251.399557100001,0
2020-12-22 12:30:00,537.84,541.1,536.77,536.99,17.18965,1608641999999,9264.843554899999,108,7.5156199999999975,4054.9640313,0
2020-12-22 13:00:00,536.93,537.8,534.23,534.28,3.71235,1608643799999,1989.9868339000002,30,1.1415799999999998,612.5872925,0
2020-12-22 13:30:00,534.92,541.92,534.09,540.41,42.77225,1608645599999,22985.966822,143,19.314,10424.085497600001,0
2020-12-22 14:00:00,541.97,543.25,538.37,538.59,53.647659999999995,1608647399999,29053.5742358,177,28.41058,15407.7631065,0
2020-12-22 14:30:00,539.76,540.56,537.09,537.09,24.74847,1608649199999,13331.746211399999,72,3.80595,2052.6201105,0
2020-12-22 15:00:00,537.77,542.51,535.31,542.5,46.03621,1608650999999,24826.5842931,255,28.74897,15522.978305899998,0
2020-12-22 15:30:00,542.69,544.45,540.62,540.74,28.37837,1608652799999,15412.694500299998,133,22.16966,12041.9371065,0
2020-12-22 16:00:00,541.42,545.08,540.74,542.88,55.82804,1608654599999,30327.526605699997,137,31.63415,17202.6925256,0
2020-12-22 16:30:00,542.98,542.98,539.57,540.39,43.23782,1608656399999,23388.4176926,155,12.212710000000001,6607.3777553,0
2020-12-22 17:00:00,541.32,542.88,541.32,541.39,17.1991,1608658199999,9324.197330399998,52,14.655779999999998,7946.3913302,0
2020-12-22 17:30:00,541.46,544.31,541.36,544.31,9.80451,1608659999999,5319.6440196,45,4.17284,2263.0964559,0
2020-12-22 18:00:00,544.36,544.48,543.0,543.72,12.92624,1608661799999,7025.005787100001,45,2.4321900000000003,1322.8198362,0
2020-12-22 18:30:00,543.72,543.74,542.86,543.48,3.33855,1608663599999,1813.3482908,13,0.4346100000000001,236.3001349,0
2020-12-22 19:00:00,543.38,544.44,542.55,543.19,6.01737,1608665399999,3272.0638777,19,4.89089,2659.528775,0
2020-12-22 19:30:00,542.26,544.16,541.1,541.98,15.22657,1608667199999,8275.2439939,44,11.25767,6121.0835984,0
2020-12-22 20:00:00,543.6,544.07,540.69,542.32,20.39712,1608668999999,11054.7042441,82,9.12957,4949.119838000001,0
2020-12-22 20:30:00,541.21,545.9,541.2,545.16,70.78911,1608670799999,38563.4969115,190,54.75431999999999,29834.3780643,0
2020-12-22 21:00:00,545.72,547.23,543.87,545.3,87.3106,1608672599999,47657.0159023,237,61.54719,33597.7916695,0
2020-12-22 21:30:00,546.51,546.56,542.18,542.53,35.62014,1608674399999,19360.1600539,134,18.364,9979.2807366,0
2020-12-22 22:00:00,544.34,545.09,541.74,541.82,31.58223,1608676199999,17148.4790025,108,10.74635,5837.8045118,0
2020-12-22 22:30:00,541.72,543.87,541.72,543.14,25.04376,1608677999999,13588.391365000001,74,5.96718,3239.125323,0
2020-12-22 23:00:00,543.14,545.48,541.82,543.43,25.6519,1608679799999,13955.595059700001,74,17.37594,9453.784914599999,0
2020-12-22 23:30:00,544.67,550.25,543.84,549.49,55.78784,1608681599999,30603.662866000002,175,34.969809999999995,19173.9024524,0
2020-12-23 00:00:00,548.74,551.72,547.12,550.47,38.96548,1608683399999,21396.357264200004,166,11.433530000000001,6292.658397,0
2020-12-23 00:30:00,551.15,552.41,549.9,551.51,31.21905,1608685199999,17212.7696904,122,5.951919999999999,3284.0376416999998,0
2020-12-23 01:00:00,552.1,552.5,546.53,546.97,24.93304,1608686999999,13694.27959,88,1.7471599999999998,963.7910483999999,0
2020-12-23 01:30:00,546.82,547.4,540.9,541.51,34.08356,1608688799999,18481.2845923,150,17.91836,9711.055758700002,0
2020-12-23 02:00:00,542.04,542.04,537.37,539.33,58.2822,1608690599999,31445.893766400004,185,18.57616,10008.4694971,0
2020-12-23 02:30:00,538.6,539.52,537.13,538.43,18.86267,1608692399999,10147.3552105,47,7.3232800000000005,3943.5302599,0
2020-12-23 03:00:00,539.27,543.07,538.39,542.3,9.31573,1608694199999,5035.9984906,52,8.0081,4328.6903678,0
2020-12-23 03:30:00,541.55,543.42,541.36,542.41,16.72653,1608695999999,9075.8120075,35,4.69886,2550.9493375,0
2020-12-23 04:00:00,542.94,543.04,538.92,542.54,21.0247,1608697799999,11378.4046263,95,16.33965,8845.059087,0
2020-12-23 04:30:00,543.15,543.15,537.77,537.77,26.70497,1608699599999,14408.805943700001,122,14.528139999999999,7845.2388796000005,0
2020-12-23 05:00:00,538.92,539.92,534.84,535.24,30.175990000000002,1608701399999,16224.5547074,162,13.01614,7007.3357866999995,0
2020-12-23 05:30:00,535.35,536.61,530.54,533.92,44.65622000000001,1608703199999,23847.637317200002,236,21.95053,11720.5833736,0
2020-12-23 06:00:00,534.41,535.39,533.87,534.83,22.58268,1608704999999,12076.8601841,74,13.665610000000001,7311.203537100001,0
2020-12-23 06:30:00,534.75,534.75,531.91,531.91,20.66325,1608706799999,11026.792753799999,80,5.09201,2716.0118856999998,0
2020-12-23 07:00:00,532.28,535.65,529.68,535.65,23.34703,1608708599999,12408.7848194,120,18.8059,9994.1417373,0
2020-12-23 07:30:00,535.65,537.94,535.51,536.94,17.38802,1608710399999,9340.2660405,87,10.86715,5836.2761783,0
2020-12-23 08:00:00,536.03,539.94,534.63,539.94,21.11544,1608712199999,11354.0191094,93,17.39503,9355.940217799998,0
2020-12-23 08:30:00,538.52,538.52,534.59,534.72,31.57862,1608713999999,16917.5566822,94,23.2094,12430.4136106,0
2020-12-23 09:00:00,534.77,534.99,529.67,530.45,14.304770000000001,1608715799999,7618.3689338,128,3.09075,1645.6036135,0
2020-12-23 09:30:00,529.99,534.23,529.99,533.9,9.70893,1608717599999,5167.4069608,41,5.20746,2770.1577016,0
2020-12-23 10:00:00,533.71,534.72,530.99,530.99,21.470779999999998,1608719399999,11443.01917,105,13.23652,7052.9458617,0
2020-12-23 10:30:00,530.99,531.65,526.56,528.13,80.62183,1608721199999,42720.087739099996,338,42.36523,22458.6473538,0
2020-12-23 11:00:00,528.13,528.13,514.85,518.58,193.7043,1608722999999,100353.6599345,532,65.74207,34040.0348859,0
2020-12-23 11:30:00,518.49,520.72,516.91,520.11,35.74005,1608724799999,18549.5270659,143,20.32613,10552.485071500001,0
2020-12-23 12:00:00,519.92,527.78,518.73,527.78,48.24358,1608726599999,25272.708461000002,151,28.90914,15112.119906900001,0
2020-12-23 12:30:00,527.74,533.88,526.74,532.03,110.12337,1608728399999,58316.4899873,448,57.83671,30636.81612,0
2020-12-23 13:00:00,532.92,534.2,529.0,533.03,58.81776,1608730199999,31276.3689865,339,31.22428,16604.6360614,0
2020-12-23 13:30:00,532.08,532.09,525.2,530.0,65.04259,1608731999999,34403.212172,403,26.357029999999998,13937.933037399998,0
2020-12-23 14:00:00,528.27,530.58,525.32,525.32,40.38687,1608733799999,21352.025019999997,282,7.36705,3902.0199183,0
2020-12-23 14:30:00,525.32,529.92,525.2,526.94,191.01062,1608735599999,100671.3748651,461,115.81328,61023.40358890001,0
2020-12-23 15:00:00,525.99,527.54,522.73,525.05,50.631209999999996,1608737399999,26627.4174119,247,12.41995,6536.978617700001,0
2020-12-23 15:30:00,526.12,528.66,520.14,520.65,46.7645,1608739199999,24525.374807199998,314,22.84922000000001,11982.0694566,0
2020-12-23 16:00:00,521.42,526.11,518.53,525.25,25.48144,1608740999999,13323.7560934,106,17.84371,9339.6880725,0
2020-12-23 16:30:00,524.15,525.5,518.55,519.68,21.63593,1608742799999,11289.325819700001,97,9.213239999999999,4804.7730956,0
2020-12-23 17:00:00,519.44,523.54,519.44,523.12,11.36166,1608744599999,5919.1111664,65,4.713509999999999,2453.2870958,0
2020-12-23 17:30:00,523.12,525.66,523.12,524.8,18.0867,1608746399999,9493.3384442,138,4.70271,2468.355636,0
2020-12-23 18:00:00,524.8,527.2,524.34,527.0,20.69235,1608748199999,10873.898637299999,170,7.1186300000000005,3744.3446312,0
2020-12-23 18:30:00,527.07,529.35,525.59,528.43,7.3861300000000005,1608749999999,3894.6995388000014,77,5.48474,2893.0500853,0
2020-12-23 19:00:00,527.45,527.45,525.0,526.18,16.87493,1608751799999,8872.07172,42,14.507979999999998,7625.9037572,0
2020-12-23 19:30:00,526.46,528.55,524.62,526.54,50.02049,1608753599999,26331.447819999998,323,12.12687,6384.3688292,0
2020-12-23 20:00:00,526.23,528.0,523.21,523.21,15.24059,1608755399999,8002.2645176,79,4.12655,2167.049618,0
2020-12-23 20:30:00,523.01,523.29,516.91,517.48,47.96483,1608757199999,24912.154163599997,254,26.09842,13558.6306752,0
2020-12-23 21:00:00,518.31,518.32,514.0,516.2,125.44943,1608758999999,64645.2465798,334,59.94818000000001,30909.246626,0
2020-12-23 21:30:00,516.68,517.72,514.0,514.85,51.26421,1608760799999,26451.2090468,147,21.68872,11179.886128,0
2020-12-23 22:00:00,514.75,515.58,485.39,492.65,436.71151,1608762599999,220814.47197679998,1025,90.40113000000001,44741.001750999996,0
2020-12-23 22:30:00,492.81,526.37,492.81,512.16,206.86927,1608764399999,105418.4403508,1078,103.4104,52675.491112,0
2020-12-23 23:00:00,511.39,520.77,510.85,520.77,106.0134,1608766199999,54484.853504499995,344,53.17207,27320.7617939,0
2020-12-23 23:30:00,521.04,526.26,514.13,517.63,112.98368,1608767999999,58764.2579454,515,63.519819999999996,33101.8138043,0
2020-12-24 00:00:00,517.1,518.08,504.77,507.81,187.22765,1608769799999,95719.22625369999,782,96.14596,49196.5414365,0
2020-12-24 00:30:00,507.92,510.65,500.25,504.8,121.11635,1608771599999,61192.093434,420,65.45217,33087.7640411,0
2020-12-24 01:00:00,504.88,509.86,503.38,508.61,43.95727,1608773399999,22267.796926400002,197,17.77843,9025.953981,0
2020-12-24 01:30:00,507.96,519.28,506.25,517.91,117.5277,1608775199999,60487.1651924,494,80.86118,41665.7923328,0
2020-12-24 02:00:00,517.13,518.73,509.44,509.44,73.14135999999998,1608776999999,37521.4829587,255,30.749509999999997,15801.059533000001,0
2020-12-24 02:30:00,511.24,513.83,503.0,503.38,49.10281,1608778799999,24962.1604836,251,24.42107,12424.7120063,0
2020-12-24 03:00:00,504.87,506.23,500.1,501.37,46.43906,1608780599999,23327.21866,154,23.8076,11964.340393200002,0
2020-12-24 03:30:00,501.93,506.64,501.07,506.64,57.30789,1608782399999,28842.7139179,146,32.59556,16406.304111700007,0
2020-12-24 04:00:00,506.72,511.02,502.52,502.81,30.6288,1608784199999,15518.861578400001,195,13.971260000000001,7089.6584567,0
2020-12-24 04:30:00,502.69,507.95,500.62,506.74,50.40003,1608785999999,25496.0025037,220,21.77395,10997.3138002,0
2020-12-24 05:00:00,505.91,508.12,502.89,505.91,31.00419,1608787799999,15711.684375600002,163,7.7668,3933.7688278000014,0
2020-12-24 05:30:00,506.17,509.51,505.03,507.27,9.24492,1608789599999,4691.650623899999,73,4.81815,2443.7909041,0
2020-12-24 06:00:00,507.75,509.54,500.0,500.34,49.88229000000001,1608791399999,25056.5841696,201,11.97677,6021.7200896,0
2020-12-24 06:30:00,500.34,500.34,495.01,498.15,79.14166,1608793199999,39437.512331699996,262,36.82395,18319.353593400007,0
2020-12-24 07:00:00,497.8,506.83,495.09,505.63,68.69536,1608794999999,34350.6264006,268,57.063959999999994,28517.2104205,0
2020-12-24 07:30:00,505.9,510.94,504.89,509.2,17.00658,1608796799999,8636.3887634,148,13.63505,6924.293909,0
2020-12-24 08:00:00,509.67,513.51,505.92,510.91,36.5493,1608798599999,18621.9868643,214,11.95386,6104.2058148999995,0
2020-12-24 08:30:00,510.77,512.84,507.96,512.02,20.67834,1608800399999,10552.9337823,116,11.29855,5767.5442823,0
2020-12-24 09:00:00,510.7,514.31,509.67,513.73,12.2078,1608802199999,6262.303317600001,65,6.58541,3378.9319962,0
2020-12-24 09:30:00,513.72,515.14,510.27,514.38,110.0351,1608803999999,56495.9504546,314,61.35162,31533.928844200003,0
2020-12-24 10:00:00,514.94,514.95,508.97,510.33,41.016009999999994,1608805799999,21017.4881872,143,32.70645,16764.8552706,0
2020-12-24 10:30:00,510.21,513.1,508.59,508.59,55.357380000000006,1608807599999,28228.9717996,149,29.97069,15280.7181387,0
2020-12-24 11:00:00,508.94,515.38,505.23,513.34,40.29206,1608809399999,20564.723854599997,199,25.47895,12978.6425359,0
2020-12-24 11:30:00,514.73,517.25,511.61,517.25,25.78106,1608811199999,13253.661223000001,127,9.34676,4814.4458319,0
2020-12-24 12:00:00,516.4,522.09,512.28,512.96,36.02665,1608812999999,18662.206532900003,241,20.53446,10653.5049016,0
2020-12-24 12:30:00,513.9,514.47,508.97,514.4,38.0352,1608814799999,19453.545933700007,148,24.3885,12486.2398869,0
2020-12-24 13:00:00,514.25,519.29,513.82,516.07,12.9385,1608816599999,6691.7463631,91,8.01898,4146.8648892,0
2020-12-24 13:30:00,516.96,526.65,516.96,524.24,61.98409,1608818399999,32379.799664599996,348,38.58075,20142.465514400006,0
2020-12-24 14:00:00,525.52,525.94,519.7,521.43,27.55868,1608820199999,14405.192334000001,103,16.15899,8458.8750293,0
2020-12-24 14:30:00,519.82,522.55,517.01,518.19,11.62776,1608821999999,6047.5835209,58,5.19814,2705.998039,0
2020-12-24 15:00:00,517.75,522.84,517.75,519.87,19.67586,1608823799999,10240.2011829,97,16.09565,8378.4032343,0
2020-12-24 15:30:00,519.3,521.3,517.61,520.24,33.74195,1608825599999,17520.9780458,137,8.05902,4186.7051786,0
2020-12-24 16:00:00,520.83,522.38,517.0,518.43,53.09587,1608827399999,27595.856109700002,164,11.89392,6191.175884100001,0
2020-12-24 16:30:00,519.55,519.55,514.47,514.83,11.3353,1608829199999,5858.416289,74,2.2520599999999997,1163.7876203,0
2020-12-24 17:00:00,515.14,517.0,512.76,517.0,14.115920000000001,1608830999999,7263.8646606,73,10.12678,5211.9079068,0
2020-12-24 17:30:00,517.24,521.1,517.17,517.59,24.04593,1608832799999,12479.7113177,95,18.42447,9567.966577399999,0
2020-12-24 18:00:00,519.17,519.34,518.18,518.78,3.73391,1608834599999,1936.6053067000007,22,2.15319,1117.1628990999998,0
2020-12-24 18:30:00,518.01,518.02,514.42,515.6,22.772470000000002,1608836399999,11740.8233971,69,6.596310000000001,3401.6423636999994,0
2020-12-24 19:00:00,516.55,516.89,514.93,515.1,6.22155,1608838199999,3208.5253251,34,3.8399900000000002,1979.6974377000001,0
2020-12-24 19:30:00,515.47,515.47,513.1,514.18,19.99009,1608839999999,10275.508763200001,106,5.72596,2943.829316,0
2020-12-24 20:00:00,515.16,515.16,511.04,513.09,12.7955,1608841799999,6571.6571633,65,3.1621799999999998,1622.1701306,0
2020-12-24 20:30:00,513.09,516.54,513.09,515.54,19.51464,1608843599999,10041.347535100002,79,7.3372100000000025,3781.5705044,0
2020-12-24 21:00:00,516.31,524.16,515.97,521.85,54.292359999999995,1608845399999,28253.9373772,259,27.86072,14517.869871399998,0
2020-12-24 21:30:00,522.39,524.15,519.49,520.95,41.92524,1608847199999,21866.1449398,224,3.45939,1807.5398392999998,0
2020-12-24 22:00:00,521.07,524.78,520.92,524.66,36.54108,1608848999999,19079.3613241,146,3.2621700000000002,1707.8630971,0
2020-12-24 22:30:00,523.68,528.0,522.95,527.04,31.092290000000002,1608850799999,16377.610720800001,163,17.21579,9073.7543751,0
2020-12-24 23:00:00,527.11,528.04,523.99,524.91,26.050720000000002,1608852599999,13691.467256900001,106,16.14102,8486.047790800001,0
2020-12-24 23:30:00,526.37,528.03,525.33,526.02,27.529590000000002,1608854399999,14504.996554899999,99,11.5658,6092.9986337,0
2020-12-25 00:00:00,527.07,528.46,521.61,524.92,33.426429999999996,1608856199999,17524.8042708,198,23.75706,12459.1211441,0
2020-12-25 00:30:00,525.08,527.76,524.42,527.75,5.30805,1608857999999,2793.4967605,42,2.86596,1509.4055750999999,0
2020-12-25 01:00:00,526.9,528.19,525.34,526.81,20.33633,1608859799999,10715.4374068,68,5.83317,3073.5949248,0
2020-12-25 01:30:00,527.26,528.15,525.8,526.54,7.994460000000001,1608861599999,4211.538755,23,3.26321,1718.7078227000006,0
2020-12-25 03:00:00,525.76,525.76,519.3,519.46,7.1535600000000015,1608866999999,3732.2652267999997,61,1.7259400000000005,898.3882632000001,0
2020-12-25 03:30:00,519.47,523.14,519.0,520.49,37.21249,1608868799999,19410.470457599997,103,27.73364,14466.907695500002,0
2020-12-25 04:00:00,520.75,522.58,520.0,521.99,3.8985300000000014,1608870599999,2031.3228792999998,16,3.4570300000000005,1801.6678243000001,0
2020-12-25 04:30:00,521.68,522.83,521.26,521.98,5.70399,1608872399999,2975.4025833,55,1.20694,629.931561,0
2020-12-25 05:00:00,522.49,523.59,519.75,522.18,135.47897,1608874199999,70698.6440006,311,47.34677,24707.598693599997,0
2020-12-25 05:30:00,522.99,524.19,521.8,524.07,31.957559999999997,1608875999999,16712.8530235,85,11.70557,6122.659397300001,0
2020-12-25 06:00:00,524.14,528.42,522.32,528.42,74.26583000000002,1608877799999,38970.6905297,279,30.921120000000002,16244.5357211,0
2020-12-25 06:30:00,528.02,535.2,527.98,534.4,148.99679,1608879599999,79394.464327,404,51.78689,27611.6765333,0
2020-12-25 07:00:00,534.43,534.43,530.1,533.49,118.56597,1608881399999,63162.8921495,213,30.73811,16369.754762600001,0
2020-12-25 07:30:00,532.7,541.04,532.19,540.55,307.45533,1608883199999,165056.82751220002,746,140.19586999999999,75318.52049580001,0
2020-12-25 08:00:00,540.72,577.54,540.72,564.82,2847.5511899999997,1608884999999,1612767.3022891001,6311,1440.54188,816887.1508547,0
2020-12-25 08:30:00,564.71,565.11,546.01,549.56,658.4411200000002,1608886799999,364938.5591848,1877,367.44017,203854.6634527,0
2020-12-25 09:00:00,549.99,554.48,548.43,549.5,257.58365,1608888599999,141878.0333033,643,104.33598,57438.35532490001,0
2020-12-25 09:30:00,550.21,554.92,548.7,551.38,105.82207,1608890399999,58450.8136534,309,65.17081999999999,36002.695357,0
2020-12-25 10:00:00,551.22,556.95,548.64,549.64,116.20272,1608892199999,64151.7412594,353,51.02032,28181.7043542,0
2020-12-25 10:30:00,549.01,550.64,546.57,550.36,129.90229,1608893999999,71231.9512156,327,69.59481,38161.1060687,0
2020-12-25 11:00:00,550.38,553.25,548.42,549.01,168.21841,1608895799999,92418.0035673,383,94.17625,51749.4239052,0
2020-12-25 11:30:00,548.98,554.07,548.5,549.5,153.0768,1608897599999,84309.08574780001,361,87.04784000000002,47953.8143079,0
2020-12-25 12:00:00,550.46,551.59,548.5,548.5,65.76934,1608899399999,36154.083,147,31.14443,17124.1907585,0
2020-12-25 12:30:00,549.0,550.77,546.96,547.12,114.60263,1608901199999,62905.5862382,211,28.54243,15687.283565,0
2020-12-25 13:00:00,547.64,553.17,547.45,552.0,78.55366,1608902999999,43302.3495061,193,54.41328000000001,29979.8357541,0
2020-12-25 13:30:00,552.31,553.01,547.95,548.57,86.34716,1608904799999,47482.430033599994,144,53.05085,29157.5211987,0
2020-12-25 14:00:00,548.17,548.17,543.72,546.0,109.43331,1608906599999,59718.8314462,211,86.57700000000001,47240.53165,0
2020-12-25 14:30:00,545.0,545.23,532.83,536.03,227.99683,1608908399999,122426.776677,489,95.33278,51142.8355223,0
2020-12-25 15:00:00,535.83,538.06,535.49,537.54,80.96653,1608910199999,43499.2046937,254,13.9333,7487.5103079,0
2020-12-25 15:30:00,537.69,539.35,535.19,537.3,50.60998,1608911999999,27205.5067601,155,45.490359999999995,24456.3289222,0
2020-12-25 16:00:00,537.32,545.33,537.32,541.09,98.74282,1608913799999,53489.48624380001,246,41.89694,22738.479526299998,0
2020-12-25 16:30:00,541.21,541.21,524.62,528.3,135.34801000000002,1608915599999,71742.9418958,762,59.366440000000004,31405.4056902,0
2020-12-25 17:00:00,527.88,529.65,522.29,527.41,207.90795,1608917399999,109223.0070033,645,127.37988,66902.83682180001,0
2020-12-25 17:30:00,527.01,530.16,525.37,529.05,28.516370000000002,1608919199999,15048.1447365,111,11.76083,6214.018398800001,0
2020-12-25 18:00:00,528.94,529.87,526.21,529.5,30.4672,1608920999999,16094.5022424,120,8.831610000000003,4666.730888300001,0
2020-12-25 18:30:00,529.43,533.47,529.12,533.31,34.04655,1608922799999,18102.8670431,129,16.72329,8880.5324927,0
2020-12-25 19:00:00,533.41,533.49,529.41,532.06,10.5566,1608924599999,5615.720261500002,53,3.44509,1833.5801844999999,0
2020-12-25 19:30:00,532.68,535.08,531.7,534.38,25.329,1608926399999,13504.609404700002,94,11.81771,6302.2734623999995,0
2020-12-25 20:00:00,532.87,534.09,531.58,531.87,22.86836,1608928199999,12186.9930064,67,12.20934,6507.428711300001,0
2020-12-25 20:30:00,532.04,533.2,531.34,533.02,15.92557,1608929999999,8475.911560600001,34,10.922260000000001,5812.0823087,0
2020-12-25 21:00:00,533.04,533.49,529.65,531.14,17.697770000000006,1608931799999,9403.5104254,59,13.71001,7284.2015544,0
2020-12-25 21:30:00,531.14,531.77,530.41,531.19,20.19642,1608933599999,10725.484169299998,39,1.6935099999999998,900.0285425000003,0
2020-12-25 22:00:00,531.12,532.6,531.11,532.6,4.7470300000000005,1608935399999,2525.6314529,41,4.31027,2293.6610273,0
2020-12-25 22:30:00,532.3,533.49,531.53,533.21,3.12046,1608937199999,1662.4616035999998,19,3.0849900000000003,1643.6082345,0
2020-12-25 23:00:00,533.18,537.54,531.75,537.18,18.67152,1608938999999,9982.422650299999,95,15.123529999999999,8089.5582698,0
2020-12-25 23:30:00,537.67,537.67,534.8,535.72,13.93944,1608940799999,7467.9169333,56,2.34883,1257.0285333,0
2020-12-26 00:00:00,536.15,537.1,533.47,537.1,12.98283,1608942599999,6950.817273000002,67,6.02365,3226.4399199,0
2020-12-26 00:30:00,536.69,537.42,535.81,535.81,11.28195,1608944399999,6050.795257100001,37,3.7617800000000003,2018.4161182999999,0
2020-12-26 01:00:00,535.81,535.81,533.15,533.54,3.4815099999999997,1608946199999,1860.3151407999999,23,1.8579900000000005,993.0762563999999,0
2020-12-26 01:30:00,533.56,536.31,533.31,535.12,6.4391300000000005,1608947999999,3443.9047270000005,54,4.58044,2449.7587399999998,0
2020-12-26 02:00:00,535.48,537.46,534.8,535.28,6.68233,1608949799999,3582.1511136,48,4.50194,2414.9427517,0
2020-12-26 02:30:00,535.29,535.29,531.23,531.28,26.1154,1608951599999,13927.772003600001,81,12.43114,6640.455207800002,0
2020-12-26 03:00:00,532.05,538.12,531.32,537.72,44.20058,1608953399999,23618.6624926,148,18.726770000000002,10024.8808276,0
2020-12-26 03:30:00,538.03,543.89,537.39,540.75,75.75379000000002,1608955199999,40964.0412429,300,37.26429,20178.367318200002,0
2020-12-26 04:00:00,540.78,540.78,538.19,538.21,18.413220000000006,1608956999999,9934.600793200001,59,12.613669999999999,6808.4916977,0
2020-12-26 04:30:00,539.17,540.26,535.98,536.63,19.260479999999998,1608958799999,10378.192565000001,69,8.280610000000001,4465.139634800002,0
2020-12-26 05:00:00,536.35,537.34,534.22,537.21,22.21303,1608960599999,11894.295444,83,12.219619999999999,6552.6735143999995,0
2020-12-26 05:30:00,537.46,537.46,534.59,535.31,9.117519999999999,1608962399999,4885.4682528,61,2.8039,1504.9926664999994,0
2020-12-26 06:00:00,534.51,534.51,532.44,534.06,4.412719999999998,1608964199999,2352.2134886999997,27,1.92735,1027.1614127999999,0
2020-12-26 06:30:00,532.88,533.18,531.74,533.18,4.39233,1608965999999,2337.3934648000004,27,3.7987599999999997,2021.4652659,0
2020-12-26 07:00:00,533.65,534.21,532.37,534.21,10.191180000000001,1608967799999,5432.3562227,44,5.78165,3082.1978998000004,0
2020-12-26 07:30:00,533.27,534.0,528.0,530.62,38.8726,1608969599999,20646.216510299997,129,9.90564,5251.9613484,0
2020-12-26 08:00:00,529.62,535.19,529.62,534.03,26.20693,1608971399999,14004.4046715,84,15.89069,8493.0568307,0
2020-12-26 08:30:00,534.3,535.81,533.91,534.08,9.44844,1608973199999,5050.4399295,38,7.88753,4216.3166164,0
2020-12-26 09:00:00,534.58,534.58,529.75,529.75,36.037079999999996,1608974999999,19153.3245724,150,20.29216,10791.7996099,0
2020-12-26 09:30:00,530.02,530.67,527.72,530.27,55.4378,1608976799999,29334.276336400002,126,30.271490000000004,16016.3754117,0
2020-12-26 10:00:00,530.63,530.63,527.71,527.71,13.05937,1608978599999,6907.609701800001,43,7.6562199999999985,4051.0610651999996,0
2020-12-26 10:30:00,528.01,528.01,523.41,526.28,50.07101,1608980399999,26329.9277271,232,20.30048,10676.310841600001,0
2020-12-26 11:00:00,525.68,527.07,522.39,527.07,29.51183,1608982199999,15479.490044999999,173,11.71609,6150.053780100001,0
2020-12-26 11:30:00,527.63,530.63,527.63,529.88,30.61034,1608983999999,16181.844149,93,23.91285,12641.4027409,0
2020-12-26 12:00:00,529.88,532.16,527.3,527.3,38.763040000000004,1608985799999,20576.2228465,100,16.62741,8827.8175847,0
2020-12-26 12:30:00,527.46,532.09,526.31,530.86,14.39935,1608987599999,7618.913675399999,98,12.55289,6645.256133,0
2020-12-26 13:00:00,531.65,532.77,528.16,528.4,8.86608,1608989399999,4692.9795413,51,3.6733300000000004,1945.5246046,0
2020-12-26 13:30:00,528.0,530.42,527.68,529.99,24.48929,1608991199999,12950.1038191,85,23.78632,12579.089848200001,0
2020-12-26 14:00:00,530.04,534.92,528.81,530.52,58.0719,1608992999999,30830.4863653,211,37.41323,19855.3809613,0
2020-12-26 14:30:00,531.02,539.24,531.02,533.53,118.58013000000001,1608994799999,63459.1548775,375,84.76195,45346.701224300006,0
2020-12-26 15:00:00,533.89,533.89,529.07,529.4,61.62765,1608996599999,32706.22282190001,168,14.01254,7433.8853486,0
2020-12-26 15:30:00,529.68,529.93,527.45,528.12,18.87421,1608998399999,9970.7089574,62,9.14283,4832.1513153999995,0
2020-12-26 16:00:00,528.28,541.87,527.45,540.67,134.13846999999998,1609000199999,71953.24685920001,664,70.04562,37540.366536300004,0
2020-12-26 16:30:00,541.35,543.77,536.76,541.2,118.46113999999999,1609001999999,64117.0775566,759,70.00059,37917.2554121,0
2020-12-26 17:00:00,541.99,543.47,539.72,541.1,47.81787,1609003799999,25899.0327378,207,32.09298,17392.977256000002,0
2020-12-26 17:30:00,540.81,543.63,539.88,542.18,58.992,1609005599999,31928.1263477,203,29.5029,15975.1290377,0
2020-12-26 18:00:00,542.55,545.8,541.1,543.63,41.43779,1609007399999,22552.0889897,211,20.94677,11399.8523763,0
2020-12-26 18:30:00,543.19,543.98,542.58,542.81,7.2240699999999975,1609009199999,3927.6886954,24,4.39772,2391.4790836999996,0
2020-12-26 19:00:00,543.0,543.13,541.58,543.13,4.42366,1609010999999,2399.7000362,27,1.28736,698.7693266,0
2020-12-26 19:30:00,541.9,543.53,540.37,542.66,21.65802,1609012799999,11749.4864105,75,11.25699,6110.1108232,0
2020-12-26 20:00:00,543.45,545.82,543.16,545.82,90.54047,1609014599999,49349.33909240001,201,69.51993,37891.602620699996,0
2020-12-26 20:30:00,545.43,549.99,545.34,549.05,115.48631999999999,1609016399999,63260.6411466,489,84.25079000000002,46153.5138744,0
2020-12-26 21:00:00,548.65,551.74,547.68,550.21,81.7918,1609018199999,44997.7509762,477,58.91149,32415.4586777,0
2020-12-26 21:30:00,550.95,550.97,545.81,546.38,164.86006,1609019999999,90375.4121199,757,92.79298,50873.755164999995,0
2020-12-26 22:00:00,547.17,547.38,541.41,544.66,54.291169999999994,1609021799999,29539.1903842,288,32.2929,17565.3819082,0
2020-12-26 22:30:00,544.12,545.83,541.1,542.68,17.32312,1609023599999,9412.7275277,98,7.8735800000000005,4283.2431771,0
2020-12-26 23:00:00,543.39,545.98,542.23,542.23,18.33148,1609025399999,9982.802461,100,6.46526,3521.0891555,0
2020-12-26 23:30:00,542.29,545.66,542.29,545.66,19.73698,1609027199999,10750.3600957,91,15.66262,8534.282439499999,0
2020-12-27 00:00:00,545.82,549.17,545.58,548.64,10.90213,1609028999999,5969.0223794,78,9.17918,5027.604551100001,0
2020-12-27 00:30:00,549.47,553.54,548.47,548.53,31.43585,1609030799999,17311.426455599998,235,11.39611,6280.0095784,0
2020-12-27 01:00:00,548.45,551.83,545.02,550.37,44.40361,1609032599999,24323.8367494,287,17.45299,9564.511007500001,0
2020-12-27 01:30:00,549.87,553.61,548.7,549.86,43.326190000000004,1609034399999,23896.145549099998,196,16.30274,9004.8357439,0
2020-12-27 02:00:00,549.91,557.8,549.8,555.95,108.70105,1609036199999,60421.292142,463,60.1768,33458.0575872,0
2020-12-27 02:30:00,556.73,556.81,551.38,551.39,31.510590000000004,1609037999999,17460.7445208,158,11.02462,6111.1422539,0
2020-12-27 03:00:00,552.0,559.44,552.0,557.12,238.19341,1609039799999,132646.1130376,467,74.26550999999998,41342.999786,0
2020-12-27 03:30:00,556.83,558.61,554.35,558.61,38.30332,1609041599999,21323.1900751,159,21.45125,11942.9525994,0
2020-12-27 04:00:00,558.61,558.71,557.05,557.47,46.15961,1609043399999,25773.2339287,98,37.8024,21112.8208596,0
2020-12-27 04:30:00,557.41,557.87,555.93,557.21,45.723240000000004,1609045199999,25446.5533539,131,10.95935,6101.9598703,0
2020-12-27 05:00:00,557.43,558.71,556.8,558.71,21.23607,1609046999999,11847.165578299999,52,16.24802,9069.2239697,0
2020-12-27 05:30:00,557.33,557.8,555.01,555.38,26.91024,1609048799999,14964.4963585,74,5.34909,2975.2075406,0
2020-12-27 06:00:00,555.41,558.27,555.11,556.9,31.099809999999998,1609050599999,17311.7947197,171,17.768520000000006,9896.8809663,0
2020-12-27 06:30:00,557.59,561.09,557.3,557.34,72.04889,1609052399999,40275.8747727,258,48.8849,27330.0315714,0
2020-12-27 07:00:00,557.35,561.33,556.22,560.74,27.762390000000003,1609054199999,15481.869003200001,125,12.2945,6863.028672300001,0
2020-12-27 07:30:00,560.96,561.98,552.12,552.12,99.19693000000001,1609055999999,55202.3421174,567,50.140409999999996,27939.81963590001,0
2020-12-27 08:00:00,552.96,553.92,547.73,548.87,47.4209,1609057799999,26119.1270523,231,28.21502000000001,15534.469176700002,0
2020-12-27 08:30:00,548.85,553.0,544.16,546.4,89.5268,1609059599999,49216.8669688,252,43.7545,24052.0206197,0
2020-12-27 09:00:00,546.4,556.46,545.23,549.79,91.31016,1609061399999,50362.639698,403,54.0102,29851.0645926,0
2020-12-27 09:30:00,548.85,549.94,542.07,547.71,83.66535999999998,1609063199999,45693.428720899996,564,33.0431,18034.187882299997,0
2020-12-27 10:00:00,546.56,547.48,544.22,545.02,70.40863,1609064999999,38441.6414953,748,37.481320000000004,20479.0315985,0
2020-12-27 10:30:00,544.36,546.36,544.01,545.3,12.75915,1609066799999,6952.104920100001,73,8.988760000000003,4899.1246937,0
2020-12-27 11:00:00,544.3,545.8,542.57,543.36,31.32126,1609068599999,17046.4152458,139,24.48883,13330.7703891,0
2020-12-27 11:30:00,543.15,543.24,532.37,538.54,141.05722,1609070399999,75763.54875080001,668,72.53859,38983.7611881,0
2020-12-27 12:00:00,537.96,539.41,531.22,535.31,169.99505,1609072199999,90967.9682323,625,99.50489,53258.650501899996,0
2020-12-27 12:30:00,535.31,540.0,533.87,538.0,27.78462,1609073999999,14947.5030137,137,11.60142,6241.2372136999975,0
2020-12-27 13:00:00,538.0,540.0,536.1,539.69,56.7438,1609075799999,30542.346486299997,180,31.592779999999998,17012.266326499994,0
2020-12-27 13:30:00,538.99,543.44,538.19,543.44,33.5676,1609077599999,18165.205707,206,18.78002,10170.188448,0
2020-12-27 14:00:00,543.26,558.74,542.82,557.19,245.19343999999998,1609079399999,136257.53552910002,724,180.84253999999999,100618.3579462,0
2020-12-27 14:30:00,558.47,564.49,555.1,561.84,276.52782,1609081199999,154914.0040533,961,152.92005,85637.5952918,0
2020-12-27 15:00:00,562.67,570.0,555.17,556.58,264.12681000000003,1609082999999,148846.12396079995,941,126.57616000000002,71295.82641489999,0
2020-12-27 15:30:00,556.46,574.44,556.46,574.09,173.47107,1609084799999,98167.2300836,692,120.56045,68309.6488533,0
2020-12-27 16:00:00,573.94,578.2,557.47,565.14,299.42588,1609086599999,170783.1492238,1037,106.21803999999999,60386.83376980001,0
2020-12-27 16:30:00,565.06,565.2,558.78,563.32,49.78215,1609088399999,27954.7892339,347,32.74109,18396.3638634,0
2020-12-27 17:00:00,563.44,563.91,559.99,562.7,67.08765,1609090199999,37702.1668199,252,38.03502,21381.506426599997,0
2020-12-27 17:30:00,562.55,564.98,554.79,559.18,344.22586,1609091999999,191928.9851181,713,229.1259,127691.1837467,0
2020-12-27 18:00:00,559.14,564.71,558.09,562.0,56.94373,1609093799999,31991.9278986,204,28.33799,15934.5457109,0
2020-12-27 18:30:00,562.6,566.73,562.24,566.31,45.139309999999995,1609095599999,25470.4905498,132,36.552820000000004,20629.646058099996,0
2020-12-27 19:00:00,566.19,577.3,564.13,571.76,190.53233,1609097399999,108923.08981500001,895,120.38271,68971.4355479,0
2020-12-27 19:30:00,571.72,577.29,571.72,576.33,32.147459999999995,1609099199999,18489.105041400002,122,12.12447,6978.690898100002,0
2020-12-27 20:00:00,576.75,577.26,565.98,566.77,50.723859999999995,1609100999999,28954.2293866,269,16.36658,9344.0306783,0
2020-12-27 20:30:00,566.74,568.4,555.86,555.89,29.838070000000002,1609102799999,16752.8992138,244,13.39378,7526.9378971,0
2020-12-27 21:00:00,556.9,560.66,552.12,559.24,76.95161,1609104599999,42839.4999204,450,49.33662,27473.8708068,0
2020-12-27 21:30:00,558.54,565.1,558.54,564.7,26.74353,1609106399999,15061.822098100001,117,19.04601,10726.0033456,0
2020-12-27 22:00:00,565.25,567.54,564.0,567.54,54.40883,1609108199999,30757.54917390001,231,36.0182,20368.0203863,0
2020-12-27 22:30:00,567.67,575.0,561.89,574.01,39.3728,1609109999999,22469.0760066,205,28.600509999999996,16344.351290600001,0
2020-12-27 23:00:00,573.82,574.44,567.18,573.59,76.58407,1609111799999,43715.4640161,222,52.78451,30144.315622400005,0
2020-12-27 23:30:00,573.94,573.94,568.42,569.93,120.46916,1609113599999,68674.26738080001,337,88.52297,50469.9754432,0
2020-12-28 00:00:00,571.3,584.56,560.36,578.9,356.14016000000015,1609115399999,203652.59689329998,1399,179.44904,102602.586553,0
2020-12-28 00:30:00,578.9,584.96,576.74,584.13,111.61169,1609117199999,64782.2324993,428,73.85279,42872.94962840001,0
2020-12-28 01:00:00,583.47,585.23,581.01,581.92,22.43512,1609118999999,13094.983116500001,152,12.55303,7331.1531267,0
2020-12-28 01:30:00,582.05,585.23,580.04,582.13,31.63018,1609120799999,18434.5155566,137,13.768939999999999,8027.139898800001,0
2020-12-28 02:00:00,582.98,584.54,576.4,578.51,24.617160000000002,1609122599999,14284.0298938,162,11.827119999999999,6884.093716500001,0
2020-12-28 02:30:00,579.04,582.49,578.91,580.92,14.366229999999998,1609124399999,8337.1939217,90,10.640130000000001,6177.5665524,0
2020-12-28 03:00:00,582.29,582.8,577.73,578.8,26.226,1609126199999,15217.689216600002,85,12.555760000000001,7306.6400329,0
2020-12-28 03:30:00,578.82,579.83,577.48,578.23,7.69112,1609127999999,4450.1695913,62,4.96212,2873.0028856999998,0
2020-12-28 04:00:00,577.48,577.48,575.62,576.22,16.0586,1609129799999,9263.887186700002,65,3.36274,1940.2832234,0
2020-12-28 04:30:00,576.0,579.58,575.81,579.58,32.18158,1609131599999,18588.3613246,99,29.4271,16996.9937557,0
2020-12-28 05:00:00,579.43,583.69,572.53,574.85,88.06791,1609133399999,50932.2025255,423,31.710259999999998,18353.378933400007,0
2020-12-28 05:30:00,575.63,580.66,575.63,579.54,55.677569999999996,1609135199999,32219.5469646,211,43.27122,25047.062727599998,0
2020-12-28 06:00:00,579.22,579.74,577.75,578.37,5.02123,1609136999999,2906.773651,44,2.51779,1457.7407615,0
2020-12-28 06:30:00,578.37,579.56,577.57,579.39,20.212979999999998,1609138799999,11696.0762596,97,4.63239,2682.9809362,0
2020-12-28 07:00:00,579.88,589.99,579.88,589.87,136.37299,1609140599999,79912.68616669999,593,64.81197,37948.557507800004,0
2020-12-28 07:30:00,589.87,593.99,589.48,592.92,180.21842,1609142399999,106449.73488080001,384,157.05722,92753.4390647,0
2020-12-28 08:00:00,593.09,594.31,587.67,592.21,75.94386,1609144199999,44816.174718199996,319,42.40134000000001,25037.779818400002,0
2020-12-28 08:30:00,592.12,597.5,591.7,597.5,64.41109,1609145999999,38265.586119,280,47.69916,28331.6495324,0
2020-12-28 09:00:00,597.28,597.96,592.33,597.28,64.45218,1609147799999,38398.5536251,259,27.2375,16229.566790399998,0
2020-12-28 09:30:00,597.27,599.51,592.11,597.69,91.59337,1609149599999,54707.40483580001,301,52.2818,31221.895420499997,0
2020-12-28 10:00:00,598.78,600.0,595.96,599.99,69.57499,1609151399999,41682.331436800014,216,46.319340000000004,27756.9750265,0
2020-12-28 10:30:00,599.99,600.27,585.99,590.91,162.99107,1609153199999,96540.8575278,656,82.9503,49152.986851999995,0
2020-12-28 11:00:00,590.9,593.99,590.24,592.64,102.25972,1609154999999,60574.4641099,289,48.45471,28706.193709900002,0
2020-12-28 11:30:00,592.46,592.46,586.13,588.84,92.94306,1609156799999,54709.742721500006,358,39.61605,23332.8675225,0
2020-12-28 12:00:00,589.16,590.64,584.54,584.72,98.79515,1609158599999,57919.676736199996,272,42.8882,25149.1187564,0
2020-12-28 12:30:00,585.2,585.2,575.16,579.62,158.85786000000004,1609160399999,92161.35538230001,912,66.13269,38366.585781,0
2020-12-28 13:00:00,578.93,580.74,575.0,579.83,105.43813,1609162199999,60967.0535836,608,62.02329,35878.5866568,0
2020-12-28 13:30:00,579.89,585.27,575.63,579.5,76.96491,1609163999999,44777.2591607,314,49.91406,29050.3834059,0
2020-12-28 14:00:00,580.85,583.15,579.72,582.22,51.87565,1609165799999,30150.792826200002,135,21.59199,12545.4300361,0
2020-12-28 14:30:00,581.93,587.72,579.84,587.72,100.73708,1609167599999,58966.4613735,526,77.33309,45312.14394240001,0
2020-12-28 15:00:00,587.65,588.11,582.22,583.99,47.93651,1609169399999,28039.690989099996,205,36.15422,21162.8225003,0
2020-12-28 15:30:00,583.95,584.41,580.2,582.16,20.15897,1609171199999,11730.165607500001,137,9.636239999999999,5608.7772808,0
2020-12-28 16:00:00,581.68,587.57,578.09,586.38,63.42919000000001,1609172999999,36968.2852388,259,19.32251,11291.547653,0
2020-12-28 16:30:00,586.71,590.9,586.11,588.7,63.06135,1609174799999,37078.284382800004,225,41.47592,24402.6874992,0
2020-12-28 17:00:00,589.31,591.69,587.82,588.95,4.01785,1609176599999,2368.1984506999997,29,1.6754200000000001,988.3104617999999,0
2020-12-28 17:30:00,588.96,591.7,588.61,591.51,25.43236,1609178399999,14993.3156562,73,14.19861,8363.6859467,0
2020-12-28 18:00:00,591.61,591.7,587.53,590.75,12.73099,1609180199999,7512.816146699999,74,4.006069999999999,2363.554250800001,0
2020-12-28 18:30:00,590.49,591.68,582.31,587.57,40.38698,1609181999999,23686.9308072,191,11.21227,6571.7319132,0
2020-12-28 19:00:00,587.57,594.91,587.39,594.29,33.70037,1609183799999,19900.72371,151,31.2815,18465.088234400002,0
2020-12-28 19:30:00,594.29,595.85,591.7,591.7,29.669929999999997,1609185599999,17628.5853863,150,15.8637,9438.5738421,0
2020-12-28 20:00:00,592.68,596.74,592.53,593.15,57.5985,1609187399999,34240.4266565,222,40.12058,23848.0442277,0
2020-12-28 20:30:00,592.11,592.11,584.54,590.95,110.5028,1609189199999,65012.77784219999,398,73.77389000000002,43406.592322300006,0
2020-12-28 21:00:00,590.23,591.66,588.93,591.2,10.2629,1609190999999,6055.7066482,79,3.22852,1906.0609366,0
2020-12-28 21:30:00,591.04,591.3,585.56,585.72,10.6001,1609192799999,6243.2532151999985,63,2.3549700000000002,1387.991385,0
2020-12-28 22:00:00,585.53,591.7,585.34,591.69,13.69444,1609194599999,8064.1559597000005,88,7.9764100000000004,4700.5708024999985,0
2020-12-28 22:30:00,590.79,591.49,569.65,578.32,164.93788999999995,1609196399999,95199.5756511,750,60.549369999999996,35003.5637893,0
2020-12-28 23:00:00,578.32,583.0,577.05,582.97,42.1366,1609198199999,24441.6525732,137,38.7497,22481.6223286,0
2020-12-28 23:30:00,582.98,588.11,582.89,585.21,22.60765,1609199999999,13224.2091554,133,14.732529999999999,8624.6715539,0
2020-12-29 00:00:00,586.13,595.29,585.97,590.86,61.99009,1609201799999,36651.2349674,412,37.81778,22360.7285938,0
2020-12-29 00:30:00,590.86,590.86,574.09,575.78,130.72513,1609203599999,76066.8857862,586,54.6461,31862.8975837,0
2020-12-29 01:00:00,575.78,575.78,567.03,569.41,127.68138,1609205399999,73014.0084321,570,34.56755,19768.1257895,0
2020-12-29 01:30:00,569.6,577.25,566.36,574.65,43.32548,1609207199999,24802.7972382,180,34.80558,19939.6888134,0
2020-12-29 02:00:00,574.5,576.77,571.02,576.74,17.03398,1609208999999,9771.3513077,96,8.177769999999999,4692.6399227,0
2020-12-29 02:30:00,574.89,579.51,573.17,577.78,16.89495,1609210799999,9755.6829448,109,14.84082,8572.717352399999,0
2020-12-29 03:00:00,577.27,577.27,561.86,563.6,177.97148,1609212599999,100638.9964876,647,33.39235,18855.8738773,0
2020-12-29 03:30:00,564.61,564.81,552.66,555.17,154.92087,1609214399999,86490.6983411,846,58.50186,32712.7195003,0
2020-12-29 04:00:00,555.11,559.13,550.06,557.87,156.9303,1609216199999,87074.49598169999,761,61.49077,34130.093693099996,0
2020-12-29 04:30:00,558.08,559.95,553.55,556.2,45.088429999999995,1609217999999,25134.7004931,277,25.72227,14345.2728437,0
2020-12-29 05:00:00,556.9,556.94,545.01,553.41,152.62026,1609219799999,83860.785638,729,74.34391,40851.919216300004,0
2020-12-29 05:30:00,553.67,559.94,550.34,559.91,51.62639,1609221599999,28720.5736339,312,34.72459,19327.4748815,0
2020-12-29 06:00:00,559.78,559.95,553.89,559.01,46.85459,1609223399999,26148.373246,208,21.20571,11827.8600513,0
2020-12-29 06:30:00,559.01,559.91,556.8,559.2,38.03729000000001,1609225199999,21244.9038085,185,24.56158,13722.7307246,0
2020-12-29 07:00:00,558.68,561.34,554.64,561.34,66.17034,1609226999999,36946.3038073,239,49.31541,27550.220174000002,0
2020-12-29 07:30:00,561.16,564.29,557.59,563.73,31.782809999999998,1609228799999,17822.5239161,183,20.490070000000006,11498.838111,0
2020-12-29 08:00:00,564.29,568.75,560.53,563.92,120.60233000000001,1609230599999,68155.4143373,610,59.70936,33779.8350361,0
2020-12-29 08:30:00,563.59,566.89,561.31,565.59,43.32949,1609232399999,24433.4530662,162,24.58022,13855.3637287,0
2020-12-29 09:00:00,564.82,571.02,561.99,568.63,48.34126,1609234199999,27386.85972990001,277,37.2502,21114.7369523,0
2020-12-29 09:30:00,568.24,572.63,568.02,572.63,25.25179,1609235999999,14404.8499479,146,10.49137,5990.6914435,0
2020-12-29 10:00:00,572.38,573.97,570.45,572.9,5.79023,1609237799999,3317.5167696,66,3.4734,1991.6508279,0
2020-12-29 10:30:00,572.38,576.0,570.94,573.28,50.67279,1609239599999,29064.9317465,203,39.30276,22546.2789293,0
2020-12-29 11:00:00,574.1,577.3,571.23,572.83,31.847690000000004,1609241399999,18317.6435354,227,14.589329999999999,8403.7266361,0
2020-12-29 11:30:00,572.65,574.44,565.72,573.32,58.755990000000004,1609243199999,33479.3627893,349,28.463829999999998,16236.631034099999,0
2020-12-29 12:00:00,573.94,581.0,573.1,580.99,23.2586,1609244999999,13447.611062099999,181,17.37335,10051.2127412,0
2020-12-29 12:30:00,580.98,580.98,575.74,577.34,27.818990000000003,1609246799999,16046.7316674,98,19.79194,11410.3951417,0
2020-12-29 13:00:00,577.91,577.92,570.49,571.81,76.44936,1609248599999,43874.3414874,260,17.43646,10010.8174375,0
2020-12-29 13:30:00,571.76,574.92,570.57,574.24,10.19737,1609250399999,5838.747631,54,3.8211699999999995,2189.663747,0
2020-12-29 14:00:00,573.85,574.6,568.02,572.38,18.34393,1609252199999,10491.775979600001,120,9.07495,5195.100048699999,0
2020-12-29 14:30:00,571.96,571.96,567.04,568.0,12.29265,1609253999999,6997.8675302,115,1.60159,911.2101575999999,0
2020-12-29 15:00:00,567.97,573.72,563.59,566.15,58.56,1609255799999,33234.7167496,349,18.64388,10605.3112176,0
2020-12-29 15:30:00,567.54,568.02,564.13,565.97,7.2408800000000015,1609257599999,4099.2071421,48,1.8700700000000001,1058.4254322000004,0
2020-12-29 16:00:00,565.26,567.03,560.16,560.65,44.91138,1609259399999,25302.4692788,273,18.840770000000006,10632.7428861,0
2020-12-29 16:30:00,560.87,562.97,560.0,561.86,24.99561,1609261199999,14037.422399500001,137,6.4085800000000015,3601.4986895999996,0
2020-12-29 17:00:00,559.99,566.77,559.02,564.85,45.74285,1609262999999,25761.732509,311,11.76567,6627.3989709,0
2020-12-29 17:30:00,564.63,569.06,563.59,565.61,221.47585,1609264799999,125480.41152589998,1217,78.35685,44435.907940699995,0
2020-12-29 18:00:00,565.54,569.98,563.59,568.91,79.62593000000003,1609266599999,45214.411402699996,519,27.843690000000002,15833.1789799,0
2020-12-29 18:30:00,568.96,570.98,565.39,569.7,56.241009999999996,1609268399999,31991.5011319,360,19.271829999999998,10976.5664674,0
2020-12-29 19:00:00,569.82,573.96,568.83,571.93,141.5952,1609270199999,80946.1364512,892,65.37314,37401.06804380001,0
2020-12-29 19:30:00,572.87,573.66,567.39,568.65,93.10773,1609271999999,53077.9854494,530,47.39094,27044.566885900003,0
2020-12-29 20:00:00,568.65,571.2,565.7,566.33,105.40252,1609273799999,59889.11509580001,317,85.83615999999998,48781.0613154,0
2020-12-29 20:30:00,566.36,569.61,563.66,564.02,130.8928,1609275599999,74078.441152,542,92.8028,52527.02953540001,0
2020-12-29 21:00:00,564.81,568.3,564.13,565.75,116.22645,1609277399999,65715.7062914,467,89.41049,50546.0922239,0
2020-12-29 21:30:00,565.44,565.44,562.36,562.7,107.39081999999999,1609279199999,60506.4498228,697,62.99952,35497.900913599995,0
2020-12-29 22:00:00,563.18,566.3,562.64,563.42,129.30501,1609280999999,72981.6926215,297,109.7616,61955.1577429,0
2020-12-29 22:30:00,563.42,569.79,561.31,564.14,182.23188000000002,1609282799999,103010.64243810001,529,148.99998,84188.70233210003,0
2020-12-29 23:00:00,565.27,567.78,562.75,565.18,151.98492,1609284599999,85840.1375722,386,115.24215,65100.0014394,0
2020-12-29 23:30:00,565.26,569.79,563.48,564.89,208.66027,1609286399999,118011.8047816,390,180.71983,102200.1512454,0
2020-12-30 00:00:00,565.18,568.7,563.59,563.94,144.07263,1609288199999,81415.7781088,410,114.41054,64647.8729018,0
2020-12-30 00:30:00,563.59,569.63,563.37,566.15,158.91406,1609289999999,89940.7055275,466,133.75329,75696.56700760001,0
2020-12-30 01:00:00,566.77,570.4,566.46,569.11,103.36487,1609291799999,58705.65313969999,191,90.31205,51291.519822,0
2020-12-30 01:30:00,569.91,571.73,569.25,571.18,10.72052,1609293599999,6119.6942628,58,8.00283,4567.439956,0
2020-12-30 02:00:00,571.77,572.09,565.24,565.72,23.84129,1609295399999,13543.577765600001,88,8.226460000000001,4676.9591506000015,0
2020-12-30 02:30:00,566.87,569.65,566.02,569.21,27.528890000000004,1609297199999,15627.6935426,80,25.220670000000002,14320.1804179,0
2020-12-30 03:00:00,569.06,575.1,568.2,575.0,34.08713,1609298999999,19464.5402924,138,29.054959999999998,16594.4863744,0
2020-12-30 03:30:00,575.07,575.07,567.87,568.75,43.69647,1609300799999,25006.3779224,175,14.210320000000001,8139.1529007,0
2020-12-30 04:00:00,569.7,575.16,567.03,573.95,32.13203,1609302599999,18389.929948400004,167,23.88274,13684.0175919,0
2020-12-30 04:30:00,573.72,574.87,572.29,573.05,4.778169999999999,1609304399999,2741.3062318,29,1.39228,798.8606147999999,0
2020-12-30 05:00:00,572.72,574.49,571.35,571.84,21.89777,1609306199999,12537.2945657,153,3.51712,2014.4702336,0
2020-12-30 05:30:00,572.47,575.0,571.28,573.42,21.74792,1609307999999,12450.5554838,95,13.37103,7654.4518886000005,0
2020-12-30 06:00:00,572.76,574.13,571.76,572.41,37.55692,1609309799999,21521.4819676,159,24.88937,14269.2122403,0
2020-12-30 06:30:00,572.61,575.48,571.0,575.48,75.2485,1609311599999,43111.8228597,282,42.13003,24157.47319840001,0
2020-12-30 07:00:00,575.19,584.53,573.34,582.52,63.33739,1609313399999,36639.0775173,353,36.76477,21304.2333125,0
2020-12-30 07:30:00,582.18,582.18,578.85,580.82,34.245540000000005,1609315199999,19870.485522299998,135,9.54538,5538.9394502,0
2020-12-30 08:00:00,580.92,582.22,570.15,572.05,34.69477,1609316999999,19943.2921673,217,8.50465,4901.117322300001,0
2020-12-30 08:30:00,571.53,577.4,567.17,568.94,125.6659,1609318799999,71730.45760760001,797,58.879,33643.872134799996,0
2020-12-30 09:00:00,568.32,568.83,561.75,568.12,55.37785,1609320599999,31331.247641799997,310,32.60225,18452.4391477,0
2020-12-30 09:30:00,567.34,567.34,561.22,562.75,92.56916,1609322399999,52243.5409854,368,27.55588,15572.755409799998,0
2020-12-30 10:00:00,562.71,569.57,561.86,568.85,64.65127,1609324199999,36488.1507606,784,38.09275,21522.742444,0
2020-12-30 10:30:00,569.47,569.47,564.66,564.66,14.70766,1609325999999,8343.1360145,71,4.70674,2670.2555176,0
2020-12-30 11:00:00,564.47,564.7,561.53,564.49,34.79809,1609327799999,19616.5860893,120,17.065360000000002,9621.890597700001,0
2020-12-30 11:30:00,565.06,565.08,557.3,560.93,47.40701,1609329599999,26531.8761022,252,21.28497,11905.5782586,0
2020-12-30 12:00:00,560.27,560.27,543.39,555.85,280.18297,1609331399999,155229.7228276,863,90.44991,50235.3048935,0
2020-12-30 12:30:00,554.97,558.1,554.97,555.85,14.90231,1609333199999,8295.0046504,72,8.93631,4973.3036815,0
2020-12-30 13:00:00,556.98,558.61,554.51,558.5,36.47533,1609334999999,20311.863213599998,147,25.38103,14140.831050100001,0
2020-12-30 13:30:00,557.98,560.39,557.68,559.06,33.74566,1609336799999,18884.5225302,149,22.91871,12829.033159,0
2020-12-30 14:00:00,558.75,562.75,558.39,559.38,40.046409999999995,1609338599999,22463.090851900004,150,16.506529999999998,9270.579501,0
2020-12-30 14:30:00,559.24,562.22,559.16,560.53,24.07526,1609340399999,13498.5373489,66,14.61045,8189.2579681000025,0
2020-12-30 15:00:00,560.64,562.25,559.54,561.5,26.339190000000002,1609342199999,14761.8053155,92,6.28854,3530.0041611999995,0
2020-12-30 15:30:00,561.5,562.97,561.24,562.47,12.49279,1609343999999,7022.8154171999995,35,11.10593,6243.5365979,0
2020-12-30 16:00:00,562.97,566.89,558.09,562.63,59.832069999999995,1609345799999,33623.8882923,335,15.15289,8541.200896100001,0
2020-12-30 16:30:00,562.61,566.73,561.95,566.07,33.66144,1609347599999,19018.513969099997,133,15.938839999999999,9003.8003543,0
2020-12-30 17:00:00,565.7,566.77,563.29,563.29,8.90223,1609349399999,5030.5320563999985,50,4.42481,2499.5719129,0
2020-12-30 17:30:00,565.25,566.51,560.74,562.19,14.09327,1609351199999,7940.5077692,81,2.78157,1573.1532147,0
2020-12-30 18:00:00,562.19,562.97,559.89,561.23,28.90477000000001,1609352999999,16229.0475083,131,19.87032,11163.9675141,0
2020-12-30 18:30:00,560.35,560.35,553.4,558.1,93.89599,1609354799999,52177.9876531,346,28.40411,15801.548575,0
2020-12-30 19:00:00,558.1,572.91,556.61,569.88,183.5256,1609356599999,103414.0845187,573,129.93739,73110.2306849,0
2020-12-30 19:30:00,570.54,571.36,565.21,570.49,114.88336000000001,1609358399999,65308.17724330001,436,52.24293,29745.2457464,0
2020-12-30 20:00:00,570.38,572.91,566.51,572.91,18.753870000000006,1609360199999,10695.4345635,72,13.247639999999999,7562.1379913,0
2020-12-30 20:30:00,572.15,572.5,567.18,572.04,30.91452,1609361999999,17602.5076289,127,4.97224,2835.7492875999997,0
2020-12-30 21:00:00,572.13,573.97,569.87,573.7,28.61512,1609363799999,16366.036936200002,170,22.67428,12967.0952048,0
2020-12-30 21:30:00,573.21,573.44,568.72,569.07,20.66731,1609365599999,11794.088483900001,108,5.3291900000000005,3041.6133233000005,0
2020-12-30 22:00:00,569.74,579.42,568.91,575.75,108.89443999999999,1609367399999,62672.74393400001,435,78.91212,45430.3778291,0
2020-12-30 22:30:00,575.72,577.39,571.19,572.4,15.1608,1609369199999,8711.7209301,65,3.68014,2118.0261336,0
2020-12-30 23:00:00,572.99,574.0,572.65,573.01,6.02756,1609370999999,3456.9321394000012,20,4.02053,2306.9140609,0
2020-12-30 23:30:00,573.18,577.19,573.18,577.19,19.65186,1609372799999,11300.2073914,71,15.804160000000001,9088.3942356,0
2020-12-31 00:00:00,576.41,577.47,571.42,572.73,11.58376,1609374599999,6665.194210600002,82,7.81377,4504.0348409,0
2020-12-31 00:30:00,573.67,573.87,571.0,571.02,10.006910000000001,1609376399999,5732.1984425,55,5.8914,3378.1578992,0
2020-12-31 01:00:00,571.12,571.12,560.37,562.3,68.19872,1609378199999,38616.041859599994,336,27.912779999999998,15838.607611000001,0
2020-12-31 01:30:00,561.7,567.03,561.68,567.03,9.4703,1609379999999,5349.8087162,55,7.40388,4183.2635968,0
2020-12-31 02:00:00,565.91,565.91,564.47,564.94,1.57399,1609381799999,889.4749076999999,12,0.059000000000000004,33.330870000000004,0
2020-12-31 02:30:00,566.76,567.03,564.36,564.58,2.83386,1609383599999,1602.8155732,21,1.36796,774.5858155000003,0
2020-12-31 03:00:00,565.45,565.45,561.91,564.49,3.90156,1609385399999,2196.8778735,33,0.6262800000000001,353.1691671,0
2020-12-31 03:30:00,565.15,566.01,563.02,563.02,3.79735,1609387199999,2142.241249500001,25,0.62776,354.9366648,0
2020-12-31 04:00:00,563.22,566.73,562.74,566.11,9.30292,1609388999999,5248.891715,39,7.2899699999999985,4115.0062609,0
2020-12-31 04:30:00,566.73,569.23,564.49,569.07,13.152170000000002,1609390799999,7453.3515413000005,63,11.12342,6306.5435162,0
2020-12-31 05:00:00,569.22,569.85,565.27,565.27,89.21184000000002,1609392599999,50565.079163300004,156,14.6404,8319.5589766,0
2020-12-31 05:30:00,565.75,569.06,565.16,568.45,12.8903,1609394399999,7301.7964434,56,10.36233,5869.2655406,0
2020-12-31 06:00:00,567.67,573.67,567.67,572.75,15.414660000000001,1609396199999,8807.094375499999,81,12.9556,7400.5877031,0
2020-12-31 06:30:00,573.67,573.97,571.34,572.0,19.986729999999998,1609397999999,11446.631655700001,82,4.13721,2372.0781673,0
2020-12-31 07:00:00,573.67,578.28,573.67,575.02,28.3057,1609399799999,16292.7229745,151,20.34625,11707.691275399999,0
2020-12-31 07:30:00,576.1,576.1,574.24,574.28,4.61704,1609401599999,2652.7660019,27,0.12536,72.16419090000002,0
2020-12-31 08:00:00,574.41,574.95,570.57,571.25,6.77425,1609403399999,3876.8455312,62,2.27671,1302.629311,0
2020-12-31 08:30:00,570.65,574.44,570.1,574.44,4.389880000000002,1609405199999,2511.6684210999997,38,2.84653,1630.1833589999999,0
2020-12-31 09:00:00,574.01,580.76,569.46,580.4,115.94227,1609406999999,66685.458606,572,74.73962,42998.86336600001,0
2020-12-31 09:30:00,580.4,580.41,575.62,575.69,11.31703,1609408799999,6541.1256503999975,84,2.06515,1197.6242213,0
2020-12-31 10:00:00,575.62,582.13,575.2,578.31,24.63016,1609410599999,14277.7844576,170,12.65023,7334.034287,0
2020-12-31 10:30:00,578.45,578.78,573.69,578.61,50.0107,1609412399999,28810.0754194,232,18.57372,10710.2815186,0
2020-12-31 11:00:00,577.04,577.71,574.54,575.62,16.20309,1609414199999,9320.2714698,68,11.47898,6602.9665414,0
2020-12-31 11:30:00,574.83,577.33,574.28,575.93,7.6089100000000025,1609415999999,4378.4552071,50,3.0049099999999997,1731.280985,0
2020-12-31 12:00:00,576.99,577.3,569.71,570.8,31.83697,1609417799999,18269.5772324,189,4.43989,2548.3109153,0
2020-12-31 12:30:00,571.74,575.79,564.89,569.43,112.70555,1609419599999,64332.02442490001,411,67.36799,38481.4407539,0
2020-12-31 13:00:00,567.64,569.38,558.84,562.94,167.85236,1609421399999,94581.0719305,654,69.43315,39180.861215300014,0
2020-12-31 13:30:00,563.62,568.56,563.62,567.14,23.66582,1609423199999,13406.537508,131,13.609129999999999,7708.7856176,0
2020-12-31 14:00:00,567.32,569.87,558.75,561.69,197.73221,1609424999999,111533.93230829999,830,106.04535,59889.446998,0
2020-12-31 14:30:00,561.69,568.65,559.59,564.3,98.16513,1609426799999,55365.4201046,516,41.095729999999996,23188.840840599998,0
2020-12-31 15:00:00,564.42,568.3,563.37,566.09,68.68462,1609428599999,38892.1676995,283,40.674640000000004,23036.593411,0
2020-12-31 15:30:00,566.15,570.6,566.14,570.11,19.05159,1609430399999,10809.613790700001,74,13.39574,7604.4003352,0
2020-12-31 16:00:00,570.05,573.68,567.07,571.87,22.70563,1609432199999,12966.7574765,129,10.6806,6102.665153800002,0
2020-12-31 16:30:00,573.5,573.5,567.01,569.04,24.05913,1609433999999,13700.3994213,104,15.471329999999998,8811.6852164,0
2020-12-31 17:00:00,570.15,576.64,570.0,576.31,16.56861,1609435799999,9509.8173338,90,11.34394,6507.1585676,0
2020-12-31 17:30:00,575.0,577.77,573.3,576.19,17.550520000000002,1609437599999,10118.664408499999,83,13.786779999999998,7953.9640617,0
2020-12-31 18:00:00,577.0,577.77,573.75,574.22,12.14147,1609439399999,6979.264191600001,57,1.9505,1123.4704467,0
2020-12-31 18:30:00,575.0,577.47,574.76,577.47,7.992960000000001,1609441199999,4604.1676177,66,3.7979300000000014,2187.5692501999997,0
2020-12-31 19:00:00,577.54,577.8,576.28,576.37,3.37837,1609442999999,1949.0018711,23,0.9600200000000001,554.4810775000002,0
2020-12-31 19:30:00,577.15,578.32,576.65,577.53,6.88093,1609444799999,3974.6176444,32,3.7025099999999997,2139.7992836,0
2020-12-31 20:00:00,578.32,578.41,577.48,578.41,4.4263900000000005,1609446599999,2558.7449855,22,1.7362400000000002,1003.927328,0
2020-12-31 20:30:00,578.41,582.69,577.82,580.51,42.41899,1609448399999,24608.210013699998,217,19.63756,11396.4936655,0
2020-12-31 21:00:00,580.18,580.18,577.74,578.47,16.42389,1609450199999,9499.820735100002,55,2.2881400000000003,1325.3272761,0
2020-12-31 21:30:00,578.79,581.41,578.23,581.1,9.45565,1609451999999,5476.2735756,36,7.4595600000000015,4319.9096484,0
2020-12-31 22:00:00,581.41,585.42,581.21,582.93,47.50934,1609453799999,27723.8550125,198,35.56204,20753.804012099998,0
2020-12-31 22:30:00,582.93,588.52,582.93,584.56,64.71243,1609455599999,37935.6096378,262,24.14482000000001,14167.1097947,0
2020-12-31 23:00:00,583.99,591.2,581.43,588.53,55.53494,1609457399999,32600.302510100002,227,44.69102,26235.449299900003,0
2020-12-31 23:30:00,589.33,589.99,584.44,585.73,34.0848,1609459199999,20009.496236099996,185,14.58649,8572.2219502,0
2021-01-01 00:00:00,585.45,587.09,580.37,586.15,45.95451,1609460999999,26839.7739811,247,27.164790000000004,15872.7601551,0
2021-01-01 00:30:00,586.58,597.78,586.28,596.53,133.92927,1609462799999,79573.4471952,650,60.494930000000004,35893.454474800004,0
2021-01-01 01:00:00,597.05,597.97,593.86,596.89,75.99764,1609464599999,45296.30752819999,271,29.8941,17845.668511099993,0
2021-01-01 01:30:00,596.63,597.98,593.8,597.02,65.41481999999999,1609466399999,39030.61868969999,285,29.08148,17372.803572599998,0
2021-01-01 02:00:00,596.66,597.29,592.11,593.25,51.90123,1609468199999,30875.035873,345,11.482330000000001,6831.2837157,0
2021-01-01 02:30:00,593.27,596.36,593.17,596.36,19.56198,1609469999999,11634.1786808,69,3.03836,1808.9304885000001,0
2021-01-01 03:00:00,596.03,598.67,595.23,597.92,41.82871,1609471799999,25000.898793,149,32.620940000000004,19500.1275975,0
2021-01-01 03:30:00,597.92,599.7,596.11,597.03,28.250940000000003,1609473599999,16915.8643978,187,16.606170000000002,9952.1335062,0
2021-01-01 04:00:00,596.12,598.03,595.3,596.56,27.43959000000001,1609475399999,16365.920765500001,152,7.2908300000000015,4350.7686196,0
2021-01-01 04:30:00,597.58,597.58,591.64,592.94,51.74922,1609477199999,30727.265084599996,260,15.003820000000001,8896.6734326,0
2021-01-01 05:00:00,593.45,594.7,590.6,591.67,26.70448,1609478999999,15829.556354799995,161,10.71932,6361.118936399997,0
2021-01-01 05:30:00,591.47,591.67,590.67,591.32,5.20604,1609480799999,3077.6815956,31,0.2884,170.6244371,0
2021-01-01 06:00:00,591.67,594.03,589.47,590.87,34.13884,1609482599999,20188.726480700007,108,24.33605,14396.540148500002,0
2021-01-01 06:30:00,589.88,594.88,588.93,592.9,52.23147,1609484399999,30959.7300903,245,32.64161,19348.5322641,0
2021-01-01 07:00:00,593.42,598.36,589.16,594.2,122.3569,1609486199999,72679.6512758,543,65.2009,38716.18667159999,0
2021-01-01 07:30:00,592.91,596.82,591.93,594.54,53.71063,1609487999999,31923.7752009,215,28.41659000000001,16882.229802,0
2021-01-01 08:00:00,595.06,595.51,586.91,591.98,55.07826,1609489799999,32543.137331200003,278,31.72581,18745.398699,0
2021-01-01 08:30:00,591.59,597.78,589.12,592.64,159.16083999999995,1609491599999,94441.7155997,878,72.35141,42942.2973047,0
2021-01-01 09:00:00,592.21,596.48,592.13,593.02,57.04756999999999,1609493399999,33921.8338584,274,23.475839999999998,13961.1806625,0
2021-01-01 09:30:00,593.01,595.51,591.9,594.69,19.11721,1609495199999,11348.4306469,90,7.19128,4271.9975871,0
2021-01-01 10:00:00,594.56,598.41,594.56,595.42,32.6564,1609496999999,19473.010885900007,166,12.62311,7528.2341661,0
2021-01-01 10:30:00,595.73,597.41,595.0,596.37,27.074479999999998,1609498799999,16144.096939399999,189,4.22055,2518.6534822,0
2021-01-01 11:00:00,596.32,599.38,596.27,598.28,22.33456,1609500599999,13344.7917253,164,5.39754,3230.6014732,0
2021-01-01 11:30:00,599.22,599.76,596.62,596.84,37.40613,1609502399999,22384.5497929,167,18.543429999999997,11107.1131764,0
2021-01-01 12:00:00,597.09,601.0,595.85,596.57,123.1029,1609504199999,73726.4706377,502,61.24123,36692.5380958,0
2021-01-01 12:30:00,597.17,598.31,592.33,593.64,70.98376,1609505999999,42274.8921259,428,17.183220000000002,10240.020831,0
2021-01-01 13:00:00,593.75,598.09,593.75,598.09,39.31794,1609507799999,23470.814029799996,187,19.399720000000002,11586.9708501,0
2021-01-01 13:30:00,597.69,599.58,596.9,597.53,28.74509,1609509599999,17193.771807900004,126,10.227160000000001,6115.851449,0
2021-01-01 14:00:00,597.53,600.38,592.0,595.51,161.26743000000005,1609511399999,96015.3092117,582,37.78584,22516.3584186,0
2021-01-01 14:30:00,595.68,598.51,592.9,594.36,51.2248,1609513199999,30536.902693599997,352,8.04626,4803.6727697,0
2021-01-01 15:00:00,594.33,598.09,594.31,597.5,19.68586,1609514999999,11750.694395999999,87,12.38292,7396.7107375,0
2021-01-01 15:30:00,597.15,599.86,592.12,599.19,55.58107,1609516799999,33125.4372126,259,31.2639,18626.947896200007,0
2021-01-01 16:00:00,599.37,600.77,579.0,581.8,526.2463700000002,1609518599999,308959.62623540004,1939,185.53301000000002,108828.16271560002,0
2021-01-01 16:30:00,581.8,583.15,578.94,579.54,54.210809999999995,1609520399999,31537.6406583,304,19.321479999999998,11248.7691206,0
2021-01-01 17:00:00,579.35,581.08,577.17,577.85,64.15706,1609522199999,37188.4588812,377,17.19719,9977.7390906,0
2021-01-01 17:30:00,577.17,583.44,575.08,581.39,319.45474,1609523999999,184953.7821658,852,235.91116,136592.61901949998,0
2021-01-01 18:00:00,581.39,582.44,575.48,579.26,68.7131,1609525799999,39791.9492727,462,28.282559999999997,16367.616030000001,0
2021-01-01 18:30:00,579.26,581.59,572.11,579.73,150.14503,1609527599999,86727.2963072,746,83.53962,48267.0705916,0
2021-01-01 19:00:00,579.53,579.75,572.11,577.21,37.24716,1609529399999,21466.296888999997,270,9.094669999999999,5243.7328756000015,0
2021-01-01 19:30:00,577.45,577.48,573.73,574.73,33.4404,1609531199999,19244.745442400006,183,6.5690300000000015,3781.8970547,0
2021-01-01 20:00:00,574.73,580.64,571.86,577.22,76.07892,1609532999999,43874.380237699996,408,33.37064,19238.0338085,0
2021-01-01 20:30:00,578.21,578.21,574.62,577.26,34.09209,1609534799999,19656.092080500002,225,6.25126,3605.590513,0
2021-01-01 21:00:00,577.23,577.54,575.01,577.54,40.3571,1609536599999,23261.1501447,305,7.5731899999999985,4363.5977446000015,0
2021-01-01 21:30:00,577.53,577.89,575.16,577.39,25.5842,1609538399999,14761.7166697,227,5.21954,3011.783928000001,0
2021-01-01 22:00:00,577.54,582.07,576.53,578.36,35.75716,1609540199999,20719.1653351,247,8.61709,4997.031944100001,0
2021-01-01 22:30:00,578.36,578.82,576.68,578.82,6.4950800000000015,1609541999999,3755.4112,32,1.36722,790.3743776,0
2021-01-01 23:00:00,578.82,579.79,577.8,578.1,20.57027,1609543799999,11909.8844449,135,3.8184699999999996,2210.9605225,0
2021-01-01 23:30:00,578.1,581.99,578.1,581.06,39.07881,1609545599999,22687.750656,158,18.594520000000006,10793.5923017,0
2021-01-02 00:00:00,580.83,581.22,569.12,569.52,143.78645,1609547399999,82748.41231819999,779,30.70311,17661.707684599998,0
2021-01-02 00:30:00,569.56,576.05,568.67,574.06,89.505,1609549199999,51334.7465125,504,29.547659999999997,16949.3336818,0
2021-01-02 01:00:00,574.03,575.34,568.21,569.63,40.413470000000004,1609550999999,23124.032150400002,273,5.97441,3416.679194,0
2021-01-02 01:30:00,569.56,576.76,569.47,576.06,38.68234,1609552799999,22168.007491,219,10.68723,6116.6795814,0
2021-01-02 02:00:00,576.06,577.42,575.32,576.14,38.08628,1609554599999,21947.6623128,278,2.19772,1266.4451383,0
2021-01-02 02:30:00,576.27,580.66,573.35,579.64,67.1906,1609556399999,38855.7553235,349,22.89937,13256.5391953,0
2021-01-02 03:00:00,579.7,583.0,579.7,581.47,17.608829999999994,1609558199999,10242.7703221,123,4.71894,2742.1813844,0
2021-01-02 03:30:00,582.75,583.0,581.14,582.35,13.32646,1609559999999,7757.3004513,79,0.5352,311.86802630000005,0
2021-01-02 04:00:00,582.98,584.99,577.17,583.48,72.32126,1609561799999,42085.5791973,451,28.926940000000002,16834.1334542,0
2021-01-02 04:30:00,583.48,584.88,582.1,583.66,7.87937,1609563599999,4596.1535571,61,2.5706900000000004,1499.2263567,0
2021-01-02 05:00:00,583.98,586.5,583.31,584.19,19.45508,1609565399999,11384.576842100001,130,2.73869,1602.5765345,0
2021-01-02 05:30:00,584.24,592.56,583.33,585.64,169.21178999999995,1609567199999,99357.491086,1014,64.58659,38013.6581637,0
2021-01-02 06:00:00,586.72,587.19,583.6,586.64,59.02053000000001,1609568999999,34551.7101485,364,2.99828,1755.555528,0
2021-01-02 06:30:00,586.79,590.1,585.83,587.2,34.06217,1609570799999,20042.5248965,236,9.82147,5781.0224397,0
2021-01-02 07:00:00,587.7,589.31,585.95,586.76,40.359120000000004,1609572599999,23708.895072599997,211,4.034269999999999,2369.2387991,0
2021-01-02 07:30:00,587.18,587.93,585.16,585.77,48.78335,1609574399999,28626.0426541,186,22.77703,13373.4592401,0
2021-01-02 08:00:00,586.04,587.36,582.71,583.81,25.81229,1609576199999,15099.8013993,149,6.00936,3518.1070763000002,0
2021-01-02 08:30:00,583.93,585.26,579.73,581.36,22.92921,1609577999999,13349.7292436,126,2.6699900000000003,1556.4404451,0
2021-01-02 09:00:00,581.86,582.99,579.18,581.13,42.05342,1609579799999,24428.656512,137,12.79923,7431.8527779,0
2021-01-02 09:30:00,580.7,582.22,578.22,579.0,30.0625,1609581599999,17450.2984934,131,14.38071,8346.7873308,0
2021-01-02 10:00:00,579.56,587.57,578.19,584.81,31.419590000000003,1609583399999,18328.3035655,202,15.06417,8792.5132716,0
2021-01-02 10:30:00,585.05,585.56,581.85,582.21,10.89746,1609585199999,6359.060161500001,67,1.5785799999999999,921.2579613,0
2021-01-02 11:00:00,582.64,583.23,581.49,582.31,6.89186,1609586999999,4013.0008233000003,44,1.9158099999999998,1115.4376972,0
2021-01-02 11:30:00,582.33,584.57,582.33,584.29,5.3239,1609588799999,3107.3603356999997,34,2.54853,1487.2554335999994,0
2021-01-02 12:00:00,584.57,586.15,580.42,585.5,40.37721,1609590599999,23533.1941571,144,14.12405,8243.8648276,0
2021-01-02 12:30:00,586.1,592.47,586.1,591.6,160.13721999999999,1609592399999,94224.9033427,592,113.05513,66517.5458211,0
2021-01-02 13:00:00,592.43,597.0,586.54,595.09,172.09775,1609594199999,102037.6175786,752,76.64,45481.747685300004,0
2021-01-02 13:30:00,595.49,607.4,595.0,607.4,107.44707,1609595999999,64570.14181259999,503,47.63463,28687.242603099996,0
2021-01-02 14:00:00,606.62,613.09,603.19,604.68,239.79577999999998,1609597799999,145869.9746928,1027,117.14788999999999,71330.22622160001,0
2021-01-02 14:30:00,604.68,617.44,604.68,613.17,188.70275,1609599599999,115571.91735910001,624,110.14728000000001,67480.8214839,0
2021-01-02 15:00:00,613.35,616.66,611.91,612.52,36.891009999999994,1609601399999,22632.0867743,172,14.58523,8952.2604521,0
2021-01-02 15:30:00,613.46,614.0,609.16,612.69,79.61903000000002,1609603199999,48742.0560351,361,33.54132,20553.0225401,0
2021-01-02 16:00:00,612.84,613.57,604.79,605.91,133.85764,1609604999999,81436.35929380001,710,34.08683,20717.6608713,0
2021-01-02 16:30:00,605.36,614.0,595.18,612.23,396.8464,1609606799999,239602.5193844,1856,143.49991,86718.9685246,0
2021-01-02 17:00:00,613.28,614.0,609.37,609.78,221.58742999999998,1609608599999,135788.0913845,669,99.42314,61002.057417799995,0
2021-01-02 17:30:00,609.68,610.67,600.05,604.54,265.95917000000003,1609610399999,161006.4261408,1240,78.7536,47755.071476599995,0
2021-01-02 18:00:00,603.47,608.44,600.79,601.46,127.029,1609612199999,76758.99932819999,745,51.65123,31246.4064839,0
2021-01-02 18:30:00,602.02,607.69,600.02,602.51,178.2163,1609613999999,107453.0571577,697,82.37040999999998,49709.7971012,0
2021-01-02 19:00:00,601.33,613.91,601.16,608.56,84.25893,1609615799999,51306.6621606,383,52.21718,31810.71824390001,0
2021-01-02 19:30:00,608.95,613.7,608.59,613.7,91.5842,1609617599999,55992.02581830001,387,33.93502,20748.954801400007,0
2021-01-02 20:00:00,613.7,616.98,606.62,609.9,197.36657,1609619399999,120753.86883900002,685,108.35914,66319.1944805,0
2021-01-02 20:30:00,611.08,614.0,591.71,593.43,132.21675,1609621199999,80009.34899560001,519,51.155609999999996,31017.726542400003,0
2021-01-02 21:00:00,593.24,609.22,588.11,607.27,217.7947,1609622999999,130820.269526,918,124.86456000000001,75107.7591006,0
2021-01-02 21:30:00,606.35,608.17,600.7,605.77,82.77798,1609624799999,50035.9868434,331,32.60944,19728.711404400005,0
2021-01-02 22:00:00,606.25,607.79,601.5,603.62,28.5634,1609626599999,17277.5122398,157,11.23653,6801.813981199999,0
2021-01-02 22:30:00,603.43,611.32,597.83,610.65,138.58207,1609628399999,83483.9279469,455,94.29231,56807.443689199994,0
2021-01-02 23:00:00,609.93,611.64,602.72,610.5,253.01726000000002,1609630199999,153590.03328960002,889,100.23552,60919.892175400004,0
2021-01-02 23:30:00,611.78,611.78,607.0,610.68,16.261039999999998,1609631999999,9912.117771,101,9.35257,5704.7427647,0
2021-01-03 00:00:00,610.68,615.99,608.06,612.9,72.61368,1609633799999,44440.2266187,357,42.28439,25885.4337835,0
2021-01-03 00:30:00,612.97,616.0,611.83,615.12,38.9817,1609635599999,23968.1480759,164,30.91285,19011.1808339,0
2021-01-03 01:00:00,614.73,634.16,612.71,628.3,511.67544000000004,1609637399999,318805.60010690003,1671,246.53537999999998,153769.05943539998,0
2021-01-03 01:30:00,627.33,636.66,620.82,636.66,197.19228999999999,1609639199999,124272.91486099998,646,120.83523999999998,76071.0703484,0
2021-01-03 02:00:00,635.63,645.73,634.77,643.72,266.74195,1609640999999,170946.5800942,807,213.58462000000003,136908.9834431,0
2021-01-03 02:30:00,644.35,650.05,638.37,642.14,353.67661,1609642799999,228800.3789007,1015,155.46669,100401.5915901,0
2021-01-03 03:00:00,643.36,649.72,640.72,642.89,63.865,1609644599999,41274.092225,447,25.50923,16475.496884,0
2021-01-03 03:30:00,642.63,645.86,631.66,639.12,332.33079,1609646399999,212184.200468,1444,141.22626,90245.746424,0
2021-01-03 04:00:00,639.96,644.27,635.66,635.66,33.70986,1609648199999,21576.213235,188,21.45796,13749.0313931,0
2021-01-03 04:30:00,636.51,647.03,635.24,645.95,56.78012,1609649999999,36492.565229,200,44.76262,28760.408674000002,0
2021-01-03 05:00:00,646.29,647.49,637.71,640.0,56.77653000000001,1609651799999,36501.1518594,306,16.12717,10380.367749,0
2021-01-03 05:30:00,640.18,658.77,639.68,650.5,219.373,1609653599999,142178.5745685,946,156.97638,101575.0822014,0
2021-01-03 06:00:00,650.5,659.0,641.92,654.73,185.3531,1609655399999,120633.2445236,592,87.47684,56959.4702582,0
2021-01-03 06:30:00,655.93,655.93,644.66,645.32,84.7773,1609657199999,55151.92688969999,468,36.52517,23743.439255,0
2021-01-03 07:00:00,646.53,647.21,642.72,646.15,127.30328,1609658999999,82090.5344815,276,85.05667,54856.68497050001,0
2021-01-03 07:30:00,646.25,652.87,642.94,645.76,155.40593,1609660799999,100567.849461,463,71.93015,46572.0130131,0
2021-01-03 08:00:00,645.52,646.03,631.74,641.68,146.08616,1609662599999,93387.45211649999,447,68.61997,43962.8387079,0
2021-01-03 08:30:00,642.1,658.0,638.07,656.67,371.22758,1609664399999,239848.86252279996,1115,263.52847,170332.9499708,0
2021-01-03 09:00:00,656.64,660.0,648.67,649.35,71.75621,1609666199999,47022.9467614,315,31.95683,20954.0066074,0
2021-01-03 09:30:00,650.95,659.0,649.0,655.04,34.126979999999996,1609667999999,22340.603670599998,248,18.99916,12449.9821587,0
2021-01-03 10:00:00,654.26,660.58,650.0,651.07,194.46157,1609669799999,127573.8500468,482,87.78125,57584.8047971,0
2021-01-03 10:30:00,651.07,658.78,650.0,658.78,22.473329999999997,1609671599999,14687.319931,141,13.388420000000002,8761.4095077,0
2021-01-03 11:00:00,658.49,669.37,655.86,656.42,122.05911,1609673399999,80788.0728033,796,57.901869999999995,38305.2702077,0
2021-01-03 11:30:00,657.77,664.0,648.18,653.24,151.69662,1609675199999,99527.81927960001,926,68.16311999999999,44748.8774768,0
2021-01-03 12:00:00,653.51,656.55,647.89,653.38,129.57396,1609676999999,84471.301779,914,56.204069999999994,36656.2672333,0
2021-01-03 12:30:00,653.41,662.98,646.83,662.03,179.35291,1609678799999,117503.27989579999,736,102.3477,67101.3848204,0
2021-01-03 13:00:00,661.09,679.5,653.65,662.08,440.11133,1609680599999,293267.37358609994,1892,247.0103,164649.6317408,0
2021-01-03 13:30:00,661.64,686.07,654.06,680.55,358.63968,1609682399999,241335.4375026,1276,209.53338,141346.1368469,0
2021-01-03 14:00:00,680.89,692.59,671.11,690.84,582.4334,1609684199999,398647.6279875,1553,353.60286,242189.43018720002,0
2021-01-03 14:30:00,689.55,698.0,680.79,687.0,438.35753,1609685999999,302526.8127397,1530,198.79568,137223.5561448,0
2021-01-03 15:00:00,686.87,688.41,670.85,673.36,362.60942,1609687799999,246889.525504,1351,157.45671000000004,107170.3651637,0
2021-01-03 15:30:00,671.71,684.27,664.73,682.48,273.7946,1609689599999,185326.0485408,1098,141.76248999999999,96032.21018,0
2021-01-03 16:00:00,682.51,693.34,680.7,687.49,300.91431,1609691399999,206849.60657920002,1454,115.7387,79632.6763875,0
2021-01-03 16:30:00,688.91,700.0,685.52,690.49,428.05202,1609693199999,297147.5400337,2014,172.97849,120162.997138,0
2021-01-03 17:00:00,690.62,695.65,681.51,687.41,354.80987999999996,1609694999999,243622.4143493,2077,93.91960999999999,64597.4198777,0
2021-01-03 17:30:00,686.36,689.37,682.0,683.32,304.28098,1609696799999,208759.3373055,1856,92.39714000000001,63393.8541736,0
2021-01-03 18:00:00,683.33,687.73,669.5,670.39,112.22801000000001,1609698599999,76223.582776,667,22.96198,15630.305911700001,0
2021-01-03 18:30:00,670.24,673.66,664.56,666.12,95.26687,1609700399999,63669.1550724,519,46.47228,31082.541170200002,0
2021-01-03 19:00:00,664.59,667.57,653.83,655.33,77.84989,1609702199999,51491.061575199994,600,22.17909,14678.248318599999,0
2021-01-03 19:30:00,654.31,663.15,653.24,662.85,56.336240000000004,1609703999999,37034.4916742,290,34.99276,23021.4655322,0
2021-01-03 20:00:00,662.87,681.8,662.37,675.0,96.97445,1609705799999,65339.54690269999,627,48.33096,32594.9055119,0
2021-01-03 20:30:00,675.0,675.69,659.58,662.53,164.77,1609707599999,109634.35292219999,1080,29.43435,19652.0997741,0
2021-01-03 21:00:00,662.31,670.95,661.48,669.89,80.7511,1609709399999,53676.3823268,475,22.10259,14712.969362099999,0
2021-01-03 21:30:00,670.95,679.53,670.95,678.32,64.75731999999999,1609711199999,43759.407011,450,35.91373,24273.0290268,0
2021-01-03 22:00:00,679.25,688.8,672.23,687.89,82.78336999999998,1609712999999,56460.62046590001,558,46.10946,31481.5314218,0
2021-01-03 22:30:00,688.92,692.52,680.27,683.17,127.09806,1609714799999,87347.2265295,555,70.18119,48250.6327557,0
2021-01-03 23:00:00,684.01,693.56,673.67,679.4,192.51027,1609716599999,131616.5854523,686,122.09065,83485.43183,0
2021-01-03 23:30:00,679.57,685.83,674.82,675.38,60.28071,1609718399999,41083.7699792,402,10.571639999999999,7209.271947,0
2021-01-04 00:00:00,674.82,681.34,672.78,677.01,51.34682,1609720199999,34790.6014512,290,20.7874,14094.769473700002,0
2021-01-04 00:30:00,677.09,677.09,667.41,672.83,66.15389,1609721999999,44399.7039624,358,26.800290000000004,17978.2102603,0
2021-01-04 01:00:00,673.83,681.52,671.97,679.59,56.77458000000001,1609723799999,38432.1289246,304,30.64302,20733.494266799997,0
2021-01-04 01:30:00,679.12,682.34,676.9,676.9,95.17695,1609725599999,64699.3908926,272,65.51099,44530.1414092,0
2021-01-04 02:00:00,677.71,685.46,674.63,682.34,106.29545,1609727399999,72593.79065160001,504,63.63338,43465.57554090001,0
2021-01-04 02:30:00,682.29,682.46,676.72,681.26,70.46975,1609729199999,47886.542336,214,21.63839,14714.425301199999,0
2021-01-04 03:00:00,680.55,690.0,680.04,689.15,26.45294,1609730999999,18133.6778869,182,21.767039999999998,14924.9687067,0
2021-01-04 03:30:00,688.93,699.78,688.93,696.79,133.81468999999998,1609732799999,92786.4020164,571,74.75469,51811.6262515,0
2021-01-04 04:00:00,696.82,700.0,696.14,700.0,58.28564,1609734599999,40701.072577599996,277,30.88931,21581.0700185,0
2021-01-04 04:30:00,698.9,700.0,688.29,700.0,83.46924,1609736399999,58108.46618180001,528,34.800309999999996,24274.9513192,0
2021-01-04 05:00:00,698.72,712.57,692.75,711.08,150.13742,1609738199999,105911.51368589999,781,76.69341,54078.688838,0
2021-01-04 05:30:00,711.38,726.25,708.63,724.51,238.73056,1609739999999,170959.76113539998,1097,110.53288,79187.7418677,0
2021-01-04 06:00:00,724.51,746.26,714.3,743.26,434.59227000000004,1609741799999,317863.0974939,1699,213.58507000000003,156297.4602403,0
2021-01-04 06:30:00,743.26,752.53,716.32,722.98,364.68787000000003,1609743599999,269610.7740715,2338,126.56651000000001,93307.6985684,0
2021-01-04 07:00:00,722.91,729.24,686.22,701.96,511.01100999999994,1609745399999,365159.1257243,2216,255.89192999999997,182953.4851453,0
2021-01-04 07:30:00,702.09,705.33,687.17,697.85,132.71815,1609747199999,92468.037835,565,56.23667,39175.9892546,0
2021-01-04 08:00:00,698.88,716.8,695.94,702.81,245.44823,1609748999999,173531.72293770002,1113,106.96316000000002,75634.19415289999,0
2021-01-04 08:30:00,701.41,705.88,671.09,685.31,252.20854,1609750799999,173215.75082120002,1147,116.24707,79897.6351099,0
2021-01-04 09:00:00,684.59,697.54,663.72,667.16,272.71837,1609752599999,185283.6426211,1226,135.82426,92493.483359,0
2021-01-04 09:30:00,667.91,668.58,641.97,660.74,384.39959,1609754399999,252885.8278909,1483,180.79281,119036.52282980001,0
2021-01-04 10:00:00,660.69,677.77,618.14,636.97,392.75127000000003,1609756199999,252542.0012191,1757,180.98006999999998,116688.9449535,0
2021-01-04 10:30:00,637.03,661.0,633.65,660.05,209.03558999999998,1609757999999,135468.2946668,781,145.90915,94636.6548717,0
2021-01-04 11:00:00,660.25,666.81,648.04,654.28,386.47544,1609759799999,254229.7240566,1149,200.55909,131887.8846576,0
2021-01-04 11:30:00,654.27,667.19,648.99,664.35,140.58768999999998,1609761599999,92251.9851904,407,115.65992,75820.3655977,0
2021-01-04 12:00:00,664.71,667.79,658.93,664.01,84.86494,1609763399999,56263.402615,444,40.9229,27153.8208772,0
2021-01-04 12:30:00,663.99,678.24,662.37,673.85,87.8041,1609765199999,59036.560252699994,394,61.703480000000006,41510.7184595,0
2021-01-04 13:00:00,674.24,679.08,663.76,674.63,115.09601,1609766999999,77439.33128560001,510,74.06936,49885.658415,0
2021-01-04 13:30:00,676.06,677.67,666.03,677.67,66.52988,1609768799999,44675.3177326,311,26.73152,17993.4561033,0
2021-01-04 14:00:00,677.7,683.68,673.78,682.05,71.96902,1609770599999,48895.4148186,294,30.872629999999997,20989.0478031,0
2021-01-04 14:30:00,682.52,690.12,675.61,688.12,102.88034,1609772399999,70434.58605720001,580,49.27199,33756.3113656,0
2021-01-04 15:00:00,689.47,694.16,685.6,694.01,77.73295999999998,1609774199999,53638.0190328,401,34.64159,23927.6913216,0
2021-01-04 15:30:00,692.95,692.95,681.59,691.31,68.58578,1609775999999,47168.0643996,353,38.779579999999996,26672.5444635,0
2021-01-04 16:00:00,691.31,693.49,661.76,667.47,144.64524,1609777799999,97502.89174489999,591,63.76895,42950.398112099996,0
2021-01-04 16:30:00,667.55,670.7,661.42,669.8,58.810790000000004,1609779599999,39181.2978174,346,25.397560000000002,16930.8450784,0
2021-01-04 17:00:00,669.99,675.64,664.09,669.43,19.4105,1609781399999,12995.331120499999,180,10.60038,7102.909631300001,0
2021-01-04 17:30:00,670.08,670.09,662.6,667.72,23.18945,1609783199999,15454.5487084,103,11.942160000000001,7963.5388108,0
2021-01-04 18:00:00,667.54,678.97,667.54,676.94,25.19987,1609784999999,16996.6888097,107,21.458470000000002,14478.571433200004,0
2021-01-04 18:30:00,677.6,680.17,674.28,677.72,19.34122,1609786799999,13090.5029434,76,16.52342,11183.9954975,0
2021-01-04 19:00:00,678.57,704.23,678.57,696.36,137.79436,1609788599999,95691.39660349999,653,94.64165,65763.468855,0
2021-01-04 19:30:00,694.4,702.55,693.78,698.89,46.21284,1609790399999,32232.693698799998,182,26.50018,18501.2944245,0
2021-01-04 20:00:00,700.39,700.47,684.24,690.52,88.41366,1609792199999,61008.930575,457,27.59745,19066.5690475,0
2021-01-04 20:30:00,690.0,692.85,683.76,683.76,21.90842,1609793999999,15102.6574562,139,12.31909,8497.3479157,0
2021-01-04 21:00:00,684.11,692.26,677.38,678.72,34.707390000000004,1609795799999,23805.4282752,125,22.58773,15525.9765565,0
2021-01-04 21:30:00,679.14,682.85,668.99,672.19,59.7973,1609797599999,40283.8521793,385,22.35623,15077.210505500001,0
2021-01-04 22:00:00,672.95,675.31,668.51,674.36,22.86486,1609799399999,15370.467701299998,175,7.73305,5203.9358032,0
2021-01-04 22:30:00,675.18,677.7,673.89,675.54,21.58474,1609801199999,14579.3376758,107,11.26375,7612.138271100002,0
2021-01-04 23:00:00,674.78,676.96,669.81,670.32,44.6583,1609802999999,30073.314565700002,140,20.24969,13640.976465200001,0
2021-01-04 23:30:00,671.57,689.93,669.45,689.91,106.80525,1609804799999,72453.7612469,560,72.46162,49127.01961540001,0
2021-01-05 00:00:00,689.99,709.42,682.85,708.8,152.85881,1609806599999,106785.4898275,623,88.26011,61675.0560796,0
2021-01-05 00:30:00,708.03,720.0,706.67,707.68,205.65691999999999,1609808399999,146798.53510829998,756,125.06648999999999,89295.7747804,0
2021-01-05 01:00:00,708.72,715.5,694.54,700.15,200.2018,1609810199999,141407.1653719,641,98.55195,69697.58711549999,0
2021-01-05 01:30:00,701.64,709.47,699.99,709.45,33.15627,1609811999999,23315.4051124,171,13.90277,9783.2480521,0
2021-01-05 02:00:00,708.38,720.74,707.0,707.0,197.92705,1609813799999,140994.60552029999,677,74.6483,53201.2197806,0
2021-01-05 02:30:00,707.0,709.72,698.12,698.5,94.51116,1609815599999,66616.99671549999,323,28.4475,20060.613752,0
2021-01-05 03:00:00,699.15,705.66,689.22,690.7,71.28954,1609817399999,49728.5044474,290,28.39237,19830.5933372,0
2021-01-05 03:30:00,689.48,695.17,673.21,673.72,206.57428000000002,1609819199999,140819.4397051,1102,98.80585,67359.2280812,0
2021-01-05 04:00:00,673.33,681.3,665.46,675.23,250.98924,1609820999999,168809.8277285,933,114.90247,77257.4942592,0
2021-01-05 04:30:00,675.08,683.98,669.24,670.3,29.316609999999997,1609822799999,19810.6440339,154,14.07346,9505.6213364,0
2021-01-05 05:00:00,670.25,681.01,668.64,672.48,82.6924,1609824599999,55745.283682099995,330,46.37911,31241.4779413,0
2021-01-05 05:30:00,672.48,677.21,658.36,659.83,147.24756000000005,1609826399999,98034.5893321,769,69.88428,46527.8382071,0
2021-01-05 06:00:00,659.83,664.32,653.01,664.26,85.01386,1609828199999,56115.8367978,433,44.44896,29353.2281625,0
2021-01-05 06:30:00,665.07,670.65,664.85,668.79,55.23255,1609829999999,36886.2136951,601,30.278000000000002,20237.9527336,0
2021-01-05 07:00:00,668.79,676.03,668.49,675.63,71.39924,1609831799999,47964.123345199994,951,37.71745,25357.1038428,0
2021-01-05 07:30:00,674.46,676.65,667.02,669.21,63.94135,1609833599999,42958.86869700001,296,29.73732,20004.9276188,0
2021-01-05 08:00:00,669.21,687.3,669.21,680.73,64.97443,1609835399999,44170.5048292,405,40.23095,27364.71124700001,0
2021-01-05 08:30:00,679.78,683.79,678.55,681.78,17.99739,1609837199999,12265.7859979,105,11.66244,7946.4740472,0
2021-01-05 09:00:00,683.53,692.5,681.38,692.28,101.49672,1609838999999,69663.0856281,674,76.05389,52213.5075854,0
2021-01-05 09:30:00,691.6,691.6,683.62,688.34,104.34871,1609840799999,71712.5860899,719,83.88144,57653.717816699995,0
2021-01-05 10:00:00,689.99,698.0,685.57,693.14,97.91911999999999,1609842599999,67809.9193277,580,77.70452,53827.59459580001,0
2021-01-05 10:30:00,693.98,694.91,683.53,688.25,156.10087,1609844399999,107478.7886171,818,103.17309,71051.8648,0
2021-01-05 11:00:00,688.25,697.25,686.62,696.9,67.68054000000001,1609846199999,46830.504314499995,386,44.15262,30557.447646900004,0
2021-01-05 11:30:00,697.03,706.04,696.05,703.49,76.9833,1609847999999,53957.76981930001,396,56.24533,39416.4651206,0
2021-01-05 12:00:00,703.89,706.99,685.75,698.22,111.13731000000001,1609849799999,77468.2321709,563,59.078419999999994,41218.131782599994,0
2021-01-05 12:30:00,697.1,698.28,689.35,690.31,83.77999,1609851599999,58162.1656737,479,51.04323,35435.3294569,0
2021-01-05 13:00:00,691.27,702.16,690.76,698.01,97.59839000000001,1609853399999,68096.62556880001,449,62.492,43611.3041518,0
2021-01-05 13:30:00,698.0,708.69,696.78,700.92,335.88723,1609855199999,236333.7396243,1399,208.93056,147230.9291876,0
2021-01-05 14:00:00,701.66,702.2,680.75,691.58,265.6142,1609856999999,183305.6605903,1377,139.09118999999998,96148.27266419999,0
2021-01-05 14:30:00,691.54,700.39,684.8,698.73,119.25755,1609858799999,82634.0947053,662,71.33758,49479.7958011,0
2021-01-05 15:00:00,698.73,707.72,695.17,705.46,91.7071,1609860599999,64472.1864515,459,68.51094,48188.22475930001,0
2021-01-05 15:30:00,706.48,721.91,703.8,721.91,193.61246,1609862399999,137845.02868339999,716,155.99521000000001,111083.85774989998,0
2021-01-05 16:00:00,721.61,729.2,712.14,725.03,153.20963,1609864199999,110698.13230699999,687,99.34368,71831.2479494,0
2021-01-05 16:30:00,724.75,727.0,717.58,723.29,149.42466000000005,1609865999999,107875.58749939999,471,90.45206,65390.82846030001,0
2021-01-05 17:00:00,722.59,727.58,720.48,726.08,59.52757,1609867799999,43141.80633450001,311,45.41816,32914.9851319,0
2021-01-05 17:30:00,725.98,741.21,724.64,737.39,90.43455,1609869599999,66442.71578380001,475,56.73344,41702.761402599994,0
2021-01-05 18:00:00,737.17,742.25,730.62,734.7,150.08978000000005,1609871399999,110449.2221963,521,71.27206,52507.7320327,0
2021-01-05 18:30:00,734.57,736.68,726.71,731.16,44.1004,1609873199999,32244.7634397,371,25.11249,18373.2034761,0
2021-01-05 19:00:00,731.19,731.51,716.71,719.86,95.85146,1609874999999,69483.3836342,733,56.5743,41007.31294790001,0
2021-01-05 19:30:00,720.68,738.97,719.88,736.68,118.81877,1609876799999,86896.96002360001,450,64.19494,46909.2807599,0
2021-01-05 20:00:00,737.3,738.0,730.0,736.18,34.313790000000004,1609878599999,25199.2273968,211,17.53557,12881.5638093,0
2021-01-05 20:30:00,734.57,743.4,732.85,740.05,27.20795,1609880399999,20113.847825099998,171,20.000120000000006,14785.380149899998,0
2021-01-05 21:00:00,741.52,755.61,739.8,752.25,195.39919,1609882199999,146385.6206391,522,102.27448000000001,76697.7555128,0
2021-01-05 21:30:00,754.01,770.9,752.25,755.46,430.87337,1609883999999,328653.6247797,1119,227.36822999999998,173348.9654704,0
2021-01-05 22:00:00,756.1,775.0,753.06,774.49,161.5562,1609885799999,124042.0195608,534,131.11672,100849.2631065,0
2021-01-05 22:30:00,772.6,780.0,761.24,771.43,228.23733,1609887599999,176846.7535512,805,145.0187,112507.0144095,0
2021-01-05 23:00:00,770.67,772.78,752.42,756.44,48.65222,1609889399999,37217.081396300004,235,28.342879999999997,21753.5084648,0
2021-01-05 23:30:00,755.18,772.28,755.18,765.26,121.79616000000001,1609891199999,92936.9085868,615,48.06575,36753.912561300014,0
2021-01-06 00:00:00,766.25,773.61,756.36,760.92,248.11659,1609892999999,189723.2831361,1357,100.98921,77312.95819610001,0
2021-01-06 00:30:00,762.89,765.59,754.37,757.65,81.56158,1609894799999,62159.2755072,335,41.601659999999995,31727.6533128,0
2021-01-06 01:00:00,758.69,759.57,751.22,754.3,61.50623,1609896599999,46462.5111411,327,30.27761,22866.3986682,0
2021-01-06 01:30:00,754.09,754.09,743.82,747.88,74.41795,1609898399999,55627.6350648,317,33.54381,25062.372845299997,0
2021-01-06 02:00:00,747.8,752.96,744.41,748.94,21.3729,1609900199999,15985.7707618,190,6.21861,4653.8070711,0
2021-01-06 02:30:00,749.81,757.9,749.81,756.18,33.343,1609901999999,25158.9058169,158,18.882089999999998,14246.5623165,0
2021-01-06 03:00:00,756.54,758.29,751.65,752.6,36.3018,1609903799999,27387.6674582,157,24.60984,18567.110516,0
2021-01-06 03:30:00,753.0,757.0,743.46,748.01,55.64229,1609905599999,41714.9926689,361,19.16999,14384.854595700002,0
2021-01-06 04:00:00,748.93,778.97,747.5,775.71,117.83781,1609907399999,89654.6800022,644,45.91101,34998.6357044,0
2021-01-06 04:30:00,777.19,794.0,768.1,783.92,250.19787000000002,1609909199999,195437.9923198,1153,126.11591999999999,98901.1792497,0
2021-01-06 05:00:00,783.92,786.24,773.12,774.76,162.77676,1609910999999,126958.7865602,1023,52.59336999999999,40945.1494919,0
2021-01-06 05:30:00,774.77,794.74,768.58,781.33,239.73456000000002,1609912799999,187492.3969306,1088,89.05543,69676.1866377,0
2021-01-06 06:00:00,781.33,801.11,775.82,794.26,307.36392,1609914599999,243404.07377210003,1389,149.29165,118212.5757355,0
2021-01-06 06:30:00,794.81,801.18,791.92,799.59,70.53053,1609916399999,56043.46663250001,614,22.735329999999998,18096.165180900003,0
2021-01-06 07:00:00,799.56,800.0,788.99,791.52,84.94396,1609918199999,67730.51314430001,558,16.94833,13519.782078999999,0
2021-01-06 07:30:00,789.39,799.99,788.25,796.8,129.56488000000002,1609919999999,102987.3158406,831,57.55386,45792.6744505,0
2021-01-06 08:00:00,797.78,805.73,783.0,783.0,207.68627,1609921799999,165718.1573278,799,71.19266,56799.9567717,0
2021-01-06 08:30:00,783.0,796.95,781.06,796.55,46.48454,1609923599999,36785.8354107,321,32.3998,25667.8062107,0
2021-01-06 09:00:00,796.56,797.68,781.72,791.11,74.80521999999998,1609925399999,59046.82615340001,345,42.60982,33602.2245198,0
2021-01-06 09:30:00,791.33,800.0,787.72,797.22,51.320570000000004,1609927199999,40905.5506464,667,29.275779999999997,23330.6178961,0
2021-01-06 10:00:00,797.22,817.19,797.21,813.84,176.54216,1609928999999,142701.5045954,1121,101.20626999999999,81793.80225139999,0
2021-01-06 10:30:00,813.86,826.87,813.24,826.49,244.43735,1609930799999,200640.20401120002,861,152.04111,124752.23480420001,0
2021-01-06 11:00:00,826.05,845.18,823.42,844.76,172.03085,1609932599999,143778.64268720002,910,102.72925,85868.9386329,0
2021-01-06 11:30:00,844.83,849.0,831.75,848.89,91.97963,1609934399999,77457.9429772,666,48.641709999999996,41035.5395437,0
2021-01-06 12:00:00,848.94,848.94,834.77,840.48,78.4169,1609936199999,65977.6070761,464,47.21162,39739.2066061,0
2021-01-06 12:30:00,841.04,841.96,822.46,831.33,190.41313,1609937999999,158246.161933,764,113.27435,94178.59206319999,0
2021-01-06 13:00:00,831.33,848.57,830.0,848.57,184.80196999999998,1609939799999,154883.1401365,629,95.99296,80576.12544830001,0
2021-01-06 13:30:00,846.55,849.0,836.15,847.34,91.90342,1609941599999,77440.8460662,481,41.33811,34887.8823137,0
2021-01-06 14:00:00,848.96,874.52,847.0,871.03,256.04112000000003,1609943399999,220320.7630125,1059,164.78731000000005,141428.03313010006,0
2021-01-06 14:30:00,871.03,876.5,846.37,862.81,395.62003,1609945199999,340969.3749535,2216,149.26211999999995,128526.53652349999,0
2021-01-06 15:00:00,864.31,891.82,861.06,887.4,641.64048,1609946999999,564939.5970161,2984,328.04699,288920.3747071,0
2021-01-06 15:30:00,887.44,907.66,883.86,888.85,669.08262,1609948799999,597758.8789329,2837,282.50444,252278.96327789998,0
2021-01-06 16:00:00,888.85,922.0,888.06,910.33,365.81985,1609950599999,330276.19740999996,1603,173.49458,156402.0361692,0
2021-01-06 16:30:00,912.97,967.0,910.53,957.51,1074.0076199999999,1609952399999,1014918.4297438,3627,472.94201,446397.9259848,0
2021-01-06 17:00:00,956.67,962.57,916.17,953.05,756.01472,1609954199999,712468.2154018001,3408,390.67717999999996,369137.607886,0
2021-01-06 17:30:00,955.51,975.0,943.89,972.54,843.26816,1609955999999,813087.4204741998,4358,508.98925999999994,491085.1863859,0
2021-01-06 18:00:00,970.87,1062.24,970.28,1062.23,1106.3780199999999,1609957799999,1123479.31967,4772,532.558,540348.7798612,0
2021-01-06 18:30:00,1060.12,1185.56,1052.39,1106.36,6242.51768,1609959599999,6958088.795151201,18902,2977.3108,3322475.703735,0
2021-01-06 19:00:00,1104.0,1245.21,1100.02,1236.22,3852.90474,1609961399999,4502339.3985348,11892,2052.75493,2392036.4173521,0
2021-01-06 19:30:00,1236.22,1248.99,1073.6,1076.4,5003.4725,1609963199999,5775802.634158,15367,2133.1001,2464290.3630306,0
2021-01-06 20:00:00,1076.4,1132.34,1010.46,1068.26,2366.7296699999997,1609964999999,2535554.6094102003,7676,1144.3360300000004,1228661.3916746,0
2021-01-06 20:30:00,1067.02,1125.0,1038.25,1079.25,1402.59498,1609966799999,1521428.0347928002,5440,779.17488,846528.3591861,0
2021-01-06 21:00:00,1079.25,1096.02,1030.94,1032.03,631.66706,1609968599999,666644.3471868,3576,291.6627,307735.96678129997,0
2021-01-06 21:30:00,1032.5,1041.75,985.8,1007.18,668.75596,1609970399999,675355.0060274999,3234,271.29368999999997,274411.727428,0
2021-01-06 22:00:00,1007.18,1047.56,999.24,1037.44,446.03410999999994,1609972199999,459338.00692270003,2050,214.61911,220744.13903010002,0
2021-01-06 22:30:00,1038.92,1047.2,1015.66,1030.48,373.7643,1609973999999,386335.4115087,1895,179.44104,185475.2309418,0
2021-01-06 23:00:00,1030.48,1034.86,1005.27,1032.01,344.51403999999997,1609975799999,352147.2039786,1815,128.07702,130843.2257049,0
2021-01-06 23:30:00,1032.99,1042.71,1002.25,1036.42,389.46345,1609977599999,397511.669466,2089,173.6249,177338.37738239995,0
2021-01-07 00:00:00,1038.6,1064.43,1013.36,1049.26,686.82623,1609979399999,713604.6681218002,3639,342.61025,356309.8793861,0
2021-01-07 00:30:00,1048.41,1081.52,1046.0,1068.0,561.97303,1609981199999,598710.6052500999,2840,337.01505,359302.9026843,0
2021-01-07 01:00:00,1068.33,1142.69,1045.83,1115.77,1039.28914,1609982999999,1135548.8796428998,4830,560.81762,614259.0936301999,0
2021-01-07 01:30:00,1115.77,1116.36,1075.0,1094.54,898.4331599999997,1609984799999,984831.3540719999,4881,512.6278900000002,562376.8527867,0
2021-01-07 02:00:00,1096.5,1100.4,1051.64,1056.96,636.04183,1609986599999,683173.7927466999,3551,331.37683,356295.7970454001,0
2021-01-07 02:30:00,1056.96,1088.16,1053.99,1070.09,309.68712,1609988399999,332040.1511968,1720,176.66709,189447.8080879,0
2021-01-07 03:00:00,1070.47,1120.0,1057.4,1116.05,798.5312,1609990199999,872554.7736962,3227,457.51934000000006,500044.92542890005,0
2021-01-07 03:30:00,1115.9,1150.0,1114.52,1140.93,707.8653400000003,1609991999999,800941.6149975002,3099,359.1323,406345.23569309997,0
2021-01-07 04:00:00,1140.6,1174.99,1128.03,1171.86,869.76768,1609993799999,1002434.1864542,3155,447.02178,515872.1592656,0
2021-01-07 04:30:00,1169.67,1174.96,1134.45,1139.43,431.42859000000004,1609995599999,495248.46740409994,1933,199.59965,229425.6155947,0
2021-01-07 05:00:00,1139.42,1182.84,1139.42,1182.84,228.32621,1609997399999,264922.3908546,1164,119.41654,138578.6466813,0
2021-01-07 05:30:00,1182.79,1190.0,1128.26,1138.37,616.86665,1609999199999,711966.935383,3454,279.64943999999997,323295.05941529997,0
2021-01-07 06:00:00,1138.68,1139.0,1086.0,1094.68,623.77389,1610000999999,698197.0267258,2972,330.12406,369860.4614132,0
2021-01-07 06:30:00,1095.94,1121.83,1095.94,1100.76,254.42071,1610002799999,282418.12507199997,1425,148.69218,165112.798197,0
2021-01-07 07:00:00,1099.57,1107.05,1086.77,1088.91,194.3005,1610004599999,213057.89556889998,980,79.0413,86810.9420852,0
2021-01-07 07:30:00,1089.73,1090.19,1049.99,1062.2,373.70312,1610006399999,399268.3343249,1920,124.3327,132724.24428080002,0
2021-01-07 08:00:00,1062.19,1069.0,1025.22,1045.62,373.00261,1610008199999,393537.7066237,2166,151.34938,159193.9754495,0
2021-01-07 08:30:00,1044.82,1076.83,1043.53,1076.48,310.74088,1610009999999,331183.6517561,1668,187.49736000000001,199928.2141,0
2021-01-07 09:00:00,1075.01,1077.2,1062.12,1063.75,346.29661,1610011799999,370245.0554984,2152,130.51598,139557.1024445,0
2021-01-07 09:30:00,1062.07,1081.97,1049.31,1079.07,253.71056000000002,1610013599999,269220.3306139,1368,113.04076,120213.73957119999,0
2021-01-07 10:00:00,1081.35,1083.81,1056.97,1060.01,262.13486,1610015399999,280832.12170920003,1362,130.80796,140081.9201257,0
2021-01-07 10:30:00,1061.27,1069.28,1049.02,1051.61,152.23081000000005,1610017199999,161145.82905539998,961,70.61912,74791.2165118,0
2021-01-07 11:00:00,1052.52,1078.9,1051.72,1059.39,205.26873,1610018999999,218244.60350360002,1383,89.42015,95035.5917096,0
2021-01-07 11:30:00,1059.42,1065.31,1052.67,1053.66,156.90084,1610020799999,166007.9800822,677,70.66006,74759.3678785,0
2021-01-07 12:00:00,1053.71,1059.0,1021.01,1038.6,1010.3539400000001,1610022599999,1050995.6487958,3664,435.02565,453074.884159,0
2021-01-07 12:30:00,1040.91,1058.3,1032.93,1058.01,331.47017,1610024399999,348332.1914982001,2769,203.95675,214365.26474389998,0
2021-01-07 13:00:00,1055.33,1059.0,1048.27,1057.29,78.01656,1610026199999,82214.3288901,618,37.41896,39481.1852015,0
2021-01-07 13:30:00,1057.29,1094.43,1055.26,1079.77,778.3984,1610027999999,834292.3208896,2045,481.00870999999995,514311.4133991,0
2021-01-07 14:00:00,1081.52,1099.0,1061.63,1095.0,210.58933,1610029799999,228749.3789446,1257,107.74145,117271.6208375,0
2021-01-07 14:30:00,1094.99,1095.0,1058.9,1077.0,308.2767100000001,1610031599999,331531.1785717,1691,161.72308,173908.93027529994,0
2021-01-07 15:00:00,1077.32,1093.53,1067.25,1090.83,163.41993,1610033399999,176528.5478986,870,91.30957,98673.59498380001,0
2021-01-07 15:30:00,1092.98,1122.0,1091.63,1120.0,259.33487,1610035199999,287628.4499138,852,114.15203000000001,125955.62254530001,0
2021-01-07 16:00:00,1119.98,1123.82,1100.73,1117.52,161.64377,1610036999999,179937.7967756,856,75.52882,84154.435505,0
2021-01-07 16:30:00,1117.26,1141.11,1104.82,1125.09,269.08884,1610038799999,301911.1623816,1132,137.48002,154488.7288812,0
2021-01-07 17:00:00,1124.58,1127.95,1101.94,1104.17,115.08541000000001,1610040599999,128361.0888565,616,63.728519999999996,71092.9880852,0
2021-01-07 17:30:00,1101.94,1112.07,1083.08,1107.78,208.17047,1610042399999,228663.612525,1068,93.80135,103204.4703327,0
2021-01-07 18:00:00,1107.37,1107.37,1068.33,1076.55,220.08657999999997,1610044199999,239733.1128301,1030,107.57096000000001,117457.716946,0
2021-01-07 18:30:00,1076.33,1077.67,1000.03,1031.97,429.81999,1610045999999,445507.6492276,1862,179.98203,186056.20062510003,0
2021-01-07 19:00:00,1034.02,1066.22,1005.08,1065.21,409.94392999999997,1610047799999,424407.0069203,1773,223.87543,232051.40746040002,0
2021-01-07 19:30:00,1065.71,1078.73,1060.0,1064.16,353.00596,1610049599999,377466.8980415,1135,249.79232000000002,267158.1099261,0
2021-01-07 20:00:00,1065.56,1075.84,1057.01,1057.65,168.94937,1610051399999,179945.2912363,714,86.80931,92572.0409821,0
2021-01-07 20:30:00,1059.49,1096.71,1059.49,1094.69,137.05441000000002,1610053199999,147874.6850402,764,104.42614,112652.4014407,0
2021-01-07 21:00:00,1095.33,1120.87,1093.51,1101.5,203.5808,1610054999999,225452.13647070003,1241,122.71333999999999,135859.7397178,0
2021-01-07 21:30:00,1102.89,1104.55,1082.64,1101.47,128.7586,1610056799999,141048.6099292,751,69.65952,76333.81595560003,0
2021-01-07 22:00:00,1101.63,1101.63,1085.33,1091.76,159.24606,1610058599999,174199.66405010002,666,81.04996,88665.947464,0
2021-01-07 22:30:00,1091.73,1104.55,1074.81,1081.16,194.86188,1610060399999,213126.5642901,974,145.16846,158878.540083,0
2021-01-07 23:00:00,1081.15,1081.15,1045.76,1054.15,184.75731000000002,1610062199999,196148.9930699,1069,104.0395,110594.12389300001,0
2021-01-07 23:30:00,1054.86,1068.61,1054.1,1056.66,55.19675,1610063999999,58636.035316299996,369,24.65117,26196.6822135,0
2021-01-08 00:00:00,1058.98,1089.22,1043.65,1077.03,423.02579000000003,1610065799999,454667.67660279997,1581,177.20185,190259.87670670002,0
2021-01-08 00:30:00,1079.07,1079.48,1058.94,1059.0,89.20055,1610067599999,95394.95851469999,561,38.17819,40915.5659925,0
2021-01-08 01:00:00,1058.21,1066.65,1036.66,1039.84,242.06812000000002,1610069399999,254216.368782,1475,134.58052,141383.7986981,0
2021-01-08 01:30:00,1039.84,1050.05,1010.7,1029.08,205.00712,1610071199999,210419.8067067,1394,108.89423000000001,111766.9280085,0
2021-01-08 02:00:00,1029.07,1030.42,982.0,984.61,305.80826,1610072999999,306928.68409450003,1329,150.92401,152229.01353620001,0
2021-01-08 02:30:00,983.53,994.87,955.0,982.05,382.27391,1610074799999,371821.94335990003,1637,186.06708,181381.95617229998,0
2021-01-08 03:00:00,980.87,1022.89,976.39,1016.42,166.14078999999995,1610076599999,166588.85224449998,1077,83.79905,84056.85541260001,0
2021-01-08 03:30:00,1018.59,1042.27,1012.31,1028.31,236.36711,1610078399999,243459.623788,1918,116.13463,119634.8964902,0
2021-01-08 04:00:00,1030.72,1061.19,1023.26,1057.55,258.06737999999996,1610080199999,269006.7793562,1432,132.69608,138392.36661129998,0
2021-01-08 04:30:00,1055.36,1061.52,1041.62,1055.1,305.25424,1610081999999,321677.8588136,1161,115.71663000000001,122094.213275,0
2021-01-08 05:00:00,1052.93,1065.86,1032.49,1044.48,523.34842,1610083799999,548301.7979826999,2795,283.59725,297412.0806707,0
2021-01-08 05:30:00,1047.93,1061.83,1039.84,1051.99,432.21058,1610085599999,455128.1590654,2350,212.2224,223561.7921441,0
2021-01-08 06:00:00,1051.56,1074.47,1033.5,1062.72,312.9533600000001,1610087399999,329544.9264799,1676,140.27923,147590.0760948,0
2021-01-08 06:30:00,1063.08,1078.57,1051.95,1075.12,151.54062,1610089199999,161462.2613596,938,69.50095,74055.0219939,0
2021-01-08 07:00:00,1075.1,1095.62,1069.0,1087.99,182.02704,1610090999999,197154.1961383,951,76.34599,82560.8284534,0
2021-01-08 07:30:00,1088.1,1102.33,1077.88,1091.68,201.27617,1610092799999,219894.03448649996,1207,103.20251,112853.5314677,0
2021-01-08 08:00:00,1092.92,1117.52,1076.91,1095.0,269.39904,1610094599999,295636.45433529996,1982,134.30434,147421.70794829994,0
2021-01-08 08:30:00,1097.34,1097.83,1070.51,1085.85,195.15722,1610096399999,211896.75138670002,1097,97.60956,106048.7297622,0
2021-01-08 09:00:00,1089.29,1095.98,1062.69,1084.55,407.7763,1610098199999,439588.9101215,1803,250.1017,269756.1691668,0
2021-01-08 09:30:00,1084.44,1098.57,1081.76,1094.34,96.38391999999999,1610099999999,104986.3375271,576,68.96355,75079.5942968,0
2021-01-08 10:00:00,1094.66,1118.98,1089.81,1097.88,273.4184,1610101799999,301964.34352199995,954,183.56486999999998,202809.64373779998,0
2021-01-08 10:30:00,1097.8,1123.13,1087.48,1117.05,280.65571,1610103599999,311048.5324271,1018,121.73768999999999,134723.51454509998,0
2021-01-08 11:00:00,1118.84,1125.0,1097.05,1117.88,313.24129,1610105399999,347853.9935106,1064,172.21594,191090.59673370002,0
2021-01-08 11:30:00,1120.58,1120.63,1104.85,1111.67,93.19341,1610107199999,103640.4511415,474,47.89713,53297.5843131,0
2021-01-08 12:00:00,1111.72,1122.26,1101.91,1113.89,336.11073,1610108999999,374241.9371305,1536,167.20421000000005,186151.9492943,0
2021-01-08 12:30:00,1114.16,1117.77,1088.15,1097.5,211.17324,1610110799999,232220.3905454,998,78.89,86828.0993981,0
2021-01-08 13:00:00,1097.52,1104.51,1083.53,1101.41,97.6476,1610112599999,106713.69251749999,444,64.06137,70047.90004139999,0
2021-01-08 13:30:00,1103.85,1114.31,1094.48,1110.91,135.19931,1610114399999,149525.7093543,601,84.54292,93524.5486903,0
2021-01-08 14:00:00,1110.78,1115.0,1089.75,1095.27,103.52651999999999,1610116199999,113932.52282910001,508,68.19391,75100.9523993,0
2021-01-08 14:30:00,1095.26,1101.53,1087.44,1097.32,43.50966,1610117999999,47672.0645279,364,22.46804,24625.0186506,0
2021-01-08 15:00:00,1095.93,1097.31,1041.41,1045.44,237.47192,1610119799999,254827.6894276,1093,86.60036,93050.3047092,0
2021-01-08 15:30:00,1047.5,1066.31,1028.93,1060.58,183.12503999999998,1610121599999,192733.94418679998,883,116.28542,122575.6318408,0
2021-01-08 16:00:00,1061.38,1076.18,1059.82,1071.44,109.42066000000001,1610123399999,116621.4266038,599,68.55738000000001,73095.712581,0
2021-01-08 16:30:00,1073.62,1075.74,1058.45,1058.45,45.53733,1610125199999,48495.4992257,314,19.77582,21090.5938625,0
2021-01-08 17:00:00,1058.21,1064.91,1051.94,1054.55,107.27537,1610126999999,113565.72779549999,696,57.2604,60673.7169835,0
2021-01-08 17:30:00,1056.43,1058.26,1042.69,1042.69,75.85656999999998,1610128799999,79634.7057955,340,31.16068,32748.7824863,0
2021-01-08 18:00:00,1042.14,1045.59,1009.06,1012.57,160.10391,1610130599999,163929.48121360005,809,78.86205,80658.7755797,0
2021-01-08 18:30:00,1012.59,1037.67,1008.39,1014.39,233.75599999999997,1610132399999,239062.6478802,786,143.28662,146899.063682,0
2021-01-08 19:00:00,1013.21,1033.93,1008.77,1018.75,108.09408,1610134199999,110727.00422680001,397,68.73770999999999,70528.0276536,0
2021-01-08 19:30:00,1019.06,1022.58,1005.03,1005.54,193.58003,1610135999999,196340.3014199,417,117.25331000000001,119011.58685210001,0
2021-01-08 20:00:00,1005.55,1028.06,986.54,993.61,295.55802,1610137799999,295354.68923940003,1070,150.64067,150855.95281420002,0
2021-01-08 20:30:00,992.72,1008.36,988.21,998.57,136.74656000000002,1610139599999,136299.3593416,572,75.5973,75452.69790739997,0
2021-01-08 21:00:00,995.87,1007.0,982.78,1000.19,163.94751000000005,1610141399999,162906.9452231,622,86.39998,86030.0261915,0
2021-01-08 21:30:00,1000.19,1016.22,998.29,1009.93,37.757529999999996,1610143199999,38070.7323129,222,28.05425,28308.47365130001,0
2021-01-08 22:00:00,1010.82,1013.47,1001.6,1009.97,49.74686,1610144999999,50170.507656199996,298,22.97831,23207.1369931,0
2021-01-08 22:30:00,1009.97,1033.42,1007.62,1025.2,120.60862,1610146799999,123339.27054360001,480,59.66056,61101.26280040001,0
2021-01-08 23:00:00,1025.07,1047.51,1025.07,1046.18,69.03466,1610148599999,71650.9474978,355,40.68721,42236.872319,0
2021-01-08 23:30:00,1047.61,1047.61,1021.3,1039.74,142.44877,1610150399999,147515.1537638,710,65.1183,67480.5545237,0
2021-01-09 00:00:00,1038.43,1059.33,1037.83,1049.36,111.99391000000001,1610152199999,117545.6914167,665,69.81628,73271.2578377,0
2021-01-09 00:30:00,1048.79,1054.79,1034.98,1049.58,97.3448,1610153999999,101627.30698110002,664,24.587410000000002,25704.7268627,0
2021-01-09 01:00:00,1049.8,1051.62,1025.76,1042.46,139.46765,1610155799999,145030.8595887,822,45.2085,47030.3631302,0
2021-01-09 01:30:00,1043.94,1059.98,1028.25,1050.01,158.2327,1610157599999,164378.3372904,780,66.37203000000001,69033.7427737,0
2021-01-09 02:00:00,1051.77,1071.0,1042.89,1068.65,100.35648,1610159399999,106578.5024724,672,47.74707,50712.3607996,0
2021-01-09 02:30:00,1069.37,1074.86,1049.93,1074.86,66.28994,1610161199999,70333.4273499,426,24.57387,26079.700502300002,0
2021-01-09 03:00:00,1074.86,1094.74,1065.63,1085.33,145.4847,1610162999999,157143.2068667,1002,70.2026,75872.04744460003,0
2021-01-09 03:30:00,1086.2,1091.49,1084.8,1088.36,35.2813,1610164799999,38385.7748476,203,13.30626,14478.012466,0
2021-01-09 04:00:00,1088.27,1088.28,1065.63,1076.23,82.84191,1610166599999,89032.2467527,530,36.121959999999994,38756.4232054,0
2021-01-09 04:30:00,1074.88,1080.51,1069.23,1079.73,73.68836999999998,1610168399999,79255.4559379,309,37.79887,40687.83007880001,0
2021-01-09 05:00:00,1078.47,1079.72,1067.44,1067.44,94.88289,1610170199999,101964.30791539999,411,55.91995,60076.1994508,0
2021-01-09 05:30:00,1067.21,1072.52,1055.61,1059.86,195.73546000000002,1610171999999,208068.535888,1269,87.99735,93571.2175454,0
2021-01-09 06:00:00,1058.14,1067.3,1041.0,1053.82,166.48067,1610173799999,175186.820604,1370,58.60266,61822.902099,0
2021-01-09 06:30:00,1052.37,1058.26,1046.82,1048.68,142.70991,1610175599999,150119.72032690002,1135,64.12874000000001,67465.8949763,0
2021-01-09 07:00:00,1049.63,1072.77,1045.93,1060.9,94.55341999999999,1610177399999,100248.251706,986,33.56135,35579.13486030001,0
2021-01-09 07:30:00,1063.0,1074.83,1062.01,1074.38,72.10802,1610179199999,77196.4192738,323,34.6918,37158.0994059,0
2021-01-09 08:00:00,1074.86,1079.7,1061.02,1070.21,84.65755,1610180999999,90668.3052774,828,24.24332,25958.8358874,0
2021-01-09 08:30:00,1070.37,1089.41,1070.35,1086.59,75.64950999999998,1610182799999,81793.792565,462,27.54285,29771.790758,0
2021-01-09 09:00:00,1086.59,1092.66,1085.0,1089.85,97.88651,1610184599999,106600.27494369999,436,44.22351,48182.2811391,0
2021-01-09 09:30:00,1090.95,1100.15,1083.0,1087.16,192.8255,1610186399999,210502.6589123,1147,107.44456000000001,117240.5905385,0
2021-01-09 10:00:00,1088.22,1099.53,1088.22,1096.8,86.19541,1610188199999,94235.0143421,411,34.79398,38085.71230950001,0
2021-01-09 10:30:00,1096.43,1124.68,1094.9,1120.03,299.48655,1610189999999,334704.0013638,914,100.31227,111861.71540999999,0
2021-01-09 11:00:00,1120.02,1166.61,1109.35,1162.34,511.85677999999996,1610191799999,580416.3226226,1570,257.77952,292978.7170606,0
2021-01-09 11:30:00,1164.13,1170.95,1151.48,1162.87,631.20141,1610193599999,733885.3089079,2177,199.96518999999998,232461.90598589997,0
2021-01-09 12:00:00,1163.69,1174.12,1140.01,1155.15,297.26885,1610195399999,343315.8767376,1625,120.29223,139018.1921226,0
2021-01-09 12:30:00,1156.85,1163.76,1145.0,1158.67,270.16686,1610197199999,311045.4462182,867,79.32005,91394.8561973,0
2021-01-09 13:00:00,1159.62,1174.08,1145.0,1150.0,256.17935,1610198999999,296667.512289,1035,138.52426,160433.63912610002,0
2021-01-09 13:30:00,1150.65,1163.25,1148.76,1152.51,113.17867,1610200799999,130664.3973139,494,53.84048000000001,62165.0183375,0
2021-01-09 14:00:00,1154.43,1163.58,1148.0,1163.58,76.21825,1610202599999,88107.0077725,436,21.4609,24837.2928278,0
2021-01-09 14:30:00,1161.48,1187.14,1156.43,1184.09,218.78991000000002,1610204399999,256991.2052237,975,61.61329,72448.620616,0
2021-01-09 15:00:00,1186.63,1219.41,1176.09,1202.57,489.40700999999996,1610206199999,587736.8408673999,2646,228.26917000000003,274208.38176089997,0
2021-01-09 15:30:00,1204.17,1268.64,1203.42,1241.92,1048.13543,1610207999999,1299919.6755216,4666,553.9109,686898.8056423,0
2021-01-09 16:00:00,1242.42,1317.19,1242.42,1298.37,1595.33637,1610209799999,2045199.5406860001,5673,830.58818,1064949.5589528,0
2021-01-09 16:30:00,1299.8,1448.96,1297.72,1413.48,1801.63494,1610211599999,2485297.6489977003,6316,1024.1332400000001,1410678.3411246,0
2021-01-09 17:00:00,1413.48,1547.78,1406.58,1429.99,4750.55944,1610213399999,7014583.5207956,17169,2304.48122,3395926.1102584,0
2021-01-09 17:30:00,1428.96,1447.6,1375.0,1401.03,1600.52033,1610215199999,2265051.3251127996,7710,735.15004,1041122.0540148001,0
2021-01-09 18:00:00,1401.03,1437.21,1378.0,1417.72,1168.54899,1610216999999,1647077.5707333,5177,672.09762,948015.6961267999,0
2021-01-09 18:30:00,1417.71,1426.27,1379.74,1390.48,262.90905,1610218799999,367117.87050140003,1978,107.38565,149830.9246313,0
2021-01-09 19:00:00,1390.48,1440.0,1390.48,1393.0,492.08758,1610220599999,696750.5875031,2165,314.9629700000001,445804.5215549,0
2021-01-09 19:30:00,1392.96,1527.57,1387.37,1522.44,1057.29825,1610222399999,1553661.8004394,5530,617.80755,907612.5049313,0
2021-01-09 20:00:00,1525.31,1550.0,1485.0,1523.2,1523.8563900000001,1610224199999,2328173.3555641,6465,782.17389,1195898.6465899,0
2021-01-09 20:30:00,1520.91,1527.16,1456.57,1498.94,627.58046,1610225999999,938782.9934345,3421,299.7344,448879.634232,0
2021-01-09 21:00:00,1501.47,1545.0,1490.0,1507.87,560.66314,1610227799999,851713.5785890998,4050,257.9809,392292.29486709996,0
2021-01-09 21:30:00,1507.96,1520.0,1458.54,1503.86,458.78452999999996,1610229599999,685465.8789484,3399,206.22277,308994.2700938,0
2021-01-09 22:00:00,1505.57,1505.93,1461.0,1461.0,292.4589,1610231399999,434389.9482535999,1706,147.13511,218775.1890243,0
2021-01-09 22:30:00,1463.73,1493.86,1440.69,1485.07,364.01616,1610233199999,533830.22676,2427,197.7712,290032.0009037,0
2021-01-09 23:00:00,1485.71,1532.09,1480.03,1523.33,748.5336900000003,1610234999999,1131266.9907302,5448,248.74986,376415.3781343,0
2021-01-09 23:30:00,1527.0,1602.0,1521.5,1598.25,1303.62428,1610236799999,2032123.5852861,6471,642.7997799999998,1003006.2490034001,0
2021-01-10 00:00:00,1597.54,1754.63,1597.5,1731.47,3434.56038,1610238599999,5758311.053518799,13822,1711.0220199999999,2866673.3395988,0
2021-01-10 00:30:00,1730.65,1745.0,1633.41,1691.72,2009.7015800000001,1610240399999,3392128.4496172,9340,935.8607,1581298.9792279,0
2021-01-10 01:00:00,1690.2,1710.0,1636.31,1661.23,1105.7350199999996,1610242199999,1857311.3940667,4942,522.98239,878823.2114656002,0
2021-01-10 01:30:00,1661.23,1736.33,1661.23,1709.77,813.32979,1610243999999,1391236.7449632,4234,462.42800000000005,791812.5903338002,0
2021-01-10 02:00:00,1711.61,1734.52,1690.2,1701.5,705.17532,1610245799999,1209029.3863891,3642,368.13084,631799.284841,0
2021-01-10 02:30:00,1703.86,1712.69,1664.32,1704.85,392.34271,1610247599999,661657.0861729999,2644,199.76722,337254.1240337,0
2021-01-10 03:00:00,1706.88,1714.28,1675.0,1704.68,240.21565,1610249399999,407748.6152329001,1622,101.69934,172673.84822770001,0
2021-01-10 03:30:00,1703.92,1724.15,1671.43,1706.26,653.42209,1610251199999,1112620.3973796999,3197,293.0346,498942.81034840003,0
2021-01-10 04:00:00,1706.26,1841.59,1701.91,1829.74,844.73405,1610252999999,1483263.7105402001,4100,463.31161,814665.5605946,0
2021-01-10 04:30:00,1825.99,1887.58,1782.7,1870.0,2014.41333,1610254799999,3707096.0254327003,12361,1014.98058,1868202.9021513,0
2021-01-10 05:00:00,1870.0,1978.77,1860.51,1936.79,2003.13713,1610256599999,3878510.6560426,11028,1241.00864,2403819.6176893,0
2021-01-10 05:30:00,1940.08,1940.22,1844.74,1916.0,2385.99022,1610258399999,4511584.2156185,9727,1100.8772800000004,2081413.9482153,0
2021-01-10 06:00:00,1916.0,1922.37,1860.87,1885.57,774.75896,1610260199999,1466015.6308034,4758,429.18478,812816.4321613002,0
2021-01-10 06:30:00,1884.0,1896.5,1837.7,1849.78,719.22454,1610261999999,1337571.9509107,3874,348.78452000000016,648477.0635465,0
2021-01-10 07:00:00,1847.13,1852.03,1776.83,1819.17,1187.59089,1610263799999,2153896.2409071997,8143,538.1423900000002,976848.4673415001,0
2021-01-10 07:30:00,1819.44,1843.24,1794.43,1837.35,638.28673,1610265599999,1162134.3136837,3950,327.37995,596317.4464726999,0
2021-01-10 08:00:00,1838.81,1844.8,1739.47,1782.91,931.59249,1610267399999,1675845.3553807,6211,386.79442,697084.3907614,0
2021-01-10 08:30:00,1782.91,1793.52,1720.83,1748.64,818.93281,1610269199999,1443816.651847,4765,387.53443,683397.416036,0
2021-01-10 09:00:00,1750.99,1834.81,1748.82,1833.89,583.04298,1610270999999,1045849.2299522,3245,293.74268,527192.7334326,0
2021-01-10 09:30:00,1833.29,1880.53,1794.0,1803.06,1089.35761,1610272799999,2016520.192702,6404,487.99836,903379.7119483,0
2021-01-10 10:00:00,1805.69,1844.66,1721.62,1744.02,1089.59868,1610274599999,1938746.7586238,4987,646.96955,1148233.5867976001,0
2021-01-10 10:30:00,1744.02,1783.49,1676.09,1736.74,1488.5040099999999,1610276399999,2573478.3925205003,6773,681.34363,1176633.3100542,0
2021-01-10 11:00:00,1733.44,1745.01,1634.74,1635.38,1459.27322,1610278199999,2475972.2374254,5573,758.8566900000003,1289768.8811256,0
2021-01-10 11:30:00,1635.37,1687.38,1620.0,1654.0,835.42246,1610279999999,1384092.6194341,4636,419.91245,696048.5990468,0
2021-01-10 12:00:00,1654.48,1734.55,1621.59,1692.42,855.07205,1610281799999,1438801.3439353001,4075,464.80787999999995,780656.5322146999,0
2021-01-10 12:30:00,1696.5,1749.58,1696.5,1733.42,604.44706,1610283599999,1043215.0178767999,3292,338.69287,584659.7069882,0
2021-01-10 13:00:00,1733.42,1749.52,1715.23,1743.0,325.1309,1610285399999,564790.1474117,1635,151.63467,263521.4764501,0
2021-01-10 13:30:00,1744.8,1778.52,1740.81,1770.0,418.69097999999997,1610287199999,737434.7248096998,1806,166.92802,293642.2538308,0
2021-01-10 14:00:00,1773.26,1785.0,1713.93,1722.11,610.5828700000002,1610288999999,1070061.2288985,2871,240.90212000000002,422676.7526167,0
2021-01-10 14:30:00,1721.52,1762.5,1682.43,1709.45,471.66062999999997,1610290799999,815867.5940878,2716,224.14309,388087.8083685,0
2021-01-10 15:00:00,1709.45,1735.0,1672.01,1717.47,360.21017,1610292599999,614906.7762118,2200,194.35506999999998,332137.5086426,0
2021-01-10 15:30:00,1713.71,1722.0,1697.42,1705.73,224.54135,1610294399999,383941.7832772,1522,114.46923999999999,195934.56707360002,0
2021-01-10 16:00:00,1705.73,1727.1,1690.0,1696.96,299.38079,1610296199999,512108.9868174,1718,129.32927,221255.29128320003,0
2021-01-10 16:30:00,1696.96,1699.18,1626.38,1626.57,609.8729599999998,1610297999999,1009737.1042434,3161,245.33492999999999,406868.0253186,0
2021-01-10 17:00:00,1628.49,1641.15,1525.0,1556.37,1437.56981,1610299799999,2259710.01013,4975,761.11435,1191383.2778361,0
2021-01-10 17:30:00,1556.37,1617.75,1523.09,1614.23,714.11873,1610301599999,1122111.2288003,3035,342.88389,538233.1202979,0
2021-01-10 18:00:00,1610.56,1637.43,1577.54,1603.84,810.25814,1610303399999,1308767.8803271002,3058,396.55613999999997,640966.3034137,0
2021-01-10 18:30:00,1597.69,1630.0,1580.52,1594.59,318.70092,1610305199999,511477.84197799995,1578,140.28713,225363.2615375,0
2021-01-10 19:00:00,1598.6,1623.0,1588.71,1601.32,183.65569,1610306999999,294345.7350901,1052,103.0008,165134.2991594,0
2021-01-10 19:30:00,1602.01,1605.17,1537.27,1554.86,323.95578,1610308799999,508045.5202057,1780,133.39133,209274.9480117,0
2021-01-10 20:00:00,1554.86,1573.58,1427.03,1460.61,946.30259,1610310599999,1406865.7747073,3709,450.05613,670879.5957655,0
2021-01-10 20:30:00,1460.61,1541.0,1447.08,1534.64,682.18244,1610312399999,1018353.1723558,2539,361.92322,540386.5716645999,0
2021-01-10 21:00:00,1531.44,1569.2,1517.66,1528.38,435.95434000000006,1610314199999,675770.1589303,1995,231.22997,359082.9238982001,0
2021-01-10 21:30:00,1528.38,1547.09,1518.43,1544.97,259.35895,1610315999999,396917.3969529001,917,173.83173,265942.6203972,0
2021-01-10 22:00:00,1539.89,1560.26,1530.0,1551.63,108.00863000000001,1610317799999,167395.3878361,848,50.00612,77616.15911989997,0
2021-01-10 22:30:00,1549.73,1559.87,1543.36,1553.0,95.83633,1610319599999,148579.0641366,720,36.50991,56655.9702012,0
2021-01-10 23:00:00,1553.0,1556.84,1521.8,1527.52,86.88434000000002,1610321399999,133700.63069249998,590,39.04282,60117.762336399996,0
2021-01-10 23:30:00,1527.57,1535.0,1481.13,1487.41,174.18348,1610323199999,263906.1132362,1179,68.9536,104730.4300588,0
2021-01-11 00:00:00,1487.4,1498.87,1445.26,1472.21,573.71056,1610324999999,846871.6147316,3478,284.74588,420209.42129490006,0
2021-01-11 00:30:00,1474.9,1497.55,1417.71,1433.0,706.0092099999997,1610326799999,1022399.1840689001,3114,328.68744,476379.7601875,0
2021-01-11 01:00:00,1433.0,1468.99,1404.63,1447.75,525.99783,1610328599999,761231.048867,2592,254.18821,368128.4835416,0
2021-01-11 01:30:00,1447.74,1457.7,1380.22,1402.35,571.83767,1610330399999,810239.7691833,3295,299.1656700000001,424049.45872259996,0
2021-01-11 02:00:00,1402.35,1414.45,1351.61,1366.43,651.16395,1610332199999,892849.8237021,3136,304.37222,417640.5867433,0
2021-01-11 02:30:00,1366.43,1411.3,1351.45,1353.66,516.68052,1610333999999,712569.9168093002,2735,244.65507999999997,337779.473733,0
2021-01-11 03:00:00,1353.07,1391.25,1300.0,1318.11,754.54998,1610335799999,1015337.2289921,2760,319.42532,431856.67764899996,0
2021-01-11 03:30:00,1321.29,1326.4,1225.97,1312.91,948.8776,1610337599999,1215464.6757513,3369,446.49407,571647.084666,0
2021-01-11 04:00:00,1315.05,1408.67,1308.19,1358.16,802.73379,1610339399999,1085068.1723677,2635,462.71900999999997,626167.6072678,0
2021-01-11 04:30:00,1358.36,1403.87,1354.03,1379.71,515.2730799999998,1610341199999,711178.0877108001,1831,280.90508,388098.9629816,0
2021-01-11 05:00:00,1375.14,1418.13,1367.39,1401.07,345.23834,1610342999999,483250.01388879993,1627,182.9832,256085.9401616,0
2021-01-11 05:30:00,1402.2,1403.69,1330.0,1351.7,428.2703,1610344799999,579807.3664939,1743,202.5894,273917.8559402,0
2021-01-11 06:00:00,1349.85,1349.85,1284.97,1326.45,787.38819,1610346599999,1036169.3841631,2274,312.2276,410446.6839322,0
2021-01-11 06:30:00,1328.18,1357.72,1235.0,1264.53,578.85614,1610348399999,746391.1834853,2170,281.58444,362950.95975429995,0
2021-01-11 07:00:00,1257.69,1269.37,1227.5,1267.52,475.17442,1610350199999,593656.8901561,1805,253.51858,316663.0424562001,0
2021-01-11 07:30:00,1267.51,1326.97,1267.51,1322.72,472.79724000000004,1610351999999,615893.0032122,1815,204.68243999999999,266828.2990047,0
2021-01-11 08:00:00,1326.83,1375.61,1311.17,1351.34,365.79412,1610353799999,494657.5617722,1446,186.40069,252477.9775561,0
2021-01-11 08:30:00,1353.78,1417.38,1353.76,1379.7,450.83313,1610355599999,622985.8766386,1720,227.24,314352.7304304001,0
2021-01-11 09:00:00,1380.81,1388.3,1339.52,1375.98,528.34523,1610357399999,719782.1960529,1886,277.93892,378763.0950962,0
2021-01-11 09:30:00,1378.21,1433.14,1357.88,1427.0,299.0713,1610359199999,414311.77687859995,1214,153.93094,213016.85296160003,0
2021-01-11 10:00:00,1427.17,1459.75,1400.9,1422.48,569.08848,1610360999999,818547.7921011999,2055,257.63785,370248.04036670004,0
2021-01-11 10:30:00,1419.7,1436.29,1399.42,1407.92,310.39804,1610362799999,439092.6460337,1371,156.2692,221184.33524970003,0
2021-01-11 11:00:00,1409.58,1418.1,1348.82,1350.04,681.12977,1610364599999,933641.5947445999,2574,332.40124,456057.2455852,0
2021-01-11 11:30:00,1352.84,1372.89,1300.0,1311.71,401.27873999999997,1610366399999,538416.5814927999,1885,197.09017,264777.44013470004,0
2021-01-11 12:00:00,1314.44,1344.04,1275.0,1334.57,665.2248099999998,1610368199999,870476.4870161,2414,344.37532999999996,450853.7536961,0
2021-01-11 12:30:00,1332.92,1360.85,1312.77,1325.78,456.78214,1610369999999,609758.8127507,1978,258.60832999999997,345495.45767,0
2021-01-11 13:00:00,1323.94,1327.98,1273.06,1284.14,413.81323,1610371799999,538233.9784146,1567,194.39293,253421.08684710003,0
2021-01-11 13:30:00,1283.83,1309.05,1256.66,1261.15,513.26116,1610373599999,659882.7539836,1869,240.55473999999998,309597.1431156,0
2021-01-11 14:00:00,1262.54,1276.35,1153.2,1228.19,1011.44107,1610375399999,1223120.3786046999,3612,453.67689,548123.7311389,0
2021-01-11 14:30:00,1233.83,1266.21,1208.24,1265.0,436.42385,1610377199999,541079.5332423999,1402,245.26846,304331.6007673,0
2021-01-11 15:00:00,1265.0,1279.63,1231.29,1235.98,249.63985,1610378999999,312677.60886990005,1065,108.15128,135604.8348066,0
2021-01-11 15:30:00,1235.41,1241.11,1161.15,1183.4,379.73343,1610380799999,453407.4877255,1470,146.77704,176036.784486,0
2021-01-11 16:00:00,1181.49,1194.92,1103.53,1126.9,567.78978,1610382599999,649445.3594295001,2121,263.99276000000003,302236.79950259987,0
2021-01-11 16:30:00,1124.4,1154.53,1077.0,1148.82,771.86937,1610384399999,857437.1056259,2989,396.82589,441733.9917304,0
2021-01-11 17:00:00,1150.74,1184.81,1119.22,1176.16,485.85508,1610386199999,556297.0824022,2168,278.09559,318298.100555,0
2021-01-11 17:30:00,1176.41,1215.31,1172.44,1197.74,478.35699000000005,1610387999999,571652.5610673,1742,280.02955,334570.68505629996,0
2021-01-11 18:00:00,1197.74,1206.0,1166.76,1191.31,214.82767,1610389799999,255381.248301,935,108.44547,128987.47383039999,0
2021-01-11 18:30:00,1193.45,1218.02,1182.78,1182.99,164.13948,1610391599999,197470.3211396,795,85.54129,102922.0951652,0
2021-01-11 19:00:00,1185.37,1199.64,1130.01,1132.61,232.31343999999999,1610393399999,270907.3358165,1085,105.61026000000001,123464.1553292,0
2021-01-11 19:30:00,1132.31,1173.6,1121.75,1157.44,191.43983,1610395199999,220357.1505966,856,96.41597,110893.95350429999,0
2021-01-11 20:00:00,1153.46,1162.44,1129.0,1141.52,183.63141000000002,1610396999999,210217.0234622,686,76.48003,87742.4603952,0
2021-01-11 20:30:00,1144.39,1201.64,1135.41,1198.91,196.3036,1610398799999,229572.6840131,1096,102.77965999999999,120490.5134605,0
2021-01-11 21:00:00,1199.04,1248.31,1182.22,1244.88,300.88973,1610400599999,367434.9580798,1384,189.13468,230854.366744,0
2021-01-11 21:30:00,1241.21,1250.0,1211.08,1230.0,252.64049,1610402399999,312282.0629602,1281,154.6068,191285.8182529,0
2021-01-11 22:00:00,1233.55,1278.81,1217.79,1277.73,189.53893,1610404199999,236044.65163829998,1153,112.69648000000001,140879.3700168,0
2021-01-11 22:30:00,1276.15,1338.25,1270.03,1337.57,344.73671,1610405999999,448065.6267458,1970,213.72692,278415.8577038,0
2021-01-11 23:00:00,1337.65,1415.61,1322.01,1372.26,698.28782,1610407799999,961953.3233531,3034,349.33142999999984,480724.0522804,0
2021-01-11 23:30:00,1372.27,1420.0,1323.2,1407.26,434.73117,1610409599999,599320.2979641999,2396,185.70553999999998,256250.03584219998,0
2021-01-12 00:00:00,1407.61,1412.07,1314.83,1323.2,646.43031,1610411399999,884679.6304973,3221,302.49764,414180.38944570004,0
2021-01-12 00:30:00,1325.35,1383.44,1315.74,1373.37,388.33155,1610413199999,527389.455296,1773,224.73402000000002,305065.0636153,0
2021-01-12 01:00:00,1373.69,1413.57,1368.32,1374.82,407.51291000000003,1610414999999,565831.5334909001,1807,217.25679,301787.4394195,0
2021-01-12 01:30:00,1376.83,1377.05,1331.4,1340.08,363.0041,1610416799999,490931.8954659,1603,191.85416999999998,259620.3041104,0
2021-01-12 02:00:00,1342.75,1357.51,1313.63,1337.15,286.52686,1610418599999,382479.31861859997,1380,144.96095,193726.8623536,0
2021-01-12 02:30:00,1335.57,1363.48,1327.2,1360.58,188.79765,1610420399999,253787.7706079,963,112.4705,151315.70676039995,0
2021-01-12 03:00:00,1360.52,1365.99,1323.78,1354.5,226.6659,1610422199999,304920.1069043,1356,98.93890999999999,133258.3346764,0
2021-01-12 03:30:00,1354.67,1366.36,1343.64,1354.96,234.96542000000002,1610423999999,318106.6995763,1330,163.07747,220870.86191110002,0
2021-01-12 04:00:00,1354.96,1432.0,1351.27,1414.79,479.64408,1610425799999,665143.4907274,2822,305.95111,424691.5009967,0
2021-01-12 04:30:00,1411.54,1465.75,1393.84,1464.84,537.15682,1610427599999,764176.8145064,3402,295.11584,419675.0474229,0
2021-01-12 05:00:00,1464.83,1535.0,1460.12,1534.95,807.47056,1610429399999,1210132.5426014,4169,452.36298,678119.4205128,0
2021-01-12 05:30:00,1534.92,1639.0,1531.43,1592.7,1758.50894,1610431199999,2801799.6446935004,7693,1006.2565,1604228.1605133999,0
2021-01-12 06:00:00,1592.21,1616.89,1539.51,1574.47,925.20445,1610432999999,1460408.4715053001,4746,498.31172999999995,787099.4321313001,0
2021-01-12 06:30:00,1575.94,1595.5,1532.25,1542.29,493.57865,1610434799999,771080.4094373,2561,305.60896,477834.90779130004,0
2021-01-12 07:00:00,1544.65,1554.14,1509.77,1512.24,540.59267,1610436599999,826526.24165,2206,249.41452,381577.9188906,0
2021-01-12 07:30:00,1512.05,1563.1,1488.32,1555.51,545.21281,1610438399999,834566.8149955,2537,331.61142,508283.53234790004,0
2021-01-12 08:00:00,1555.5,1570.84,1492.77,1525.12,412.85542999999996,1610440199999,631643.8134713001,2779,243.36186,372265.0404109,0
2021-01-12 08:30:00,1522.22,1548.38,1485.0,1502.13,313.91404,1610441999999,476270.19659969996,1785,147.80709,224148.68477639998,0
2021-01-12 09:00:00,1502.12,1519.81,1481.28,1498.43,213.12617000000003,1610443799999,320189.6598393,1114,112.0667,168478.2378916,0
2021-01-12 09:30:00,1496.85,1543.91,1496.85,1532.81,156.85408,1610445599999,240077.6388244,909,83.05634,127114.0502772,0
2021-01-12 10:00:00,1536.0,1544.42,1438.49,1441.16,324.1921,1610447399999,480993.4493921,1517,123.70732,183842.6495073,0
2021-01-12 10:30:00,1440.0,1490.38,1440.0,1472.72,353.00202,1610449199999,516950.0904895,1549,162.51922,237937.91543449997,0
2021-01-12 11:00:00,1472.06,1512.15,1472.06,1501.87,151.37206,1610450999999,226678.59838990003,772,90.90154,136035.0471348,0
2021-01-12 11:30:00,1498.62,1508.02,1473.81,1487.16,113.73721,1610452799999,169214.63116079994,738,64.36098,95768.1992377,0
2021-01-12 12:00:00,1488.12,1501.0,1456.94,1460.55,178.01716000000005,1610454599999,264131.3967321,829,72.30158,107543.32407249999,0
2021-01-12 12:30:00,1464.23,1481.32,1444.53,1467.15,199.13853,1610456399999,290265.76633220003,907,106.24771000000001,155027.2049721,0
2021-01-12 13:00:00,1469.58,1481.54,1430.0,1437.47,176.08562,1610458199999,255295.30159730001,894,81.90397,119109.79329189999,0
2021-01-12 13:30:00,1435.78,1440.88,1358.98,1363.3,463.02370999999994,1610459999999,649049.1297101,1562,182.47061000000002,255130.3460338,0
2021-01-12 14:00:00,1366.18,1425.04,1359.05,1368.38,410.04589,1610461799999,571440.4623199999,1423,196.27141,273609.2790805,0
2021-01-12 14:30:00,1369.65,1406.61,1346.91,1392.92,368.46097000000003,1610463599999,507537.33546400006,1598,168.31333999999995,232135.206219,0
2021-01-12 15:00:00,1391.81,1516.95,1391.81,1474.99,450.13229,1610465399999,650418.4848196,2048,282.02681,408410.03046750004,0
2021-01-12 15:30:00,1475.0,1475.0,1411.95,1416.91,403.03007,1610467199999,577663.7755385,1742,166.91318,239316.07532109998,0
2021-01-12 16:00:00,1417.98,1516.89,1417.98,1511.01,433.95710999999994,1610468999999,645482.3458199999,1617,237.44204,352537.8175916,0
2021-01-12 16:30:00,1508.37,1524.04,1467.43,1511.87,527.98779,1610470799999,792315.1386721998,2214,304.06019,456510.18584870006,0
2021-01-12 17:00:00,1513.87,1547.0,1494.35,1523.42,299.36944,1610472599999,456094.0002796,1557,153.00388,232988.6955865,0
2021-01-12 17:30:00,1522.99,1567.85,1521.84,1538.0,336.68352999999996,1610474399999,521272.0423253001,1342,189.74616,293819.9095022,0
2021-01-12 18:00:00,1538.0,1585.0,1532.11,1554.99,306.8479200000001,1610476199999,479539.6240777,1505,185.46908,289960.94470700005,0
2021-01-12 18:30:00,1554.98,1564.99,1508.62,1534.66,331.30516,1610477999999,508499.5480735,1583,175.77446,270039.1579492,0
2021-01-12 19:00:00,1534.57,1536.56,1490.3,1499.38,122.73013999999999,1610479799999,185654.7665302,731,55.084830000000004,83460.606581,0
2021-01-12 19:30:00,1500.24,1520.51,1473.82,1513.44,183.18881000000002,1610481599999,274239.0016815,1073,96.06113,144066.38679770002,0
2021-01-12 20:00:00,1511.94,1514.96,1473.81,1510.56,174.87377,1610483399999,261372.4727967,909,81.87829,122403.4491428,0
2021-01-12 20:30:00,1510.56,1554.4,1485.35,1534.97,362.57842999999997,1610485199999,553498.850869,1581,179.74755,274537.577865,0
2021-01-12 21:00:00,1534.94,1547.25,1512.74,1530.99,227.56427999999997,1610486999999,348869.99934559996,1095,132.56753,203388.2193225,0
2021-01-12 21:30:00,1527.17,1555.19,1500.0,1545.34,248.1835,1610488799999,378907.85819859995,1060,144.72522,220459.15130209998,0
2021-01-12 22:00:00,1545.37,1556.4,1512.29,1517.54,182.31725,1610490599999,280549.1197214,1112,89.35072,137842.9962005,0
2021-01-12 22:30:00,1517.51,1529.94,1486.54,1490.2,189.84900000000002,1610492399999,286858.8410232,1171,107.17472,162144.1619349,0
2021-01-12 23:00:00,1493.54,1494.38,1451.23,1470.89,285.96847,1610494199999,421705.5435868,1355,132.87499,196329.2833123,0
2021-01-12 23:30:00,1468.45,1491.93,1462.22,1489.82,150.25101999999995,1610495999999,221954.95628910002,804,90.17331,133223.4885932,0
2021-01-13 00:00:00,1486.58,1489.51,1417.48,1429.43,461.43194000000005,1610497799999,666966.7351571999,1845,213.77235,308894.8844326,0
2021-01-13 00:30:00,1426.87,1446.75,1380.5,1383.55,290.79867,1610499599999,411767.94052159996,1557,139.66996,198006.11032890002,0
2021-01-13 01:00:00,1390.97,1448.78,1388.62,1401.96,429.68989000000005,1610501399999,608628.0115205,1502,200.53104,285301.1634897,0
2021-01-13 01:30:00,1403.08,1436.16,1400.0,1428.22,281.43153,1610503199999,398482.5591188,1464,147.61301,209246.6932435,0
2021-01-13 02:00:00,1426.52,1449.99,1379.35,1415.11,413.77687000000003,1610504999999,583784.0980005,1689,212.42645,299870.89453590004,0
2021-01-13 02:30:00,1413.49,1433.55,1398.51,1412.94,240.4835,1610506799999,339891.2550529,1084,144.45068999999995,204123.66353470003,0
2021-01-13 03:00:00,1411.85,1468.64,1411.85,1460.01,255.02653999999998,1610508599999,368482.4062195,1161,140.2374,202691.1824637,0
2021-01-13 03:30:00,1461.84,1463.05,1431.19,1439.73,154.84814,1610510399999,224044.4551915,849,79.37083,114892.464869,0
2021-01-13 04:00:00,1439.16,1445.46,1425.42,1428.78,128.04713999999998,1610512199999,183355.8738908,761,40.12788,57573.9817215,0
2021-01-13 04:30:00,1426.93,1429.88,1400.75,1413.03,189.7202,1610513999999,267725.3137173,1271,87.15472,122965.43146440001,0
2021-01-13 05:00:00,1411.0,1431.0,1389.49,1402.86,161.93765,1610515799999,227823.8779119,852,63.20749,89207.2878959,0
2021-01-13 05:30:00,1400.67,1427.14,1387.07,1422.88,278.60472999999996,1610517599999,390539.9903125,1738,136.12783000000002,190702.3376477,0
2021-01-13 06:00:00,1423.78,1461.71,1423.78,1442.54,181.02837,1610519399999,261946.46634130002,1308,77.42612,111928.7455372,0
2021-01-13 06:30:00,1442.59,1454.53,1424.46,1435.92,105.8794,1610521199999,152751.855831,783,50.14476,72358.18695369999,0
2021-01-13 07:00:00,1437.19,1450.42,1427.75,1448.6,114.9912,1610522999999,165211.11602850002,886,67.27605,96737.8970921,0
2021-01-13 07:30:00,1447.95,1495.0,1447.95,1477.54,183.49542,1610524799999,270561.0033124,1198,121.99841,180088.8675698,0
2021-01-13 08:00:00,1478.11,1480.92,1449.34,1457.82,114.59316000000001,1610526599999,167456.26548499998,734,61.199619999999996,89431.3652212,0
2021-01-13 08:30:00,1457.77,1461.63,1443.64,1454.11,167.30686,1610528399999,243441.72650170003,1031,82.02686,119202.75579560001,0
2021-01-13 09:00:00,1454.02,1480.0,1454.02,1468.05,104.87325,1610530199999,153967.0991775,718,56.913940000000004,83561.4642532,0
2021-01-13 09:30:00,1468.99,1487.06,1440.0,1452.06,138.65196,1610531999999,202557.0673421,859,56.97297,83310.96359279999,0
2021-01-13 10:00:00,1451.31,1491.16,1449.99,1473.56,197.63284,1610533799999,291656.4679438,900,138.48332,204580.34300239998,0
2021-01-13 10:30:00,1472.92,1530.0,1454.47,1494.22,225.00511,1610535599999,333796.7991472,907,129.21283,192596.84626360002,0
2021-01-13 11:00:00,1494.22,1517.78,1470.56,1509.4,260.40467,1610537399999,390186.4065104,1537,139.87743999999998,209613.592318,0
2021-01-13 11:30:00,1511.81,1520.0,1441.7,1452.45,310.37351,1610539199999,460520.8632539,1384,121.61256999999999,180784.7918682,0
2021-01-13 12:00:00,1453.82,1470.94,1434.13,1466.9,229.50487,1610540999999,333624.8770775,1029,116.62392,169491.72278399998,0
2021-01-13 12:30:00,1465.35,1476.13,1450.0,1467.72,112.28047,1610542799999,164435.80035499998,764,52.0848,76275.7654295,0
2021-01-13 13:00:00,1468.42,1493.63,1459.6,1460.15,201.01327,1610544599999,296422.21846,1087,83.49844,123203.362474,0
2021-01-13 13:30:00,1463.85,1509.3,1461.89,1499.2,241.04167999999999,1610546399999,358533.1029046,1043,113.59613,168802.2538236,0
2021-01-13 14:00:00,1499.19,1540.31,1497.83,1507.6,592.44055,1610548199999,901357.9144937,2395,280.688,427157.4306825,0
2021-01-13 14:30:00,1507.55,1515.04,1475.26,1482.56,272.48728,1610549999999,408579.7330969001,1411,134.28818,201390.8695713,0
2021-01-13 15:00:00,1482.64,1494.66,1469.38,1492.72,162.63301,1610551799999,240901.39146890002,636,81.14211,120265.17910610001,0
2021-01-13 15:30:00,1493.1,1518.99,1483.62,1515.55,183.1562,1610553599999,274844.6468876,941,114.92098999999999,172422.16536920005,0
2021-01-13 16:00:00,1517.84,1524.72,1489.09,1495.28,240.93976,1610555399999,362233.1029777,1005,130.96816,196919.3858438,0
2021-01-13 16:30:00,1495.29,1514.89,1490.56,1514.48,142.25378999999995,1610557199999,213842.9047519,777,89.15742,134206.6158194,0
2021-01-13 17:00:00,1514.48,1515.84,1485.58,1500.17,161.92488,1610558999999,243233.70794330002,841,73.86215,111068.30644560001,0
2021-01-13 17:30:00,1500.84,1515.0,1498.37,1509.11,102.26366999999999,1610560799999,154063.58932370006,774,53.15362,80108.321836,0
2021-01-13 18:00:00,1505.63,1532.0,1491.05,1532.0,293.6092,1610562599999,444268.7061521,1204,141.19733,213838.1423924,0
2021-01-13 18:30:00,1532.0,1547.85,1516.33,1528.0,281.8119200000001,1610564399999,432658.64480179996,1366,158.81327,243898.4889506,0
2021-01-13 19:00:00,1525.33,1552.54,1516.8,1528.0,353.2707,1610566199999,542941.626092,1536,197.04245,303188.7243069,0
2021-01-13 19:30:00,1525.63,1545.05,1507.44,1531.04,217.06967000000003,1610567999999,331886.3385067,1303,141.23961,216008.6908739,0
2021-01-13 20:00:00,1533.86,1550.0,1513.84,1519.97,195.33351000000002,1610569799999,300543.4979283,1176,97.22278,149629.05233970002,0
2021-01-13 20:30:00,1518.16,1526.06,1498.53,1525.0,112.84448,1610571599999,170366.2062233,645,47.00058,71082.16979730001,0
2021-01-13 21:00:00,1522.49,1535.83,1512.12,1523.04,134.98162,1610573399999,205860.6940129,696,84.82540999999998,129401.895843,0
2021-01-13 21:30:00,1520.93,1535.49,1503.78,1529.16,161.86154,1610575199999,245913.8750585,1008,85.48293000000002,129974.9129228,0
2021-01-13 22:00:00,1532.27,1581.99,1526.09,1564.07,425.63212999999996,1610576999999,664158.8387174,1995,207.18571,322784.10878009995,0
2021-01-13 22:30:00,1564.99,1579.82,1521.6,1541.45,357.3936,1610578799999,554696.3906874,1472,173.90081999999995,270621.9245235,0
2021-01-13 23:00:00,1542.62,1578.94,1537.47,1558.79,179.9333,1610580599999,280530.5905665,881,100.15105,156304.42930750002,0
2021-01-13 23:30:00,1558.79,1562.78,1542.22,1546.0,151.12485,1610582399999,234112.3170341,766,76.10866,117886.1162967,0
2021-01-14 00:00:00,1547.18,1583.73,1546.03,1576.0,317.78961,1610584199999,498443.6448406,1609,162.08704,254482.308168,0
2021-01-14 00:30:00,1576.31,1578.98,1542.64,1558.39,212.18971000000002,1610585999999,331441.5304598,1316,100.21376,156723.5976475,0
2021-01-14 01:00:00,1558.39,1558.39,1522.45,1540.81,199.13298999999998,1610587799999,307010.0961384,1164,66.06793,101600.647529,0
2021-01-14 01:30:00,1540.81,1541.98,1516.42,1521.65,148.44397,1610589599999,227106.9601013,899,52.83758,80921.5250722,0
2021-01-14 02:00:00,1522.22,1526.74,1496.3,1505.27,153.77034,1610591399999,231532.77474159998,890,75.39549,113596.2432168,0
2021-01-14 02:30:00,1505.55,1530.0,1505.51,1523.0,116.73194,1610593199999,177746.2085735,460,50.7372,77256.8340205,0
2021-01-14 03:00:00,1523.6,1531.49,1511.6,1515.19,61.46453,1610594999999,93318.34268999999,395,41.296859999999995,62693.9245266,0
2021-01-14 03:30:00,1515.92,1521.13,1488.1,1492.12,147.57057,1610596799999,221769.23251810003,708,80.06676999999998,120500.1835283,0
2021-01-14 04:00:00,1494.21,1495.76,1476.97,1486.84,174.7374,1610598599999,259427.68543929997,750,90.91436999999999,134975.610896,0
2021-01-14 04:30:00,1486.84,1510.2,1480.96,1510.11,108.12788,1610600399999,161631.0299429,600,45.4665,68069.68112919999,0
2021-01-14 05:00:00,1509.92,1512.57,1493.1,1512.57,107.29471000000001,1610602199999,161336.5408787,484,67.56343000000001,101682.5821006,0
2021-01-14 05:30:00,1511.27,1524.7,1505.63,1514.14,67.84009,1610603999999,102854.3136271,467,39.3156,59644.87722230001,0
2021-01-14 06:00:00,1514.17,1528.25,1511.74,1519.71,108.15875,1610605799999,164529.2906151,497,43.33434000000001,65862.26651690001,0
2021-01-14 06:30:00,1521.03,1530.0,1515.68,1517.59,76.09145,1610607599999,115900.2860263,456,31.79396,48458.9132123,0
2021-01-14 07:00:00,1520.0,1545.81,1513.01,1542.25,117.57816000000001,1610609399999,180009.6936066,563,75.71200999999998,115898.23620769999,0
2021-01-14 07:30:00,1542.01,1552.18,1531.67,1533.73,104.6391,1610611199999,161252.1252721,686,55.1609,85056.35276889999,0
2021-01-14 08:00:00,1537.03,1552.19,1525.45,1529.34,137.75343,1610612999999,212024.3688736,672,73.04518,112458.1851905,0
2021-01-14 08:30:00,1529.35,1579.99,1528.98,1552.53,481.80307,1610614799999,752167.497943,1607,246.4101,384620.403239,0
2021-01-14 09:00:00,1552.46,1560.31,1510.0,1519.27,675.54201,1610616599999,1036452.9877638001,2528,384.0661,589441.3131946,0
2021-01-14 09:30:00,1518.18,1530.15,1503.61,1507.73,147.31964,1610618399999,223076.2784317,655,45.900220000000004,69698.52403300001,0
2021-01-14 10:00:00,1507.73,1534.73,1500.91,1528.05,147.81775,1610620199999,224945.0451462,695,89.24044,135935.2117627,0
2021-01-14 10:30:00,1527.71,1530.03,1510.49,1525.71,77.01791,1610621999999,117221.5093608,512,39.47115,60100.9894801,0
2021-01-14 11:00:00,1525.71,1529.97,1517.53,1519.54,72.6305,1610623799999,110703.1995339,377,29.07773,44371.5089223,0
2021-01-14 11:30:00,1520.08,1524.98,1517.15,1522.35,65.88883,1610625599999,100113.76705950001,368,21.7968,33154.4093817,0
2021-01-14 12:00:00,1522.35,1528.11,1502.0,1513.87,132.53759,1610627399999,200880.41875229997,730,51.19573,77686.08790739997,0
2021-01-14 12:30:00,1510.5,1535.99,1508.07,1529.9,72.72605,1610629199999,111160.66115010002,472,40.58467,62042.7947125,0
2021-01-14 13:00:00,1529.9,1540.65,1526.62,1534.9,95.06395,1610630999999,145955.36581920006,508,50.40576,77455.6435855,0
2021-01-14 13:30:00,1537.04,1544.5,1530.0,1539.73,116.3564,1610632799999,178946.4889895,596,67.07396,103203.3173339,0
2021-01-14 14:00:00,1536.83,1555.05,1535.77,1543.68,221.77648,1610634599999,343201.6622585,893,118.61711000000001,183500.23605089998,0
2021-01-14 14:30:00,1542.33,1556.95,1540.88,1550.0,184.44957,1610636399999,286172.9709303,696,93.49706,145091.460456,0
2021-01-14 15:00:00,1552.01,1552.01,1529.66,1544.89,172.87004,1610638199999,266315.9855889,791,95.17909,146614.52364149998,0
2021-01-14 15:30:00,1544.89,1545.49,1525.58,1525.84,118.29899999999999,1610639999999,181407.1955673,584,62.6794,96095.54848889999,0
2021-01-14 16:00:00,1529.53,1546.83,1518.88,1543.73,319.22231,1610641799999,488305.69297639997,1183,163.91661000000005,250645.9182413,0
2021-01-14 16:30:00,1543.43,1551.84,1532.76,1540.0,116.11218000000001,1610643599999,179006.82026029995,526,58.36489,89966.1497928,0
2021-01-14 17:00:00,1542.17,1573.94,1542.17,1567.6,403.44935,1610645399999,630325.482646,2024,222.35483,347352.519703,0
2021-01-14 17:30:00,1567.63,1639.8,1567.63,1620.0,1245.1074,1610647199999,2005407.4425909,4903,618.0609400000002,994539.4967937999,0
2021-01-14 18:00:00,1620.0,1676.53,1616.39,1673.72,529.91525,1610648999999,869565.4165604998,2406,225.91097000000002,371623.28082190006,0
2021-01-14 18:30:00,1675.79,1700.0,1636.44,1648.73,943.35554,1610650799999,1580975.3507987,5299,420.48990999999995,705206.6525410998,0
2021-01-14 19:00:00,1649.41,1672.49,1647.92,1658.4,286.27555,1610652599999,475272.19712880003,1776,103.92468000000001,172611.9474856,0
2021-01-14 19:30:00,1658.4,1710.47,1652.54,1691.9,396.99429,1610654399999,671031.3819535,1808,224.36558,379221.64255959995,0
2021-01-14 20:00:00,1689.01,1690.73,1634.66,1650.47,258.38317,1610656199999,429761.9147157,1657,135.68218000000002,225825.9520764,0
2021-01-14 20:30:00,1650.44,1652.1,1606.22,1611.38,274.85965,1610657999999,448652.44780100003,1395,127.24863,208026.3306582,0
2021-01-14 21:00:00,1610.95,1641.69,1527.75,1531.25,605.11314,1610659799999,953493.4114815,2305,276.14217,436170.4993356,0
2021-01-14 21:30:00,1530.63,1578.42,1517.63,1576.86,411.1753,1610661599999,636719.862985,1995,205.70337,318654.9851704001,0
2021-01-14 22:00:00,1576.83,1579.83,1543.03,1551.95,208.99211,1610663399999,326747.74482659996,1040,88.6693,138787.1539418,0
2021-01-14 22:30:00,1551.92,1579.52,1534.95,1564.0,165.52459,1610665199999,257957.20245220003,940,85.19875,132549.9041338,0
2021-01-14 23:00:00,1566.16,1575.61,1549.79,1552.57,87.58679000000002,1610666999999,136931.9261027,720,41.6202,65130.25297810001,0
2021-01-14 23:30:00,1552.57,1608.34,1545.66,1608.32,126.48589,1610668799999,199425.0856706,883,67.31231,106644.04791030001,0
2021-01-15 00:00:00,1608.3,1642.33,1595.06,1618.39,358.20877,1610670599999,581609.4622029,2046,198.2543,322259.22125059995,0
2021-01-15 00:30:00,1618.18,1638.91,1601.44,1613.35,288.14607,1610672399999,467098.40150129993,1164,124.05938,201072.7555225,0
2021-01-15 01:00:00,1613.4,1640.0,1609.03,1636.13,102.40722,1610674199999,166398.3465792,854,65.49615,106513.36160850001,0
2021-01-15 01:30:00,1634.34,1650.0,1562.0,1589.24,340.80419,1610675999999,548396.2663264,1918,138.75276000000002,223850.8362048,0
2021-01-15 02:00:00,1587.73,1598.75,1567.59,1590.31,68.23845,1610677799999,108103.73907449999,774,34.76078,55165.00297740001,0
2021-01-15 02:30:00,1590.18,1610.87,1578.26,1597.63,82.45748,1610679599999,131191.3668431,608,44.19644,70362.4621188,0
2021-01-15 03:00:00,1595.46,1604.32,1552.43,1559.03,192.05700000000002,1610681399999,301722.2753114,722,91.48371,143242.6730301,0
2021-01-15 03:30:00,1559.15,1580.26,1549.86,1572.76,129.71937,1610683199999,203665.66131199998,600,51.6839,81007.6920295,0
2021-01-15 04:00:00,1576.05,1582.24,1561.83,1576.6,59.27315,1610684999999,93272.6921667,403,33.90723,53395.446790099995,0
2021-01-15 04:30:00,1579.46,1595.49,1566.0,1568.18,137.66261,1610686799999,217004.15644499997,691,56.96449000000001,89792.4071037,0
2021-01-15 05:00:00,1566.0,1595.35,1556.02,1591.24,53.33331999999999,1610688599999,83894.749679,401,29.559490000000004,46545.6708109,0
2021-01-15 05:30:00,1591.0,1594.41,1530.0,1536.15,189.71795,1610690399999,296102.7795507,1134,77.18609000000002,120271.23549549999,0
2021-01-15 06:00:00,1538.16,1552.52,1496.7,1518.04,383.61635,1610692199999,582521.3333814,1701,174.57551999999995,264880.37146550004,0
2021-01-15 06:30:00,1520.1,1558.37,1518.41,1558.37,153.39573000000001,1610693999999,236059.28745300003,1038,89.87026,138361.73313120002,0
2021-01-15 07:00:00,1557.6,1568.01,1530.18,1568.01,141.56155,1610695799999,219187.6281455,1194,69.55019,107691.5830537,0
2021-01-15 07:30:00,1566.67,1568.01,1558.35,1568.01,91.77011999999999,1610697599999,143400.30178789998,557,48.365629999999996,75607.650613,0
2021-01-15 08:00:00,1567.93,1594.03,1555.0,1574.73,152.72261,1610699399999,240803.9044789,1018,61.55393,96852.0665912,0
2021-01-15 08:30:00,1574.11,1594.04,1561.0,1566.02,104.78388000000001,1610701199999,165122.1750958,865,51.67413,81596.09253039997,0
2021-01-15 09:00:00,1566.99,1582.52,1545.47,1579.04,113.09835,1610702999999,176587.65297189995,789,71.64286,111811.4297253,0
2021-01-15 09:30:00,1578.7,1596.15,1574.29,1593.31,124.46363000000001,1610704799999,197606.5095688,870,51.77701,82210.8637457,0
2021-01-15 10:00:00,1594.39,1607.38,1537.79,1553.19,321.37568,1610706599999,503968.8661948,1880,143.37257,225365.5193184,0
2021-01-15 10:30:00,1551.36,1565.17,1541.47,1561.19,163.48758,1610708399999,253710.64024779998,1182,69.85403000000001,108484.4131838,0
2021-01-15 11:00:00,1563.12,1572.34,1534.0,1541.1,154.5635,1610710199999,239212.56213389998,987,72.85519000000002,112833.54029949999,0
2021-01-15 11:30:00,1542.56,1553.05,1537.05,1544.86,101.66213,1610711999999,157080.3827678,644,63.37351999999999,97996.7227129,0
2021-01-15 12:00:00,1544.72,1548.2,1499.73,1503.06,228.48785,1610713799999,349492.8068573,1012,114.01361999999999,174466.7529742,0
2021-01-15 12:30:00,1500.32,1547.73,1500.0,1539.49,248.27135,1610715599999,377447.3325789,975,143.68183,218379.37324749999,0
2021-01-15 13:00:00,1535.76,1544.34,1512.78,1520.85,229.84042999999997,1610717399999,351248.94336020004,1238,116.06535,177248.16897189996,0
2021-01-15 13:30:00,1522.38,1553.02,1517.09,1549.62,123.06143,1610719199999,188714.0821042,696,61.62059,94621.1222099,0
2021-01-15 14:00:00,1552.24,1553.19,1520.61,1524.04,190.6258,1610720999999,292011.0225408,807,94.88601,145201.6063279,0
2021-01-15 14:30:00,1523.77,1528.27,1484.5,1499.32,263.00562,1610722799999,395007.035608,1260,108.91196000000001,163488.96118810002,0
2021-01-15 15:00:00,1496.0,1496.0,1460.51,1478.12,397.95378999999997,1610724599999,588260.0875077,1763,211.83604,313028.0895592,0
2021-01-15 15:30:00,1478.33,1490.38,1380.46,1406.76,578.26123,1610726399999,826352.3679598002,2224,271.36146,387437.9564576,0
2021-01-15 16:00:00,1406.49,1447.96,1339.8,1438.52,667.76226,1610728199999,932837.5863427001,2614,334.54919,467804.1826535,0
2021-01-15 16:30:00,1437.82,1469.82,1430.45,1469.82,314.13454,1610729999999,455346.50649750006,1079,146.66988,212770.91536520002,0
2021-01-15 17:00:00,1469.8,1474.25,1427.93,1473.48,151.68976,1610731799999,220499.7136355,808,78.12132,113565.6616563,0
2021-01-15 17:30:00,1473.0,1474.3,1444.42,1471.54,110.28867,1610733599999,161031.8334685,666,61.672259999999994,90044.68036619999,0
2021-01-15 18:00:00,1472.23,1516.6,1465.82,1501.03,184.41529,1610735399999,275975.6371802,1112,101.22301,151512.25239520002,0
2021-01-15 18:30:00,1497.13,1510.29,1433.0,1461.68,431.95032000000003,1610737199999,631946.9532103001,1626,203.94277,298701.8104085,0
2021-01-15 19:00:00,1464.14,1485.42,1442.0,1478.86,120.03438,1610738999999,176119.944077,484,70.57033,103502.34940339999,0
2021-01-15 19:30:00,1477.66,1483.0,1444.67,1446.41,149.38832,1610740799999,218546.8994584,653,73.7396,107885.1275165,0
2021-01-15 20:00:00,1449.72,1461.26,1430.7,1445.48,164.27405,1610742599999,237191.2257841,830,89.91486,129835.6816582,0
2021-01-15 20:30:00,1451.64,1465.0,1432.71,1462.91,93.46732,1610744399999,135711.4389435,454,54.23969,78859.2104661,0
2021-01-15 21:00:00,1464.61,1502.36,1456.62,1478.46,152.82991,1610746199999,225967.7633012,924,89.9387,133044.4324803,0
2021-01-15 21:30:00,1478.29,1489.89,1473.68,1483.2,72.45185,1610747999999,107426.83040420001,399,44.72228,66341.23683709999,0
2021-01-15 22:00:00,1484.99,1496.56,1460.92,1463.89,40.19536,1610749799999,59444.6654776,389,19.68931,29125.7424564,0
2021-01-15 22:30:00,1461.72,1488.26,1461.32,1481.68,123.13125,1610751599999,182027.2577629,592,57.6591,85329.0324265,0
2021-01-15 23:00:00,1485.87,1486.43,1468.28,1472.05,52.54211,1610753399999,77539.217196,340,24.12601,35648.2704597,0
2021-01-15 23:30:00,1472.05,1480.76,1465.18,1470.49,106.66645,1610755199999,157014.64822879998,518,56.25413,82804.5945133,0
2021-01-16 00:00:00,1471.88,1547.63,1471.58,1540.68,410.08127,1610756999999,623667.7845843,1815,220.87613,335477.6139839,0
2021-01-16 00:30:00,1540.68,1548.0,1515.42,1519.44,124.90156999999999,1610758799999,191341.84042720002,717,50.05749,76518.5516955,0
2021-01-16 01:00:00,1520.08,1538.94,1516.0,1525.76,77.68033,1610760599999,118484.5361851,424,39.53982,60325.5593166,0
2021-01-16 01:30:00,1527.0,1528.97,1480.06,1498.4,123.14362,1610762399999,184397.862909,748,62.14946,92991.5486202,0
2021-01-16 02:00:00,1495.91,1520.97,1490.97,1497.53,79.06688,1610764199999,118834.1055953,436,42.23295,63503.8896546,0
2021-01-16 02:30:00,1495.53,1497.28,1460.26,1472.98,87.56254,1610765999999,129453.89366700001,475,40.09717,59328.618012,0
2021-01-16 03:00:00,1472.68,1495.08,1465.03,1483.98,143.58286999999999,1610767799999,213034.456966,702,69.02288,102460.59372789999,0
2021-01-16 03:30:00,1482.93,1499.99,1468.21,1499.99,82.74365,1610769599999,122908.4394072,382,55.099180000000004,81969.7754151,0
2021-01-16 04:00:00,1499.82,1508.91,1485.28,1508.15,87.2116,1610771399999,130640.5750138,448,55.45698,83151.17045030001,0
2021-01-16 04:30:00,1508.92,1528.75,1498.6,1528.75,91.61310999999999,1610773199999,138991.9802928,560,38.20487,57965.9070911,0
2021-01-16 05:00:00,1526.43,1533.88,1489.24,1498.9,87.11169,1610774999999,131874.3711099,583,40.943490000000004,62109.33015830001,0
2021-01-16 05:30:00,1503.53,1503.53,1476.91,1494.78,75.25327,1610776799999,112264.92494489999,445,37.63443,56165.9414116,0
2021-01-16 06:00:00,1499.29,1526.9,1497.04,1524.73,116.85028999999999,1610778599999,176955.6514125,609,79.58968,120601.25638889999,0
2021-01-16 06:30:00,1523.57,1528.59,1503.15,1512.75,121.44195,1610780399999,184161.4292266,574,59.16339,89782.2006607,0
2021-01-16 07:00:00,1516.89,1540.81,1513.62,1538.49,129.90627,1610782199999,199058.19485070003,529,56.18609,86169.99547739999,0
2021-01-16 07:30:00,1537.89,1546.62,1529.83,1532.22,99.81835,1610783999999,153385.63411460002,578,42.05153,64624.3530147,0
2021-01-16 08:00:00,1534.56,1541.93,1509.61,1520.0,95.23236999999999,1610785799999,145474.7780719,494,44.592620000000004,68213.605071,0
2021-01-16 08:30:00,1520.0,1546.62,1520.0,1544.47,87.08225,1610787599999,133791.9418667,449,56.03045,86106.38389560001,0
2021-01-16 09:00:00,1541.85,1546.62,1519.41,1523.32,110.94951999999999,1610789399999,169777.46164579998,675,42.964459999999995,65787.4666957,0
2021-01-16 09:30:00,1526.68,1543.0,1522.36,1541.09,76.43786,1610791199999,117316.51379370001,442,48.04006,73755.2045835,0
2021-01-16 10:00:00,1542.96,1550.0,1531.2,1537.69,168.03766000000005,1610792999999,258405.66454559998,688,92.58379000000001,142411.0899958,0
2021-01-16 10:30:00,1537.82,1540.0,1513.35,1539.57,175.60823,1610794799999,267439.8556717,870,114.18623000000001,173956.8659472,0
2021-01-16 11:00:00,1541.87,1544.96,1530.0,1541.98,98.02293,1610796599999,150729.3872023,569,61.10151,94012.5726036,0
2021-01-16 11:30:00,1539.79,1541.77,1524.09,1532.26,121.28031999999999,1610798399999,186114.51096220003,573,64.93954000000001,99683.8952443,0
2021-01-16 12:00:00,1530.03,1539.92,1498.01,1504.7,153.88053,1610800199999,234717.3273236,719,77.80771,118736.900178,0
2021-01-16 12:30:00,1505.86,1550.0,1496.37,1545.92,193.67373,1610801999999,297520.4125228,906,123.4531,189889.23914320001,0
2021-01-16 13:00:00,1546.51,1571.38,1540.53,1570.0,121.11005,1610803799999,188621.3724915,827,61.567640000000004,95964.5417622,0
2021-01-16 13:30:00,1566.69,1576.28,1552.01,1563.72,130.50341,1610805599999,204265.3573815,827,61.724219999999995,96619.0195341,0
2021-01-16 14:00:00,1563.72,1569.09,1535.95,1538.0,126.76421,1610807399999,196193.20053820004,657,44.2869,68659.00695540001,0
2021-01-16 14:30:00,1538.31,1560.39,1534.0,1543.39,111.49266999999999,1610809199999,172753.244656,622,55.03259,85295.0279107,0
2021-01-16 15:00:00,1543.05,1558.33,1533.26,1540.16,89.81218,1610810999999,138525.7444365,481,45.755990000000004,70614.24673310001,0
2021-01-16 15:30:00,1543.24,1585.4,1540.19,1583.99,190.20363,1610812799999,299515.62176540005,1138,89.77516999999996,141299.87937470002,0
2021-01-16 16:00:00,1584.0,1619.58,1548.79,1604.61,503.30793,1610814599999,800923.0450401,2382,291.45029,464094.04173590004,0
2021-01-16 16:30:00,1604.6,1604.83,1568.77,1580.22,208.90448999999998,1610816399999,331534.2964095,926,110.84935,175924.93896,0
2021-01-16 17:00:00,1575.79,1582.03,1549.44,1570.0,169.68576000000004,1610818199999,265488.0230662,1072,115.86089,181373.3273665,0
2021-01-16 17:30:00,1569.89,1587.02,1559.75,1565.14,164.98574,1610819999999,259685.5676205,1110,101.52486999999999,159921.95111320002,0
2021-01-16 18:00:00,1563.46,1564.2,1542.87,1560.92,111.52453,1610821799999,173257.0185345,1011,67.28001,104521.26397089999,0
2021-01-16 18:30:00,1560.92,1566.0,1498.69,1502.8,272.586,1610823599999,418138.5067967,1339,143.07696,220203.4513777,0
2021-01-16 19:00:00,1502.71,1550.0,1492.78,1520.7,287.30163,1610825399999,435942.4970573,1285,172.87786,262623.8533655,0
2021-01-16 19:30:00,1520.79,1537.18,1512.23,1528.18,143.0621,1610827199999,217849.6832592,1079,82.59861,125774.17394070001,0
2021-01-16 20:00:00,1524.49,1555.33,1519.6,1555.33,155.98083,1610828999999,239268.8247735,1086,101.18294,155309.7624533,0
2021-01-16 20:30:00,1555.32,1561.23,1533.48,1560.24,128.3138,1610830799999,199037.193035,953,81.65505,126726.13891239998,0
2021-01-16 21:00:00,1560.7,1560.7,1511.01,1513.97,161.98538,1610832599999,248591.5440097,918,75.66373,116126.60291139998,0
2021-01-16 21:30:00,1514.0,1514.03,1467.06,1506.91,423.29554,1610834399999,630880.8824924,1659,194.10468999999998,289511.0757902,0
2021-01-16 22:00:00,1505.88,1525.0,1446.94,1476.0,946.78894,1610836199999,1407265.7081056999,2574,532.41962,790928.2927444,0
2021-01-16 22:30:00,1476.11,1501.19,1476.11,1492.03,72.43516,1610837999999,107783.00886460001,463,33.59961,50039.238678300004,0
2021-01-16 23:00:00,1486.94,1496.89,1473.65,1479.83,105.68711,1610839799999,157120.7817666,469,42.71255,63443.166550600006,0
2021-01-16 23:30:00,1479.03,1497.85,1471.36,1484.61,117.9458,1610841599999,175597.06625220002,740,55.1076,82064.8497496,0
2021-01-17 00:00:00,1482.0,1484.97,1440.46,1484.97,319.7395,1610843399999,467023.4032509,1201,143.23103999999995,209455.4603352,0
2021-01-17 00:30:00,1481.84,1505.88,1475.74,1498.24,139.22288999999998,1610845199999,207714.4456071,731,91.29171,136215.5942592,0
2021-01-17 01:00:00,1497.96,1497.96,1462.23,1475.7,143.65464,1610846999999,212110.3030144,745,63.82025,94313.1508233,0
2021-01-17 01:30:00,1475.58,1494.84,1457.9,1490.91,143.80853000000005,1610848799999,211741.13256620002,634,53.025209999999994,77988.816049,0
2021-01-17 02:00:00,1490.83,1514.69,1489.32,1503.93,107.24696000000002,1610850599999,160937.9337329,547,73.78193,110763.3179684,0
2021-01-17 02:30:00,1503.94,1507.21,1471.07,1476.82,138.92035,1610852399999,206350.67946020002,618,47.09511,70047.0382785,0
2021-01-17 03:00:00,1476.96,1494.97,1471.01,1488.78,51.68288,1610854199999,76616.484261,427,32.01417,47419.8669205,0
2021-01-17 03:30:00,1488.72,1491.03,1467.36,1486.61,107.27767,1610855999999,158379.974881,609,61.30913,90466.55559260001,0
2021-01-17 04:00:00,1485.79,1501.11,1480.0,1501.11,67.71706,1610857799999,101124.6855848,472,36.98296,55217.92121830001,0
2021-01-17 04:30:00,1501.29,1505.38,1465.0,1470.78,94.68037,1610859599999,140499.2055784,663,43.34422,64382.75849269999,0
2021-01-17 05:00:00,1470.91,1481.66,1451.18,1469.42,144.55383,1610861399999,212252.2319308,799,75.88266,111434.26441889998,0
2021-01-17 05:30:00,1468.11,1480.78,1456.98,1465.89,148.1414,1610863199999,217461.25456670002,610,54.917559999999995,80610.19659600001,0
2021-01-17 06:00:00,1462.55,1482.0,1452.5,1461.93,153.06018999999995,1610864999999,223997.94597660002,676,68.43097,100275.11583610001,0
2021-01-17 06:30:00,1462.69,1483.25,1453.89,1480.49,99.0899,1610866799999,145567.9147334,537,56.73881,83341.3560022,0
2021-01-17 07:00:00,1478.41,1480.44,1455.94,1460.92,93.24485,1610868599999,136947.7100928,523,39.08102,57381.76421080001,0
2021-01-17 07:30:00,1460.99,1460.99,1424.38,1445.0,224.03052000000002,1610870399999,323403.9863456,1376,84.76165999999998,122234.51990680001,0
2021-01-17 08:00:00,1443.44,1453.76,1425.54,1453.29,161.99705,1610872199999,232573.1150828,1412,45.64888,65590.4142141,0
2021-01-17 08:30:00,1453.29,1457.73,1425.71,1449.12,151.51936,1610873999999,218090.99959439997,1358,55.29716,79650.8259003,0
2021-01-17 09:00:00,1449.29,1480.0,1444.35,1455.88,123.51076,1610875799999,180911.5635742,843,60.126619999999996,88129.9788011,0
2021-01-17 09:30:00,1455.87,1462.73,1430.07,1433.84,189.78572,1610877599999,274020.9044043,1506,78.02521999999998,112667.22479739999,0
2021-01-17 10:00:00,1432.58,1469.12,1420.0,1465.85,168.02575,1610879399999,243155.27895900002,1167,83.31503000000002,120590.3542688,0
2021-01-17 10:30:00,1465.28,1480.0,1457.89,1478.54,91.82149,1610881199999,134781.66977550002,571,44.60058,65480.3253381,0
2021-01-17 11:00:00,1474.5,1485.25,1463.19,1477.33,49.05227,1610882999999,72413.0940978,380,21.39777,31585.8355467,0
2021-01-17 11:30:00,1477.47,1480.23,1459.55,1466.04,305.29238,1610884799999,448218.29370929993,812,247.25364,363094.7125106,0
2021-01-17 12:00:00,1466.42,1469.0,1457.28,1463.67,79.68826,1610886599999,116634.34686700001,358,32.913959999999996,48235.1525817,0
2021-01-17 12:30:00,1466.22,1466.22,1445.77,1455.02,52.2882,1610888399999,76159.5981459,395,16.22007,23625.8791398,0
2021-01-17 13:00:00,1455.62,1469.0,1448.92,1460.69,98.93768,1610890199999,144501.2778376,452,46.95724000000001,68609.81897929999,0
2021-01-17 13:30:00,1463.59,1467.95,1433.48,1436.81,67.40961999999999,1610891999999,97587.15611499999,411,29.282759999999996,42350.1402936,0
2021-01-17 14:00:00,1437.09,1456.04,1425.01,1447.45,202.84666,1610893799999,291785.7562164,1240,108.9105,156752.28579529998,0
2021-01-17 14:30:00,1445.97,1460.78,1442.96,1447.69,67.3214,1610895599999,97820.483763,614,23.33383,33949.6679358,0
2021-01-17 15:00:00,1443.72,1469.0,1443.72,1469.0,118.21446,1610897399999,172371.72729029998,870,64.15564,93730.5640755,0
2021-01-17 15:30:00,1469.0,1469.0,1454.41,1465.35,73.2316,1610899199999,107292.75716010001,428,40.93274,60040.8146217,0
2021-01-17 16:00:00,1467.42,1469.0,1458.0,1462.29,105.47415,1610900999999,154358.32818039999,488,68.70154000000001,100522.6824275,0
2021-01-17 16:30:00,1466.53,1477.65,1459.27,1471.52,228.62736,1610902799999,335588.72398859996,875,133.51545,195998.7765339,0
2021-01-17 17:00:00,1472.12,1476.96,1466.89,1470.25,49.545120000000004,1610904599999,72901.219912,312,30.661659999999998,45124.963989699994,0
2021-01-17 17:30:00,1470.23,1470.23,1460.13,1466.24,82.50375,1610906399999,120911.1568852,605,41.1806,60388.16226900001,0
2021-01-17 18:00:00,1466.5,1470.35,1460.75,1463.08,22.12196,1610908199999,32398.7527704,218,10.2582,15035.043682799998,0
2021-01-17 18:30:00,1465.49,1472.63,1460.75,1463.06,47.31116,1610909999999,69394.5455543,274,20.10574,29515.3283135,0
2021-01-17 19:00:00,1463.06,1476.81,1460.41,1463.48,125.12376,1610911799999,183615.4725231,587,70.4445,103487.1913608,0
2021-01-17 19:30:00,1463.51,1464.7,1434.29,1446.15,102.16159,1610913599999,148255.8749736,732,38.891009999999994,56459.1782623,0
2021-01-17 20:00:00,1448.17,1465.39,1444.75,1452.77,80.08807,1610915399999,116570.8317556,475,43.22798,63012.7632084,0
2021-01-17 20:30:00,1452.77,1461.56,1447.13,1459.99,38.36247,1610917199999,55804.9641059,514,18.65186,27156.6455884,0
2021-01-17 21:00:00,1460.0,1481.88,1447.96,1481.88,150.24933000000001,1610918999999,219786.71350900002,710,79.52634,116603.1586622,0
2021-01-17 21:30:00,1481.88,1486.68,1474.52,1483.35,83.17798,1610920799999,123351.5867853,545,40.32546,59839.2311266,0
2021-01-17 22:00:00,1486.75,1488.18,1461.25,1468.91,86.63954,1610922599999,127897.1132919,544,27.705029999999997,40938.631038499996,0
2021-01-17 22:30:00,1468.91,1480.0,1459.48,1467.06,93.61425,1610924399999,137749.6874401,492,60.23608,88605.85305789998,0
2021-01-17 23:00:00,1469.57,1479.65,1459.96,1470.0,81.25237,1610926199999,119345.85851749999,494,49.15775,72158.5121738,0
2021-01-17 23:30:00,1469.99,1469.99,1437.0,1447.67,116.64817,1610927999999,168916.4765061,721,51.47707,74558.6930729,0
2021-01-18 00:00:00,1447.66,1457.57,1430.0,1448.5,255.75655,1610929799999,368736.1906024,1428,73.14241,105666.237907,0
2021-01-18 00:30:00,1445.9,1455.02,1435.05,1447.87,86.69666,1610931599999,125130.63191210001,479,38.19299,55146.88954110001,0
2021-01-18 01:00:00,1448.19,1448.19,1426.37,1433.69,54.51156999999999,1610933399999,78249.7714402,420,25.89604,37179.709428300004,0
2021-01-18 01:30:00,1435.94,1455.86,1434.98,1440.42,74.72507,1610935199999,108118.13504200001,448,42.44805,61488.6536974,0
2021-01-18 02:00:00,1440.47,1450.7,1432.19,1439.16,117.17965,1610936999999,168689.84466429998,614,53.230030000000006,76729.0528807,0
2021-01-18 02:30:00,1440.65,1445.91,1420.0,1422.37,87.78851999999998,1610938799999,125434.32600999999,466,32.1792,46041.8917679,0
2021-01-18 03:00:00,1422.24,1433.33,1385.58,1389.84,200.06062,1610940599999,281334.87689970003,971,86.9094,122224.8101368,0
2021-01-18 03:30:00,1389.83,1400.15,1380.0,1391.51,196.78111,1610942399999,273466.7033616,1107,102.07927,141930.9146455,0
2021-01-18 04:00:00,1391.53,1418.4,1389.0,1417.01,49.05898,1610944199999,68840.02270389999,403,32.3353,45342.018001899996,0
2021-01-18 04:30:00,1417.21,1417.21,1390.89,1404.96,81.52486999999998,1610945999999,114363.0415783,533,35.38746,49620.3784922,0
2021-01-18 05:00:00,1402.89,1414.99,1394.32,1396.22,92.98756999999999,1610947799999,130456.6434098,395,59.39127,83252.3997452,0
2021-01-18 05:30:00,1394.9,1435.47,1388.74,1424.85,137.48414,1610949599999,194070.9000325,919,76.50003000000002,108119.145795,0
2021-01-18 06:00:00,1423.57,1426.48,1413.68,1421.18,117.10273000000001,1610951399999,166363.5120814,537,60.44659,85891.9304799,0
2021-01-18 06:30:00,1420.06,1422.68,1408.74,1418.35,60.02343000000001,1610953199999,85016.93709289999,464,29.54512,41864.68518730001,0
2021-01-18 07:00:00,1419.5,1448.24,1419.49,1443.77,62.35319000000001,1610954999999,89551.0605672,415,38.56605,55304.6815684,0
2021-01-18 07:30:00,1446.48,1455.8,1443.75,1455.25,84.51191,1610956799999,122527.99645869998,447,41.131859999999996,59608.425700600004,0
2021-01-18 08:00:00,1453.3,1459.88,1445.26,1452.46,125.62375,1610958599999,182557.3187607,565,77.76918,113066.80354260001,0
2021-01-18 08:30:00,1452.63,1456.23,1442.52,1453.54,80.15987,1610960399999,116198.56911760001,464,35.0184,50777.7405067,0
2021-01-18 09:00:00,1453.52,1472.74,1448.91,1453.85,154.60346,1610962199999,225279.1631113,810,108.12483999999999,157634.3853395,0
2021-01-18 09:30:00,1453.74,1459.37,1450.59,1455.03,64.08633,1610963999999,93281.907559,542,46.55028,67777.77238159999,0
2021-01-18 10:00:00,1454.87,1456.2,1436.0,1440.95,80.89482,1610965799999,116943.0598075,694,55.60641,80434.75229019999,0
2021-01-18 10:30:00,1439.75,1444.28,1434.01,1437.6,46.66199,1610967599999,67150.5805298,365,19.985879999999998,28783.447517900004,0
2021-01-18 11:00:00,1439.84,1440.34,1421.75,1435.32,86.0608,1610969399999,123324.35320639999,475,27.979290000000002,39992.5981418,0
2021-01-18 11:30:00,1435.33,1451.12,1423.31,1435.21,69.93313,1610971199999,100470.6462383,491,37.18812,53408.8142499,0
2021-01-18 12:00:00,1438.45,1455.3,1434.26,1437.84,98.53317,1610972999999,142623.4129389,716,49.08994000000001,71072.0907009,0
2021-01-18 12:30:00,1437.74,1457.65,1437.07,1446.67,90.36792,1610974799999,130716.0845355,626,54.85085,79361.0259995,0
2021-01-18 13:00:00,1447.26,1456.0,1445.08,1448.99,54.5017,1610976599999,79046.0672712,357,26.98097000000001,39128.71940169999,0
2021-01-18 13:30:00,1450.11,1457.0,1447.89,1447.89,36.24288,1610978399999,52677.29017,291,16.09295,23410.706438499998,0
2021-01-18 14:00:00,1447.36,1456.71,1445.66,1453.4,61.44996,1610980199999,89174.101553,564,35.18125,51086.570941800004,0
2021-01-18 14:30:00,1451.2,1451.2,1422.13,1437.36,146.42531,1610981999999,210536.3129946,901,82.78195,119038.4687494,0
2021-01-18 15:00:00,1440.06,1447.88,1429.79,1435.98,101.49141999999999,1610983799999,146088.8800579,522,36.72892,52899.461798300006,0
2021-01-18 15:30:00,1433.47,1435.98,1412.0,1424.83,170.20212,1610985599999,242311.47386020003,1054,86.49779000000002,123125.7751328,0
2021-01-18 16:00:00,1424.85,1434.15,1394.59,1411.72,204.08175,1610987399999,287653.9404895,1052,95.90058,135280.68595480002,0
2021-01-18 16:30:00,1414.56,1419.7,1398.75,1409.06,72.59262,1610989199999,102373.4875562,592,41.47482,58512.2804143,0
2021-01-18 17:00:00,1408.67,1417.88,1362.81,1385.01,330.2440200000001,1610990999999,457485.6097231,1416,156.31235,216945.2823631,0
2021-01-18 17:30:00,1386.18,1401.71,1385.07,1394.25,151.00763,1610992799999,210537.399023,903,85.72899,119499.0554394,0
2021-01-18 18:00:00,1394.24,1401.84,1387.61,1401.84,87.10338,1610994599999,121609.21848769998,421,59.85703,83609.70989510001,0
2021-01-18 18:30:00,1400.39,1407.6,1394.0,1397.5,84.259,1610996399999,118069.26042610001,348,44.531909999999996,62417.471257200006,0
2021-01-18 19:00:00,1398.0,1411.81,1395.41,1411.13,31.6242,1610998199999,44375.86350380001,272,15.449829999999999,21692.696995200004,0
2021-01-18 19:30:00,1408.14,1412.0,1400.31,1411.98,58.83799000000001,1610999999999,82809.3759398,444,23.688029999999998,33374.4779378,0
2021-01-18 20:00:00,1410.42,1416.54,1409.09,1416.54,25.10013,1611001799999,35486.6098269,205,15.22535,21536.5984963,0
2021-01-18 20:30:00,1416.53,1420.24,1409.15,1415.05,34.12316,1611003599999,48245.1019595,314,19.63562,27779.048172900002,0
2021-01-18 21:00:00,1412.72,1417.41,1406.35,1408.0,46.74143,1611005399999,65958.3062087,277,33.229420000000005,46898.59459150001,0
2021-01-18 21:30:00,1408.0,1413.58,1395.66,1399.97,92.87767,1611007199999,130334.1837708,534,45.64501,64070.07681569999,0
2021-01-18 22:00:00,1400.0,1403.94,1398.58,1403.53,25.995079999999998,1611008999999,36426.4080932,187,14.075420000000001,19732.881873299997,0
2021-01-18 22:30:00,1404.0,1409.39,1401.62,1402.08,23.14236,1611010799999,32509.150186400002,151,13.52314,19011.4198775,0
2021-01-18 23:00:00,1402.42,1416.11,1402.42,1414.16,21.23641,1611012599999,29899.630703900002,192,8.682310000000001,12240.7059286,0
2021-01-18 23:30:00,1414.48,1427.16,1409.27,1422.04,68.64232,1611014399999,97411.7661725,447,36.89049,52322.2567268,0
2021-01-19 00:00:00,1423.7,1431.59,1416.19,1417.66,71.05521999999998,1611016199999,101148.480749,547,37.47802,53371.989381,0
2021-01-19 00:30:00,1421.0,1425.31,1411.49,1421.02,38.380309999999994,1611017999999,54456.3322636,363,22.43674,31851.1519916,0
2021-01-19 01:00:00,1421.02,1442.72,1416.15,1440.45,147.08767,1611019799999,210647.578015,799,64.35194,92208.02069969999,0
2021-01-19 01:30:00,1439.99,1448.26,1421.44,1421.44,615.80983,1611021599999,889089.4511892998,1284,494.66587999999996,714667.5482196,0
2021-01-19 02:00:00,1421.43,1426.1,1406.0,1414.51,190.00683,1611023399999,268807.8546,774,93.99509,133024.2733583,0
2021-01-19 02:30:00,1411.56,1427.58,1410.31,1425.74,27.4984,1611025199999,39110.6426435,237,13.13776,18706.855872099997,0
2021-01-19 03:00:00,1425.74,1428.54,1411.53,1415.05,78.23164,1611026999999,111174.7444714,465,38.11708,54128.1947575,0
2021-01-19 03:30:00,1417.05,1428.65,1412.74,1424.13,33.33931,1611028799999,47391.376338199996,300,14.84954,21117.125864200007,0
2021-01-19 04:00:00,1426.6,1434.32,1422.0,1422.15,30.0054,1611030599999,42898.5273508,290,17.86739,25556.8088059,0
2021-01-19 04:30:00,1425.41,1436.84,1413.62,1418.13,129.71799,1611032399999,185285.11809089998,366,54.79593000000001,78338.3855776,0
2021-01-19 05:00:00,1418.42,1433.4,1415.94,1431.56,97.27887,1611034199999,138632.01659120002,550,48.8935,69700.4790103,0
2021-01-19 05:30:00,1429.42,1438.9,1420.59,1423.29,43.18762,1611035999999,61749.752208599995,345,18.80368,26907.050101200002,0
2021-01-19 06:00:00,1422.99,1443.34,1422.99,1443.25,49.8288,1611037799999,71556.1582773,377,31.295170000000002,44972.4961585,0
2021-01-19 06:30:00,1443.19,1444.99,1425.9,1443.83,133.11446999999998,1611039599999,191515.9884839,682,49.563309999999994,71341.6007598,0
2021-01-19 07:00:00,1441.39,1446.0,1437.53,1446.0,199.3621,1611041399999,287859.2746107,741,117.12363,169215.31989749998,0
2021-01-19 07:30:00,1445.99,1458.9,1437.03,1457.4,214.17275,1611043199999,309836.3683968,935,135.71533,196363.8484905,0
2021-01-19 08:00:00,1457.4,1478.45,1457.4,1476.17,195.75988999999998,1611044999999,287452.4744675,1062,88.71701999999998,130360.34748669999,0
2021-01-19 08:30:00,1475.0,1498.24,1475.0,1490.0,248.33057999999997,1611046799999,369714.88184509997,1385,132.41079,197170.8332482,0
2021-01-19 09:00:00,1491.99,1532.69,1491.99,1507.47,410.43436,1611048599999,621268.4722511,2126,188.57021,285227.5121183,0
2021-01-19 09:30:00,1508.99,1514.94,1488.88,1500.11,258.95212000000004,1611050399999,388645.50295349996,1468,118.67532,178139.5643264,0
2021-01-19 10:00:00,1500.11,1512.64,1500.11,1500.26,178.30327,1611052199999,268114.6323712,736,65.95501,99259.74558460001,0
2021-01-19 10:30:00,1502.58,1502.67,1472.45,1489.8,226.72027999999997,1611053999999,337214.45299170003,1099,92.62886999999999,137511.2929432,0
2021-01-19 11:00:00,1491.31,1499.48,1482.13,1491.84,116.01241,1611055799999,172933.5401639,748,60.9838,90950.1209422,0
2021-01-19 11:30:00,1492.93,1512.2,1485.01,1510.3,197.03641000000002,1611057599999,295658.4057277,1061,95.72665,143713.03240710002,0
2021-01-19 12:00:00,1508.5,1525.57,1495.0,1510.57,333.47651,1611059399999,503533.2113790999,1447,177.90951,268765.2901075,0
2021-01-19 12:30:00,1509.95,1519.17,1498.68,1503.1,146.16027,1611061199999,220545.40933270002,898,63.5856,95921.4383713,0
2021-01-19 13:00:00,1504.37,1516.92,1501.09,1501.15,121.51153000000001,1611062999999,183339.8834504,665,63.468090000000004,95789.1831254,0
2021-01-19 13:30:00,1501.16,1507.32,1491.39,1504.07,165.7823,1611064799999,248531.10509820003,1046,75.91145999999998,113855.54668399999,0
2021-01-19 14:00:00,1503.89,1509.48,1469.42,1470.72,135.82324,1611066599999,201660.18263559998,984,38.53684000000001,57241.084540100004,0
2021-01-19 14:30:00,1471.41,1489.13,1471.41,1480.0,76.20468000000002,1611068399999,112877.83115469999,537,35.42781,52489.8648111,0
2021-01-19 15:00:00,1480.0,1481.02,1453.82,1463.94,153.9779,1611070199999,225794.58941020002,712,61.76125,90634.08538130001,0
2021-01-19 15:30:00,1463.99,1476.48,1463.99,1473.96,84.03209,1611071999999,123671.3449315,417,32.17385,47341.40800990001,0
2021-01-19 16:00:00,1477.76,1487.8,1473.88,1481.1,119.76188,1611073799999,177439.887553,584,55.24524,81889.4097467,0
2021-01-19 16:30:00,1479.01,1486.0,1473.0,1484.11,57.54128000000001,1611075599999,85097.07999289999,356,31.451940000000004,46532.3971268,0
2021-01-19 17:00:00,1483.34,1487.88,1473.85,1473.85,32.10038,1611077399999,47510.45805940001,400,11.32545,16774.6744264,0
2021-01-19 17:30:00,1477.26,1486.0,1470.61,1470.61,70.85868,1611079199999,104892.5136309,467,37.01181,54849.0960576,0
2021-01-19 18:00:00,1470.62,1478.73,1440.39,1443.44,268.65877,1611080999999,390339.9283184,2174,55.53646,80959.53028939999,0
2021-01-19 18:30:00,1444.23,1447.72,1402.67,1406.43,173.3655,1611082799999,247217.19035669998,1295,75.36443,107526.1959257,0
2021-01-19 19:00:00,1408.13,1425.8,1400.0,1409.86,197.05908,1611084599999,278623.02271620004,953,103.88683,147007.1432208,0
2021-01-19 19:30:00,1409.86,1425.84,1397.82,1420.48,148.73547,1611086399999,209794.01727470002,784,72.62926999999998,102570.4506071,0
2021-01-19 20:00:00,1417.39,1427.79,1405.87,1420.3,130.72194,1611088199999,185337.14885010003,770,47.2553,66986.5336747,0
2021-01-19 20:30:00,1418.47,1442.83,1418.45,1442.31,28.8924,1611089999999,41402.6456006,285,16.094620000000006,23049.357851900004,0
2021-01-19 21:00:00,1442.31,1454.93,1439.6,1440.94,65.80754,1611091799999,95218.36563160001,520,29.10577,42125.340133800004,0
2021-01-19 21:30:00,1440.04,1455.31,1438.43,1448.0,38.99215,1611093599999,56438.55086719999,323,22.93095,33185.0892763,0
2021-01-19 22:00:00,1448.0,1456.69,1440.6,1445.0,37.37063,1611095399999,54206.05863180001,319,21.23884,30833.50470780001,0
2021-01-19 22:30:00,1445.0,1451.27,1439.71,1440.12,31.925620000000002,1611097199999,46189.30536750001,193,16.218429999999998,23472.4587815,0
2021-01-19 23:00:00,1444.11,1450.5,1429.48,1430.67,63.13482,1611098999999,91061.9005325,383,45.73799,66000.23653960001,0
2021-01-19 23:30:00,1431.14,1439.69,1403.39,1407.2,77.30543,1611100799999,110000.27154589999,581,34.8647,49650.6198939,0
2021-01-20 00:00:00,1403.0,1442.06,1389.81,1435.29,140.92904,1611102599999,199282.88034200002,799,69.16436999999999,97987.2666997,0
2021-01-20 00:30:00,1431.01,1443.47,1421.64,1435.55,48.01728,1611104399999,68781.62905539999,340,30.23453,43323.318081699996,0
2021-01-20 01:00:00,1436.37,1436.4,1414.38,1416.44,50.56118,1611106199999,72216.7933984,337,16.16889,23057.6604517,0
2021-01-20 01:30:00,1413.68,1431.6,1406.88,1420.51,57.4479,1611107999999,81416.00508130001,396,37.2364,52802.7105324,0
2021-01-20 02:00:00,1418.77,1418.77,1400.0,1404.26,127.64353,1611109799999,179510.4150518,570,60.01633,84383.0081492,0
2021-01-20 02:30:00,1407.28,1424.6,1405.48,1423.69,50.632459999999995,1611111599999,71699.0847122,465,26.228240000000003,37121.3146602,0
2021-01-20 03:00:00,1423.68,1430.1,1397.52,1403.78,111.2432,1611113399999,157512.6745172,632,49.187,69693.43942519999,0
2021-01-20 03:30:00,1401.68,1407.52,1374.96,1385.16,241.99854,1611115199999,335626.1471259,877,109.14723000000001,151582.92150899998,0
2021-01-20 04:00:00,1385.15,1392.66,1360.68,1386.17,169.09468999999999,1611116999999,233497.64046999998,778,73.41585,101362.74733099999,0
2021-01-20 04:30:00,1388.32,1393.74,1375.22,1391.45,111.29274,1611118799999,153954.7332671,461,52.99165,73241.63315639997,0
2021-01-20 05:00:00,1390.38,1405.85,1387.08,1405.85,44.8473,1611120599999,62659.1769099,306,12.913030000000001,18054.0442507,0
2021-01-20 05:30:00,1402.64,1411.5,1379.13,1408.35,98.68669,1611122399999,137384.399179,560,49.59559,68975.61483139999,0
2021-01-20 06:00:00,1407.92,1414.2,1395.78,1404.68,94.84652,1611124199999,133289.60842899999,521,35.32882,49597.4958144,0
2021-01-20 06:30:00,1407.61,1407.62,1383.41,1387.14,69.55268000000001,1611125999999,97146.7863371,481,37.24828,52033.3744466,0
2021-01-20 07:00:00,1388.35,1396.0,1358.33,1380.43,463.80169000000006,1611127799999,637802.538577,1402,273.49764,376120.8013676,0
2021-01-20 07:30:00,1382.75,1392.14,1368.51,1368.51,103.12876,1611129599999,142318.1406975,644,56.42619000000001,77876.1398079,0
2021-01-20 08:00:00,1368.0,1375.62,1358.31,1367.57,152.58924,1611131399999,208462.03916,833,77.05597,105308.38930560001,0
2021-01-20 08:30:00,1370.22,1380.93,1360.71,1365.44,154.56524,1611133199999,211664.84257729998,739,86.23959,118194.20971260002,0
2021-01-20 09:00:00,1365.67,1372.26,1345.55,1357.15,142.18646,1611134999999,192508.4517718,692,80.89879,109538.4138324,0
2021-01-20 09:30:00,1355.46,1355.46,1312.23,1326.04,445.4246,1611136799999,590664.0518766999,1919,220.49763,292541.6187314,0
2021-01-20 10:00:00,1323.77,1328.75,1301.39,1326.9,228.46766000000002,1611138599999,300476.8456528,1114,118.39321000000001,155641.7859217,0
2021-01-20 10:30:00,1326.91,1328.52,1315.0,1315.0,124.54601000000001,1611140399999,164577.9344011,603,65.06551999999999,86028.8113745,0
2021-01-20 11:00:00,1315.0,1322.88,1268.98,1275.23,380.94869,1611142199999,490518.5551953,1283,161.39649,208118.9788381,0
2021-01-20 11:30:00,1274.61,1325.97,1273.18,1325.45,288.06718,1611143999999,374406.38205370004,1200,143.65549,186553.4420888,0
2021-01-20 12:00:00,1323.07,1351.95,1296.87,1344.95,358.51697,1611145799999,475679.96955760004,1470,179.24992,237566.2608981,0
2021-01-20 12:30:00,1348.1,1348.12,1315.82,1326.98,307.81343,1611147599999,411420.35435909993,955,188.88002,252512.0042456,0
2021-01-20 13:00:00,1330.1,1332.0,1303.84,1322.93,144.6543,1611149399999,190210.18589060003,778,78.74271999999998,103528.563629,0
2021-01-20 13:30:00,1325.97,1345.0,1319.27,1344.0,147.08307,1611151199999,196690.9549711,558,100.92441,135206.36809960002,0
2021-01-20 14:00:00,1344.0,1348.23,1332.43,1343.17,116.0131,1611152999999,155656.5570035,725,48.3777,64985.0223837,0
2021-01-20 14:30:00,1347.39,1349.53,1333.44,1348.54,90.62285,1611154799999,121817.0797243,510,43.24695,58123.044632200006,0
2021-01-20 15:00:00,1348.54,1361.0,1335.12,1337.27,117.48501,1611156599999,158830.36624789998,819,49.06744000000001,66312.5921252,0
2021-01-20 15:30:00,1337.01,1339.87,1310.61,1318.11,109.40073999999998,1611158399999,145204.55460950002,712,51.82656,68764.45320630001,0
2021-01-20 16:00:00,1316.34,1342.58,1285.25,1336.38,378.61495,1611160199999,497271.53984870005,2132,193.34241,253868.2079987,0
2021-01-20 16:30:00,1336.39,1353.22,1332.65,1350.99,128.76564,1611161999999,173023.6039969,785,66.94534,89960.1640133,0
2021-01-20 17:00:00,1349.97,1354.95,1336.27,1347.84,191.06711,1611163799999,257138.0543743,1121,95.61144,128688.3783076,0
2021-01-20 17:30:00,1347.82,1368.49,1340.35,1362.47,60.02522,1611165599999,81476.46975399999,421,29.92493,40670.3046115,0
2021-01-20 18:00:00,1363.67,1366.16,1354.35,1363.68,50.49621,1611167399999,68765.45884780001,429,25.38361,34583.3830373,0
2021-01-20 18:30:00,1363.84,1372.48,1343.37,1362.78,104.39923,1611169199999,142158.71300020002,688,52.740080000000006,71825.67850010001,0
2021-01-20 19:00:00,1361.19,1374.44,1359.28,1370.14,57.82544,1611170999999,79112.11339520001,402,30.115679999999998,41230.9645292,0
2021-01-20 19:30:00,1372.9,1376.87,1358.04,1376.24,54.67731,1611172799999,74825.98571519999,480,25.17699,34491.8026655,0
2021-01-20 20:00:00,1376.23,1400.0,1376.23,1382.22,215.18096,1611174599999,298790.5198505,1190,109.31733999999999,151777.5543197,0
2021-01-20 20:30:00,1384.25,1388.3,1367.54,1380.92,135.16286000000002,1611176399999,186556.2818971,612,70.89405,97798.3510974,0
2021-01-20 21:00:00,1382.18,1386.85,1358.25,1367.45,128.52151,1611178199999,176001.52896229996,767,63.338359999999994,86751.47258,0
2021-01-20 21:30:00,1367.14,1381.24,1365.76,1381.21,65.53683000000001,1611179999999,89953.764851,509,38.20707,52436.95097880001,0
2021-01-20 22:00:00,1378.2,1383.8,1367.55,1381.37,22.116310000000002,1611181799999,30450.78773320001,190,8.0715,11143.927575900001,0
2021-01-20 22:30:00,1383.01,1395.05,1377.92,1391.26,35.29362000000001,1611183599999,48989.740210100004,340,20.45544,28402.1635194,0
2021-01-20 23:00:00,1395.22,1409.0,1380.97,1409.0,33.81767,1611185399999,47182.963829500004,269,20.98881,29298.0889462,0
2021-01-20 23:30:00,1408.99,1419.99,1400.13,1414.31,110.82163,1611187199999,156264.0546304,676,59.32086999999999,83708.6401988,0
2021-01-21 00:00:00,1416.49,1420.0,1401.96,1412.78,96.38557,1611188999999,136121.0393035,515,54.412819999999996,76878.0899205,0
2021-01-21 00:30:00,1409.11,1409.37,1385.84,1393.96,42.51636,1611190799999,59465.7822784,376,25.07323,35064.9888821,0
2021-01-21 01:00:00,1395.35,1398.15,1377.43,1392.34,67.17355,1611192599999,93300.8776939,343,26.23557000000001,36423.0636536,0
2021-01-21 01:30:00,1395.71,1403.12,1376.31,1383.13,119.49761000000001,1611194399999,165982.75161039998,710,70.37595999999998,97739.2254002,0
2021-01-21 02:00:00,1384.06,1385.6,1363.33,1363.99,80.52859000000002,1611196199999,110337.9453895,451,37.15737,50912.4404708,0
2021-01-21 02:30:00,1363.61,1363.83,1342.87,1353.6,144.28178,1611197999999,195760.73694200002,661,77.82112,105700.9158109,0
2021-01-21 03:00:00,1357.4,1367.79,1352.82,1361.85,88.35529,1611199799999,120049.60305339999,552,41.12084,55899.02927869999,0
2021-01-21 03:30:00,1361.83,1370.53,1350.06,1364.41,65.57551,1611201599999,89219.6779455,378,38.87692,52902.126790199996,0
2021-01-21 04:00:00,1362.35,1370.47,1358.18,1361.73,24.5825,1611203399999,33548.36047190001,215,10.65555,14540.961005000001,0
2021-01-21 04:30:00,1360.06,1365.01,1325.29,1329.63,101.2137,1611205199999,135477.3595748,630,49.57515,66351.2701218,0
2021-01-21 05:00:00,1331.12,1338.69,1319.01,1325.97,87.65507,1611206999999,116563.9414941,627,42.695609999999995,56816.365693499996,0
2021-01-21 05:30:00,1327.88,1348.68,1327.88,1347.34,48.79787,1611208799999,65363.5250174,398,23.62001,31644.5914775,0
2021-01-21 06:00:00,1346.25,1356.66,1343.99,1352.66,43.59215,1611210599999,58831.327444099996,254,14.90294,20133.7299504,0
2021-01-21 06:30:00,1351.77,1357.03,1342.65,1346.45,26.589029999999998,1611212399999,35854.2078959,199,13.901420000000002,18735.5855595,0
2021-01-21 07:00:00,1346.9,1352.82,1336.44,1348.68,26.45138,1611214199999,35553.954563199986,233,16.38588,22012.4606072,0
2021-01-21 07:30:00,1347.86,1354.86,1342.83,1354.1,32.68853,1611215999999,44121.434322400004,219,14.168610000000001,19131.2371074,0
2021-01-21 08:00:00,1352.76,1355.86,1325.51,1336.23,108.88993,1611217799999,145641.27056129999,672,64.0929,85638.46864800001,0
2021-01-21 08:30:00,1332.83,1333.86,1310.0,1310.51,267.4892,1611219599999,352677.67399209994,1188,114.39399999999999,150995.5810783,0
2021-01-21 09:00:00,1310.43,1321.47,1280.0,1281.66,320.52439,1611221399999,416721.8917824,1689,173.77279,225944.7634328,0
2021-01-21 09:30:00,1281.68,1318.15,1280.0,1302.88,244.56645,1611223199999,317050.68175059994,1422,140.65588,182433.6273379,0
2021-01-21 10:00:00,1301.11,1308.4,1267.48,1285.24,287.27673,1611224999999,368949.1216751,1768,151.83854,195104.18060229998,0
2021-01-21 10:30:00,1282.6,1302.31,1280.11,1295.02,79.60848,1611226799999,102843.27479089999,541,43.340309999999995,56002.2450171,0
2021-01-21 11:00:00,1295.6,1302.87,1271.09,1279.73,117.33667,1611228599999,151174.08281370002,665,59.47736999999999,76659.1678423,0
2021-01-21 11:30:00,1277.9,1291.09,1270.0,1274.49,106.85208999999999,1611230399999,137057.64841760002,627,57.22829,73387.58868150001,0
2021-01-21 12:00:00,1272.1,1281.17,1237.54,1260.64,433.44928,1611232199999,544181.7277523,2246,227.04066,285143.06981470005,0
2021-01-21 12:30:00,1257.65,1297.4,1252.12,1290.31,142.53837,1611233999999,182483.1537729,912,92.03923,117775.57645139999,0
2021-01-21 13:00:00,1288.31,1293.36,1270.33,1285.38,116.61301999999999,1611235799999,149358.17153010002,692,72.01312,92241.9769202,0
2021-01-21 13:30:00,1282.83,1287.72,1259.37,1268.12,100.52257,1611237599999,128182.7086954,578,60.08096999999999,76682.59001649999,0
2021-01-21 14:00:00,1267.95,1272.87,1231.43,1234.96,188.4747,1611239399999,235739.7520717,831,118.92956000000001,148502.681814,0
2021-01-21 14:30:00,1235.87,1252.86,1216.95,1218.89,564.16586,1611241199999,693994.7208761999,2296,340.43854,418828.4830966,0
2021-01-21 15:00:00,1218.89,1242.34,1214.79,1228.47,262.97955,1611242999999,322876.5531931,1328,149.63744,183717.25232970002,0
2021-01-21 15:30:00,1228.94,1243.22,1218.06,1223.4,240.31068,1611244799999,295943.0044127,1227,137.37246000000002,169229.1743682,0
2021-01-21 16:00:00,1224.06,1250.34,1210.44,1238.36,255.08741,1611246599999,315292.9369035,1329,146.07752,180573.5098817,0
2021-01-21 16:30:00,1239.09,1247.33,1200.64,1201.81,233.98889,1611248399999,284835.8571238,983,138.06241,168150.94583870002,0
2021-01-21 17:00:00,1201.8,1210.0,1187.72,1203.73,470.48152999999996,1611250199999,562944.9658101,1678,324.76919,388422.58408979996,0
2021-01-21 17:30:00,1203.12,1220.72,1199.28,1219.76,105.77633,1611251999999,128070.69335310001,683,63.961969999999994,77455.9593747,0
2021-01-21 18:00:00,1217.12,1219.01,1198.96,1212.25,51.723859999999995,1611253799999,62361.07354290001,357,30.272,36532.2871436,0
2021-01-21 18:30:00,1214.99,1222.82,1202.2,1215.59,77.61055,1611255599999,94089.07692050001,353,44.488170000000004,53909.8215215,0
2021-01-21 19:00:00,1214.37,1244.14,1209.16,1244.14,155.95363,1611257399999,192112.17417289998,1133,104.9758,129374.4449937,0
2021-01-21 19:30:00,1244.08,1260.11,1236.58,1260.11,114.14777,1611259199999,142550.8192947,934,87.03260999999998,108806.04584289998,0
2021-01-21 20:00:00,1257.4,1260.1,1241.46,1245.74,100.05360999999999,1611260999999,125406.244342,704,73.17638000000002,91736.1675417,0
2021-01-21 20:30:00,1244.02,1252.82,1231.63,1235.54,99.32439000000001,1611262799999,123248.4041402,566,68.24023000000001,84694.1449976,0
2021-01-21 21:00:00,1232.82,1249.72,1230.11,1238.02,75.66734,1611264599999,93888.94409189999,617,39.63998,49233.36866180001,0
2021-01-21 21:30:00,1237.66,1239.4,1201.62,1205.42,94.13356,1611266399999,114623.0777296,538,58.4538,71246.0395298,0
2021-01-21 22:00:00,1205.45,1206.56,1142.85,1147.04,226.16868,1611268199999,265664.87542259996,1022,95.27548,111827.95334000001,0
2021-01-21 22:30:00,1142.85,1169.02,1125.0,1167.67,251.96822999999998,1611269999999,289286.77269909997,1099,114.89594,132396.07709140002,0
2021-01-21 23:00:00,1170.69,1191.77,1164.74,1173.65,167.19145,1611271799999,196498.5201977,1084,111.21631000000001,130663.1705625,0
2021-01-21 23:30:00,1175.57,1186.2,1150.0,1154.89,158.71344,1611273599999,185480.45168199998,1200,109.20908999999999,127691.3552782,0
2021-01-22 00:00:00,1154.46,1156.77,1075.82,1091.96,398.33997999999997,1611275399999,442825.70283429994,2014,196.35285,218307.7389196,0
2021-01-22 00:30:00,1093.43,1111.11,1084.36,1090.49,443.33782,1611277199999,486697.6473356,2224,255.86275,281074.33345780004,0
2021-01-22 01:00:00,1090.2,1116.03,1066.0,1098.16,488.50005,1611278999999,532921.1123195,2528,284.12481,309865.5131246,0
2021-01-22 01:30:00,1094.44,1159.57,1090.13,1146.25,290.17066,1611280799999,327484.92544579995,1797,155.35112,175254.46716270002,0
2021-01-22 02:00:00,1148.43,1174.01,1136.98,1170.11,211.01102999999998,1611282599999,244618.4051947,1091,116.31886000000002,134798.3742797,0
2021-01-22 02:30:00,1168.86,1199.0,1166.03,1195.59,123.19678,1611284399999,145844.72347650002,657,55.449909999999996,65702.7929284,0
2021-01-22 03:00:00,1198.27,1200.0,1163.91,1196.19,230.79976000000002,1611286199999,273304.25323010003,1060,135.9144,160979.1402868,0
2021-01-22 03:30:00,1196.77,1205.67,1178.62,1196.71,141.44958,1611287999999,168753.78817289998,763,83.75198,99923.083664,0
2021-01-22 04:00:00,1196.39,1219.22,1192.48,1217.0,130.36978,1611289799999,157536.4172936,1016,88.23661,106595.95600489998,0
2021-01-22 04:30:00,1217.7,1222.22,1193.58,1197.21,139.21263000000002,1611291599999,167720.1537005,1644,86.53766,104247.2282567,0
2021-01-22 05:00:00,1197.21,1241.27,1181.83,1224.08,224.62251,1611293399999,271434.4481174,1533,142.33386000000004,171662.9965262,0
2021-01-22 05:30:00,1226.64,1238.69,1220.01,1229.6,88.02144,1611295199999,108179.0865358,452,46.12142,56687.1900071,0
2021-01-22 06:00:00,1230.47,1238.45,1219.93,1230.78,55.99057,1611296999999,68786.98846369999,296,32.76345,40264.67568730001,0
2021-01-22 06:30:00,1232.81,1234.9,1212.86,1219.22,79.6239,1611298799999,97376.05408110001,529,40.26551,49240.046120599996,0
2021-01-22 07:00:00,1218.51,1232.77,1207.56,1210.07,56.800869999999996,1611300599999,69147.05373069999,349,29.573829999999997,36015.1435956,0
2021-01-22 07:30:00,1210.04,1222.97,1191.78,1200.05,128.69517,1611302399999,154710.3180879,933,75.0975,90332.2900887,0
2021-01-22 08:00:00,1200.06,1210.96,1186.9,1196.71,130.12258,1611304199999,156045.0686552,1058,76.53395,91826.2176415,0
2021-01-22 08:30:00,1200.29,1210.56,1190.45,1208.21,129.95231,1611305999999,156417.7493617,1014,69.84631,84110.7111413,0
2021-01-22 09:00:00,1208.15,1223.8,1202.54,1220.4,157.2128,1611307799999,190628.82227489998,718,95.73892,116153.55502839999,0
2021-01-22 09:30:00,1220.01,1229.32,1213.08,1221.22,72.41015,1611309599999,88449.87664470002,305,41.756209999999996,51026.191292100004,0
2021-01-22 10:00:00,1221.21,1237.87,1214.69,1220.08,97.31878,1611311399999,119229.71717460001,591,46.91174,57471.096573099996,0
2021-01-22 10:30:00,1221.19,1241.8,1212.83,1236.47,102.78101,1611313199999,125854.3906481,562,61.96651,75846.077863,0
2021-01-22 11:00:00,1235.01,1244.85,1232.72,1244.85,106.12592,1611314999999,131339.5751207,363,62.592819999999996,77519.88398,0
2021-01-22 11:30:00,1244.3,1245.0,1228.25,1244.99,61.52694,1611316799999,76215.16947339999,437,24.49785,30335.364464599996,0
2021-01-22 12:00:00,1245.0,1264.83,1244.91,1262.06,89.04127,1611318599999,112007.6956125,498,53.044819999999994,66798.5122515,0
2021-01-22 12:30:00,1262.06,1272.08,1258.43,1269.6,119.19866,1611320399999,150622.0462841,549,77.07082,97410.4395307,0
2021-01-22 13:00:00,1268.99,1289.0,1263.56,1288.0,121.05167,1611322199999,154804.69552470002,538,65.82179000000001,84127.20867410001,0
2021-01-22 13:30:00,1288.47,1330.14,1288.08,1325.72,328.89054,1611323999999,431261.8484936,1191,213.57124,279886.657962,0
2021-01-22 14:00:00,1325.68,1346.97,1317.26,1322.61,220.22751,1611325799999,293835.2437642,1171,109.48151999999999,146208.2768851,0
2021-01-22 14:30:00,1321.16,1324.06,1300.06,1317.31,217.07812,1611327599999,285417.1298419,1033,97.21439000000001,127869.1906517,0
2021-01-22 15:00:00,1315.44,1367.59,1311.06,1341.03,794.4304,1611329399999,1068212.0694084999,2283,470.673,633917.5506525,0
2021-01-22 15:30:00,1339.27,1355.78,1323.97,1338.31,162.65681,1611331199999,217171.323008,885,89.63734000000002,119758.5226753,0
2021-01-22 16:00:00,1337.83,1362.38,1311.04,1355.33,134.05138,1611332999999,178358.4415875,891,73.05898,97157.7110871,0
2021-01-22 16:30:00,1358.13,1364.74,1332.67,1346.27,112.97086999999999,1611334799999,152246.1919002,799,49.3019,66467.50090269999,0
2021-01-22 17:00:00,1345.98,1347.45,1327.08,1340.32,60.35313000000001,1611336599999,80641.98274610001,554,25.04,33451.9557379,0
2021-01-22 17:30:00,1341.12,1369.23,1337.0,1369.23,273.05602000000005,1611338399999,368364.6766209,1165,198.1135,267092.1001313,0
2021-01-22 18:00:00,1368.87,1394.1,1360.72,1391.95,246.02953,1611340199999,338932.3879241,1102,103.34696,142463.5072197,0
2021-01-22 18:30:00,1394.1,1446.9,1391.47,1419.0,510.171,1611341999999,724730.2126489,2173,294.75079,418651.2814203,0
2021-01-22 19:00:00,1417.05,1440.75,1415.63,1430.35,449.85860999999994,1611343799999,643456.2867712,1463,243.9621,349011.1160247,0
2021-01-22 19:30:00,1429.99,1433.19,1421.44,1429.99,202.70325,1611345599999,289426.0426481,1009,134.15044,191601.2288284,0
2021-01-22 20:00:00,1429.99,1434.87,1407.95,1412.92,216.17016,1611347399999,307177.4171648,1016,106.73293000000001,151783.07826260006,0
2021-01-22 20:30:00,1412.93,1412.93,1373.54,1387.7,253.86976,1611349199999,353172.1054854,1272,130.26158,181255.14980170003,0
2021-01-22 21:00:00,1387.59,1403.46,1374.68,1395.36,153.02273,1611350999999,212687.87661900002,743,79.53049,110645.77294589998,0
2021-01-22 21:30:00,1396.32,1423.09,1386.86,1390.96,166.5981,1611352799999,234067.0888909,889,99.6001,139848.86176079998,0
2021-01-22 22:00:00,1394.1,1422.0,1393.27,1418.26,99.01064000000001,1611354599999,139910.09073599998,769,56.25125,79439.1363117,0
2021-01-22 22:30:00,1420.25,1422.08,1371.4,1376.24,136.96527,1611356399999,191102.9019313,845,65.85476,92079.11977919999,0
2021-01-22 23:00:00,1376.26,1406.0,1372.6,1399.13,104.00717,1611358199999,144593.89943720002,649,56.63118000000001,78825.7239541,0
2021-01-22 23:30:00,1400.65,1413.56,1388.0,1410.2,150.2579,1611359999999,210679.94493250002,696,65.86211,92212.23478710001,0
2021-01-23 00:00:00,1409.86,1425.0,1379.39,1383.88,150.56441999999996,1611361799999,210558.0573714,936,84.11856999999998,117888.9769914,0
2021-01-23 00:30:00,1386.24,1393.1,1376.4,1391.17,82.4562,1611363599999,114203.93086139999,468,20.46256,28389.0743973,0
2021-01-23 01:00:00,1393.2,1397.78,1371.19,1384.45,60.54626,1611365399999,83692.3816683,422,31.47806,43474.9495246,0
2021-01-23 01:30:00,1384.62,1402.29,1383.84,1388.58,63.69013,1611367199999,88744.84495700002,416,32.700559999999996,45585.607650699996,0
2021-01-23 02:00:00,1388.74,1398.66,1371.0,1372.44,59.073780000000006,1611368999999,81780.62081760001,502,19.04949,26381.5234418,0
2021-01-23 02:30:00,1371.0,1376.92,1358.74,1364.37,45.02444000000001,1611370799999,61585.4105489,464,17.71975,24264.494085299997,0
2021-01-23 03:00:00,1364.18,1388.26,1362.29,1382.57,107.33166000000001,1611372599999,147299.59573379994,599,61.546319999999994,84395.6839363,0
2021-01-23 03:30:00,1382.63,1399.46,1380.59,1396.22,39.51031,1611374399999,55042.7655492,432,17.05605,23762.1773083,0
2021-01-23 04:00:00,1395.53,1438.35,1393.97,1423.72,236.24287999999999,1611376199999,335942.9502917,1459,109.42528,155463.7697174,0
2021-01-23 04:30:00,1423.69,1445.99,1410.03,1439.89,107.18597,1611377999999,152933.8304713,746,55.64731,79402.4179342,0
2021-01-23 05:00:00,1439.89,1500.0,1418.24,1439.79,316.2050700000001,1611379799999,456877.8603518,1919,180.03062,260940.6595952,0
2021-01-23 05:30:00,1437.78,1458.84,1429.94,1454.68,168.54651,1611381599999,243960.8183315,926,116.73346000000001,169030.0378562,0
2021-01-23 06:00:00,1455.4,1457.44,1432.94,1432.96,100.02776999999999,1611383399999,144454.85342539998,623,33.95053,49079.9899812,0
2021-01-23 06:30:00,1434.99,1445.09,1423.07,1430.87,134.28288,1611385199999,192195.1523218,819,86.23199,123495.17822460001,0
2021-01-23 07:00:00,1429.18,1468.95,1429.18,1454.49,145.74708,1611386999999,211213.2949947,976,92.60672,134312.9007474,0
2021-01-23 07:30:00,1458.5,1462.09,1432.75,1445.57,102.26074,1611388799999,147786.9008606,796,41.00039,59264.279191999995,0
2021-01-23 08:00:00,1448.99,1459.99,1440.36,1456.95,106.70326999999999,1611390599999,154905.5594768,835,70.28806,102065.5521469,0
2021-01-23 08:30:00,1456.95,1468.03,1436.15,1440.76,107.98289,1611392399999,156882.5583679,881,44.41871,64620.1719814,0
2021-01-23 09:00:00,1441.83,1457.96,1438.0,1438.0,112.87833,1611394199999,163518.76211029998,594,73.68372,106863.9910707,0
2021-01-23 09:30:00,1441.23,1450.0,1431.0,1431.0,96.94986,1611395999999,139728.02558279998,552,36.834740000000004,53176.9522279,0
2021-01-23 10:00:00,1431.3,1444.61,1417.51,1440.04,112.29018,1611397799999,160926.326408,779,54.96337,78738.7996127,0
2021-01-23 10:30:00,1439.06,1439.06,1415.0,1427.07,103.95586999999999,1611399599999,148165.128823,623,34.29955,48967.7860802,0
2021-01-23 11:00:00,1429.09,1437.65,1400.0,1400.0,101.43036,1611401399999,143321.73397770006,732,37.74499,53445.7675116,0
2021-01-23 11:30:00,1402.76,1413.5,1385.89,1389.48,194.02043999999998,1611403199999,271661.48771180003,927,43.40095,60896.760618800006,0
2021-01-23 12:00:00,1387.6,1403.11,1372.99,1384.43,134.06621,1611404999999,186184.4381919,833,54.22571,75387.5513675,0
2021-01-23 12:30:00,1385.73,1405.66,1381.06,1381.06,102.47757,1611406799999,142775.89109529994,782,42.64528,59513.40777030001,0
2021-01-23 13:00:00,1384.92,1394.28,1348.28,1394.28,290.07395,1611408599999,397709.28833640006,1730,137.66069,188894.7030688,0
2021-01-23 13:30:00,1391.33,1399.04,1374.06,1381.3,150.17573000000004,1611410399999,208043.9728174,1238,73.20867,101514.1056934,0
2021-01-23 14:00:00,1381.26,1386.83,1359.49,1373.77,245.39406,1611412199999,336726.7193363,2143,146.65168,201476.02741920002,0
2021-01-23 14:30:00,1372.74,1380.14,1359.68,1362.27,123.30386999999999,1611413999999,169212.27988299998,1523,93.35105,128189.45979619998,0
2021-01-23 15:00:00,1362.22,1382.84,1360.43,1380.92,41.68031,1611415799999,57330.179305,297,23.64585,32553.392740400013,0
2021-01-23 15:30:00,1379.68,1387.57,1370.51,1386.16,125.69622,1611417599999,173557.8073194,556,87.93293,121524.44149319999,0
2021-01-23 16:00:00,1386.16,1404.4,1370.91,1403.93,51.97209,1611419399999,72165.50167989999,451,25.59992,35503.7433928,0
2021-01-23 16:30:00,1403.0,1420.0,1400.0,1415.24,159.90811000000005,1611421199999,225713.8180944,1538,126.74528000000001,178959.17992939995,0
2021-01-23 17:00:00,1417.42,1417.58,1391.51,1396.64,111.68958,1611422999999,156405.3178315,803,36.40441,51066.9550272,0
2021-01-23 17:30:00,1396.34,1407.45,1394.96,1405.0,55.53139,1611424799999,77759.8657376,464,35.73638,50039.1621511,0
2021-01-23 18:00:00,1402.99,1421.29,1397.2,1398.76,109.34881999999999,1611426599999,154179.1835784,551,70.67085,99711.9686249,0
2021-01-23 18:30:00,1402.35,1403.18,1390.02,1395.55,61.054790000000004,1611428399999,85213.9164207,671,32.58599,45495.9554296,0
2021-01-23 19:00:00,1395.01,1418.88,1392.63,1402.59,85.79305,1611430199999,120550.69594349999,570,58.51206,82291.46795169999,0
2021-01-23 19:30:00,1402.42,1405.48,1397.47,1402.78,33.47488,1611431999999,46913.0093943,256,15.09825,21175.0315277,0
2021-01-23 20:00:00,1402.78,1403.38,1396.11,1399.57,24.92902,1611433799999,34869.3118062,201,10.38335,14539.606572,0
2021-01-23 20:30:00,1401.4,1402.32,1377.1,1389.35,96.57851,1611435599999,133961.8422763,627,36.88146,51242.0517808,0
2021-01-23 21:00:00,1388.78,1398.13,1386.21,1393.51,31.64892,1611437399999,44063.583373400004,236,16.66585,23205.7777742,0
2021-01-23 21:30:00,1393.14,1401.0,1374.89,1393.54,61.56795,1611439199999,85444.1368565,476,36.141909999999996,50176.1591823,0
2021-01-23 22:00:00,1393.52,1393.52,1373.92,1376.43,30.41323,1611440999999,42057.0697432,310,16.65457,23020.6735955,0
2021-01-23 22:30:00,1373.92,1379.39,1363.45,1368.19,44.723209999999995,1611442799999,61288.1540222,444,22.58778,30963.7561681,0
2021-01-23 23:00:00,1370.78,1379.2,1362.87,1374.77,10.942789999999999,1611444599999,15005.473063299998,155,4.66103,6393.4084648,0
2021-01-23 23:30:00,1373.1,1381.28,1368.17,1381.03,54.29073,1611446399999,74756.76156,240,16.24438,22350.5064536,0
2021-01-24 00:00:00,1382.32,1388.19,1364.21,1376.71,94.48025,1611448199999,129902.0782589,490,49.3804,67884.5018191,0
2021-01-24 00:30:00,1378.06,1402.99,1378.06,1396.19,57.695769999999996,1611449999999,80453.56619289999,420,22.52008,31415.2454999,0
2021-01-24 01:00:00,1398.38,1422.49,1391.59,1412.77,91.68425,1611451799999,129613.6542825,581,52.101459999999996,73728.0928185,0
2021-01-24 01:30:00,1412.77,1416.77,1408.85,1411.04,42.27652,1611453599999,59630.09705240001,217,15.77803,22276.7051862,0
2021-01-24 02:00:00,1411.04,1438.35,1409.72,1435.09,125.37706000000001,1611455399999,178643.36051600004,855,64.72075,92342.3017829,0
2021-01-24 02:30:00,1435.11,1439.91,1423.09,1423.22,39.87287,1611457199999,57021.6071602,302,14.39225,20605.4974444,0
2021-01-24 03:00:00,1425.98,1435.08,1414.86,1425.64,41.73584,1611458999999,59351.5126826,381,8.92685,12708.736608399999,0
2021-01-24 03:30:00,1425.14,1445.25,1425.14,1441.03,48.05717,1611460799999,69042.2280526,334,20.23145,29094.7764032,0
2021-01-24 04:00:00,1442.84,1466.81,1435.87,1464.41,167.95208,1611462599999,243186.7936134,895,96.18474,139414.4915595,0
2021-01-24 04:30:00,1466.79,1470.0,1440.58,1458.04,449.91207,1611464399999,656896.5666179,1482,181.62601,265351.2511361,0
2021-01-24 05:00:00,1457.78,1466.24,1448.59,1460.46,162.97731000000005,1611466199999,237527.31853860003,617,83.7292,122115.29725250001,0
2021-01-24 05:30:00,1462.02,1462.96,1440.01,1448.26,107.37409,1611467999999,155938.60811970002,524,44.67237,64745.5529513,0
2021-01-24 06:00:00,1452.25,1453.01,1439.18,1442.0,76.04888000000003,1611469799999,109776.31447950001,279,37.504979999999996,54136.7428762,0
2021-01-24 06:30:00,1441.76,1452.96,1435.87,1446.38,94.30666,1611471599999,136138.0127881,457,48.238640000000004,69685.3995777,0
2021-01-24 07:00:00,1444.6,1451.46,1420.66,1426.2,56.06547,1611473399999,80431.93035139999,434,25.92425,37231.19412930001,0
2021-01-24 07:30:00,1428.97,1439.43,1422.41,1431.45,37.836929999999995,1611475199999,54082.186418499994,309,22.38588,31998.714226300002,0
2021-01-24 08:00:00,1432.54,1434.99,1420.78,1429.89,66.15833,1611476999999,94525.16368320001,424,31.0289,44346.3068578,0
2021-01-24 08:30:00,1429.89,1436.24,1422.71,1428.9,25.59186,1611478799999,36592.0515975,245,13.0794,18709.561932499997,0
2021-01-24 09:00:00,1430.98,1444.42,1421.42,1441.41,140.1904,1611480599999,200568.60486139997,559,91.1221,130364.7830397,0
2021-01-24 09:30:00,1441.97,1448.18,1431.04,1436.66,102.63091999999999,1611482399999,148035.0648514,480,34.5541,49860.56278380001,0
2021-01-24 10:00:00,1436.65,1438.98,1423.72,1428.77,51.19871,1611484199999,73310.63720589997,346,26.5604,38058.523754300004,0
2021-01-24 10:30:00,1428.43,1467.85,1428.43,1457.05,123.23428,1611485999999,178337.5870322,777,71.54468,103415.91499969999,0
2021-01-24 11:00:00,1458.97,1465.0,1448.28,1452.72,102.81004,1611487799999,149604.7959447,609,47.26924,68784.281343,0
2021-01-24 11:30:00,1455.08,1468.0,1451.53,1455.61,153.00179,1611489599999,223265.9383531,726,73.55958000000003,107339.2240891,0
2021-01-24 12:00:00,1453.12,1458.57,1422.6,1433.11,128.22638,1611491399999,184310.66256139998,975,60.84849000000001,87461.20639660001,0
2021-01-24 12:30:00,1430.01,1433.58,1408.85,1410.24,193.05493,1611493199999,272906.1172124,875,69.65011,98598.8832709,0
2021-01-24 13:00:00,1410.0,1413.99,1400.0,1411.44,108.83095,1611494999999,153255.8048409,644,42.49631,59801.3831487,0
2021-01-24 13:30:00,1411.28,1411.82,1396.0,1409.99,98.47697,1611496799999,138269.0233075,472,26.95895,37898.3448833,0
2021-01-24 14:00:00,1408.24,1422.49,1407.99,1415.11,47.725390000000004,1611498599999,67625.11169450001,339,22.36482,31690.460464599997,0
2021-01-24 14:30:00,1413.53,1413.81,1392.85,1396.17,81.38404,1611500399999,114280.3072438,430,35.53161,49942.101717800004,0
2021-01-24 15:00:00,1398.02,1410.31,1395.95,1410.31,24.58567,1611502199999,34493.8958694,237,12.76174,17932.460314400007,0
2021-01-24 15:30:00,1411.45,1416.8,1400.37,1414.11,52.21973,1611503999999,73611.06771830001,340,21.99761,31020.813695099998,0
2021-01-24 16:00:00,1414.06,1425.64,1390.9,1394.39,74.56831,1611505799999,104983.93590610001,601,35.44565,49963.4917119,0
2021-01-24 16:30:00,1394.08,1421.62,1393.0,1417.06,270.41778999999997,1611507599999,379790.87096790003,897,85.40916,120178.644508,0
2021-01-24 17:00:00,1415.0,1442.18,1415.0,1436.11,173.34767,1611509399999,248056.54608189999,831,62.93424,90186.36782849999,0
2021-01-24 17:30:00,1433.84,1463.0,1433.84,1459.52,165.90573999999995,1611511199999,240876.6096798,741,74.68893,108494.62769619998,0
2021-01-24 18:00:00,1459.52,1461.59,1436.08,1436.96,102.68536999999999,1611512999999,148445.6653568,585,37.66877,54438.02408180001,0
2021-01-24 18:30:00,1436.99,1446.98,1431.99,1436.14,31.463359999999998,1611514799999,45231.2772617,318,14.15891,20370.1219058,0
2021-01-24 19:00:00,1436.41,1442.7,1400.0,1408.41,100.81989,1611516599999,143146.26648520006,710,53.6121,76194.29847689999,0
2021-01-24 19:30:00,1405.14,1411.1,1389.83,1394.07,206.35169,1611518399999,288511.6556383,1215,57.66486999999999,80564.2823194,0
2021-01-24 20:00:00,1393.94,1406.81,1390.77,1404.0,50.36819000000001,1611520199999,70505.9377288,459,19.62562,27474.024879,0
2021-01-24 20:30:00,1404.0,1415.78,1403.23,1411.12,34.25075,1611521999999,48258.4725493,330,15.439929999999999,21786.344349799998,0
2021-01-24 21:00:00,1411.0,1427.58,1409.76,1423.09,81.97988000000002,1611523799999,116360.23075739999,536,41.16012,58453.238549300004,0
2021-01-24 21:30:00,1422.37,1427.2,1417.74,1424.8,33.1827,1611525599999,47224.2686163,257,25.31365,36034.46109709999,0
2021-01-24 22:00:00,1423.97,1429.0,1420.4,1424.94,55.01209,1611527399999,78304.5177369,303,36.47374,51920.170846099994,0
2021-01-24 22:30:00,1423.42,1453.66,1421.5,1448.04,132.03306,1611529199999,190652.5081306,883,65.6583,94889.2861334,0
2021-01-24 23:00:00,1449.83,1459.99,1437.93,1443.51,81.29375999999998,1611530999999,117972.69821789999,552,44.71676,64899.837721,0
2021-01-24 23:30:00,1442.0,1459.31,1435.91,1457.85,167.56701999999999,1611532799999,241864.8697269,602,95.29547,137575.43862370006,0
2021-01-25 00:00:00,1457.84,1479.23,1453.44,1477.69,239.26187000000002,1611534599999,350996.68961329997,1187,131.59181,192982.16422370003,0
2021-01-25 00:30:00,1477.36,1541.87,1471.12,1517.87,457.69021,1611536399999,691783.1214003001,2750,220.37011,332422.9258884001,0
2021-01-25 01:00:00,1516.81,1550.0,1482.84,1510.0,409.37196,1611538199999,617143.2575049,2500,244.92654,369824.00867679995,0
2021-01-25 01:30:00,1511.05,1512.43,1480.99,1498.51,227.32249,1611539999999,339859.1257545,1277,97.68955,146219.58974270002,0
2021-01-25 02:00:00,1499.43,1505.53,1492.62,1499.31,74.42135,1611541799999,111423.8827308,583,25.07088,37580.5912574,0
2021-01-25 02:30:00,1500.89,1506.46,1487.04,1499.71,85.42273,1611543599999,127938.0262754,674,42.64196,63985.901471599995,0
2021-01-25 03:00:00,1502.62,1515.54,1497.44,1503.48,152.65493,1611545399999,229694.6195908,865,77.34164,116437.78206930001,0
2021-01-25 03:30:00,1500.03,1506.4,1486.56,1490.01,101.41413,1611547199999,151807.8551417,773,38.75221,58018.9308176,0
2021-01-25 04:00:00,1491.54,1500.0,1470.92,1476.25,84.49933,1611548999999,125433.81280310001,681,41.97248,62250.29128509999,0
2021-01-25 04:30:00,1475.49,1480.26,1468.16,1476.87,106.94612,1611550799999,157501.86798070002,1016,49.62252,73124.88375489999,0
2021-01-25 05:00:00,1476.88,1486.83,1474.36,1486.0,56.75212,1611552599999,84112.239938,402,23.01303,34066.736601599994,0
2021-01-25 05:30:00,1484.04,1499.95,1481.69,1496.65,32.62422,1611554399999,48698.8638677,347,24.76512,36974.368775,0
2021-01-25 06:00:00,1496.85,1499.68,1470.56,1476.11,47.97033,1611556199999,71270.37970789999,360,24.73719,36756.815079,0
2021-01-25 06:30:00,1481.17,1485.79,1475.56,1481.57,32.6099,1611557999999,48277.041382699994,340,8.87398,13148.7448731,0
2021-01-25 07:00:00,1481.85,1484.39,1436.62,1452.72,160.35461999999995,1611559799999,233919.57332270002,1106,70.1806,102550.37730689999,0
2021-01-25 07:30:00,1453.48,1468.56,1451.22,1466.79,37.37395,1611561599999,54588.919939600004,429,16.59512,24266.5904696,0
2021-01-25 08:00:00,1469.61,1473.8,1444.0,1448.99,70.26131,1611563399999,102262.50274930001,653,24.5344,35799.3832103,0
2021-01-25 08:30:00,1448.61,1458.23,1441.85,1457.97,38.9156,1611565199999,56445.4143217,322,23.53912,34155.9259787,0
2021-01-25 09:00:00,1458.63,1464.76,1450.11,1452.74,44.01898,1611566999999,64171.7195782,303,21.67645,31611.274750200002,0
2021-01-25 09:30:00,1450.12,1450.12,1419.5,1436.22,110.43413999999999,1611568799999,158282.6902818,718,47.99225,68778.07599910001,0
2021-01-25 10:00:00,1433.79,1449.28,1427.43,1442.61,65.24446,1611570599999,93752.4392506,407,35.39545,50899.4935181,0
2021-01-25 10:30:00,1445.23,1451.24,1442.06,1445.4,16.95316,1611572399999,24529.768704799997,138,7.750489999999999,11213.610429100001,0
2021-01-25 11:00:00,1446.98,1453.21,1433.33,1446.15,83.90593,1611574199999,121079.44707790001,395,49.40065,71246.4798578,0
2021-01-25 11:30:00,1448.27,1453.18,1441.66,1444.27,43.22072,1611575999999,62582.7930865,270,19.239620000000002,27847.491324000002,0
2021-01-25 12:00:00,1444.5,1464.5,1438.59,1459.82,52.04064,1611577799999,75482.2370586,426,33.378479999999996,48382.058114199994,0
2021-01-25 12:30:00,1460.61,1468.45,1452.97,1468.45,48.986000000000004,1611579599999,71614.0385043,408,36.01034,52674.7098171,0
2021-01-25 13:00:00,1466.03,1472.85,1451.39,1454.98,115.37386000000001,1611581399999,168706.9564038,648,61.214980000000004,89544.0236022,0
2021-01-25 13:30:00,1454.77,1455.7,1427.0,1435.61,161.44173,1611583199999,232214.66408249998,686,71.58628,102893.9388108,0
2021-01-25 14:00:00,1433.76,1443.69,1433.09,1437.61,87.63725,1611584999999,125902.5321717,423,40.32855,57968.525797300004,0
2021-01-25 14:30:00,1439.18,1439.18,1424.69,1428.73,179.74813999999995,1611586799999,257346.87408529996,558,101.94586,145901.1619413,0
2021-01-25 15:00:00,1431.17,1445.43,1428.0,1443.89,61.88268000000001,1611588599999,88693.0560086,300,40.43347,57982.673794,0
2021-01-25 15:30:00,1444.34,1451.3,1442.98,1444.55,34.857209999999995,1611590399999,50498.1794647,292,22.052229999999998,31971.534092,0
2021-01-25 16:00:00,1448.78,1452.19,1417.92,1419.91,145.84814,1611592199999,208822.9045202,760,74.58294000000002,106862.57501849999,0
2021-01-25 16:30:00,1417.62,1422.5,1405.03,1422.08,148.71155,1611593999999,210056.1376194,698,78.32996,110592.5794358,0
2021-01-25 17:00:00,1423.12,1433.11,1419.25,1421.5,76.59405,1611595799999,109055.99338120001,508,47.3278,67399.2541835,0
2021-01-25 17:30:00,1421.5,1421.5,1408.79,1412.68,45.41703,1611597599999,64240.6976404,307,28.06608,39706.7009747,0
2021-01-25 18:00:00,1409.99,1427.14,1405.14,1427.14,48.93378,1611599399999,69383.0492324,310,30.82118,43708.1981761,0
2021-01-25 18:30:00,1423.89,1425.3,1395.04,1404.92,97.46441999999999,1611601199999,137066.82635050002,538,49.27296,69276.0448528,0
2021-01-25 19:00:00,1401.54,1418.41,1395.06,1418.41,39.089890000000004,1611602999999,54999.2008623,291,21.09044,29694.2936501,0
2021-01-25 19:30:00,1418.41,1424.8,1406.54,1406.58,84.96318000000002,1611604799999,120571.9961135,301,35.96469000000001,51060.080447199995,0
2021-01-25 20:00:00,1409.86,1412.6,1395.89,1410.41,41.22526,1611606599999,57923.027628100004,312,23.540129999999998,33112.857824299994,0
2021-01-25 20:30:00,1412.75,1412.77,1391.27,1402.44,46.21051,1611608399999,64658.146024199996,332,26.226340000000004,36691.1286314,0
2021-01-25 21:00:00,1402.7,1405.08,1360.27,1369.93,160.55736000000005,1611610199999,220382.04080820002,1046,79.18176,108645.266207,0
2021-01-25 21:30:00,1366.81,1374.87,1350.72,1374.83,165.68548,1611611999999,225208.3171403,707,100.7069,136794.8994145,0
2021-01-25 22:00:00,1374.98,1374.98,1346.18,1346.57,135.95561999999998,1611613799999,185101.442515,875,40.768229999999996,55507.57899939999,0
2021-01-25 22:30:00,1347.83,1378.23,1340.0,1371.0,136.15102,1611615599999,184669.6589745,693,70.4863,95843.6295178,0
2021-01-25 23:00:00,1372.71,1379.95,1359.69,1371.51,39.13348,1611617399999,53627.97375290001,282,23.654970000000002,32412.6806407,0
2021-01-25 23:30:00,1371.22,1381.24,1363.01,1366.93,75.99789,1611619199999,104326.77249139998,420,30.96177,42497.359622400014,0
2021-01-26 00:00:00,1363.8,1386.91,1350.61,1385.55,131.92966,1611620999999,181069.1476193,710,73.34569,100711.7952473,0
2021-01-26 00:30:00,1384.33,1411.92,1383.66,1404.39,61.228719999999996,1611622799999,85541.9114589,539,32.68462,45621.608829000004,0
2021-01-26 01:00:00,1407.34,1412.35,1390.79,1403.58,58.29783000000001,1611624599999,81820.7690814,499,35.14253,49339.9909601,0
2021-01-26 01:30:00,1401.97,1418.45,1400.59,1418.45,46.9989,1611626399999,66174.1552887,277,21.99435,30990.98916740001,0
2021-01-26 02:00:00,1416.07,1418.88,1411.06,1415.56,53.07369,1611628199999,75021.4487212,386,20.74952,29360.543329699998,0
2021-01-26 02:30:00,1412.44,1415.88,1399.94,1401.13,45.23688,1611629999999,63792.25735040001,341,20.71905,29187.194411400003,0
2021-01-26 03:00:00,1399.43,1408.75,1367.73,1373.13,59.12818000000001,1611631799999,81885.2788572,424,26.20361,36241.3331541,0
2021-01-26 03:30:00,1372.91,1381.96,1348.74,1364.51,116.58936000000001,1611633599999,158916.5579203,796,44.64547,60905.4741184,0
2021-01-26 04:00:00,1362.34,1380.69,1361.53,1374.3,121.58748,1611635399999,167103.9617062,905,43.55873,59797.45643080001,0
2021-01-26 04:30:00,1374.3,1393.24,1374.3,1390.03,26.6483,1611637199999,36797.105278099996,292,9.56195,13220.2189911,0
2021-01-26 05:00:00,1388.42,1388.42,1371.99,1374.03,25.72157,1611638999999,35513.394717,261,9.90836,13682.909995500002,0
2021-01-26 05:30:00,1374.0,1388.6,1373.0,1384.08,20.10987,1611640799999,27803.7004418,188,13.7106,18957.111372400002,0
2021-01-26 06:00:00,1382.74,1382.74,1363.49,1366.47,71.40056,1611642599999,97852.947209,388,18.17672,24901.012973099998,0
2021-01-26 06:30:00,1366.51,1374.25,1352.27,1356.36,106.94601000000002,1611644399999,145837.915605,703,34.348859999999995,46816.8461429,0
2021-01-26 07:00:00,1354.08,1359.82,1341.63,1346.88,144.47279,1611646199999,194990.1604322,1456,31.182240000000004,42150.03164430001,0
2021-01-26 07:30:00,1345.6,1364.04,1343.39,1364.0,130.64153000000002,1611647999999,176464.2627516,1149,57.00427,77073.751611,0
2021-01-26 08:00:00,1363.99,1368.67,1355.13,1365.63,30.359379999999998,1611649799999,41363.734046599995,320,13.216610000000001,18009.4121231,0
2021-01-26 08:30:00,1367.64,1380.0,1366.6,1374.43,57.49078000000001,1611651599999,78862.348374,393,31.28748,42930.515645,0
2021-01-26 09:00:00,1373.28,1378.12,1356.26,1357.88,83.45628,1611653399999,114138.1032484,371,50.30292,68818.4854865,0
2021-01-26 09:30:00,1358.56,1363.64,1343.58,1356.12,70.97211,1611655199999,96076.9252748,641,23.71605,32117.851515400005,0
2021-01-26 10:00:00,1358.82,1388.66,1358.82,1383.73,39.24882,1611656999999,53813.243260899995,430,23.19206,31816.5671792,0
2021-01-26 10:30:00,1386.84,1393.69,1378.79,1383.74,34.93087,1611658799999,48378.1776362,329,18.589270000000006,25744.083888499998,0
2021-01-26 11:00:00,1383.74,1383.74,1354.16,1362.14,50.64135,1611660599999,69153.008778,438,22.61008,30835.6106987,0
2021-01-26 11:30:00,1362.64,1372.98,1356.1,1369.16,29.99905,1611662399999,40948.0721914,270,13.934529999999999,19022.387939900003,0
2021-01-26 12:00:00,1364.47,1374.98,1352.34,1352.68,23.45034,1611664199999,31984.146410900004,325,6.97695,9524.113840600001,0
2021-01-26 12:30:00,1352.34,1359.48,1331.07,1338.43,153.84296,1611665999999,206569.1179956,1084,50.45554,67967.3375555,0
2021-01-26 13:00:00,1338.06,1341.64,1314.62,1322.86,166.57214,1611667799999,220508.07989660001,1246,68.37302,90476.8739625,0
2021-01-26 13:30:00,1321.72,1335.53,1321.72,1332.42,122.31823999999999,1611669599999,162594.1990546,1551,50.78311,67523.3494367,0
2021-01-26 14:00:00,1332.42,1340.17,1320.26,1325.7,87.54706,1611671399999,116504.62734939999,1233,26.60729000000001,35435.4055334,0
2021-01-26 14:30:00,1324.85,1328.72,1294.5,1310.47,119.66131999999999,1611673199999,156372.97721050002,836,47.11892,61651.057985399995,0
2021-01-26 15:00:00,1313.17,1328.76,1310.39,1328.74,76.39044,1611674999999,100989.0442151,396,61.80181999999999,81715.1149182,0
2021-01-26 15:30:00,1328.76,1341.55,1326.03,1332.76,110.03884,1611676799999,146819.04379020006,985,50.11762,66895.67813,0
2021-01-26 16:00:00,1335.33,1374.34,1332.12,1367.79,287.88334,1611678599999,389377.84221140004,1267,190.20979,257116.8417939,0
2021-01-26 16:30:00,1367.79,1381.32,1350.28,1381.32,106.94131999999999,1611680399999,146050.39388329998,783,40.04773,54646.3672964,0
2021-01-26 17:00:00,1381.32,1390.45,1375.87,1385.21,56.88581,1611682199999,78566.2417371,390,21.24686,29383.326458,0
2021-01-26 17:30:00,1384.6,1392.29,1372.85,1390.28,59.99018,1611683999999,82801.1836742,412,35.69349000000001,49245.916385900004,0
2021-01-26 18:00:00,1390.52,1392.8,1376.23,1390.35,35.88242,1611685799999,49746.9333094,364,14.91429,20705.6553818,0
2021-01-26 18:30:00,1392.09,1412.44,1391.22,1408.17,95.60452,1611687599999,134059.1756557,740,58.528859999999995,82101.7121021,0
2021-01-26 19:00:00,1410.57,1420.0,1408.61,1416.0,66.95094,1611689399999,94781.2268413,483,22.498160000000002,31869.6424839,0
2021-01-26 19:30:00,1416.08,1420.98,1406.62,1418.4,68.81245,1611691199999,97342.5084312,393,42.83659,60590.997528600004,0
2021-01-26 20:00:00,1419.38,1445.23,1418.41,1438.0,91.64853000000001,1611692999999,131391.7773517,764,57.4844,82346.9660768,0
2021-01-26 20:30:00,1437.77,1439.93,1415.04,1423.92,105.49456,1611694799999,150125.4529209,582,28.9583,41266.8203504,0
2021-01-26 21:00:00,1425.64,1427.73,1410.4,1423.31,24.619139999999998,1611696599999,34941.3459445,262,11.382589999999999,16164.200025999999,0
2021-01-26 21:30:00,1423.32,1424.69,1412.01,1420.53,33.77094,1611698399999,47948.860591900004,246,14.96662,21251.7021126,0
2021-01-26 22:00:00,1418.65,1428.68,1413.42,1428.68,9.97805,1611700199999,14164.272176700002,161,1.54574,2199.2674483,0
2021-01-26 22:30:00,1429.89,1454.46,1421.95,1444.58,68.22592,1611701999999,98397.0280656,556,39.6018,57143.017094500006,0
2021-01-26 23:00:00,1447.44,1474.33,1445.34,1464.45,191.61977,1611703799999,279889.7134431,1030,96.09209,140320.41166329998,0
2021-01-26 23:30:00,1463.1,1479.21,1448.03,1476.69,255.75718999999998,1611705599999,375843.1924196,1232,100.17094,147066.94073159999,0
2021-01-27 00:00:00,1474.09,1478.03,1456.03,1457.22,63.66911999999999,1611707399999,93426.5937744,653,21.89669,32164.1597089,0
2021-01-27 00:30:00,1460.18,1460.57,1437.11,1456.92,58.84976999999999,1611709199999,85093.3411094,558,23.7266,34274.9866884,0
2021-01-27 01:00:00,1457.93,1458.46,1425.64,1426.67,36.0555,1611710999999,51833.8949307,390,12.19205,17558.1832763,0
2021-01-27 01:30:00,1427.1,1434.68,1397.74,1404.35,106.56346,1611712799999,150973.3486764,934,42.511990000000004,60304.54586919999,0
2021-01-27 02:00:00,1406.87,1419.03,1404.22,1412.43,31.40092000000001,1611714599999,44280.93491519999,316,13.82755,19502.9978034,0
2021-01-27 02:30:00,1413.73,1421.62,1399.81,1400.34,38.46553,1611716399999,54236.40032490001,315,19.91321,28071.584428,0
2021-01-27 03:00:00,1399.95,1411.06,1390.44,1392.85,43.68988,1611718199999,61023.2189136,389,20.65943,28883.3275718,0
2021-01-27 03:30:00,1393.75,1400.91,1389.23,1397.95,34.51305,1611719999999,48076.2105706,282,18.18863,25355.0447093,0
2021-01-27 04:00:00,1395.41,1397.44,1377.43,1394.59,83.20139,1611721799999,115341.91389980001,582,32.29505,44776.365401099996,0
2021-01-27 04:30:00,1394.6,1397.44,1385.15,1394.69,23.815479999999997,1611723599999,33162.6559244,251,11.249080000000001,15672.2634118,0
2021-01-27 05:00:00,1393.76,1398.48,1381.83,1381.9,52.81352,1611725399999,73598.3022874,284,14.91569,20782.3570696,0
2021-01-27 05:30:00,1383.77,1386.27,1368.96,1376.43,46.94595,1611727199999,64581.75948559999,584,23.50907,32366.255126,0
2021-01-27 06:00:00,1377.61,1394.83,1374.38,1381.36,49.16668,1611728999999,68036.71418940001,424,29.18912000000001,40366.684441800004,0
2021-01-27 06:30:00,1382.44,1393.3,1379.61,1387.02,37.394079999999995,1611730799999,51861.3769699,320,18.35896,25492.9895228,0
2021-01-27 07:00:00,1387.19,1396.82,1380.71,1394.69,12.565610000000001,1611732599999,17481.5315155,116,7.2283300000000015,10053.411560100001,0
2021-01-27 07:30:00,1395.88,1405.11,1392.97,1397.11,30.877,1611734399999,43178.09605369999,268,10.42957,14575.4171576,0
2021-01-27 08:00:00,1397.38,1397.38,1379.09,1386.04,26.13601,1611736199999,36221.9524148,273,12.93097,17927.013543,0
2021-01-27 08:30:00,1386.04,1387.9,1359.46,1360.04,63.98269000000001,1611737999999,87730.4364046,659,21.091089999999998,28878.8892749,0
2021-01-27 09:00:00,1360.04,1365.73,1329.22,1340.21,191.88163,1611739799999,258032.11192789997,911,110.43575,148372.6782776,0
2021-01-27 09:30:00,1340.21,1357.89,1337.77,1357.15,47.93287,1611741599999,64586.71360310001,385,25.47715,34336.144954,0
2021-01-27 10:00:00,1357.17,1359.61,1345.77,1352.2,76.55553,1611743399999,103410.3907909,436,19.82701,26770.3298369,0
2021-01-27 10:30:00,1355.19,1357.21,1343.6,1357.21,48.96100000000001,1611745199999,66124.24680580001,319,15.47703,20900.0282312,0
2021-01-27 11:00:00,1355.8,1377.69,1351.65,1368.39,31.838759999999997,1611746999999,43464.9866161,450,15.36656,20976.21377,0
2021-01-27 11:30:00,1370.78,1372.86,1332.11,1335.99,104.86843999999999,1611748799999,141983.1385453,679,34.35282,46594.5168741,0
2021-01-27 12:00:00,1333.61,1350.94,1330.0,1342.95,121.91148999999999,1611750599999,163313.3810948,896,55.9867,75026.8243385,0
2021-01-27 12:30:00,1342.75,1355.6,1341.94,1351.92,66.49338,1611752399999,89843.1831588,461,28.39245,38374.6912912,0
2021-01-27 13:00:00,1349.26,1362.82,1341.49,1348.94,45.94402,1611754199999,62162.8585054,416,22.49863,30478.254634099994,0
2021-01-27 13:30:00,1348.32,1353.6,1326.48,1327.59,101.11701,1611755999999,135400.6276739,725,40.85384000000001,54688.267934899995,0
2021-01-27 14:00:00,1327.43,1334.96,1310.83,1310.83,102.87599,1611757799999,136195.59071,609,48.015370000000004,63650.85251930001,0
2021-01-27 14:30:00,1310.0,1310.0,1274.1,1308.12,261.66767000000004,1611759599999,337850.72578770004,1649,110.26728,142359.57771620006,0
2021-01-27 15:00:00,1307.51,1338.18,1299.99,1332.74,138.55415,1611761399999,183134.8984001,979,92.39499,122181.55521440001,0
2021-01-27 15:30:00,1332.68,1388.29,1320.07,1381.71,656.37244,1611763199999,891998.5010900998,2729,283.39742,385365.3025715,0
2021-01-27 16:00:00,1383.65,1394.86,1370.57,1389.14,230.46643999999998,1611764999999,318595.6598609,1504,105.35825,145569.52059029994,0
2021-01-27 16:30:00,1387.84,1393.38,1356.1,1358.72,126.38722,1611766799999,174161.7632574,1087,40.74019000000001,56111.8509305,0
2021-01-27 17:00:00,1359.99,1371.61,1354.28,1361.82,37.29079,1611768599999,50797.881556,331,17.30331,23562.1987783,0
2021-01-27 17:30:00,1358.59,1358.59,1330.07,1340.6,77.2036,1611770399999,103623.9643661,586,31.643909999999998,42425.8927533,0
2021-01-27 18:00:00,1344.35,1347.93,1332.57,1332.95,44.492909999999995,1611772199999,59609.77854990001,377,21.829620000000002,29249.0022862,0
2021-01-27 18:30:00,1335.3,1338.65,1306.52,1307.21,85.57575,1611773999999,112604.54445710001,534,30.24802,39808.990700300004,0
2021-01-27 19:00:00,1310.36,1345.16,1310.36,1339.93,71.62120999999998,1611775799999,95505.8998112,584,40.011309999999995,53337.317132,0
2021-01-27 19:30:00,1340.97,1355.69,1336.59,1353.3,106.39703999999999,1611777599999,143087.99294660002,812,29.79976,40127.177840300006,0
2021-01-27 20:00:00,1353.3,1385.69,1348.17,1382.8,168.32248,1611779399999,230241.21334370002,1401,40.63902,55666.338673399994,0
2021-01-27 20:30:00,1382.71,1390.75,1360.67,1385.9,240.62909,1611781199999,331031.9485521,1903,48.78792,67028.9673328,0
2021-01-27 21:00:00,1388.99,1390.88,1368.52,1368.79,161.09493,1611782999999,222344.03903260003,863,54.42544,75010.459598,0
2021-01-27 21:30:00,1370.92,1372.61,1352.18,1358.79,47.4367,1611784799999,64501.47903130001,338,21.189729999999997,28837.3139754,0
2021-01-27 22:00:00,1361.51,1378.07,1355.41,1378.07,31.89022000000001,1611786599999,43676.1460975,180,16.05834,22026.305937099998,0
2021-01-27 22:30:00,1378.05,1384.15,1349.19,1351.58,62.67345,1611788399999,85494.9666413,360,37.9975,51951.37784340001,0
2021-01-27 23:00:00,1351.6,1357.87,1320.69,1326.26,193.18856,1611790199999,258196.668738,798,71.23498000000002,95175.0471252,0
2021-01-27 23:30:00,1326.25,1335.48,1320.02,1328.02,49.015,1611791999999,65115.0124849,379,18.80102,25005.6881402,0
2021-01-28 00:00:00,1326.47,1338.19,1301.01,1315.98,103.02396999999999,1611793799999,136338.9914181,689,47.5608,62971.2917844,0
2021-01-28 00:30:00,1316.86,1339.61,1311.21,1336.16,56.30718,1611795599999,74828.24042110001,444,28.51721,37829.1736584,0
2021-01-28 01:00:00,1335.91,1342.02,1327.3,1331.11,33.446090000000005,1611797399999,44665.5142598,327,11.9404,15944.9110348,0
2021-01-28 01:30:00,1332.44,1353.79,1325.39,1351.06,69.28526,1611799199999,92628.1749532,487,33.40276,44521.783801800004,0
2021-01-28 02:00:00,1353.0,1362.35,1338.96,1358.58,69.89431,1611800999999,94691.733179,682,25.38187000000001,34400.6245757,0
2021-01-28 02:30:00,1359.62,1368.36,1354.83,1362.99,39.072340000000004,1611802799999,53205.377421499994,326,12.28398,16741.6106,0
2021-01-28 03:00:00,1366.83,1377.95,1356.18,1368.14,86.15162,1611804599999,118111.10400869999,589,27.163829999999997,37231.8212496,0
2021-01-28 03:30:00,1367.92,1379.65,1364.89,1376.2,57.97841999999999,1611806399999,79566.7116923,373,15.17855,20828.4169003,0
2021-01-28 04:00:00,1377.14,1379.98,1368.59,1372.59,60.13315,1611808199999,82684.78237969999,335,13.77992,18964.781809599997,0
2021-01-28 04:30:00,1372.59,1383.75,1359.2,1377.19,56.79251,1611809999999,78046.1152529,452,24.98984,34364.9840967,0
2021-01-28 05:00:00,1375.63,1375.63,1362.55,1371.72,80.36570999999998,1611811799999,109913.7883987,442,42.483290000000004,58038.9814171,0
2021-01-28 05:30:00,1368.26,1388.08,1368.26,1383.39,91.743,1611813599999,126111.8582007,313,42.80539,58818.0766875,0
2021-01-28 06:00:00,1385.39,1410.5,1384.51,1400.33,66.10647,1611815399999,92534.9109779,535,33.36721,46700.1799883,0
2021-01-28 06:30:00,1399.35,1400.78,1386.67,1389.27,63.9361,1611817199999,89131.5096033,460,41.79773,58285.65722000001,0
2021-01-28 07:00:00,1392.22,1392.79,1371.06,1375.3,87.66161,1611818999999,121284.3646855,574,46.87105,64859.4013636,0
2021-01-28 07:30:00,1373.27,1381.07,1367.5,1375.31,31.51265,1611820799999,43295.34874069999,249,8.47968,11647.2656128,0
2021-01-28 08:00:00,1378.9,1387.22,1369.36,1375.03,53.543459999999996,1611822599999,73849.3918405,447,32.66472,45082.1836123,0
2021-01-28 08:30:00,1377.74,1383.94,1368.52,1373.24,18.180870000000002,1611824399999,24979.8809907,185,9.394689999999999,12914.955126500001,0
2021-01-28 09:00:00,1370.08,1380.93,1355.27,1375.86,34.32797,1611826199999,46930.0142481,245,15.252,20829.5668678,0
2021-01-28 09:30:00,1377.74,1394.22,1371.06,1393.46,34.69977,1611827999999,47955.990393,294,20.95164,28975.1376114,0
2021-01-28 10:00:00,1393.22,1396.98,1378.52,1379.04,25.53321,1611829799999,35377.775396499994,277,12.74515,17661.020266,0
2021-01-28 10:30:00,1379.04,1394.22,1376.74,1394.22,29.80467,1611831599999,41200.4319387,241,12.56855,17389.3228129,0
2021-01-28 11:00:00,1391.88,1398.62,1382.64,1383.33,48.898109999999996,1611833399999,68078.0042216,397,13.283779999999998,18492.6152257,0
2021-01-28 11:30:00,1386.41,1388.5,1372.04,1386.28,25.73264,1611835199999,35553.042894599996,250,18.49071,25554.6169582,0
2021-01-28 12:00:00,1388.82,1404.62,1381.63,1397.97,86.96248,1611836999999,121240.46416139998,575,47.02629,65505.89406569999,0
2021-01-28 12:30:00,1398.93,1412.3,1395.78,1409.96,55.5487,1611838799999,78052.4572322,558,25.29197000000001,35509.0874835,0
2021-01-28 13:00:00,1410.37,1411.29,1390.37,1402.92,105.81947,1611840599999,147807.8136961,489,58.35298,81577.85489039999,0
2021-01-28 13:30:00,1402.91,1418.88,1396.38,1415.5,97.82744,1611842399999,137803.897072,610,65.67783,92508.605277,0
2021-01-28 14:00:00,1412.58,1448.63,1404.66,1437.0,209.48102,1611844199999,300274.1321766,1200,102.19973,146502.4560104,0
2021-01-28 14:30:00,1437.48,1449.54,1420.0,1438.48,232.18371000000002,1611845999999,334246.86594090005,1039,96.90151999999999,139521.919291,0
2021-01-28 15:00:00,1441.28,1448.65,1415.4,1420.18,184.17413,1611847799999,263577.7033722,735,111.25558999999998,159270.5048305,0
2021-01-28 15:30:00,1420.0,1424.55,1400.29,1414.4,131.72597,1611849599999,186259.1257939,868,67.61448,95678.53496989999,0
2021-01-28 16:00:00,1414.39,1422.88,1398.43,1418.62,146.5258,1611851399999,206484.60472160002,694,77.0132,108589.7925795,0
2021-01-28 16:30:00,1416.72,1417.46,1400.88,1404.0,97.15706999999999,1611853199999,136876.42029019998,654,36.28019000000001,51087.478016199995,0
2021-01-28 17:00:00,1406.74,1418.6,1401.67,1404.0,62.993359999999996,1611854999999,88738.46174260002,436,31.065720000000002,43719.2368888,0
2021-01-28 17:30:00,1406.08,1412.76,1401.11,1402.04,48.48627000000001,1611856799999,68288.90834299999,500,15.37306,21654.695533099995,0
2021-01-28 18:00:00,1404.85,1407.78,1388.99,1397.41,55.98283000000001,1611858599999,78316.8287168,502,21.47169,30038.501958999997,0
2021-01-28 18:30:00,1396.99,1404.48,1391.34,1404.4,29.78766,1611860399999,41589.828641,356,13.583910000000001,18980.992416900004,0
2021-01-28 19:00:00,1401.4,1415.37,1401.4,1410.71,38.5071,1611862199999,54219.3753742,353,17.94416,25275.0743648,0
2021-01-28 19:30:00,1412.94,1437.99,1407.04,1422.47,175.78218999999999,1611863999999,250013.90483800002,1047,113.14007,160940.70686120001,0
2021-01-28 20:00:00,1419.6,1429.34,1411.21,1428.4,50.76101,1611865799999,72083.6099584,407,33.37396,47407.4864751,0
2021-01-28 20:30:00,1424.93,1425.96,1401.09,1417.86,60.59015,1611867599999,85611.30240069999,556,35.85628,50702.725644599996,0
2021-01-28 21:00:00,1417.55,1420.08,1406.21,1416.95,22.88133,1611869399999,32338.1217264,232,10.45294,14790.514131200001,0
2021-01-28 21:30:00,1419.37,1419.53,1406.98,1412.32,26.63787,1611871199999,37613.9355404,187,13.37633,18904.5547376,0
2021-01-28 22:00:00,1410.99,1437.0,1410.92,1429.85,105.63689,1611872999999,150385.78614520002,467,52.38898,74426.9432636,0
2021-01-28 22:30:00,1432.55,1433.59,1414.64,1414.74,52.11177,1611874799999,74176.2612528,439,19.54884,27864.602005,0
2021-01-28 23:00:00,1414.71,1420.19,1401.09,1416.72,237.75447000000003,1611876599999,335600.75622670003,1733,56.16745,79221.2696764,0
2021-01-28 23:30:00,1419.42,1428.01,1390.48,1400.0,235.03252,1611878399999,331153.374451,1995,47.94774,67528.7228397,0
2021-01-29 00:00:00,1399.69,1428.01,1394.4,1423.37,461.40062,1611880199999,650535.9052058001,2427,218.82727000000003,308369.6709945,0
2021-01-29 00:30:00,1423.37,1428.33,1412.37,1417.94,304.5039,1611881999999,432735.5116368,1900,107.68676,153078.2265437,0
2021-01-29 01:00:00,1417.94,1446.88,1408.22,1431.02,490.84989,1611883799999,700310.851757,2602,209.69545,299554.3562608,0
2021-01-29 01:30:00,1429.03,1431.01,1404.55,1410.96,172.58403,1611885599999,244621.3189436,900,63.64897,90209.1389659,0
2021-01-29 02:00:00,1409.3,1422.1,1402.66,1418.47,166.41082,1611887399999,235077.49507670003,887,74.43571,105197.5168906,0
2021-01-29 02:30:00,1417.78,1420.41,1413.26,1417.35,171.396,1611889199999,242774.01003920002,1152,36.49437,51736.4707821,0
2021-01-29 03:00:00,1417.35,1429.42,1400.05,1410.12,185.63726,1611890999999,262564.46369299997,1326,37.5144,53055.9585548,0
2021-01-29 03:30:00,1410.41,1460.0,1395.0,1406.73,327.14662999999996,1611892799999,461847.3392299,1886,172.67986000000005,244550.17494489998,0
2021-01-29 04:00:00,1408.16,1412.07,1367.84,1383.84,108.74755,1611894599999,151210.25346729998,680,40.86097,56757.102685699996,0
2021-01-29 04:30:00,1383.53,1392.23,1381.62,1386.13,50.01765,1611896399999,69416.1749463,269,17.18548,23850.0910278,0
2021-01-29 05:00:00,1388.71,1392.54,1378.18,1391.01,41.87254,1611898199999,58048.4715592,209,20.35311,28184.4504264,0
2021-01-29 05:30:00,1387.89,1392.9,1379.0,1387.46,54.88859,1611899999999,76046.7917314,249,33.4584,46347.2892516,0
2021-01-29 06:00:00,1387.6,1397.32,1382.02,1397.22,27.65064000000001,1611901799999,38423.726450300004,270,16.18301,22501.666547099998,0
2021-01-29 06:30:00,1396.08,1397.28,1387.89,1393.35,23.102929999999997,1611903599999,32181.602281200005,187,14.41595,20084.0259438,0
2021-01-29 07:00:00,1393.89,1399.58,1361.58,1364.89,91.19374,1611905399999,126203.4778838,489,47.12355,65197.304619,0
2021-01-29 07:30:00,1364.88,1380.55,1361.52,1380.38,84.71934,1611907199999,115914.21830869999,440,42.297059999999995,57920.385367999996,0
2021-01-29 08:00:00,1380.37,1382.33,1365.61,1365.61,44.87099,1611908999999,61667.9827602,286,34.31107,47177.57171010001,0
2021-01-29 08:30:00,1367.95,1400.0,1363.48,1398.28,304.66889,1611910799999,421687.8836183,1054,143.19926999999996,198493.33715170002,0
2021-01-29 09:00:00,1400.0,1418.4,1383.0,1416.42,349.98278999999997,1611912599999,491542.7406522,1591,178.37613000000005,250576.48956830002,0
2021-01-29 09:30:00,1416.31,1437.56,1407.72,1416.11,282.54184,1611914399999,401679.68706090003,1112,157.46311,224073.1943722,0
2021-01-29 10:00:00,1416.1,1416.85,1387.56,1388.5,125.91551000000001,1611916199999,176751.0352799,365,73.51109,103333.2901101,0
2021-01-29 10:30:00,1390.36,1407.16,1386.1,1407.16,64.1027,1611917999999,89421.2438635,266,35.28393,49239.1979203,0
2021-01-29 11:00:00,1406.65,1444.0,1406.44,1442.11,141.73916,1611919799999,202250.1854519,621,95.45281,136211.7246717,0
2021-01-29 11:30:00,1442.75,1446.32,1434.65,1442.05,91.59683000000001,1611921599999,131941.7237578,443,50.06013,72147.22636900001,0
2021-01-29 12:00:00,1441.89,1457.99,1435.67,1454.54,140.03718999999998,1611923399999,202469.30121920002,607,89.00939,128785.03837869999,0
2021-01-29 12:30:00,1457.74,1460.0,1436.73,1439.08,149.46023,1611925199999,216648.2167276,519,56.817780000000006,82354.294775,0
2021-01-29 13:00:00,1439.09,1443.71,1402.5,1405.12,206.70786,1611926999999,292698.9449079001,975,115.1463,163274.0589771,0
2021-01-29 13:30:00,1404.01,1422.0,1404.0,1416.31,107.03634,1611928799999,151213.62475979998,544,59.68363000000001,84299.44969149999,0
2021-01-29 14:00:00,1418.71,1427.75,1417.49,1425.23,73.30251,1611930599999,104361.06427080001,510,50.10508,71367.12153160003,0
2021-01-29 14:30:00,1425.23,1430.0,1397.42,1406.1,136.5456,1611932399999,193159.8164316,753,73.1923,103587.6774981,0
2021-01-29 15:00:00,1407.09,1415.38,1404.69,1407.19,48.26878,1611934199999,68036.4109546,313,20.640320000000006,29105.9085742,0
2021-01-29 15:30:00,1405.21,1409.37,1401.97,1406.32,44.02964,1611935999999,61861.9455008,264,23.56749,33120.327399799986,0
2021-01-29 16:00:00,1406.32,1415.14,1401.81,1407.9,46.89054,1611937799999,65949.9663607,273,19.198220000000006,27045.9267398,0
2021-01-29 16:30:00,1406.65,1408.32,1384.85,1395.78,125.27561000000001,1611939599999,175030.0015474,444,52.18267,72882.5762852,0
2021-01-29 17:00:00,1395.76,1402.28,1377.37,1394.53,105.53513000000001,1611941399999,146464.93810579999,522,43.36076,60250.3415878,0
2021-01-29 17:30:00,1393.36,1397.32,1377.47,1384.02,72.83115,1611943199999,100911.00395479999,281,35.52446,49227.4114904,0
2021-01-29 18:00:00,1382.12,1385.63,1368.62,1374.35,67.5613,1611944999999,92988.58663220001,408,33.53494,46114.6813966,0
2021-01-29 18:30:00,1373.75,1379.87,1364.85,1369.11,57.67247,1611946799999,79109.07219939999,309,31.268620000000002,42926.2918125,0
2021-01-29 19:00:00,1370.55,1370.55,1362.35,1362.96,62.38284,1611948599999,85210.2803399,347,29.116429999999998,39787.1181538,0
2021-01-29 19:30:00,1364.75,1371.6,1360.82,1370.92,62.51803,1611950399999,85309.994046,316,26.43941,36102.649518,0
2021-01-29 20:00:00,1371.97,1376.82,1363.08,1373.55,64.95441,1611952199999,89007.2510079,342,25.302139999999998,34686.6757311,0
2021-01-29 20:30:00,1376.18,1394.78,1374.16,1383.16,77.14119000000002,1611953999999,107092.00359410001,368,45.18202,62750.37339530001,0
2021-01-29 21:00:00,1383.26,1404.92,1377.75,1402.0,54.71436,1611955799999,76065.76298500001,271,31.43686,43729.113725,0
2021-01-29 21:30:00,1402.0,1410.15,1394.5,1410.15,101.21993,1611957599999,142312.9417832,535,39.401379999999996,55368.98548250001,0
2021-01-29 22:00:00,1409.53,1422.87,1405.34,1413.83,100.71741999999999,1611959399999,142508.70169589994,457,28.50488,40341.53843540001,0
2021-01-29 22:30:00,1417.83,1437.84,1406.14,1431.73,60.48591999999999,1611961199999,86054.6650023,419,31.68667,45166.2528439,0
2021-01-29 23:00:00,1434.02,1436.17,1401.31,1402.77,87.06598000000002,1611962999999,123469.63340060001,458,30.830379999999998,43679.8936511,0
2021-01-29 23:30:00,1401.3,1406.31,1395.48,1405.22,50.74804,1611964799999,71161.0577924,214,27.72451,38886.903340300014,0
2021-01-30 00:00:00,1405.83,1424.4,1404.0,1405.38,85.9043,1611966599999,121256.64340110001,409,41.79578,58964.32263019999,0
2021-01-30 00:30:00,1407.76,1418.78,1403.0,1404.4,81.74371,1611968399999,115164.01125190001,401,43.7799,61682.8906541,0
2021-01-30 01:00:00,1406.33,1409.92,1399.67,1409.92,15.370460000000001,1611970199999,21546.66485,139,7.9957600000000015,11206.9326982,0
2021-01-30 01:30:00,1409.07,1419.05,1400.2,1417.77,23.70627,1611971999999,33390.6361648,195,12.62834,17785.8952474,0
2021-01-30 02:00:00,1417.77,1435.0,1402.15,1418.0,77.98956,1611973799999,110554.8733398,588,50.92299000000001,72230.5828362,0
2021-01-30 02:30:00,1418.0,1425.64,1407.55,1407.59,43.55464,1611975599999,61757.1425661,210,13.00415,18426.9161843,0
2021-01-30 03:00:00,1410.41,1420.34,1400.8,1412.13,38.3334,1611977399999,54096.4373726,263,25.01061,35305.4652944,0
2021-01-30 03:30:00,1412.13,1415.36,1391.06,1395.2,78.56298000000002,1611979199999,110010.6256767,476,37.83162,52967.1971467,0
2021-01-30 04:00:00,1395.56,1406.57,1394.26,1401.71,79.15014000000002,1611980999999,110770.38757389998,241,44.18374,61853.00490160001,0
2021-01-30 04:30:00,1400.7,1408.05,1398.11,1402.35,15.93193,1611982799999,22342.5972253,157,7.38555,10359.090477299998,0
2021-01-30 05:00:00,1400.61,1410.69,1390.41,1409.95,43.825990000000004,1611984599999,61339.81992509999,292,29.171409999999998,40836.945554300015,0
2021-01-30 05:30:00,1411.09,1432.21,1408.24,1418.5,117.71888,1611986399999,167120.59022570006,651,65.10627,92427.1403731,0
2021-01-30 06:00:00,1416.05,1423.36,1399.55,1420.17,52.826209999999996,1611988199999,74403.5234906,378,25.034679999999998,35294.9532005,0
2021-01-30 06:30:00,1417.58,1423.98,1416.15,1423.64,30.38309000000001,1611989999999,43157.6686801,219,10.6422,15136.8220662,0
2021-01-30 07:00:00,1421.48,1430.45,1417.72,1428.52,49.3186,1611991799999,70218.5430488,359,24.42684,34781.3097454,0
2021-01-30 07:30:00,1428.28,1428.28,1414.35,1416.91,45.000479999999996,1611993599999,63800.33320549999,286,13.427629999999999,19053.1218133,0
2021-01-30 08:00:00,1417.27,1423.43,1409.79,1411.91,42.88818,1611995399999,60764.41181930001,324,14.582529999999998,20668.7312955,0
2021-01-30 08:30:00,1414.14,1416.45,1409.18,1409.97,31.96776,1611997199999,45141.48154090001,273,12.31643,17397.2751127,0
2021-01-30 09:00:00,1413.68,1438.35,1408.54,1428.26,101.69802,1611998999999,145409.45130410002,837,52.13694,74537.3115869,0
2021-01-30 09:30:00,1431.0,1439.6,1425.37,1435.78,44.29691,1612000799999,63499.6034641,381,28.168909999999997,40383.1731847,0
2021-01-30 10:00:00,1433.0,1440.0,1422.41,1435.61,65.75948000000001,1612002599999,94181.3556236,488,35.7247,51190.6018008,0
2021-01-30 10:30:00,1433.03,1439.97,1433.03,1435.66,48.56508,1612004399999,69703.5427461,344,17.46266,25072.461360799996,0
2021-01-30 11:00:00,1434.77,1437.0,1415.38,1424.61,31.34696,1612006199999,44641.0495417,343,12.30959,17497.420389500006,0
2021-01-30 11:30:00,1421.55,1421.55,1412.2,1418.74,23.73139,1612007999999,33585.3786448,181,8.998560000000003,12742.182314200001,0
2021-01-30 12:00:00,1417.44,1422.07,1410.0,1416.04,36.159259999999996,1612009799999,51204.758204699996,258,10.53653,14925.0324002,0
2021-01-30 12:30:00,1413.6,1419.13,1413.42,1415.85,27.765520000000002,1612011599999,39312.854449599996,187,17.91956,25377.5764722,0
2021-01-30 13:00:00,1416.18,1430.76,1407.9,1428.88,91.88478,1612013399999,130335.18478970001,450,41.00289,58229.0208094,0
2021-01-30 13:30:00,1428.88,1491.69,1427.29,1453.35,1079.79043,1612015199999,1583918.8222191,4674,592.87736,871197.4452126998,0
2021-01-30 14:00:00,1454.95,1482.4,1452.52,1478.44,1569.67177,1612016999999,2306839.9121879,4058,907.9356,1334086.9422312,0
2021-01-30 14:30:00,1478.44,1483.33,1457.69,1459.0,121.41557,1612018799999,178180.04746620005,809,67.43863,98980.8742078,0
2021-01-30 15:00:00,1460.3,1497.5,1455.27,1462.83,1291.84032,1612020599999,1903306.7079207,3468,570.42223,840534.900081,0
2021-01-30 15:30:00,1464.91,1481.24,1463.53,1470.97,120.17926000000001,1612022399999,177061.2695697,838,49.98277,73687.2481045,0
2021-01-30 16:00:00,1470.23,1474.09,1426.29,1426.4,255.36782000000002,1612024199999,370447.2109081,1494,106.49831,154248.1436267,0
2021-01-30 16:30:00,1427.68,1458.71,1426.05,1458.67,69.62255,1612025999999,100379.13534339999,542,30.458840000000002,43941.45446630001,0
2021-01-30 17:00:00,1458.59,1555.83,1446.15,1499.78,1153.62083,1612027799999,1746110.6053116,4902,522.69465,791772.2684343002,0
2021-01-30 17:30:00,1499.0,1527.12,1463.8,1484.77,450.32652,1612029599999,672344.7301076,2312,241.98962999999998,361013.77355220006,0
2021-01-30 18:00:00,1482.36,1523.39,1476.83,1494.34,319.36327,1612031399999,480346.76392399997,1739,150.35446000000005,226075.9098354,0
2021-01-30 18:30:00,1495.1,1533.0,1477.31,1515.29,329.27288,1612033199999,494254.5111297,1938,190.763,286432.1584538,0
2021-01-30 19:00:00,1514.77,1542.29,1512.55,1524.08,216.03184,1612034999999,329627.959744,1327,126.08792,192313.0878855,0
2021-01-30 19:30:00,1524.89,1535.09,1508.56,1524.78,101.52672,1612036799999,154229.03248720002,791,51.93569,78896.76480660001,0
2021-01-30 20:00:00,1524.87,1633.19,1524.14,1613.8,1146.70734,1612038599999,1816862.9325626,5165,529.94487,840054.340047,0
2021-01-30 20:30:00,1613.88,1617.41,1557.15,1578.07,757.0479,1612040399999,1197771.3156247,3624,372.22634,588289.5654883,0
2021-01-30 21:00:00,1578.43,1634.55,1578.43,1595.53,619.35165,1612042199999,998714.0989448,3271,321.95873,519499.2601446,0
2021-01-30 21:30:00,1598.8,1630.0,1595.77,1609.17,318.95703,1612043999999,514743.5625276,1930,179.40797,289715.1896703,0
2021-01-30 22:00:00,1611.65,1611.65,1573.0,1576.56,196.72406,1612045799999,313256.48059909994,1121,82.63275,131936.42224100002,0
2021-01-30 22:30:00,1576.18,1628.0,1573.0,1605.5,333.70117,1612047599999,534906.5426930999,1811,127.91503999999999,204921.8529053,0
2021-01-30 23:00:00,1605.22,1618.04,1573.19,1581.05,212.96377999999999,1612049399999,338865.29328000004,1361,59.55581,94555.9646626,0
2021-01-30 23:30:00,1582.97,1584.82,1573.0,1579.94,87.15214,1612051199999,137615.9971559,793,41.98449,66345.86284480001,0
2021-01-31 00:00:00,1580.01,1603.09,1570.0,1573.79,310.90575,1612052999999,491296.96049709996,1494,134.60048,213087.6640972,0
2021-01-31 00:30:00,1574.51,1582.94,1570.0,1575.14,276.70311,1612054799999,435513.2466891,2200,67.28499000000001,105989.4334353,0
2021-01-31 01:00:00,1575.14,1576.08,1570.0,1570.0,152.8417,1612056599999,240339.78283870002,813,70.68875,111212.4545816,0
2021-01-31 01:30:00,1573.29,1620.0,1570.0,1570.06,362.26045,1612058399999,573297.7332219,1667,157.61028000000005,249975.3927551,0
2021-01-31 02:00:00,1570.09,1573.48,1551.01,1552.53,615.2098900000002,1612060199999,961467.8928445,1397,104.4934,163496.3516498,0
2021-01-31 02:30:00,1552.0,1554.13,1527.8,1536.41,278.05228,1612061999999,428848.41125109995,1278,78.74422,121196.9240171,0
2021-01-31 03:00:00,1533.46,1540.63,1516.0,1516.0,185.67616999999998,1612063799999,282375.29829320003,741,50.340070000000004,76726.3973796,0
2021-01-31 03:30:00,1516.0,1531.12,1512.2,1515.21,176.87537,1612065599999,268564.3858703,684,39.34851,59851.642413400004,0
2021-01-31 04:00:00,1515.21,1569.59,1511.39,1550.74,202.77626,1612067399999,313365.10824579996,980,122.44793,189509.2030456,0
2021-01-31 04:30:00,1553.15,1555.99,1535.88,1547.67,55.794109999999996,1612069199999,86348.4726625,494,25.26131,39151.2287547,0
2021-01-31 05:00:00,1547.6,1547.64,1525.04,1525.24,123.87223999999999,1612070999999,190242.13334879998,966,32.61033,50181.69640369999,0
2021-01-31 05:30:00,1526.65,1530.76,1514.04,1530.76,64.88877,1612072799999,98784.6110976,512,37.90669000000001,57705.4166632,0
2021-01-31 06:00:00,1530.75,1540.25,1515.16,1519.32,47.92929,1612074599999,73072.737827,449,27.527109999999997,41983.5026731,0
2021-01-31 06:30:00,1516.14,1529.75,1506.0,1529.54,164.63485,1612076399999,248886.613208,1399,55.82045,84535.36884089999,0
2021-01-31 07:00:00,1526.68,1537.87,1515.51,1520.52,84.67856,1612078199999,129054.22664400001,665,28.41188,43372.5854452,0
2021-01-31 07:30:00,1519.01,1519.01,1500.0,1504.36,370.33688,1612079999999,557688.8570723,912,70.35464,106153.63154710001,0
2021-01-31 08:00:00,1501.01,1515.48,1500.0,1508.6,93.98586999999999,1612081799999,141526.49266770002,698,45.845040000000004,69080.0758188,0
2021-01-31 08:30:00,1507.74,1507.74,1500.0,1504.95,87.43257,1612083599999,131282.3866562,463,43.75549,65734.3686858,0
2021-01-31 09:00:00,1502.98,1508.84,1485.91,1489.95,173.81869,1612085399999,260629.52408449998,604,43.31888,64946.954290199996,0
2021-01-31 09:30:00,1489.44,1495.75,1471.04,1473.82,77.76948,1612087199999,115280.87194879999,591,33.86615,50237.8233327,0
2021-01-31 10:00:00,1471.63,1487.57,1470.0,1487.16,116.01333000000001,1612088999999,171044.56011229998,698,50.58088,74655.8264633,0
2021-01-31 10:30:00,1487.16,1492.59,1472.87,1489.38,113.20275,1612090799999,167836.0008491,761,72.32604,107259.05876819999,0
2021-01-31 11:00:00,1490.85,1509.49,1483.26,1508.96,104.79129,1612092599999,156835.8560765,630,74.35218,111273.90774849999,0
2021-01-31 11:30:00,1509.54,1510.98,1476.53,1489.97,78.63126,1612094399999,117274.939177,994,26.90137,40122.8558045,0
2021-01-31 12:00:00,1488.3,1511.01,1486.04,1511.0,55.17357,1612096199999,82612.9621694,453,34.271370000000005,51271.85218269999,0
2021-01-31 12:30:00,1511.0,1511.97,1490.84,1491.27,62.19136999999999,1612097999999,93654.26981950001,431,35.60942,53658.7076552,0
2021-01-31 13:00:00,1490.77,1511.23,1489.81,1511.23,45.12635,1612099799999,67672.7259344,395,21.376910000000002,32100.8650824,0
2021-01-31 13:30:00,1511.28,1511.28,1500.0,1510.83,49.02048,1612101599999,73752.5150973,444,27.429129999999997,41292.8083112,0
2021-01-31 14:00:00,1510.83,1510.89,1475.6,1478.38,82.91098000000002,1612103399999,123467.6409365,618,36.29535,54020.79121690001,0
2021-01-31 14:30:00,1475.04,1476.16,1450.75,1452.03,170.28746,1612105199999,250079.9843273,673,29.303490000000004,42972.7298711,0
2021-01-31 15:00:00,1451.17,1465.6,1420.31,1425.72,275.07027,1612106999999,395467.5481703,1732,127.2886,183047.0368162,0
2021-01-31 15:30:00,1425.72,1433.02,1405.81,1429.55,229.81611,1612108799999,325633.104536,1390,93.55712,132599.8282598,0
2021-01-31 16:00:00,1429.22,1448.83,1405.0,1443.43,210.71497000000002,1612110599999,299860.1505053,1253,73.60266,105099.9287032,0
2021-01-31 16:30:00,1446.36,1467.99,1443.57,1459.15,121.33461000000001,1612112399999,176977.69951029995,970,62.30939,90877.19400369999,0
2021-01-31 17:00:00,1456.06,1469.0,1443.92,1467.61,94.11869,1612114199999,137159.0663066,585,48.90593,71308.7063725,0
2021-01-31 17:30:00,1467.61,1475.1,1437.0,1445.03,107.6966,1612115999999,157397.6811416,554,57.27985,83700.0890408,0
2021-01-31 18:00:00,1441.17,1470.0,1415.96,1462.83,227.43342,1612117799999,328834.91138059995,993,121.49115,176297.4456334,0
2021-01-31 18:30:00,1465.44,1468.7,1441.44,1442.0,67.83598,1612119599999,98954.60849279999,467,46.85649,68430.2727788,0
2021-01-31 19:00:00,1443.51,1470.0,1436.04,1468.8,85.43299999999998,1612121399999,124951.8933391,580,56.98746,83477.1068579,0
2021-01-31 19:30:00,1469.99,1499.17,1469.99,1493.68,471.68287000000004,1612123199999,701985.639338,1845,243.65806,362666.27591609996,0
2021-01-31 20:00:00,1491.09,1493.09,1459.28,1483.37,152.43568,1612124999999,226300.82195050002,705,30.062279999999998,44312.9028206,0
2021-01-31 20:30:00,1483.0,1489.0,1473.53,1478.3,76.26597,1612126799999,112930.7269859,461,48.63605,72007.3122072,0
2021-01-31 21:00:00,1478.39,1479.48,1463.96,1476.8,71.16283,1612128599999,104733.0411527,535,39.13671,57656.813671,0
2021-01-31 21:30:00,1474.23,1489.99,1470.06,1476.36,54.72531,1612130399999,80950.04580810001,462,34.05018,50424.0298514,0
2021-01-31 22:00:00,1475.94,1477.66,1463.06,1477.66,27.89335,1612132199999,40968.0546991,302,15.22344,22371.6538364,0
2021-01-31 22:30:00,1478.56,1491.44,1473.79,1487.76,36.329370000000004,1612133999999,54012.0682293,376,13.10309,19497.148984400006,0
2021-01-31 23:00:00,1487.26,1490.76,1481.13,1483.8,41.51663,1612135799999,61779.311264699994,367,23.63349,35197.5729195,0
2021-01-31 23:30:00,1482.53,1490.05,1467.39,1479.79,124.32952,1612137599999,183692.9065635,799,54.4576,80514.51480019999,0
2021-02-01 00:00:00,1480.48,1483.32,1419.11,1421.67,147.68868999999995,1612139399999,214249.48612470002,1032,40.23139000000001,58265.21337540001,0
2021-02-01 00:30:00,1422.12,1433.27,1420.07,1428.06,24.51101,1612141199999,34991.4176749,332,10.82247,15462.1250169,0
2021-02-01 01:00:00,1428.54,1450.83,1423.77,1449.93,69.4018,1612142999999,99801.93316100001,614,37.61674,54164.0160681,0
2021-02-01 01:30:00,1450.0,1465.6,1441.14,1465.41,64.14949,1612144799999,93172.82219430001,452,36.964659999999995,53678.156881,0
2021-02-01 02:00:00,1461.54,1496.78,1457.86,1475.79,147.50812,1612146599999,218339.7640179,954,95.51957,141445.512577,0
2021-02-01 02:30:00,1475.7,1477.1,1470.25,1476.69,7.43953,1612148399999,10973.682156899999,132,4.77501,7046.7865928,0
2021-02-01 03:00:00,1476.7,1476.92,1450.0,1458.11,116.10931000000001,1612150199999,169512.06150470002,694,50.90682,74324.1462117,0
2021-02-01 03:30:00,1456.19,1464.39,1453.32,1460.74,29.51072000000001,1612151999999,43065.9046496,307,15.778739999999999,23033.0637998,0
2021-02-01 04:00:00,1462.58,1495.3,1450.0,1492.16,97.82261,1612153799999,144024.6986028,670,53.5934,78841.7811627,0
2021-02-01 04:30:00,1489.58,1507.2,1487.35,1497.09,95.90616,1612155599999,143954.1272872,731,56.24756,84480.04104400001,0
2021-02-01 05:00:00,1496.38,1506.59,1488.3,1506.57,36.69177,1612157399999,54972.42274330001,400,20.38312,30533.928551099998,0
2021-02-01 05:30:00,1504.62,1517.6,1498.42,1498.42,39.18894,1612159199999,59065.66037409999,453,18.03528,27189.0384421,0
2021-02-01 06:00:00,1500.75,1505.08,1480.67,1496.01,37.09455,1612160999999,55383.9583707,493,13.20846,19722.3235283,0
2021-02-01 06:30:00,1500.75,1502.82,1453.59,1467.39,138.41276000000002,1612162799999,204550.17627979998,892,60.84838000000001,89970.0627588,0
2021-02-01 07:00:00,1469.22,1483.1,1457.81,1472.01,98.69171,1612164599999,144796.6509623,557,21.64573,31821.650613200003,0
2021-02-01 07:30:00,1470.18,1491.28,1468.17,1471.61,161.75884,1612166399999,239356.3430169,720,82.83816999999998,122626.9748147,0
2021-02-01 08:00:00,1472.15,1477.7,1466.0,1467.42,42.57043,1612168199999,62550.3816108,417,15.13822,22264.3248508,0
2021-02-01 08:30:00,1468.63,1482.53,1458.37,1475.94,170.16161,1612169999999,250227.6637425,518,73.44376,108126.1561178,0
2021-02-01 09:00:00,1474.41,1519.99,1416.51,1465.45,491.44205999999997,1612171799999,727548.0264492,2361,166.51511000000005,247047.90676670003,0
2021-02-01 09:30:00,1465.54,1482.07,1462.17,1477.38,60.5197,1612173599999,88936.0607216,447,27.85898,41005.720489499996,0
2021-02-01 10:00:00,1476.02,1479.39,1457.54,1468.83,88.16651,1612175399999,129398.9966092,415,32.58807,47834.9790057,0
2021-02-01 10:30:00,1468.91,1478.6,1468.71,1474.45,32.83506,1612177199999,48409.19564609999,252,20.4215,30127.463955900002,0
2021-02-01 11:00:00,1476.96,1487.01,1466.4,1467.25,58.7712,1612178999999,86753.2805732,420,29.82137,44003.1267748,0
2021-02-01 11:30:00,1470.73,1485.61,1463.86,1475.83,55.73372,1612180799999,82234.4270077,484,22.23501,32794.4100333,0
2021-02-01 12:00:00,1475.99,1501.29,1473.16,1490.16,73.58684000000002,1612182599999,109346.6285484,457,41.15077,61076.518710000004,0
2021-02-01 12:30:00,1490.28,1506.98,1458.26,1470.46,146.98416,1612184399999,217678.3088213,921,52.34717,77659.51429339999,0
2021-02-01 13:00:00,1472.03,1478.85,1457.76,1470.1,88.16608000000002,1612186199999,129567.3660113,564,42.42794,62362.4614686,0
2021-02-01 13:30:00,1471.66,1484.45,1456.41,1456.94,65.69971,1612187999999,96681.4083541,643,26.38342,38929.2654177,0
2021-02-01 14:00:00,1456.9,1462.39,1430.77,1453.9,102.81999,1612189799999,148646.5478098,839,42.939009999999996,62120.0447434,0
2021-02-01 14:30:00,1457.63,1478.54,1457.63,1471.66,89.0253,1612191599999,130894.1078421,658,52.38412,77041.2624084,0
2021-02-01 15:00:00,1471.91,1487.09,1465.81,1473.3,53.33811,1612193399999,78673.93547360001,587,18.27792,26991.621597600002,0
2021-02-01 15:30:00,1470.25,1481.08,1466.66,1468.48,18.27224,1612195199999,26905.8782476,238,7.95701,11721.7751872,0
2021-02-01 16:00:00,1465.81,1479.99,1452.1,1457.01,261.70274,1612196999999,382856.9173791,962,152.45497,222952.80236739997,0
2021-02-01 16:30:00,1458.52,1464.8,1450.66,1451.79,30.04365,1612198799999,43793.3469011,341,11.26335,16427.7966132,0
2021-02-01 17:00:00,1451.76,1467.98,1448.3,1466.29,27.697640000000003,1612200599999,40362.5937987,298,17.09364,24914.652753799997,0
2021-02-01 17:30:00,1465.74,1468.37,1458.26,1463.92,33.23464,1612202399999,48630.557293599995,303,13.1313,19248.5160963,0
2021-02-01 18:00:00,1464.0,1471.32,1460.3,1465.9,22.98639,1612204199999,33705.3979532,210,9.61167,14108.892509399999,0
2021-02-01 18:30:00,1468.09,1468.11,1454.61,1461.51,29.95482,1612205999999,43770.9011176,297,16.41313,23990.3094312,0
2021-02-01 19:00:00,1461.04,1469.41,1450.62,1466.51,60.429019999999994,1612207799999,88254.3162572,324,24.36455,35587.711155000005,0
2021-02-01 19:30:00,1463.0,1475.94,1462.6,1472.11,56.08348,1612209599999,82438.12466789999,480,31.10722,45752.0032063,0
2021-02-01 20:00:00,1475.24,1492.96,1471.82,1476.68,74.30648000000002,1612211399999,110164.2955214,668,43.41388,64424.88108280001,0
2021-02-01 20:30:00,1476.03,1487.15,1465.88,1481.54,49.75786,1612213199999,73483.5964733,436,25.990560000000002,38420.6906691,0
2021-02-01 21:00:00,1477.3,1489.82,1471.19,1486.0,49.08247,1612214999999,72721.2528367,378,29.29595,43425.5718257,0
2021-02-01 21:30:00,1485.34,1485.64,1473.37,1480.47,38.82202,1612216799999,57533.4014122,265,19.399739999999998,28776.9410736,0
2021-02-01 22:00:00,1477.93,1485.57,1473.88,1473.88,46.882,1612218599999,69333.2655971,355,18.00029,26639.851204299997,0
2021-02-01 22:30:00,1473.33,1480.0,1463.37,1464.32,69.25421,1612220399999,101991.0272914,321,28.44486,41922.4729485,0
2021-02-01 23:00:00,1466.95,1485.64,1464.34,1468.62,75.62775,1612222199999,111519.31475899999,515,43.06854000000001,63474.3363116,0
2021-02-01 23:30:00,1466.66,1484.15,1466.0,1471.15,36.85716,1612223999999,54336.5659623,290,16.33452,24100.22979690001,0
2021-02-02 00:00:00,1469.88,1524.99,1469.58,1487.37,445.79093,1612225799999,668329.5465178001,2015,235.06114,351459.6214823,0
2021-02-02 00:30:00,1486.89,1491.05,1466.04,1473.34,113.60221000000001,1612227599999,167591.27703270002,838,65.65433,96891.95896080001,0
2021-02-02 01:00:00,1475.69,1484.88,1468.44,1476.84,111.76768999999999,1612229399999,164831.212998,1214,27.51841,40640.7412764,0
2021-02-02 01:30:00,1475.37,1487.17,1472.19,1485.24,46.41315,1612231199999,68655.6627987,554,9.38366,13903.1993264,0
2021-02-02 02:00:00,1485.64,1494.49,1475.81,1494.49,26.03365,1612232999999,38611.383452199996,291,5.93807,8816.080571200002,0
2021-02-02 02:30:00,1494.49,1503.84,1493.1,1498.46,206.39845,1612234799999,309170.4705361,1540,31.9113,47813.117738400004,0
2021-02-02 03:00:00,1499.23,1503.84,1488.36,1498.63,112.09686,1612236599999,167834.70331749998,733,50.655120000000004,75972.68710580001,0
2021-02-02 03:30:00,1495.32,1500.0,1492.09,1499.99,67.83457,1612238399999,101675.00920739998,364,48.55426,72806.0991391,0
2021-02-02 04:00:00,1499.99,1524.47,1497.51,1524.16,356.89041000000014,1612240199999,538294.8100434,1624,228.11415,343362.99274899997,0
2021-02-02 04:30:00,1524.11,1533.64,1510.57,1533.64,74.8309,1612241999999,113825.34677550002,735,37.0989,56467.723630299995,0
2021-02-02 05:00:00,1532.22,1538.38,1515.55,1522.0,102.16457,1612243799999,155868.6306822,884,35.82861,54667.50295720001,0
2021-02-02 05:30:00,1519.52,1528.11,1519.52,1528.11,33.00052,1612245599999,50244.626065300006,322,9.596960000000001,14627.2691273,0
2021-02-02 06:00:00,1527.88,1527.88,1511.0,1511.01,68.89888,1612247399999,104645.31266150001,659,20.67916,31422.9380269,0
2021-02-02 06:30:00,1514.26,1540.24,1510.75,1533.99,78.92107,1612249199999,120943.08809489998,846,36.0524,55239.36114069999,0
2021-02-02 07:00:00,1533.99,1544.71,1515.87,1537.11,59.94464,1612250999999,91758.2397542,589,32.32549,49570.907407499995,0
2021-02-02 07:30:00,1537.73,1571.78,1533.39,1555.86,126.63401,1612252799999,196801.184852,1159,79.04122,122982.34021770001,0
2021-02-02 08:00:00,1555.86,1606.88,1546.18,1569.57,1149.10844,1612254599999,1823655.8898717,3501,673.12473,1069143.7858442,0
2021-02-02 08:30:00,1569.02,1576.15,1550.98,1568.03,128.189,1612256399999,200587.69056820002,922,59.27605,92806.04009750001,0
2021-02-02 09:00:00,1569.74,1573.79,1550.57,1556.64,138.05207,1612258199999,215418.84415220004,683,91.62897,143053.36209779998,0
2021-02-02 09:30:00,1560.63,1569.14,1540.0,1565.56,112.42336,1612259999999,174659.5771651,645,78.06559,121326.54820150002,0
2021-02-02 10:00:00,1569.2,1585.77,1563.55,1583.51,130.52481,1612261799999,205700.3829178,795,80.96302,127649.556629,0
2021-02-02 10:30:00,1585.45,1601.27,1579.38,1596.85,256.88465,1612263599999,408011.5695271,1212,153.41301,243855.0917928,0
2021-02-02 11:00:00,1600.22,1602.05,1575.33,1576.65,162.17143000000004,1612265399999,258458.36500179998,1018,74.59340999999998,118909.3263184,0
2021-02-02 11:30:00,1576.65,1604.16,1568.88,1593.46,137.33572,1612267199999,218412.9747054,1011,85.96166,136803.60719779998,0
2021-02-02 12:00:00,1590.2,1622.02,1583.31,1612.0,260.251,1612268999999,417796.240906,1686,159.47376,255911.9915697,0
2021-02-02 12:30:00,1613.39,1648.0,1606.77,1628.51,377.53623999999996,1612270799999,616714.5633245,1994,185.14028000000002,302298.5780161,0
2021-02-02 13:00:00,1630.1,1646.57,1606.34,1608.05,195.10297,1612272599999,317417.2104161,1310,83.69452,136058.7557221,0
2021-02-02 13:30:00,1608.64,1630.0,1592.88,1600.0,219.8459,1612274399999,354180.77409029996,1547,94.77799,152769.9238184,0
2021-02-02 14:00:00,1602.09,1615.04,1599.0,1601.3,171.65885,1612276199999,275531.05989629996,1054,82.06907,131783.4091165,0
2021-02-02 14:30:00,1601.03,1719.0,1600.0,1666.85,545.97712,1612277999999,899988.9014007,2821,335.63377,554462.7472548999,0
2021-02-02 15:00:00,1669.79,1774.64,1661.36,1765.19,1473.08585,1612279799999,2530115.78583,6819,655.33461,1127843.0382911998,0
2021-02-02 15:30:00,1769.97,1777.77,1714.89,1739.75,397.1648,1612281599999,691579.4009330999,2793,187.12053999999998,325906.18075259996,0
2021-02-02 16:00:00,1735.94,1749.27,1681.08,1693.72,355.60467,1612283399999,607596.3872399001,1973,136.44863999999998,232832.6496471,0
2021-02-02 16:30:00,1697.73,1716.54,1650.0,1667.05,1167.60849,1612285199999,1961547.6521514,4177,700.1319,1176414.926841,0
2021-02-02 17:00:00,1666.51,1709.0,1662.6,1703.03,285.76337,1612286999999,480874.1078051,1627,119.82551000000001,202056.0628944,0
2021-02-02 17:30:00,1706.44,1724.98,1684.9,1720.05,395.38572,1612288799999,674972.2750674,2240,236.40855,404022.5783567,0
2021-02-02 18:00:00,1723.17,1771.78,1711.22,1759.85,250.92242000000002,1612290599999,436410.1999253,1789,155.30834,270265.8010844,0
2021-02-02 18:30:00,1759.44,1847.38,1732.9,1740.52,374.95665,1612292399999,662101.1851994001,2377,232.78502000000003,412202.1706796,0
2021-02-02 19:00:00,1740.03,1762.33,1699.34,1708.0,358.68412,1612294199999,617801.9045939,2141,146.96216,253277.749295,0
2021-02-02 19:30:00,1711.48,1745.0,1708.07,1739.53,156.50842,1612295999999,270399.243793,1470,97.75681,169040.0172554,0
2021-02-02 20:00:00,1739.89,1742.57,1698.19,1707.64,167.47031,1612297799999,286739.6955288,1223,71.53649,122273.3086237,0
2021-02-02 20:30:00,1708.89,1723.87,1698.0,1715.08,184.16897,1612299599999,314489.4322793,1387,96.61152,165172.12876720002,0
2021-02-02 21:00:00,1716.93,1754.98,1713.78,1722.58,256.0003,1612301399999,444206.51725030004,2037,137.70813,239105.9787625,0
2021-02-02 21:30:00,1722.74,1738.23,1698.0,1709.47,195.66631,1612303199999,335060.4458098,1092,106.87771000000001,183174.97961789998,0
2021-02-02 22:00:00,1705.08,1709.5,1695.44,1705.17,126.6474,1612304999999,215486.65959570004,804,51.33357,87483.8053307,0
2021-02-02 22:30:00,1703.19,1712.37,1669.59,1712.35,421.37439000000006,1612306799999,713364.0113071002,1675,217.19565,368563.3162823,0
2021-02-02 23:00:00,1709.72,1730.0,1695.33,1713.4,252.24336,1612308599999,431966.68169779994,1170,116.54726000000001,199548.34822329998,0
2021-02-02 23:30:00,1713.38,1719.86,1689.05,1698.28,166.6137,1612310399999,283624.59907540004,909,69.73338000000001,118741.8490188,0
2021-02-03 00:00:00,1700.91,1750.0,1699.47,1736.92,232.90726,1612312199999,402284.438875,1603,135.81981000000002,234743.5257224,0
2021-02-03 00:30:00,1733.71,1737.64,1688.67,1698.0,428.38268,1612313999999,730671.2167498,2173,216.72733,369432.085552,0
2021-02-03 01:00:00,1695.77,1710.99,1686.44,1691.04,259.06906000000004,1612315799999,438724.98672519997,1824,127.22581000000001,215516.71338589996,0
2021-02-03 01:30:00,1693.67,1715.13,1682.71,1685.47,101.4535,1612317599999,171854.3807163,1114,55.704190000000004,94373.10660510001,0
2021-02-03 02:00:00,1684.98,1685.32,1654.31,1668.49,244.92421000000002,1612319399999,408539.5574415,1708,114.07088999999999,190299.04923379997,0
2021-02-03 02:30:00,1668.51,1683.01,1662.31,1681.21,96.29346,1612321199999,161083.54737570006,794,55.92726999999999,93603.2477921,0
2021-02-03 03:00:00,1681.21,1708.16,1680.49,1703.39,140.44521,1612322999999,237907.05697329997,1010,82.82876,140358.028447,0
2021-02-03 03:30:00,1704.49,1732.08,1698.31,1704.84,174.23212,1612324799999,298341.45770780003,1608,81.10605,138984.3710912,0
2021-02-03 04:00:00,1708.53,1712.87,1681.01,1681.01,270.06921,1612326599999,457476.27882209996,1508,111.78268999999999,189366.24574,0
2021-02-03 04:30:00,1681.7,1698.49,1681.0,1691.82,105.81073,1612328399999,178520.3522679,962,36.95417,62459.70391819999,0
2021-02-03 05:00:00,1691.9,1694.19,1681.0,1685.06,106.13179,1612330199999,178792.0008714,728,19.66121,33182.1215565,0
2021-02-03 05:30:00,1682.52,1703.43,1681.0,1685.87,86.67809,1612331999999,146425.7965032,711,42.81933,72389.69413010003,0
2021-02-03 06:00:00,1686.78,1692.09,1676.86,1682.72,106.42148,1612333799999,179174.1441922,600,41.79184,70381.59910349999,0
2021-02-03 06:30:00,1681.63,1703.62,1677.43,1691.9,279.08255,1612335599999,471785.07961659995,1496,166.62203,281675.89932920004,0
2021-02-03 07:00:00,1692.06,1699.74,1689.17,1691.74,69.72403,1612337399999,118242.38188760002,532,33.86789,57463.31606410001,0
2021-02-03 07:30:00,1691.87,1700.0,1682.42,1691.43,83.34261,1612339199999,141259.1564421,440,34.26255,58140.578353,0
2021-02-03 08:00:00,1690.26,1693.47,1657.0,1662.74,135.43703,1612340999999,226535.47212129997,1102,45.17426,75490.3429694,0
2021-02-03 08:30:00,1664.43,1665.11,1648.65,1653.54,90.66660999999999,1612342799999,150051.12686929994,577,30.39868,50282.7505878,0
2021-02-03 09:00:00,1654.0,1679.59,1653.0,1679.59,62.218819999999994,1612344599999,103637.65864319999,428,39.78414,66326.6330745,0
2021-02-03 09:30:00,1677.94,1679.91,1662.68,1670.77,100.33729,1612346399999,167802.14011829998,632,46.98599,78648.71940639999,0
2021-02-03 10:00:00,1672.97,1685.0,1665.83,1671.93,172.36409,1612348199999,288877.8113392,877,100.96753000000001,169306.7730178,0
2021-02-03 10:30:00,1671.66,1674.86,1665.77,1671.84,48.86989000000001,1612349999999,81723.45167360001,429,26.95607,45106.5045589,0
2021-02-03 11:00:00,1669.98,1699.63,1666.97,1693.83,149.46843,1612351799999,251544.47059299998,832,98.72729,166062.449105,0
2021-02-03 11:30:00,1693.83,1695.86,1647.43,1650.06,158.58268999999999,1612353599999,264818.82049099996,1506,36.25074,60484.71762080001,0
2021-02-03 12:00:00,1648.8,1672.15,1632.62,1665.73,161.93408,1612355399999,266883.26732529997,983,53.20125,87952.3313105,0
2021-02-03 12:30:00,1665.58,1687.0,1657.18,1673.17,167.46776,1612357199999,280258.37546540005,905,91.07081,152335.9085146,0
2021-02-03 13:00:00,1675.02,1695.01,1670.83,1689.27,198.71317,1612358999999,334293.4188338,873,98.80858,166179.14487529994,0
2021-02-03 13:30:00,1689.27,1694.29,1681.53,1689.23,98.19745,1612360799999,165638.78398620005,689,32.79931,55311.94080730001,0
2021-02-03 14:00:00,1691.99,1718.19,1683.41,1694.3,136.17955,1612362599999,231679.4309836,942,81.11437,137989.89173099998,0
2021-02-03 14:30:00,1696.72,1696.73,1673.74,1679.75,107.53352,1612364399999,180820.54498170002,580,18.56416,31176.5333828,0
2021-02-03 15:00:00,1679.74,1691.74,1674.38,1689.24,73.68744000000002,1612366199999,124195.6126059,471,45.93208,77414.33179530001,0
2021-02-03 15:30:00,1690.86,1719.0,1687.02,1716.45,68.80621,1612367999999,117339.83324949999,829,30.60738,52206.260007699995,0
2021-02-03 16:00:00,1717.52,1725.0,1680.52,1690.54,285.97028,1612369799999,485592.2419884,1480,100.83444,171483.2981015,0
2021-02-03 16:30:00,1691.42,1713.55,1689.16,1709.7,236.94232000000002,1612371599999,402882.3442792,1165,173.30782,294772.7150067,0
2021-02-03 17:00:00,1706.02,1717.12,1690.48,1710.15,151.29449,1612373399999,258158.2540227,1249,93.70241999999999,160050.92407439998,0
2021-02-03 17:30:00,1708.11,1726.04,1703.42,1723.97,150.4772,1612375199999,258180.10529749998,1322,120.06421999999999,206031.6133223,0
2021-02-03 18:00:00,1724.05,1724.69,1691.68,1720.59,171.04548,1612376999999,291960.0971447,1105,72.07396999999997,123152.72840669999,0
2021-02-03 18:30:00,1721.32,1726.0,1716.29,1719.1,72.76886,1612378799999,125317.85393860002,574,44.8336,77239.16248039999,0
2021-02-03 19:00:00,1722.69,1730.0,1712.85,1716.52,69.55972,1612380599999,119919.68059749999,705,41.55529,71704.17144289997,0
2021-02-03 19:30:00,1716.61,1724.4,1712.4,1718.78,36.79815,1612382399999,63298.3498507,452,19.828120000000002,34136.496214,0
2021-02-03 20:00:00,1716.65,1720.0,1697.57,1718.0,109.48929,1612384199999,187070.43538699998,823,41.90097,71610.0022637,0
2021-02-03 20:30:00,1719.99,1741.82,1706.76,1715.73,132.30132,1612385999999,228074.38818200002,1251,73.73996,127103.73327699999,0
2021-02-03 21:00:00,1715.75,1746.88,1713.03,1736.82,110.41547,1612387799999,191792.97299160002,1113,67.19122,116708.27535750001,0
2021-02-03 21:30:00,1740.7,1740.7,1726.9,1734.25,83.19717,1612389599999,144163.26604970006,437,55.88679000000001,96853.5032771,0
2021-02-03 22:00:00,1730.21,1733.09,1717.51,1723.97,55.42329,1612391399999,95696.47754149999,356,21.02664,36364.0360529,0
2021-02-03 22:30:00,1724.06,1738.0,1719.86,1732.99,74.42468000000002,1612393199999,128717.26860010001,497,47.25743,81736.8215206,0
2021-02-03 23:00:00,1730.86,1737.96,1726.37,1729.77,69.71699,1612394999999,120875.34149689999,372,46.71849,81039.0299507,0
2021-02-03 23:30:00,1729.66,1766.73,1726.34,1755.34,239.71903999999998,1612396799999,419257.957177,1404,161.37213,281800.89017880004,0
2021-02-04 00:00:00,1755.58,1789.48,1755.58,1785.8,164.74335,1612398599999,292922.372391,1258,94.66053000000001,168266.41622570006,0
2021-02-04 00:30:00,1788.71,1789.82,1769.91,1784.35,216.82657000000003,1612400399999,385809.37181700004,1194,104.9703,186858.2563975,0
2021-02-04 01:00:00,1786.77,1796.82,1768.31,1774.17,153.98166,1612402199999,275099.87496570003,980,92.97728000000001,166337.2103438,0
2021-02-04 01:30:00,1774.04,1791.1,1765.09,1786.62,91.52360999999999,1612403999999,162849.7973658,632,55.79107,99314.407563,0
2021-02-04 02:00:00,1786.62,1791.01,1739.13,1744.0,154.84748000000005,1612405799999,271728.03710089996,1072,52.13477,91633.3416435,0
2021-02-04 02:30:00,1747.21,1773.93,1739.98,1751.97,198.18751,1612407599999,347128.0993715,867,131.23232,229846.0159948,0
2021-02-04 03:00:00,1753.02,1766.24,1726.55,1730.16,165.29307,1612409399999,287629.15785300004,898,51.54744,89762.15460950002,0
2021-02-04 03:30:00,1733.08,1734.35,1705.11,1715.7,117.48057,1612411199999,202290.9838845,886,34.39662,59074.9261809,0
2021-02-04 04:00:00,1712.53,1725.01,1706.75,1718.9,116.5539,1612412999999,199998.5817676,487,45.04466,77386.7805398,0
2021-02-04 04:30:00,1722.07,1733.94,1720.0,1727.49,92.85379,1612414799999,160283.6447559,441,43.2451,74687.569666,0
2021-02-04 05:00:00,1730.68,1747.67,1725.38,1740.94,35.48554,1612416599999,61667.303134300004,393,23.081139999999998,40106.893345,0
2021-02-04 05:30:00,1741.26,1741.26,1724.4,1730.65,38.53737,1612418399999,66712.1972155,320,14.28165,24739.39678290001,0
2021-02-04 06:00:00,1733.54,1738.67,1730.33,1735.37,58.21246,1612420199999,101029.4126466,434,26.464190000000002,45964.8697376,0
2021-02-04 06:30:00,1735.37,1760.0,1733.01,1755.88,68.63226,1612421999999,120024.4716137,750,34.69096,60711.37765720001,0
2021-02-04 07:00:00,1755.88,1766.73,1753.82,1764.05,56.15586,1612423799999,98830.4164773,593,16.17986,28455.141506299995,0
2021-02-04 07:30:00,1760.25,1768.0,1739.43,1742.88,90.64379,1612425599999,158645.1917325,681,23.01445,40296.82486740001,0
2021-02-04 08:00:00,1740.17,1748.32,1738.56,1741.0,75.45628,1612427399999,131438.505706,543,40.56442,70697.04779960001,0
2021-02-04 08:30:00,1740.94,1743.25,1697.63,1701.55,303.01299,1612429199999,523819.54905509995,1658,135.18532,234011.56463329997,0
2021-02-04 09:00:00,1697.88,1709.3,1649.15,1694.02,386.67645,1612430999999,649727.9924455,2533,180.73015,303981.9427807,0
2021-02-04 09:30:00,1697.0,1726.26,1684.83,1725.67,191.95306000000002,1612432799999,328074.1469275,1550,114.30871,195678.5857694,0
2021-02-04 10:00:00,1723.01,1752.0,1720.95,1739.59,249.85743,1612434599999,433825.9168073,1317,158.47616000000005,275162.3062247,0
2021-02-04 10:30:00,1740.38,1742.14,1708.38,1713.07,195.67315,1612436399999,337036.6898029,1180,101.43183,174859.7881411,0
2021-02-04 11:00:00,1710.93,1718.6,1698.39,1711.26,93.18445,1612438199999,159148.4980097,855,38.40824,65616.0941733,0
2021-02-04 11:30:00,1714.2,1717.9,1700.52,1702.64,64.96269000000001,1612439999999,111225.60062699999,463,31.865509999999997,54575.799525,0
2021-02-04 12:00:00,1700.5,1724.33,1691.09,1700.89,150.1269,1612441799999,256103.71913699998,985,73.83354,125993.81483639998,0
2021-02-04 12:30:00,1701.04,1719.0,1696.04,1706.95,140.9131,1612443599999,240308.1967634,942,78.41436999999998,133793.98898629998,0
2021-02-04 13:00:00,1706.08,1708.99,1695.45,1706.74,52.34097,1612445399999,89089.8404765,511,22.98849,39152.1438251,0
2021-02-04 13:30:00,1709.0,1748.22,1705.98,1726.19,209.54326,1612447199999,362284.2208049001,1479,117.13658999999998,202459.1710018,0
2021-02-04 14:00:00,1731.78,1735.9,1715.08,1723.96,113.30175,1612448999999,195224.8121516,845,50.66793,87300.01672849999,0
2021-02-04 14:30:00,1724.75,1725.51,1691.73,1702.0,107.57309,1612450799999,183582.7387072,758,49.393570000000004,84337.9422732,0
2021-02-04 15:00:00,1703.88,1715.93,1677.0,1679.65,140.82035,1612452599999,238459.6839122,664,69.87612,118342.4440191,0
2021-02-04 15:30:00,1680.24,1711.99,1680.24,1694.87,78.60425,1612454399999,133372.7457623,754,41.28264,70043.0701735,0
2021-02-04 16:00:00,1699.79,1730.0,1693.61,1728.02,116.2106,1612456199999,199391.8500895,926,67.58326,116100.84856339998,0
2021-02-04 16:30:00,1722.82,1776.3,1722.81,1776.3,263.85156,1612457999999,463337.6774124001,1701,153.49124,269696.0735925,0
2021-02-04 17:00:00,1776.18,1895.0,1772.38,1838.41,844.4749199999999,1612459799999,1541715.0879301,4447,441.94218,805051.3632987,0
2021-02-04 17:30:00,1834.73,1900.0,1833.51,1883.68,615.26481,1612461599999,1146616.9343945,3619,292.74261,545479.1145578,0
2021-02-04 18:00:00,1883.68,1920.0,1846.05,1916.19,387.97298,1612463399999,728778.5757011998,2207,211.29027999999997,397155.8961884001,0
2021-02-04 18:30:00,1919.78,1981.83,1897.21,1934.33,571.8154099999998,1612465199999,1112106.2087931999,4173,323.20864,629449.7789233001,0
2021-02-04 19:00:00,1934.51,1960.58,1901.73,1909.42,292.28617,1612466999999,562945.6196631,2022,165.66956000000005,318978.7815831,0
2021-02-04 19:30:00,1905.21,1964.54,1905.0,1960.44,293.43122,1612468799999,567359.9873776999,2051,159.8807,309405.3721996,0
2021-02-04 20:00:00,1960.42,2090.0,1954.72,2067.12,727.5684,1612470599999,1473912.4591706996,4509,397.52495,803461.783995,0
2021-02-04 20:30:00,2071.29,2369.57,2065.36,2300.01,3580.52,1612472399999,8008987.5470328005,16978,1814.81121,4059345.1593702994,0
2021-02-04 21:00:00,2300.01,2303.97,2073.37,2110.0,1877.47636,1612474199999,4081531.4185690004,10392,856.16316,1862485.9584638001,0
2021-02-04 21:30:00,2112.53,2193.0,2085.77,2186.87,792.6689,1612475999999,1693215.7059185,4421,431.45241,922678.9616873001,0
2021-02-04 22:00:00,2181.79,2244.04,2060.63,2099.81,575.17447,1612477799999,1238662.5535031,4134,246.64832,531301.465402,0
2021-02-04 22:30:00,2099.61,2130.58,2055.61,2108.2,467.96941,1612479599999,977453.2029692,3945,188.10227,393780.2918255,0
2021-02-04 23:00:00,2108.18,2180.0,2084.48,2162.94,641.92061,1612481399999,1371359.971443,3316,346.52011,740168.3522811999,0
2021-02-04 23:30:00,2167.1,2167.11,2065.54,2103.33,407.68025,1612483199999,856942.4517765,2162,213.23561,448390.1422951,0
2021-02-05 00:00:00,2107.28,2243.65,2107.28,2227.64,661.8604,1612484999999,1440292.0688131,3960,358.92532,781829.0884251,0
2021-02-05 00:30:00,2234.19,2265.59,2191.01,2197.16,789.1464900000003,1612486799999,1756843.4023172,4943,389.12164,866323.9926916,0
2021-02-05 01:00:00,2196.89,2235.05,2173.0,2176.23,317.81715,1612488599999,699084.8746555999,2080,175.93254,387173.7442447,0
2021-02-05 01:30:00,2172.7,2207.52,2152.18,2198.11,451.76012000000003,1612490399999,985801.3747693001,3662,251.45788,548848.5485869,0
2021-02-05 02:00:00,2198.11,2245.0,2178.04,2180.98,436.43027,1612492199999,965946.4751704,3419,218.6681,484271.0921960999,0
2021-02-05 02:30:00,2182.02,2204.93,2164.07,2199.18,279.16376,1612493999999,610342.6587926999,2790,139.14157,304129.63222790003,0
2021-02-05 03:00:00,2198.77,2246.01,2183.37,2243.89,364.72123999999997,1612495799999,808119.9646198001,3153,175.34203,388315.1801966,0
2021-02-05 03:30:00,2243.9,2392.51,2240.23,2311.73,867.86715,1612497599999,2013682.7543453,5687,425.19222,988336.6972398001,0
2021-02-05 04:00:00,2314.67,2321.96,2234.76,2277.66,726.87753,1612499399999,1650982.4313458,4441,376.97041,857128.8661891,0
2021-02-05 04:30:00,2277.07,2385.67,2226.75,2267.35,293.3574700000001,1612501199999,664081.4235748,2403,152.51456000000005,346685.9940925,0
2021-02-05 05:00:00,2267.34,2373.59,2267.33,2366.8,418.30402999999995,1612502999999,975031.6823469999,3034,277.90705,648220.2910997,0
2021-02-05 05:30:00,2366.77,2470.0,2354.21,2401.46,961.3226099999999,1612504799999,2316078.2412723,6069,491.52157,1184369.6787272,0
2021-02-05 06:00:00,2397.36,2428.42,2331.85,2340.7,649.6459,1612506599999,1547363.911826,4534,324.62112,774703.6409366,0
2021-02-05 06:30:00,2341.16,2405.17,2331.31,2344.67,471.16956,1612508399999,1113634.3484385,3296,269.20085,636378.2086136999,0
2021-02-05 07:00:00,2349.78,2423.51,2344.46,2403.09,392.63411,1612510199999,935143.6301451001,2685,228.48947,544238.2808874,0
2021-02-05 07:30:00,2403.0,2403.0,2311.37,2318.28,548.91875,1612511999999,1289453.6625152,3569,262.0337,615649.3564523001,0
2021-02-05 08:00:00,2317.32,2337.48,2268.03,2278.84,379.87968,1612513799999,873612.2155355,2712,151.82129,349029.9049913,0
2021-02-05 08:30:00,2274.25,2357.99,2272.48,2357.26,172.26265,1612515599999,399501.8422337,1641,100.22448,232383.2897348,0
2021-02-05 09:00:00,2354.0,2365.43,2330.63,2331.22,188.67951000000002,1612517399999,443398.8978722,1833,94.00816999999999,220998.97473120003,0
2021-02-05 09:30:00,2331.22,2335.0,2250.25,2250.25,323.4843,1612519199999,741162.5142718,2438,132.46446,303986.1594625,0
2021-02-05 10:00:00,2250.26,2307.62,2247.26,2295.07,252.33299,1612520999999,573658.9838926999,2019,121.38598999999999,276555.7078558,0
2021-02-05 10:30:00,2292.67,2311.07,2249.56,2252.97,242.05472000000003,1612522799999,549495.8894389,1556,107.23898,243749.2567631,0
2021-02-05 11:00:00,2250.0,2368.4,2250.0,2351.05,310.09304,1612524599999,720345.8281178002,2159,172.77785,400919.948452,0
2021-02-05 11:30:00,2351.14,2367.47,2326.77,2366.17,171.62368,1612526399999,402878.1483465,1848,100.17024,235174.82315500002,0
2021-02-05 12:00:00,2366.15,2462.53,2362.9,2402.83,720.6137,1612528199999,1735456.8076492,4596,380.34942,916349.0107847,0
2021-02-05 12:30:00,2397.32,2420.0,2360.43,2367.08,369.63638,1612529999999,885939.1270040001,2508,172.77601,414679.0195162,0
2021-02-05 13:00:00,2366.25,2474.91,2363.07,2461.82,383.05312000000004,1612531799999,933889.3114390998,3175,199.88573,486674.8295058,0
2021-02-05 13:30:00,2465.0,2645.15,2462.02,2591.95,3407.2135799999996,1612533599999,8758348.4805055,15384,1597.57024,4106856.4105072,0
2021-02-05 14:00:00,2597.84,2723.83,2561.54,2634.46,1186.21893,1612535399999,3129573.8218942,8187,681.08739,1796692.8144845,0
2021-02-05 14:30:00,2638.7,3040.0,2624.9,3024.1,2615.46003,1612537199999,7464130.584487597,15665,1452.11104,4142481.1765819998,0
2021-02-05 15:00:00,3025.01,3100.0,2811.56,2823.82,3538.69748,1612538999999,10537477.4204389,19019,1710.57815,5102878.869893701,0
2021-02-05 15:30:00,2823.82,2935.97,2703.62,2780.33,1620.4266699999994,1612540799999,4555130.7122578,10998,777.56854,2183295.3986474997,0
2021-02-05 16:00:00,2779.08,2998.98,2775.0,2985.0,1205.3668300000004,1612542599999,3496702.5754631013,8993,724.26716,2102612.0538095003,0
2021-02-05 16:30:00,2995.19,3050.0,2820.0,2876.34,1517.8114,1612544399999,4478941.1763797,10648,788.30363,2329100.6665187,0
2021-02-05 17:00:00,2880.0,2938.76,2777.97,2797.46,703.3267,1612546199999,2010758.0349266003,5604,283.2753600000001,810193.4567925,0
2021-02-05 17:30:00,2797.46,2840.23,2725.0,2799.99,595.84604,1612547999999,1657440.8206743,6084,282.1860700000001,786425.5505913,0
2021-02-05 18:00:00,2800.0,2839.16,2730.06,2755.41,375.81909,1612549799999,1043744.9230861999,3976,161.44502,449115.38187459996,0
2021-02-05 18:30:00,2754.18,2760.83,2650.01,2656.91,467.62592,1612551599999,1265627.7489473,4414,180.49695,489512.05214,0
2021-02-05 19:00:00,2664.38,2847.57,2660.29,2825.62,424.66355999999996,1612553399999,1173802.7060408,3876,257.83095,712767.1198840998,0
2021-02-05 19:30:00,2833.78,2860.0,2780.0,2838.44,353.71013999999997,1612555199999,1000544.3167632,3817,206.16401000000002,584428.4749759,0
2021-02-05 20:00:00,2833.78,2834.42,2730.42,2746.94,233.1505,1612556999999,648049.8123084,2775,133.73099,371883.4469977,0
2021-02-05 20:30:00,2752.2,2857.48,2739.77,2809.94,381.36343,1612558799999,1071443.5747999,4238,195.06761,547881.2225077,0
2021-02-05 21:00:00,2800.85,2841.14,2777.56,2791.63,185.5724,1612560599999,521639.98509399995,2864,95.42528,268252.8115887,0
2021-02-05 21:30:00,2787.65,2812.59,2735.35,2793.99,220.17426,1612562399999,611859.6179174,2609,97.75846999999999,271886.6205493,0
2021-02-05 22:00:00,2787.25,2793.95,2740.01,2760.84,114.66468,1612564199999,317008.5656127,1461,68.87348,190487.9338298,0
2021-02-05 22:30:00,2760.84,2827.97,2751.52,2827.97,114.82606000000001,1612565999999,320815.2251127,1323,78.30578,218922.57287779998,0
2021-02-05 23:00:00,2814.39,2839.26,2676.39,2682.32,449.37227,1612567799999,1226498.1874728,5070,229.48047999999997,627910.3487913,0
2021-02-05 23:30:00,2682.36,2744.54,2658.86,2696.2,377.47877,1612569599999,1016648.5128215001,3270,215.56177000000002,581008.5079765001,0
2021-02-06 00:00:00,2694.2,2711.5,2598.86,2608.1,454.52601,1612571399999,1200519.9932616998,3758,233.16146,616128.6292345,0
2021-02-06 00:30:00,2608.1,2663.63,2586.22,2592.0,197.9572,1612573199999,520029.6249229,2356,103.85056999999999,273237.3853433,0
2021-02-06 01:00:00,2592.01,2623.03,2490.98,2497.69,677.90224,1612574999999,1733508.1981398999,4740,346.68629,888361.0546719,0
2021-02-06 01:30:00,2497.93,2499.29,2258.0,2418.8,1572.67505,1612576799999,3744622.4601103994,10531,806.87009,1922159.9934069,0
2021-02-06 02:00:00,2418.79,2512.32,2372.87,2464.41,615.7732,1612578599999,1512770.3454683004,5551,326.2301,802590.8843959002,0
2021-02-06 02:30:00,2468.94,2499.72,2354.91,2376.8,380.8743,1612580399999,921812.7054239999,2761,158.08025,384262.0508698,0
2021-02-06 03:00:00,2373.0,2393.27,2306.73,2362.45,427.09527,1612582199999,1007600.1064601,3090,224.67462,530148.7731605,0
2021-02-06 03:30:00,2361.79,2477.99,2357.34,2461.28,338.8865,1612583999999,818814.2842275,2138,188.46616,456201.7277612001,0
2021-02-06 04:00:00,2461.28,2462.53,2378.47,2382.65,245.48597,1612585799999,592154.8210301,2885,116.15202,280512.7082033,0
2021-02-06 04:30:00,2382.65,2464.26,2363.2,2430.28,222.78829,1612587599999,539621.994233,2537,84.55081,205150.2953967,0
2021-02-06 05:00:00,2430.28,2433.6,2336.03,2411.05,305.9661200000001,1612589399999,730543.2379294,2687,112.24153999999999,267320.74228899996,0
2021-02-06 05:30:00,2410.66,2410.67,2341.55,2383.53,204.16894,1612591199999,482995.51778620004,1871,95.69858,225791.58407550002,0
2021-02-06 06:00:00,2379.63,2520.6,2365.16,2502.52,555.72088,1612592999999,1367557.1679581,3952,302.92231,746405.2165250998,0
2021-02-06 06:30:00,2502.67,2560.0,2467.93,2554.4,640.4587,1612594799999,1610575.3797616004,4745,308.94526,777273.7862895002,0
2021-02-06 07:00:00,2554.42,2718.93,2550.76,2697.33,883.8110800000003,1612596599999,2329396.5881472,5927,479.17565999999994,1261274.7183072,0
2021-02-06 07:30:00,2702.16,2744.81,2621.84,2703.77,723.79929,1612598399999,1947234.4855521,5870,333.54429,897887.6522716999,0
2021-02-06 08:00:00,2703.77,2728.57,2660.54,2726.26,212.17396000000002,1612600199999,571854.4153126,1940,122.86173000000001,331390.95163920004,0
2021-02-06 08:30:00,2724.14,2837.8,2673.85,2679.41,655.3044,1612601999999,1819857.4054548,4981,333.9379,929102.0365913999,0
2021-02-06 09:00:00,2679.43,2790.0,2676.91,2754.84,356.73663999999997,1612603799999,980402.8321876999,2804,227.9106,626152.6049807,0
2021-02-06 09:30:00,2754.8,2814.08,2741.81,2748.06,458.52258,1612605599999,1272606.9453206002,2725,195.52747,542548.0796566,0
2021-02-06 10:00:00,2748.06,2800.0,2635.0,2719.96,574.65782,1612607399999,1542259.4561689,3983,353.05722000000014,947625.0658083,0
2021-02-06 10:30:00,2719.96,2738.7,2645.51,2650.12,515.46909,1612609199999,1384268.5289437,3099,271.31404,728093.971883,0
2021-02-06 11:00:00,2645.54,2668.79,2582.28,2646.39,340.94387,1612610999999,896691.2352493998,2571,200.4159,527384.966354,0
2021-02-06 11:30:00,2643.0,2643.31,2560.0,2562.0,161.32859,1612612799999,421032.68762640003,1594,63.97221,167030.3208694,0
2021-02-06 12:00:00,2561.85,2643.47,2531.44,2590.81,346.07518,1612614599999,895544.9888071999,2804,171.20491,442908.7364949,0
2021-02-06 12:30:00,2592.97,2680.0,2586.07,2627.64,180.01325,1612616399999,475758.10431659996,1833,78.55274,207356.67880999998,0
2021-02-06 13:00:00,2621.14,2629.65,2569.74,2596.05,195.98055,1612618199999,508792.609713,1636,56.43854,146618.299495,0
2021-02-06 13:30:00,2601.66,2607.13,2560.0,2567.1,141.28663,1612619999999,365006.9454355,1197,63.00904,162792.4799107,0
2021-02-06 14:00:00,2573.0,2600.01,2567.01,2592.0,124.44028,1612621799999,321947.3245083,1377,75.47225,195359.99371389998,0
2021-02-06 14:30:00,2592.0,2618.1,2550.14,2557.7,191.16911000000002,1612623599999,493279.1541847,1613,72.05964,185921.836319,0
2021-02-06 15:00:00,2551.77,2580.38,2525.05,2563.44,244.40687000000003,1612625399999,625790.4286568001,1812,123.44526,316486.2839928,0
2021-02-06 15:30:00,2564.87,2575.93,2449.48,2479.2,311.42278,1612627199999,780819.4548306,2447,115.56916000000001,290299.86324170005,0
2021-02-06 16:00:00,2479.78,2536.97,2464.54,2533.15,373.29753,1612628999999,933236.7043314001,2334,177.95564,444870.3900716,0
2021-02-06 16:30:00,2533.34,2594.49,2527.88,2559.74,259.21053,1612630799999,661788.6738038,2323,108.18661999999999,276525.96276609995,0
2021-02-06 17:00:00,2561.0,2569.63,2511.82,2540.09,200.02468000000002,1612632599999,508461.650249,1688,76.22870999999998,193721.68361089999,0
2021-02-06 17:30:00,2540.79,2569.98,2519.98,2544.16,236.23753,1612634399999,599799.2929100001,1548,105.71128999999999,268572.2909338,0
2021-02-06 18:00:00,2541.27,2603.98,2541.23,2591.78,236.87946000000002,1612636199999,611547.3363548,1852,135.51568999999998,349887.5784924,0
2021-02-06 18:30:00,2591.26,2594.58,2551.37,2562.53,108.37896,1612637999999,278529.8711702,799,54.5493,140221.7369119,0
2021-02-06 19:00:00,2563.52,2670.0,2556.51,2634.95,268.99807000000004,1612639799999,701732.8760174,2254,171.82255,447557.259956,0
2021-02-06 19:30:00,2641.1,2678.91,2604.42,2631.03,243.83855,1612641599999,646171.5978207,1896,116.96319,309836.0067442,0
2021-02-06 20:00:00,2636.64,2636.64,2545.79,2564.87,297.34901,1612643399999,772422.0215054,1934,130.7105,340117.692723,0
2021-02-06 20:30:00,2563.76,2579.21,2535.85,2555.61,131.05225,1612645199999,335457.26839379995,1742,70.84891999999998,181472.5884342,0
2021-02-06 21:00:00,2556.31,2617.57,2552.42,2572.46,129.89266999999998,1612646999999,336415.7012679001,1783,77.13629,199923.07554279998,0
2021-02-06 21:30:00,2572.46,2625.0,2567.01,2616.99,150.21844,1612648799999,390608.68731029995,1507,83.35906999999997,216868.29428829998,0
2021-02-06 22:00:00,2617.55,2676.34,2599.44,2622.81,336.95645,1612650599999,888605.5977081999,2343,191.9036,506047.638653,0
2021-02-06 22:30:00,2623.38,2650.36,2588.83,2589.99,192.59922,1612652399999,503846.74044689996,1347,91.72163,239974.40481410004,0
2021-02-06 23:00:00,2589.99,2604.57,2531.99,2544.59,343.6922,1612654199999,881264.5338139,2123,151.81133,388929.7782929,0
2021-02-06 23:30:00,2544.78,2581.4,2491.65,2524.26,262.81307000000004,1612655999999,663932.8242828,2034,104.36131,264046.23140700004,0
2021-02-07 00:00:00,2521.31,2569.97,2506.99,2563.43,150.81641000000005,1612657799999,383080.846575,1300,97.46292,247651.08425570003,0
2021-02-07 00:30:00,2563.47,2588.28,2510.75,2527.76,238.67067999999998,1612659599999,607835.5692886,1815,102.87313,262334.7308259,0
2021-02-07 01:00:00,2531.66,2543.21,2496.09,2540.0,212.15445,1612661399999,533673.386393,1426,88.47598,222677.8374349,0
2021-02-07 01:30:00,2540.09,2575.89,2457.63,2478.6,309.61507,1612663199999,779571.7453308002,2363,132.71656000000002,334381.49773259996,0
2021-02-07 02:00:00,2472.23,2488.58,2369.47,2410.79,361.66612000000003,1612664999999,878676.3834475002,2578,163.43798,396566.6881258,0
2021-02-07 02:30:00,2410.79,2446.68,2389.94,2443.36,217.45623999999998,1612666799999,527140.6878092,1525,98.3378,238363.00384710002,0
2021-02-07 03:00:00,2435.29,2534.0,2422.95,2516.15,317.35836,1612668599999,787646.3036308001,1921,183.96011000000001,456236.95841290004,0
2021-02-07 03:30:00,2520.08,2542.99,2465.85,2470.24,231.9219,1612670399999,579797.5128611999,1731,104.41513,261396.86126410004,0
2021-02-07 04:00:00,2470.67,2502.81,2439.82,2464.45,169.28421,1612672199999,417865.27431420004,1448,82.86538,204501.6325908,0
2021-02-07 04:30:00,2461.15,2463.82,2371.0,2394.62,501.3244,1612673999999,1206316.0350891,2127,264.5979,636867.1908708,0
2021-02-07 05:00:00,2389.09,2441.05,2383.16,2437.12,172.51169,1612675799999,416425.9897659,1124,95.87148,231382.59548710004,0
2021-02-07 05:30:00,2432.5,2462.74,2406.02,2439.65,131.33664,1612677599999,320367.6804261,945,75.23297,183551.2724681,0
2021-02-07 06:00:00,2440.69,2471.91,2429.19,2448.98,135.79679,1612679399999,332465.82893290004,1053,71.91466,176241.1332957,0
2021-02-07 06:30:00,2449.57,2493.12,2417.98,2424.74,185.38504,1612681199999,455005.7868592,1337,98.02797,240468.4594435,0
2021-02-07 07:00:00,2419.34,2495.86,2408.61,2489.81,242.89444,1612682999999,600112.8605135,1545,137.35789,339427.4057354,0
2021-02-07 07:30:00,2485.35,2530.0,2481.99,2508.73,168.41443999999996,1612684799999,422666.8242972,1462,89.39584,224365.28735700002,0
2021-02-07 08:00:00,2508.68,2580.0,2478.0,2511.67,187.96798,1612686599999,474387.8080811,1748,108.47814,273491.4121388,0
2021-02-07 08:30:00,2513.72,2521.42,2492.9,2509.85,71.99121,1612688399999,180406.27313520003,722,37.770579999999995,94745.5813015,0
2021-02-07 09:00:00,2508.9,2529.97,2491.6,2510.4,104.91073,1612690199999,263781.5627196,832,44.17154,111130.35147189998,0
2021-02-07 09:30:00,2512.12,2584.15,2512.05,2555.0,194.08467,1612691999999,494856.4740124001,1846,114.17908,291228.0213745,0
2021-02-07 10:00:00,2560.2,2647.78,2560.01,2615.0,325.35586,1612693799999,845535.8233948002,2696,164.3147,427344.6025617,0
2021-02-07 10:30:00,2618.72,2700.0,2587.47,2590.0,264.68948,1612695599999,696962.2764961,2154,171.88619,453718.8657906,0
2021-02-07 11:00:00,2590.0,2590.0,2500.29,2530.59,282.02983,1612697399999,716113.0293673,2247,117.92057,299480.02106329997,0
2021-02-07 11:30:00,2530.6,2599.0,2509.24,2510.93,295.81491,1612699199999,749234.0703463,1825,182.27751,461715.49148100003,0
2021-02-07 12:00:00,2512.24,2537.94,2470.34,2484.43,294.24208,1612700999999,735078.7780604998,1820,117.04217,292442.48450759996,0
2021-02-07 12:30:00,2482.23,2500.94,2462.61,2500.75,117.27111000000001,1612702799999,291497.62447800004,1102,42.32631,105309.2813078,0
2021-02-07 13:00:00,2501.48,2599.0,2498.0,2507.47,226.10151000000002,1612704599999,569482.2652445,1468,122.92458,310666.9296776,0
2021-02-07 13:30:00,2506.98,2507.61,2443.27,2452.0,159.56812,1612706399999,395369.8280778,1029,54.43601999999999,134096.9681777,0
2021-02-07 14:00:00,2452.01,2456.77,2385.33,2444.35,212.31876,1612708199999,514408.0290821,1688,70.14748,170238.89712329998,0
2021-02-07 14:30:00,2440.01,2459.84,2377.6,2382.89,297.44495,1612709999999,717482.7904971999,1596,119.49803999999999,288021.7133503,0
2021-02-07 15:00:00,2382.66,2429.54,2322.32,2328.09,350.76396,1612711799999,829761.6145159,2192,175.3925,415281.64930790005,0
2021-02-07 15:30:00,2328.06,2397.74,2317.0,2365.16,129.88666,1612713599999,307113.13279229996,1302,56.86085,134245.3020279,0
2021-02-07 16:00:00,2364.37,2518.52,2236.0,2295.17,530.37422,1612715399999,1223920.8238285,3559,254.64847999999998,592174.974266,0
2021-02-07 16:30:00,2292.91,2396.44,2283.73,2365.11,206.97057,1612717199999,484949.0555522,2076,108.26767,254015.3417838,0
2021-02-07 17:00:00,2365.76,2430.34,2343.14,2383.4,321.80764,1612718999999,771516.5912689,2754,176.32103,422791.5708735,0
2021-02-07 17:30:00,2386.41,2406.22,2328.27,2378.77,230.17,1612720799999,545699.4294932999,2579,104.73706999999999,248529.08908720003,0
2021-02-07 18:00:00,2375.71,2407.7,2335.05,2404.83,169.20176999999995,1612722599999,401814.09156940004,1650,93.18545999999999,221661.6898275,0
2021-02-07 18:30:00,2407.67,2441.77,2378.5,2420.65,193.32181,1612724399999,466867.9920025,1365,100.94847,243893.05896810003,0
2021-02-07 19:00:00,2424.62,2450.86,2387.16,2405.25,220.89742,1612726199999,533194.7410221,1714,108.98109,263585.0956007,0
2021-02-07 19:30:00,2405.74,2412.53,2360.29,2378.16,145.30289,1612727999999,347281.0759894,1126,80.98233,193409.6687704,0
2021-02-07 20:00:00,2378.14,2395.49,2346.63,2393.6,127.62142,1612729799999,302576.50397920003,998,64.93449,154099.55094460002,0
2021-02-07 20:30:00,2388.62,2444.23,2375.75,2427.56,118.15456,1612731599999,284901.4628059,897,67.98328000000001,164202.0048985,0
2021-02-07 21:00:00,2422.11,2430.0,2400.0,2427.9,102.69574,1612733399999,247780.49172139997,944,44.781420000000004,108187.08340450001,0
2021-02-07 21:30:00,2422.97,2475.36,2412.84,2460.1,175.98673,1612735199999,431298.71629169997,1488,96.03846999999999,235598.0208849,0
2021-02-07 22:00:00,2459.95,2464.27,2401.65,2402.82,193.37219,1612736999999,470393.90076049994,1477,99.92931999999999,243245.42310620003,0
2021-02-07 22:30:00,2402.82,2457.17,2400.17,2438.02,109.47528,1612738799999,266147.6655759,1062,67.32334,163838.09451820006,0
2021-02-07 23:00:00,2440.97,2445.96,2404.9,2437.96,132.76067,1612740599999,321721.0353252,1216,57.04495,138388.11454620006,0
2021-02-07 23:30:00,2433.95,2488.19,2426.92,2475.31,160.65181,1612742399999,395160.7016908,1656,103.07579,253723.8049283,0
2021-02-08 00:00:00,2473.84,2510.2,2435.11,2483.92,156.91801999999996,1612744199999,389464.6061383,1599,87.33028,216741.2530429,0
2021-02-08 00:30:00,2479.33,2512.85,2425.28,2430.58,209.81247000000002,1612745999999,519119.3745019,1505,103.59068,256203.9653564,0
2021-02-08 01:00:00,2432.2,2454.7,2407.14,2416.84,128.76672,1612747799999,312762.2031545,1111,53.11245,129258.06221269998,0
2021-02-08 01:30:00,2414.73,2442.94,2407.16,2429.08,80.85704,1612749599999,195982.9183182,630,29.838540000000002,72434.5356489,0
2021-02-08 02:00:00,2430.14,2591.78,2415.48,2587.13,569.05632,1612751399999,1436390.6104889999,4362,323.67384,817238.3128823001,0
2021-02-08 02:30:00,2587.78,2650.0,2508.76,2532.38,848.1582599999997,1612753199999,2191696.7770376,6148,445.75945,1153115.8073683002,0
2021-02-08 03:00:00,2534.74,2630.63,2506.26,2572.85,523.35698,1612754999999,1349289.7302108998,3836,227.32279,584465.4677028001,0
2021-02-08 03:30:00,2578.54,2635.0,2551.1,2585.56,285.67912,1612756799999,743351.7997563,2616,147.84364,384726.2395823,0
2021-02-08 04:00:00,2585.38,2675.55,2566.41,2650.11,510.70235999999994,1612758599999,1346862.1589362,3783,307.97078,812744.0430599,0
2021-02-08 04:30:00,2650.82,2737.08,2592.56,2691.84,575.5283,1612760399999,1539603.2938522,4435,324.67305,868257.0641494,0
2021-02-08 05:00:00,2691.14,2717.99,2643.1,2673.48,297.86753999999996,1612762199999,797376.6023042,2721,135.81628,363834.1214667001,0
2021-02-08 05:30:00,2670.11,2670.74,2584.78,2605.94,410.42177000000004,1612763999999,1075426.973922,2918,185.63821000000002,486270.46822670003,0
2021-02-08 06:00:00,2605.96,2630.39,2592.18,2622.82,145.42946,1612765799999,379653.054642,1200,86.01796999999998,224478.87357520004,0
2021-02-08 06:30:00,2626.71,2663.7,2612.69,2648.02,220.30399,1612767599999,581402.8938662,1816,121.36301,320441.2823555,0
2021-02-08 07:00:00,2645.29,2650.0,2584.4,2610.38,166.83514,1612769399999,436629.691146,1412,91.17689,239040.83116459998,0
2021-02-08 07:30:00,2610.35,2630.42,2593.42,2613.21,146.1032,1612771199999,381386.7923036,1241,89.03218000000004,232506.5600572,0
2021-02-08 08:00:00,2615.15,2646.37,2592.0,2622.46,129.21498,1612772999999,338005.6190033,1166,77.28368,202409.6347427,0
2021-02-08 08:30:00,2622.45,2638.19,2595.79,2607.83,198.00208,1612774799999,517936.4941465,1428,108.38335,283685.9300492,0
2021-02-08 09:00:00,2610.99,2638.0,2590.91,2592.92,235.7194,1612776599999,617348.1100208,1854,136.97101999999998,358815.8297575,0
2021-02-08 09:30:00,2593.79,2625.57,2564.69,2572.36,146.02354,1612778399999,379195.0508928,1420,76.34438,198701.2582029,0
2021-02-08 10:00:00,2572.22,2595.4,2565.27,2572.75,120.60054,1612780199999,311098.6653306,939,79.00362,203953.5298472,0
2021-02-08 10:30:00,2571.15,2587.31,2555.24,2587.31,179.5104,1612781999999,460961.01458549994,1442,59.339769999999994,152621.13760699998,0
2021-02-08 11:00:00,2585.0,2650.0,2585.0,2639.14,298.24156,1612783799999,781016.2434173,2341,175.62698999999995,459739.8232146,0
2021-02-08 11:30:00,2639.14,2639.14,2581.77,2595.01,124.67371000000001,1612785599999,324838.8997384,1141,55.32745,144381.75439460002,0
2021-02-08 12:00:00,2598.47,2612.21,2558.8,2567.37,203.64473999999998,1612787399999,524963.0263165,1679,87.11363,224792.75644650002,0
2021-02-08 12:30:00,2568.2,2595.0,2534.74,2546.85,268.6293,1612789199999,689911.6140625,1787,130.81761,336065.88523049996,0
2021-02-08 13:00:00,2541.19,2555.38,2482.61,2483.32,335.62518,1612790999999,848668.8335213,1852,179.54189,454396.7650892,0
2021-02-08 13:30:00,2488.44,2519.99,2441.35,2476.95,397.66913,1612792799999,988713.8846480999,2131,160.62104,400096.35309040005,0
2021-02-08 14:00:00,2475.61,2529.99,2475.6,2499.21,334.27006,1612794599999,837290.9388707,1738,166.86783,417658.5168941,0
2021-02-08 14:30:00,2495.91,2579.21,2477.59,2576.59,296.1737,1612796399999,745584.8878923,1889,155.18461000000005,391809.598461,0
2021-02-08 15:00:00,2572.06,2630.0,2545.47,2622.95,276.11746,1612798199999,711644.8461571998,1900,142.57407,368170.932448,0
2021-02-08 15:30:00,2622.95,2647.19,2558.38,2573.96,227.76677,1612799999999,593462.3403651,2030,101.51928000000001,265380.6216423,0
2021-02-08 16:00:00,2575.34,2606.69,2556.39,2566.08,144.31582,1612801799999,372926.7420182,1115,70.25639,181631.30522270003,0
2021-02-08 16:30:00,2560.06,2588.92,2530.01,2569.18,176.69328000000004,1612803599999,451583.3937420999,1309,86.49934,221607.4496064,0
2021-02-08 17:00:00,2569.58,2583.33,2516.54,2569.76,245.65947000000003,1612805399999,624686.869708,1262,120.84426,307799.7633413,0
2021-02-08 17:30:00,2569.65,2598.47,2566.96,2575.18,76.81213000000002,1612807199999,198298.78618660002,837,53.29478,137630.5247018,0
2021-02-08 18:00:00,2575.52,2597.0,2559.62,2566.13,95.25814,1612808999999,245068.4949447,940,46.53164,119791.92053660002,0
2021-02-08 18:30:00,2566.13,2570.17,2530.98,2545.4,83.648,1612810799999,213528.3339258,794,36.82154,93984.295522,0
2021-02-08 19:00:00,2541.06,2553.82,2525.01,2540.37,130.03617,1612812599999,330078.5622487,1022,57.8029,146753.6122262,0
2021-02-08 19:30:00,2546.86,2560.0,2539.67,2559.98,51.41845,1612814399999,131174.58240080002,435,33.98502,86772.1963734,0
2021-02-08 20:00:00,2559.98,2579.76,2551.06,2554.64,124.36798999999999,1612816199999,319081.9868201,920,51.47184,132198.3496894,0
2021-02-08 20:30:00,2558.96,2570.33,2543.12,2549.99,88.77041,1612817999999,226785.0592557,780,37.15119,94972.53010569999,0
2021-02-08 21:00:00,2543.34,2551.09,2525.9,2530.64,53.977619999999995,1612819799999,137148.8856111,600,26.6861,67851.9850789,0
2021-02-08 21:30:00,2530.64,2540.05,2503.7,2504.75,91.38101,1612821599999,230543.02561399998,757,44.1853,111610.5196118,0
2021-02-08 22:00:00,2504.76,2538.27,2502.22,2529.32,92.69951999999999,1612823399999,233894.03704829997,693,49.84294000000001,126018.6695493,0
2021-02-08 22:30:00,2523.24,2535.82,2501.97,2507.81,83.43692,1612825199999,209950.7609697,584,35.21905,88760.2260284,0
2021-02-08 23:00:00,2502.63,2516.75,2475.15,2497.67,200.90431,1612826999999,502112.36140570004,1132,81.37498000000002,203411.348519,0
2021-02-08 23:30:00,2493.44,2521.01,2483.76,2493.91,122.5355,1612828799999,305927.63654559996,790,60.88697,152198.7345233,0
2021-02-09 00:00:00,2491.02,2515.92,2472.45,2479.79,157.98011,1612830599999,393192.0534115,923,54.19018000000001,134850.29027410006,0
2021-02-09 00:30:00,2479.7,2504.94,2471.48,2500.1,119.60145,1612832399999,297387.6748531,642,59.60246,148361.0676318,0
2021-02-09 01:00:00,2500.05,2501.17,2440.49,2459.86,310.58637999999996,1612834199999,767503.3317231998,1959,144.17803,356521.91058709996,0
2021-02-09 01:30:00,2459.62,2487.65,2452.9,2475.3,107.54355,1612835999999,266272.77484110004,634,41.87242,103702.3853972,0
2021-02-09 02:00:00,2475.02,2498.3,2450.0,2483.03,199.50567,1612837799999,493993.0802122,833,142.02918,352019.88648459996,0
2021-02-09 02:30:00,2482.49,2524.75,2482.0,2522.41,95.15569,1612839599999,238320.2873614,779,54.56028000000001,136733.3610145,0
2021-02-09 03:00:00,2521.22,2521.33,2483.28,2500.45,118.35959,1612841399999,295886.28810759995,784,56.2793,140773.61533929998,0
2021-02-09 03:30:00,2500.42,2521.43,2488.0,2515.29,109.03578999999999,1612843199999,272775.84519120003,783,45.0119,112694.718025,0
2021-02-09 04:00:00,2513.54,2524.43,2500.0,2508.62,110.29326999999999,1612844999999,276907.2704974,689,46.44692,116724.2678937,0
2021-02-09 04:30:00,2503.6,2568.5,2500.0,2550.14,161.82491000000005,1612846799999,410194.8925534,1372,82.09758000000002,208234.3885921,0
2021-02-09 05:00:00,2550.51,2573.93,2532.55,2565.65,92.29616999999999,1612848599999,236110.49557410003,1160,50.66132,129624.7822148,0
2021-02-09 05:30:00,2563.65,2580.03,2536.66,2578.24,115.22198999999999,1612850399999,295044.0767647,1092,66.50529,170364.7955371,0
2021-02-09 06:00:00,2579.93,2579.95,2540.18,2548.87,73.56149,1612852199999,187858.2138625,592,25.32055,64754.216563600006,0
2021-02-09 06:30:00,2548.3,2564.0,2536.07,2541.82,149.5593,1612853999999,380526.3382898,995,58.66095,149411.1877518,0
2021-02-09 07:00:00,2543.31,2559.64,2531.06,2545.39,120.23468999999999,1612855799999,305860.4994566,902,36.7145,93393.8839509,0
2021-02-09 07:30:00,2544.84,2544.85,2508.7,2526.74,226.48537000000002,1612857599999,571045.6588664,1778,104.65438,263996.130986,0
2021-02-09 08:00:00,2526.75,2593.99,2525.59,2588.26,217.60541,1612859399999,555767.9554658001,1448,125.90926,322012.3014082,0
2021-02-09 08:30:00,2593.68,2620.09,2569.69,2581.69,270.00064,1612861199999,699630.5619835,2387,133.07032,345287.90100159997,0
2021-02-09 09:00:00,2587.68,2602.53,2577.24,2593.7,145.24702,1612862999999,376246.636638,1197,72.82667,188780.8849505,0
2021-02-09 09:30:00,2593.7,2602.66,2513.26,2544.17,217.00112000000001,1612864799999,554339.9695316,1533,105.66648,269871.8493556,0
2021-02-09 10:00:00,2548.56,2553.4,2474.08,2514.21,381.65269,1612866599999,956941.0246267,1880,186.21212,467360.48435670004,0
2021-02-09 10:30:00,2513.26,2528.18,2467.61,2473.03,185.16956000000002,1612868399999,462230.0180478,1013,89.13248,222947.43323320002,0
2021-02-09 11:00:00,2473.03,2514.95,2469.3,2470.27,187.97773999999998,1612870199999,468154.0081691,1250,96.55796,240848.59472279996,0
2021-02-09 11:30:00,2470.8,2515.16,2470.27,2509.91,155.83664,1612871999999,388117.8887405,1010,73.86255,183886.6918793,0
2021-02-09 12:00:00,2509.91,2526.24,2493.91,2509.9,103.33136999999999,1612873799999,259614.9925303,740,60.9476,153179.2089966,0
2021-02-09 12:30:00,2509.9,2511.31,2464.28,2466.85,227.21037,1612875599999,565208.2628993,1265,112.59486000000001,280539.4272066,0
2021-02-09 13:00:00,2466.85,2485.56,2446.87,2466.28,302.97281,1612877399999,745687.7886880002,1232,192.24451000000002,472873.9647955,0
2021-02-09 13:30:00,2466.11,2491.2,2461.39,2488.49,135.96996000000001,1612879199999,336973.88134120003,874,71.34373000000002,176960.03650339996,0
2021-02-09 14:00:00,2488.72,2504.94,2467.65,2495.71,73.77794,1612880999999,183531.5025329,628,39.04401,97211.47487769999,0
2021-02-09 14:30:00,2496.12,2517.16,2478.32,2507.0,129.45821999999998,1612882799999,323657.2791603,907,69.72708,174279.1720293,0
2021-02-09 15:00:00,2507.0,2532.35,2497.87,2526.1,134.03535,1612884599999,337566.9314973,890,64.69833,162840.9549095,0
2021-02-09 15:30:00,2530.06,2537.94,2502.92,2508.75,116.56993,1612886399999,293597.7044922,828,49.31243,124297.29199989999,0
2021-02-09 16:00:00,2506.14,2529.24,2470.3,2488.06,138.41168000000002,1612888199999,345520.4951203,1105,80.16476999999998,200226.9734764,0
2021-02-09 16:30:00,2487.99,2540.0,2481.89,2517.71,169.12778,1612889999999,426053.1943658,1223,104.2283,262494.215716,0
2021-02-09 17:00:00,2517.7,2538.7,2504.83,2512.33,62.269369999999995,1612891799999,156941.29911229998,710,35.90995,90561.6956427,0
2021-02-09 17:30:00,2512.33,2540.91,2501.15,2524.22,114.08138000000001,1612893599999,288226.7190153,939,57.403999999999996,145188.1814686,0
2021-02-09 18:00:00,2526.74,2541.67,2507.23,2514.8,149.77053999999995,1612895399999,377400.6764164,1107,67.16344000000001,169420.51797760002,0
2021-02-09 18:30:00,2516.35,2535.0,2497.6,2522.61,163.08593,1612897199999,410250.08713890007,1280,85.47465,215290.5323375,0
2021-02-09 19:00:00,2521.25,2550.0,2520.01,2548.76,98.20365,1612898999999,249177.22063850003,889,50.04547,127069.6163517,0
2021-02-09 19:30:00,2549.15,2578.57,2524.8,2578.56,142.8629,1612900799999,364952.8124839,1447,78.16449,200101.2026969,0
2021-02-09 20:00:00,2578.54,2581.47,2536.06,2548.28,260.85143999999997,1612902599999,667440.4394486999,1903,124.8142,319363.5164828,0
2021-02-09 20:30:00,2544.25,2566.56,2539.38,2559.37,122.50563999999999,1612904399999,312917.34651809995,994,58.4526,149374.109193,0
2021-02-09 21:00:00,2563.33,2577.66,2555.52,2577.65,126.4988,1612906199999,324817.8849288,1121,79.28385,203660.985745,0
2021-02-09 21:30:00,2573.92,2595.94,2565.05,2592.58,99.71045,1612907999999,257767.78891339997,1283,56.74709,146745.8175533,0
2021-02-09 22:00:00,2587.75,2595.82,2552.7,2570.06,72.76331,1612909799999,187150.32986139998,828,29.06234000000001,74779.435586,0
2021-02-09 22:30:00,2570.65,2638.98,2551.8,2604.9,384.22567000000004,1612911599999,1000710.649998,2733,252.10063,656699.4463290999,0
2021-02-09 23:00:00,2605.61,2618.72,2554.7,2569.95,229.26279,1612913399999,591988.6235266,1689,83.2083,215002.5750677,0
2021-02-09 23:30:00,2569.68,2581.87,2556.84,2561.55,257.51117,1612915199999,661950.4080364,1907,131.06531999999999,337064.29546709993,0
2021-02-10 00:00:00,2563.89,2599.16,2542.74,2593.96,201.84413,1612916999999,520220.6592196,1738,109.77943,283119.23803520005,0
2021-02-10 00:30:00,2593.96,2643.0,2589.09,2623.91,227.0987,1612918799999,594565.2820733001,2334,117.62353,308033.7173406,0
2021-02-10 01:00:00,2623.68,2671.08,2559.67,2591.3,478.58539,1612920599999,1255996.1858512,4053,230.37403999999998,606468.1210981,0
2021-02-10 01:30:00,2593.89,2616.48,2566.53,2585.0,172.33393,1612922399999,446840.35528240004,1589,85.14211999999998,220803.85569949998,0
2021-02-10 02:00:00,2589.02,2625.64,2582.08,2616.94,133.29093,1612924199999,347515.35856799997,1011,88.35322,230500.30488990003,0
2021-02-10 02:30:00,2616.42,2618.3,2594.42,2602.29,115.78576000000001,1612925999999,301613.4547886,1004,46.91248,122243.7390343,0
2021-02-10 03:00:00,2604.98,2671.24,2575.73,2626.08,222.98632,1612927799999,586629.5656559,1984,103.25587,271530.5081102,0
2021-02-10 03:30:00,2626.34,2715.0,2626.34,2665.3,324.16677999999996,1612929599999,866785.1450892,2773,159.82568999999995,426649.4358393,0
2021-02-10 04:00:00,2662.42,2675.51,2560.51,2604.19,306.02322999999996,1612931399999,796557.8074351,2233,165.63298999999995,431209.0831134,0
2021-02-10 04:30:00,2603.2,2623.76,2586.42,2614.34,114.28941999999999,1612933199999,297663.4378896,1028,64.19066,167223.0189373,0
2021-02-10 05:00:00,2614.23,2653.78,2601.15,2627.67,96.62100000000001,1612934999999,254160.18483850002,1161,49.81428,131089.52263539998,0
2021-02-10 05:30:00,2626.47,2646.54,2611.26,2616.79,139.11508999999998,1612936799999,365593.9259054,1174,75.31891999999998,197986.30602309998,0
2021-02-10 06:00:00,2621.95,2711.82,2618.78,2645.04,223.67867999999999,1612938599999,598824.1657261,2136,121.88788999999998,326875.30799959996,0
2021-02-10 06:30:00,2646.0,2696.55,2640.0,2651.61,198.94862,1612940399999,530409.4609132,1644,108.53603999999999,289526.7892835,0
2021-02-10 07:00:00,2651.6,2697.78,2631.87,2697.78,133.38488999999998,1612942199999,353901.9088952,1308,86.78074000000002,230543.78103850002,0
2021-02-10 07:30:00,2697.3,2715.0,2655.55,2685.65,361.36677000000003,1612943999999,970961.2472541,2747,174.6743,469987.03340200003,0
2021-02-10 08:00:00,2684.98,2714.41,2650.34,2676.84,223.97465,1612945799999,603014.2190802,1936,109.70065,295519.58239520004,0
2021-02-10 08:30:00,2675.52,2689.45,2630.26,2651.89,158.27576000000005,1612947599999,419875.412415,1579,62.893130000000006,166947.34962690002,0
2021-02-10 09:00:00,2653.5,2656.86,2600.0,2650.0,258.01797999999997,1612949399999,678676.5909255999,1900,73.9334,194883.3917236,0
2021-02-10 09:30:00,2650.0,2655.55,2597.02,2610.41,129.11363,1612951199999,338755.859594,1512,56.33471,147901.6585129,0
2021-02-10 10:00:00,2610.39,2641.61,2599.25,2607.52,125.83133000000001,1612952999999,330103.6629729,1058,49.15976,129114.17677430001,0
2021-02-10 10:30:00,2607.58,2627.15,2596.92,2626.69,108.72025,1612954799999,283872.1408286,899,49.38581,129005.6017736,0
2021-02-10 11:00:00,2626.68,2632.22,2583.47,2588.68,120.52875,1612956599999,314680.6317744001,1566,62.05814,162121.74073350002,0
2021-02-10 11:30:00,2588.68,2609.67,2561.66,2572.84,106.55049,1612958399999,275779.8913294,1276,56.53165,146533.3644157,0
2021-02-10 12:00:00,2572.84,2602.72,2529.87,2565.18,263.12979,1612960199999,674150.1406455999,2733,126.6093,325047.6573589,0
2021-02-10 12:30:00,2562.86,2576.26,2125.59,2447.49,1387.87256,1612961999999,3307466.5021404997,8604,497.96187000000003,1192837.9235975,0
2021-02-10 13:00:00,2447.49,2505.59,2421.01,2434.85,449.87428,1612963799999,1111749.7567271001,3917,203.71375,504244.05756409996,0
2021-02-10 13:30:00,2434.85,2504.24,2431.4,2496.95,220.33674,1612965599999,543474.4778418001,1791,121.11419,298748.404135,0
2021-02-10 14:00:00,2492.36,2509.2,2438.46,2450.39,211.22537999999997,1612967399999,523763.4816736,1474,94.264,233662.01166550003,0
2021-02-10 14:30:00,2452.65,2477.77,2382.79,2385.69,235.61522000000002,1612969199999,574223.2090999001,1643,103.79095,253105.9142263,0
2021-02-10 15:00:00,2385.69,2435.03,2350.0,2380.63,463.0809,1612970999999,1103482.6283139999,3257,211.95781000000002,505878.52695729997,0
2021-02-10 15:30:00,2379.23,2437.46,2355.53,2431.18,241.24742,1612972799999,576122.0761348001,1585,100.14433000000001,239604.35347270002,0
2021-02-10 16:00:00,2436.71,2471.68,2393.07,2453.93,200.19441,1612974599999,488332.93576120003,1936,86.8125,211732.2340201,0
2021-02-10 16:30:00,2456.51,2484.44,2427.38,2469.33,111.55973999999999,1612976399999,274608.88222920004,1093,59.99936999999999,147831.9730756,0
2021-02-10 17:00:00,2469.12,2480.24,2439.89,2477.18,119.52531,1612978199999,294130.1289763,1031,64.94558,159961.5768802,0
2021-02-10 17:30:00,2480.52,2515.85,2466.38,2490.38,66.95255,1612979999999,167073.5062711,906,33.23218,82933.5551786,0
2021-02-10 18:00:00,2490.38,2499.46,2447.65,2472.81,148.6541,1612981799999,367923.51535349997,1003,84.32526999999997,208901.93047629998,0
2021-02-10 18:30:00,2476.81,2519.63,2452.63,2519.35,95.39974000000001,1612983599999,237766.1462355,916,52.04972,129861.67842699999,0
2021-02-10 19:00:00,2519.35,2519.36,2465.76,2479.25,85.80756,1612985399999,213589.96316629997,670,41.5301,103382.9596505,0
2021-02-10 19:30:00,2479.22,2534.0,2275.0,2514.77,267.99202,1612987199999,665260.7860438001,2071,103.05623,258602.1919401,0
2021-02-10 20:00:00,2514.36,2531.57,2470.97,2473.83,121.5867,1612988999999,303605.0954397,1106,53.03819,132852.2640874,0
2021-02-10 20:30:00,2473.82,2479.48,2444.4,2451.58,115.2054,1612990799999,283696.0305366,868,52.63824,129789.30298529999,0
2021-02-10 21:00:00,2454.77,2482.22,2448.85,2466.93,52.49718000000001,1612992599999,129291.73253639998,563,33.47668,82500.26188600001,0
2021-02-10 21:30:00,2482.21,2498.5,2476.17,2489.97,56.93849,1612994399999,141815.4773874,600,30.902209999999997,76989.2062608,0
2021-02-10 22:00:00,2485.33,2495.01,2480.0,2495.01,49.87785,1612996199999,124237.46664730001,393,30.86184,76946.3135246,0
2021-02-10 22:30:00,2495.0,2518.69,2467.72,2515.12,104.1093,1612997999999,259360.92523179998,753,53.8613,134399.87076269998,0
2021-02-10 23:00:00,2510.94,2527.7,2492.49,2525.0,49.78463,1612999799999,125044.035181,628,25.90673,65064.68759630001,0
2021-02-10 23:30:00,2525.55,2543.2,2497.94,2514.76,99.30028,1613001599999,250986.5862152,875,54.97396,138977.4639938,0
2021-02-11 00:00:00,2514.77,2537.79,2459.13,2495.68,141.87776000000005,1613003399999,352465.6184633,984,88.03823,218682.0345992,0
2021-02-11 00:30:00,2495.68,2501.83,2444.39,2474.2,167.85617,1613005199999,413804.9125993,1485,62.23064,153398.04207209998,0
2021-02-11 01:00:00,2477.79,2490.0,2439.97,2467.83,159.15057,1613006999999,391297.5508475,1000,75.5015,185682.6752394,0
2021-02-11 01:30:00,2468.33,2543.0,2452.75,2462.77,108.98513999999999,1613008799999,270075.7178903,944,65.84018,163331.3070633,0
2021-02-11 02:00:00,2472.75,2513.68,2470.79,2508.32,62.10734,1613010599999,155103.31021260002,685,35.93688,89718.1116338,0
2021-02-11 02:30:00,2508.32,2508.32,2508.32,2508.32,0.0,1613012399999,0.0,0,0.0,0.0,0
2021-02-11 03:00:00,2508.32,2508.32,2508.32,2508.32,0.0,1613014199999,0.0,0,0.0,0.0,0
2021-02-11 03:30:00,2508.32,2508.32,2508.32,2508.32,0.0,1613014856981,0.0,0,0.0,0.0,0
2021-02-11 05:00:00,2507.06,2507.06,2455.59,2455.59,143.3239,1613021399999,355171.4950766,975,38.2337,94851.1317477,0
2021-02-11 05:30:00,2455.59,2488.76,2449.01,2477.41,58.10196,1613023199999,143586.91484860002,827,30.315279999999998,75014.738441,0
2021-02-11 06:00:00,2481.3,2520.0,2466.81,2517.76,207.87558,1613024999999,520276.89518079994,1442,82.63053000000002,206786.8523346,0
2021-02-11 06:30:00,2519.32,2536.0,2481.12,2507.99,199.42322,1613026799999,500539.9124708001,1588,116.62637,293103.6273694,0
2021-02-11 07:00:00,2507.97,2528.78,2498.33,2509.28,144.65017,1613028599999,363626.57620109996,1230,62.03196,156081.0217504,0
2021-02-11 07:30:00,2509.03,2523.09,2482.65,2504.82,124.6757,1613030399999,312317.8367639001,1199,61.351009999999995,153734.25272750002,0
2021-02-11 08:00:00,2505.74,2519.99,2485.68,2494.4,138.86366999999998,1613032199999,347786.3518414,1237,82.05846,205660.2250492,0
2021-02-11 08:30:00,2498.83,2507.78,2487.87,2499.68,76.18753000000002,1613033999999,190441.1806625,689,23.37047,58426.46051830001,0
2021-02-11 09:00:00,2501.08,2501.92,2478.27,2496.27,71.00986999999998,1613035799999,176863.3727231,762,37.133990000000004,92522.2051027,0
2021-02-11 09:30:00,2496.05,2532.35,2490.53,2520.67,95.12865,1613037599999,239591.81355170003,1063,43.230779999999996,108858.66773090001,0
2021-02-11 10:00:00,2520.67,2541.19,2514.16,2530.43,147.95702,1613039399999,374557.69095029996,1559,80.10898,202873.1361144,0
2021-02-11 10:30:00,2530.42,2543.19,2505.35,2505.87,127.7,1613041199999,322946.3077298,1135,64.7051,163832.8545698,0
2021-02-11 11:00:00,2510.45,2577.65,2501.94,2543.11,333.48997,1613042999999,848550.8650952,2502,219.03014,557316.4192337,0
2021-02-11 11:30:00,2548.04,2575.31,2504.04,2508.13,195.46716999999998,1613044799999,497536.78644799994,1758,99.45411999999999,253412.59782059997,0
2021-02-11 12:00:00,2509.31,2563.95,2508.14,2548.99,141.66177,1613046599999,360747.6559376,1119,73.9211,188347.82646729998,0
2021-02-11 12:30:00,2552.3,2568.13,2533.84,2564.02,68.01619000000001,1613048399999,173684.2332296,821,34.67674,88562.3663344,0
2021-02-11 13:00:00,2568.13,2605.0,2553.09,2584.96,253.93441,1613050199999,656960.1098441,2071,138.66814,358830.0108105,0
2021-02-11 13:30:00,2581.47,2590.11,2548.0,2575.06,137.7873,1613051999999,354604.4098709001,1368,70.61739,181805.1164606,0
2021-02-11 14:00:00,2576.09,2583.2,2560.54,2569.63,86.49157,1613053799999,222304.5752361,817,37.13131,95540.49227160001,0
2021-02-11 14:30:00,2574.16,2583.0,2552.05,2569.32,97.11633,1613055599999,249350.4622386,956,44.77219,115070.7201201,0
2021-02-11 15:00:00,2570.38,2580.0,2550.0,2577.2,73.4712,1613057399999,188472.542627,780,37.21202,95498.4818229,0
2021-02-11 15:30:00,2572.11,2585.29,2554.72,2563.66,85.79030999999998,1613059199999,220078.3838959,776,35.8527,92078.6537089,0
2021-02-11 16:00:00,2558.85,2591.95,2556.84,2573.12,152.37351999999996,1613060999999,392658.7763692,1389,82.12267,211697.9116092,0
2021-02-11 16:30:00,2575.17,2577.51,2545.29,2554.09,145.45383,1613062799999,372033.2298818,1210,62.33723000000001,159577.9816645,0
2021-02-11 17:00:00,2552.95,2555.42,2502.1,2530.44,193.41523999999998,1613064599999,488668.1129898,1653,87.60566999999998,221435.0627263,0
2021-02-11 17:30:00,2528.29,2598.0,2517.19,2580.5,221.30583,1613066399999,567072.7865067,1792,122.36923,313351.03231529996,0
2021-02-11 18:00:00,2580.49,2613.98,2563.91,2566.66,177.52566000000004,1613068199999,460197.2560903,1956,82.88741,214998.55279460002,0
2021-02-11 18:30:00,2569.11,2588.74,2563.0,2568.73,116.79415,1613069999999,300583.2251185,1257,54.90935,141368.753197,0
2021-02-11 19:00:00,2568.99,2570.54,2535.67,2566.35,101.91696,1613071799999,260618.87343,1377,38.954190000000004,99624.2939243,0
2021-02-11 19:30:00,2559.9,2581.82,2543.25,2580.85,127.76986000000001,1613073599999,327414.1830825,1214,67.83538,174010.012987,0
2021-02-11 20:00:00,2580.82,2584.21,2540.89,2545.23,111.36656,1613075399999,285930.2196117,1006,46.519709999999996,119645.9236778,0
2021-02-11 20:30:00,2546.8,2649.59,2460.72,2468.71,1244.38183,1613077199999,3205361.8474652,7542,614.60409,1587469.8580190004,0
2021-02-11 21:00:00,2464.28,2520.38,2450.0,2486.26,353.08527999999984,1613078999999,877588.1902473,2209,177.87207,442045.5996270001,0
2021-02-11 21:30:00,2487.12,2515.0,2451.38,2511.11,158.92315,1613080799999,394164.9781695,1106,84.0085,208489.34650170003,0
2021-02-11 22:00:00,2514.94,2528.72,2502.88,2507.86,51.69059,1613082599999,130095.14359719999,497,27.59535,69508.8729132,0
2021-02-11 22:30:00,2503.63,2542.34,2503.0,2528.08,166.38228999999995,1613084399999,419494.0002809,1062,58.00888000000001,146356.67503860002,0
2021-02-11 23:00:00,2528.12,2530.95,2500.0,2509.89,128.29703,1613086199999,322410.06722679996,1039,45.21464,113825.3833897,0
2021-02-11 23:30:00,2507.0,2549.9,2507.0,2545.34,155.81815,1613087999999,394026.56746229995,1210,98.18928000000001,248435.7787426,0
2021-02-12 00:00:00,2543.6,2562.26,2508.85,2551.22,150.58735,1613089799999,382887.4859461,1103,83.65653,212904.808572,0
2021-02-12 00:30:00,2552.48,2581.48,2532.42,2555.32,248.65097000000003,1613091599999,638314.1226233001,1394,124.95556,320819.94897559995,0
2021-02-12 01:00:00,2558.92,2600.0,2542.89,2589.44,181.32706000000002,1613093399999,466535.35486590007,1343,84.43905,217434.51406820002,0
2021-02-12 01:30:00,2586.72,2602.83,2559.21,2596.67,184.88429,1613095199999,477517.7946855,1402,110.50235,285550.7596757,0
2021-02-12 02:00:00,2596.67,2626.65,2590.8,2610.93,255.42141,1613096999999,665807.375005,1827,138.04046,360310.2212755,0
2021-02-12 02:30:00,2608.26,2616.9,2556.07,2567.59,169.87302,1613098799999,438127.82348409994,1310,66.3883,171388.7019079,0
2021-02-12 03:00:00,2562.32,2570.82,2540.85,2556.57,79.35625,1613100599999,202793.9366129,794,36.41655,93093.5065677,0
2021-02-12 03:30:00,2551.7,2590.98,2542.53,2546.49,128.81184,1613102399999,330945.45888720005,1004,52.40878,134441.7728153,0
2021-02-12 04:00:00,2551.02,2564.32,2510.0,2558.66,126.53548,1613104199999,320820.0984331,1256,67.29997,170774.6221283,0
2021-02-12 04:30:00,2549.7,2559.11,2521.62,2530.28,61.55083000000001,1613105999999,156419.0109959,577,32.56947,82806.7250503,0
2021-02-12 05:00:00,2528.48,2604.0,2516.9,2572.5,87.28323,1613107799999,223032.9366612,677,48.038129999999995,123109.69470080001,0
2021-02-12 05:30:00,2570.79,2588.92,2560.79,2572.96,140.89971,1613109599999,363031.9467288,1062,47.15081,121423.7473395,0
2021-02-12 06:00:00,2566.8,2570.08,2530.55,2552.93,75.68601,1613111399999,192733.5326641,784,41.1918,104955.4606205,0
2021-02-12 06:30:00,2553.29,2600.0,2544.7,2593.07,91.92448,1613113199999,237497.62230679998,1107,44.67522,115603.5028081,0
2021-02-12 07:00:00,2593.05,2618.69,2579.32,2600.43,289.94222,1613114999999,753549.3951738002,1766,178.00494,462632.1696101,0
2021-02-12 07:30:00,2601.6,2621.73,2580.67,2616.46,124.42116999999999,1613116799999,323705.8631292,1095,66.04934,171984.58367670001,0
2021-02-12 08:00:00,2620.46,2650.0,2612.0,2612.77,272.2994,1613118599999,717712.6835321998,2341,159.04708,419442.1844675,0
2021-02-12 08:30:00,2613.55,2617.39,2572.58,2581.4,139.52581,1613120399999,362128.24979840004,1289,60.61736,157395.50944300002,0
2021-02-12 09:00:00,2576.53,2647.8,2570.29,2635.39,183.07596999999998,1613122199999,479645.0470453,1659,113.29652,297110.6265501,0
2021-02-12 09:30:00,2630.32,2650.99,2607.52,2643.25,289.98073,1613123999999,762180.8570239,1741,129.87468,341633.9107036,0
2021-02-12 10:00:00,2643.09,2653.44,2599.55,2608.67,172.70152,1613125799999,454214.8926187001,1865,85.87843000000002,225950.36455479998,0
2021-02-12 10:30:00,2608.73,2619.54,2590.34,2605.58,232.13251,1613127599999,604152.1654786,1277,117.3286,305314.1050933,0
2021-02-12 11:00:00,2605.61,2683.75,2602.66,2660.61,241.34847000000002,1613129399999,634937.5034707,1412,156.42654,411530.4052647,0
2021-02-12 11:30:00,2654.87,2690.0,2620.54,2631.13,337.9769100000001,1613131199999,899545.7173384002,2974,171.7448,457256.8726031,0
2021-02-12 12:00:00,2631.26,2693.0,2619.94,2667.64,217.00225,1613132999999,576294.3311695,1893,109.83095,291718.3393148,0
2021-02-12 12:30:00,2666.69,2668.44,2619.44,2649.89,162.21553,1613134799999,428422.9613745,1274,89.34494000000002,235981.1126186,0
2021-02-12 13:00:00,2649.84,2652.43,2619.0,2628.5,113.55815,1613136599999,299026.1551456,1278,49.4539,130277.55552790001,0
2021-02-12 13:30:00,2634.21,2650.0,2625.0,2629.0,93.82554,1613138399999,247717.0263916,768,46.93244,123974.1840296,0
2021-02-12 14:00:00,2632.03,2644.18,2616.48,2629.53,156.23443,1613140199999,411341.8243575,961,84.14689,221757.5570854,0
2021-02-12 14:30:00,2626.99,2629.22,2518.73,2570.06,375.13961,1613141999999,965296.1618068,2635,172.02962,442577.1776408,0
2021-02-12 15:00:00,2570.49,2631.84,2569.07,2606.54,348.21206,1613143799999,908239.0235388001,2542,207.8378,542393.0138222,0
2021-02-12 15:30:00,2606.49,2665.12,2590.74,2648.85,177.27401,1613145599999,467391.35914049996,1725,95.79836,252475.36559250002,0
2021-02-12 16:00:00,2650.64,2719.76,2650.0,2718.0,407.62723,1613147399999,1096294.7876942,3159,264.06538,710547.1650128,0
2021-02-12 16:30:00,2713.86,2762.79,2670.25,2698.84,452.74767,1613149199999,1231794.3751622,3585,252.44632000000001,687628.2818281,0
2021-02-12 17:00:00,2703.38,2712.15,2658.0,2692.82,180.27473999999998,1613150999999,484927.023837,1182,70.29895,189513.22516139998,0
2021-02-12 17:30:00,2696.59,2728.51,2671.07,2721.72,146.54353999999995,1613152799999,396833.80704940006,956,61.9444,167766.63558139998,0
2021-02-12 18:00:00,2721.72,2768.0,2697.2,2749.96,305.70099,1613154599999,837418.6342391998,2582,148.31253,406516.5786055,0
2021-02-12 18:30:00,2749.96,2808.57,2724.08,2800.44,527.66345,1613156399999,1462548.9274262,3648,313.80265,870614.0915272,0
2021-02-12 19:00:00,2800.44,2835.58,2761.79,2772.12,452.30355999999995,1613158199999,1267781.0778807,3321,260.53945,730584.4286425002,0
2021-02-12 19:30:00,2770.86,2822.4,2738.62,2812.1,327.02419,1613159999999,909132.1847795,2315,148.83863,413857.9379644,0
2021-02-12 20:00:00,2813.51,2820.0,2745.86,2773.2,212.49881000000002,1613161799999,590536.6635537,1960,89.79191999999998,249997.4041756,0
2021-02-12 20:30:00,2769.96,2778.81,2740.0,2748.63,191.02827,1613163599999,525962.8709274001,1290,103.1344,284014.2469626,0
2021-02-12 21:00:00,2752.3,2767.89,2720.0,2722.01,209.61238,1613165399999,574423.2022817,2023,93.75301,257075.1313033,0
2021-02-12 21:30:00,2726.62,2769.91,2710.41,2753.48,256.03718,1613167199999,699880.4673766999,1472,118.91893999999999,325390.23287759995,0
2021-02-12 22:00:00,2759.37,2762.29,2711.38,2711.38,129.22736,1613168999999,353041.3276449,1439,58.89038000000001,160846.1189505,0
2021-02-12 22:30:00,2711.67,2727.97,2700.0,2716.01,146.80515,1613170799999,398478.3244625,1154,66.96321999999999,181995.3551855,0
2021-02-12 23:00:00,2720.18,2723.21,2680.0,2710.62,220.42853,1613172599999,595748.373761,1974,116.13871,314059.66029659996,0
2021-02-12 23:30:00,2714.18,2758.88,2694.39,2736.73,537.09104,1613174399999,1464685.440386,3236,216.76756,590302.1143273001,0
2021-02-13 00:00:00,2736.74,2775.51,2736.74,2753.6,207.89481999999998,1613176199999,573334.2577787,1589,113.19253,312251.1182894,0
2021-02-13 00:30:00,2753.6,2785.29,2736.78,2745.75,151.79384,1613177999999,419458.9886945,1511,57.769459999999995,159573.8383441,0
2021-02-13 01:00:00,2741.14,2745.83,2716.64,2727.74,164.79838999999996,1613179799999,449951.07157840003,1096,113.39607,309707.25852649997,0
2021-02-13 01:30:00,2727.75,2736.5,2718.33,2730.2,48.05932,1613181599999,131161.830834,659,27.23867000000001,74362.7683174,0
2021-02-13 02:00:00,2730.22,2778.08,2725.71,2757.55,129.67051,1613183399999,356513.7820293,1267,77.52628,213083.531954,0
2021-02-13 02:30:00,2757.56,2760.55,2722.44,2734.82,108.54348,1613185199999,297495.8368097,1000,48.119009999999996,131929.23756500002,0
2021-02-13 03:00:00,2734.39,2753.06,2721.29,2744.38,134.35421000000002,1613186999999,367221.3780543,954,74.83261999999998,204695.6073903,0
2021-02-13 03:30:00,2744.37,2797.32,2742.86,2773.02,205.25323,1613188799999,569811.3191870999,1895,89.98073000000002,249714.31828369998,0
2021-02-13 04:00:00,2773.0,2781.98,2740.02,2763.48,129.45785,1613190599999,357606.0338462,1821,49.76318,137523.7797339,0
2021-02-13 04:30:00,2763.42,2786.97,2747.59,2783.95,61.30699,1613192399999,169662.2001067,739,34.17875,94637.3775268,0
2021-02-13 05:00:00,2778.07,2781.91,2710.0,2710.0,121.9203,1613194199999,334155.9201536,1394,57.62579,158016.5078764,0
2021-02-13 05:30:00,2710.0,2740.52,2694.63,2709.5,132.00088,1613195999999,358762.8357309,1321,61.88463,168433.5212155,0
2021-02-13 06:00:00,2709.49,2711.07,2680.01,2685.98,143.04967,1613197799999,385918.3528107,1546,66.48306,179443.1053155,0
2021-02-13 06:30:00,2685.34,2715.0,2671.29,2710.55,239.19823,1613199599999,643233.9089037,1639,133.23357,358314.6127566,0
2021-02-13 07:00:00,2704.33,2712.82,2674.91,2689.67,93.62115,1613201399999,251886.1331034,922,51.45039000000001,138445.63816889998,0
2021-02-13 07:30:00,2685.4,2685.87,2622.07,2626.77,255.23581000000001,1613203199999,677472.3661091999,2104,102.86606,273349.8268473,0
2021-02-13 08:00:00,2626.79,2691.0,2598.86,2685.16,213.91069,1613204999999,565823.0753895,1814,116.10768999999999,307141.0962317,0
2021-02-13 08:30:00,2685.0,2725.18,2680.66,2687.78,143.83625,1613206799999,389182.1916545,1208,90.78926,245979.65494439998,0
2021-02-13 09:00:00,2686.51,2724.77,2686.45,2706.46,97.75641,1613208599999,264327.5231228,921,51.32476,138760.0845197,0
2021-02-13 09:30:00,2706.84,2711.89,2652.04,2657.94,140.85245,1613210399999,376864.84498490003,1470,69.56612,186058.1343506,0
2021-02-13 10:00:00,2654.62,2656.95,2594.09,2637.58,312.55156,1613212199999,820706.0388484,1940,98.61646999999999,258919.4690791,0
2021-02-13 10:30:00,2637.57,2655.79,2583.41,2594.98,275.1361,1613213999999,721468.5985531,1884,106.05373,278187.462319,0
2021-02-13 11:00:00,2594.96,2612.16,2527.31,2588.65,306.09131,1613215799999,787219.6778863001,2510,160.12921,411859.6581077,0
2021-02-13 11:30:00,2588.63,2615.76,2541.69,2566.54,153.24105,1613217599999,394517.7870341,1584,65.30991,168195.0047851,0
2021-02-13 12:00:00,2564.3,2647.67,2540.0,2642.87,118.4878,1613219399999,307742.4232115,1211,60.08701,156158.5565359,0
2021-02-13 12:30:00,2646.92,2650.0,2610.2,2635.63,98.2134,1613221199999,258567.65689800002,1058,36.42642,95975.6892288,0
2021-02-13 13:00:00,2630.0,2644.51,2605.91,2639.76,94.85698000000001,1613222999999,249057.8673085,847,56.08855,147287.0286397,0
2021-02-13 13:30:00,2644.53,2664.0,2637.15,2657.35,59.14176,1613224799999,157097.48936789998,774,29.06677,77234.20304400001,0
2021-02-13 14:00:00,2657.35,2657.35,2619.21,2632.59,56.6184,1613226599999,149250.0401641,716,25.07735,66137.1497383,0
2021-02-13 14:30:00,2637.3,2664.19,2617.16,2658.91,108.9907,1613228399999,288063.2385829,1091,63.502430000000004,167978.2283614,0
2021-02-13 15:00:00,2662.87,2671.46,2636.86,2642.11,118.25936000000002,1613230199999,313940.4299603,1025,43.93145,116739.12352230001,0
2021-02-13 15:30:00,2642.11,2680.49,2631.0,2663.68,140.47721,1613231999999,374015.25911190006,1244,65.71774,175044.0306647,0
2021-02-13 16:00:00,2666.97,2708.08,2655.67,2671.39,245.8774,1613233799999,660071.6504516,1817,123.11278999999999,330307.2488524,0
2021-02-13 16:30:00,2671.23,2686.3,2639.32,2668.48,267.07517,1613235599999,711201.6898446,1888,107.05198999999999,285127.54637670005,0
2021-02-13 17:00:00,2665.85,2728.0,2606.46,2617.04,234.10809,1613237399999,618275.6828729,1866,117.16801000000001,310730.55905020004,0
2021-02-13 17:30:00,2614.29,2633.43,2592.58,2633.43,132.30559,1613239199999,345720.8891693,1152,79.75895,208477.15692429998,0
2021-02-13 18:00:00,2623.07,2639.35,2608.32,2632.95,67.41516,1613240999999,177162.3903117,780,29.640490000000003,77944.3723781,0
2021-02-13 18:30:00,2632.97,2646.66,2604.76,2611.3,98.35297,1613242799999,259009.315811,800,66.15304,174384.3316815,0
2021-02-13 19:00:00,2613.31,2660.64,2597.93,2650.49,76.55429000000002,1613244599999,201177.1078777,926,40.67224,107100.2887806,0
2021-02-13 19:30:00,2647.16,2649.38,2600.0,2600.7,86.35181,1613246399999,226164.4874362,1132,40.18934,105383.98373810001,0
2021-02-13 20:00:00,2600.01,2618.16,2583.59,2588.2,78.82007,1613248199999,204935.4623201,969,32.23387,83853.7898245,0
2021-02-13 20:30:00,2585.0,2635.0,2583.67,2629.76,72.70585,1613249999999,189878.85590370002,760,34.70053,90609.0742727,0
2021-02-13 21:00:00,2629.77,2632.94,2603.06,2610.34,59.92518000000001,1613251799999,156723.4546653,532,28.1838,73709.14862610001,0
2021-02-13 21:30:00,2610.65,2649.91,2599.99,2646.95,89.2211,1613253599999,234929.59986270004,800,47.45029,125066.2326273,0
2021-02-13 22:00:00,2646.0,2651.94,2619.11,2620.29,83.7871,1613255399999,220691.534603,870,44.69627,117754.73124910002,0
2021-02-13 22:30:00,2618.16,2622.99,2600.0,2611.65,48.29916,1613257199999,126119.67912319998,616,19.196279999999998,50154.8295857,0
2021-02-13 23:00:00,2611.65,2624.64,2602.4,2608.7,63.48744,1613258999999,165945.81915539998,737,30.60854,80018.9846375,0
2021-02-13 23:30:00,2611.04,2629.42,2585.32,2591.02,93.8838,1613260799999,244581.06008660002,991,44.18914,115192.84899030002,0
2021-02-14 00:00:00,2589.55,2631.67,2583.59,2597.21,128.52647,1613262599999,335310.91977659997,943,80.43629,209901.35516520002,0
2021-02-14 00:30:00,2598.0,2628.0,2577.64,2622.04,115.33989,1613264399999,299925.7796036,980,70.13705,182640.67642139998,0
2021-02-14 01:00:00,2620.93,2638.74,2610.0,2630.39,64.05719,1613266199999,168184.4532378,841,31.24072,82125.4085405,0
2021-02-14 01:30:00,2634.11,2645.97,2615.42,2645.91,79.33658,1613267999999,208847.8664219,733,44.76767,117950.4232099,0
2021-02-14 02:00:00,2646.32,2662.21,2623.0,2623.0,98.68738,1613269799999,261017.67879779998,979,49.555640000000004,131092.29449849998,0
2021-02-14 02:30:00,2628.14,2630.0,2582.26,2582.6,74.44738000000002,1613271599999,193998.28734100002,903,47.73472,124481.94913159999,0
2021-02-14 03:00:00,2582.61,2612.24,2575.75,2588.97,101.87488,1613273399999,263514.2746997,1075,49.836040000000004,129016.9356177,0
2021-02-14 03:30:00,2586.38,2603.42,2576.54,2581.53,54.6666,1613275199999,141671.701444,615,20.71777,53750.78669319999,0
2021-02-14 04:00:00,2583.24,2614.9,2577.02,2580.65,40.21362,1613276999999,104686.6570488,493,18.372329999999998,47880.39081690001,0
2021-02-14 04:30:00,2580.66,2605.36,2579.99,2580.02,19.1894,1613278799999,49785.68860169999,280,9.12743,23691.004305000002,0
2021-02-14 05:00:00,2584.13,2599.0,2571.91,2587.84,101.18500999999999,1613280599999,261228.57701029998,705,72.57315,187329.61763239998,0
2021-02-14 05:30:00,2587.58,2624.18,2577.63,2586.25,92.09662,1613282399999,238825.3010761,656,40.91854,106104.3284513,0
2021-02-14 06:00:00,2590.52,2603.06,2576.63,2590.87,87.30579,1613284199999,225905.77032270003,599,36.8586,95427.24994889999,0
2021-02-14 06:30:00,2590.15,2617.78,2590.0,2605.52,40.11026,1613285999999,104479.7535028,486,19.06808,49742.1650239,0
2021-02-14 07:00:00,2608.5,2610.76,2577.93,2579.34,40.89934,1613287799999,105865.532424,401,17.92659,46390.20521180001,0
2021-02-14 07:30:00,2584.01,2588.93,2564.45,2566.1,57.47274,1613289599999,147988.6846441,630,26.8369,69159.7508907,0
2021-02-14 08:00:00,2571.25,2610.0,2571.25,2603.53,70.99779000000002,1613291399999,184027.8219209,679,37.5763,97322.0191142,0
2021-02-14 08:30:00,2603.55,2613.33,2583.92,2591.99,34.42286,1613293199999,89491.44724780002,375,21.15792,55014.2379974,0
2021-02-14 09:00:00,2589.18,2601.37,2587.0,2601.37,35.23035,1613294999999,91332.4334535,352,23.22578,60232.6270363,0
2021-02-14 09:30:00,2597.41,2615.98,2565.0,2565.01,96.68800999999999,1613296799999,249473.7410671,1022,40.48065,104615.8331369,0
2021-02-14 10:00:00,2565.01,2580.39,2559.62,2562.95,69.6465,1613298599999,179035.0151125,746,28.15198,72424.6800464,0
2021-02-14 10:30:00,2565.27,2584.99,2559.64,2568.24,88.62045,1613300399999,228009.7932294,625,50.66495,130382.9014829,0
2021-02-14 11:00:00,2568.85,2608.0,2547.34,2594.13,135.45369,1613302199999,348349.4703915,1159,53.81977,138930.01865110002,0
2021-02-14 11:30:00,2589.41,2631.52,2585.0,2621.46,87.76688,1613303999999,228973.37691089997,970,45.22159,118156.4851648,0
2021-02-14 12:00:00,2620.44,2633.33,2600.0,2633.33,91.10033,1613305799999,239163.5892181,754,44.55537,117059.8881474,0
2021-02-14 12:30:00,2631.0,2657.23,2601.0,2627.63,209.45383999999999,1613307599999,550418.6651712,1640,98.7862,259986.0113257,0
2021-02-14 13:00:00,2627.63,2673.83,2627.12,2641.45,257.61605,1613309399999,684780.158235,1853,115.62516000000001,307086.0859354,0
2021-02-14 13:30:00,2640.56,2640.56,2555.0,2562.67,152.72377,1613311199999,395371.1611798,1544,58.12941,150623.2391651,0
2021-02-14 14:00:00,2558.81,2577.21,2551.0,2574.53,82.07179000000002,1613312999999,210443.2630607,717,43.2146,110872.03692449999,0
2021-02-14 14:30:00,2568.74,2571.83,2500.0,2523.46,194.89465,1613314799999,493085.7641738,1836,70.18233000000001,177621.1750451,0
2021-02-14 15:00:00,2525.94,2541.17,2478.65,2483.87,179.778,1613316599999,450928.3959785999,1370,75.94223000000002,190383.52188879997,0
2021-02-14 15:30:00,2485.11,2528.55,2472.26,2508.03,231.8107,1613318399999,578554.3117579,1225,122.42108999999999,305427.75239259994,0
2021-02-14 16:00:00,2504.27,2529.29,2477.8,2529.28,88.73009,1613320199999,221651.5710798,710,50.60226,126447.20104779999,0
2021-02-14 16:30:00,2524.11,2552.11,2523.7,2550.84,41.092040000000004,1613321999999,104181.4620863,517,26.647709999999996,67580.1716078,0
2021-02-14 17:00:00,2547.45,2587.05,2533.33,2536.78,113.07093,1613323799999,289376.94658040005,830,73.13805,187107.9142851,0
2021-02-14 17:30:00,2537.26,2557.53,2520.0,2520.09,36.50002,1613325599999,92758.19044349999,418,17.59301,44745.98819690001,0
2021-02-14 18:00:00,2520.09,2527.74,2495.69,2508.19,66.66787,1613327399999,167123.93393889998,659,36.54691,91586.49292080001,0
2021-02-14 18:30:00,2503.01,2521.75,2485.47,2516.79,52.2262,1613329199999,130498.4223398,532,29.968759999999996,74921.41946719999,0
2021-02-14 19:00:00,2512.25,2524.96,2498.46,2510.0,29.690790000000003,1613330999999,74590.6089967,344,9.57894,24077.334371200002,0
2021-02-14 19:30:00,2510.0,2553.49,2510.0,2518.09,59.51351999999999,1613332799999,150775.04768679998,531,39.8222,101016.14634939999,0
2021-02-14 20:00:00,2519.94,2550.3,2511.76,2533.96,44.455890000000004,1613334599999,112638.4833916,589,25.8921,65609.86708180001,0
2021-02-14 20:30:00,2534.06,2571.95,2527.1,2571.91,74.09674,1613336399999,189213.75860670002,598,60.04905,153434.52231079998,0
2021-02-14 21:00:00,2565.31,2565.31,2541.77,2550.02,31.5399,1613338199999,80546.50741369999,445,11.48798,29353.0666916,0
2021-02-14 21:30:00,2552.57,2569.21,2547.31,2557.98,50.59686,1613339999999,129557.4955726,532,34.71004,88881.3377285,0
2021-02-14 22:00:00,2554.22,2572.04,2548.34,2569.32,50.65012,1613341799999,129684.0366484,526,21.240029999999997,54389.80861360001,0
2021-02-14 22:30:00,2563.32,2569.22,2540.74,2542.96,37.9527,1613343599999,96763.30201239999,435,9.96443,25404.62330240001,0
2021-02-14 23:00:00,2546.77,2552.31,2539.93,2544.03,17.17156,1613345399999,43718.3145625,308,9.10007,23180.7415043,0
2021-02-14 23:30:00,2542.42,2542.73,2511.01,2512.71,37.42134,1613347199999,94544.09971539999,395,15.08699,38125.8255259,0
2021-02-15 00:00:00,2515.37,2526.48,2511.02,2516.22,37.370870000000004,1613348999999,94139.0378016,378,19.03766,47963.149068,0
2021-02-15 00:30:00,2516.12,2521.12,2510.99,2518.0,24.662110000000002,1613350799999,62052.14299400001,355,9.44689,23784.721298099998,0
2021-02-15 01:00:00,2513.95,2518.74,2451.68,2484.11,92.83934,1613352599999,230020.21675620004,980,40.54372,100433.3868465,0
2021-02-15 01:30:00,2477.44,2477.47,2426.31,2430.0,218.18675,1613354399999,533831.0603165,1378,90.78059,222181.9295909,0
2021-02-15 02:00:00,2433.15,2448.96,2251.21,2260.8,549.9370299999998,1613356199999,1283729.6576177,3885,200.58928,466825.3822580999,0
2021-02-15 02:30:00,2257.18,2497.1,2208.88,2319.88,450.51475999999997,1613357999999,1037738.9284746001,3899,244.42262999999997,564478.0614325,0
2021-02-15 03:00:00,2316.33,2381.9,2267.66,2381.9,190.1268,1613359799999,441808.3490859,1786,86.19292,200239.23556379997,0
2021-02-15 03:30:00,2381.31,2381.31,2299.72,2335.78,127.36752,1613361599999,296768.19263859995,1422,67.958,158159.5611476,0
2021-02-15 04:00:00,2336.36,2336.36,2268.82,2286.65,131.50349,1613363399999,302804.4437913,1004,57.50003,132298.0829437,0
2021-02-15 04:30:00,2288.32,2314.63,2236.85,2312.15,140.5152,1613365199999,320400.8260637,1200,66.4365,151561.8918397,0
2021-02-15 05:00:00,2308.74,2346.51,2299.27,2313.5,106.00086999999999,1613366999999,246241.4911981,1086,49.90272,115983.2849931,0
2021-02-15 05:30:00,2311.83,2344.36,2285.58,2334.93,106.05178000000001,1613368799999,244934.8818854,819,47.18501,108921.1715208,0
2021-02-15 06:00:00,2334.52,2373.64,2324.5,2365.96,66.53744,1613370599999,156889.8652276,572,36.39917,85817.3855386,0
2021-02-15 06:30:00,2365.98,2415.61,2360.93,2387.22,155.2574,1613372399999,370799.63250620005,1275,92.01419,219815.4352539,0
2021-02-15 07:00:00,2385.73,2447.0,2379.65,2404.94,158.72829,1613374199999,383907.16751550004,1250,94.73383000000001,229150.8248258,0
2021-02-15 07:30:00,2406.95,2435.2,2402.53,2425.6,55.67543000000001,1613375999999,134892.2343654,687,28.83117,69829.3777117,0
2021-02-15 08:00:00,2425.77,2448.14,2377.55,2430.84,61.14993000000001,1613377799999,147880.4580063,685,37.28759,90121.26288210001,0
2021-02-15 08:30:00,2432.99,2440.83,2398.08,2415.35,68.80081,1613379599999,166276.5981422,551,27.525509999999997,66495.67817999999,0
2021-02-15 09:00:00,2411.66,2415.46,2379.64,2393.12,65.69915,1613381399999,157303.1088786,585,28.94957,69323.861563,0
2021-02-15 09:30:00,2390.65,2406.12,2365.65,2388.69,63.03099,1613383199999,150350.42094809999,943,40.22685,95983.3106386,0
2021-02-15 10:00:00,2394.48,2408.82,2365.05,2394.28,46.43689000000001,1613384999999,110765.431744,572,25.021060000000002,59750.69018680001,0
2021-02-15 10:30:00,2397.18,2404.86,2371.07,2400.01,74.10624,1613386799999,176663.39401479997,577,37.57509,89582.03045800002,0
2021-02-15 11:00:00,2400.44,2461.49,2392.87,2440.79,54.75899999999999,1613388599999,132811.7007701,793,28.401220000000002,68916.9874896,0
2021-02-15 11:30:00,2444.13,2461.48,2435.17,2440.02,40.25507,1613390399999,98529.326522,455,19.96697,48932.3946426,0
2021-02-15 12:00:00,2443.55,2458.45,2423.84,2431.09,38.20977,1613392199999,93327.48340089999,464,23.0971,56476.229402,0
2021-02-15 12:30:00,2435.29,2495.32,2409.67,2495.3,70.59921999999997,1613393999999,172641.4893421,914,44.15249,108074.07683769999,0
2021-02-15 13:00:00,2489.06,2501.48,2476.28,2484.0,83.02469,1613395799999,206880.8808214,1008,34.93925,87113.1138962,0
2021-02-15 13:30:00,2480.11,2482.43,2453.49,2482.38,91.9826,1613397599999,226967.81615300002,777,30.37738,75003.6772621,0
2021-02-15 14:00:00,2482.56,2499.11,2473.99,2481.21,45.57447,1613399399999,113360.39980680001,482,28.28537,70356.7752476,0
2021-02-15 14:30:00,2481.19,2500.0,2449.03,2465.77,144.33771000000004,1613401199999,357735.3610914001,1265,68.85611999999999,170736.78290939998,0
2021-02-15 15:00:00,2463.99,2493.6,2461.28,2487.13,46.47144,1613402999999,115109.1977041,548,26.02158,64429.2320008,0
2021-02-15 15:30:00,2486.41,2491.73,2474.01,2487.83,40.43868,1613404799999,100451.10822000001,364,16.93498,42107.308173300014,0
2021-02-15 16:00:00,2491.42,2535.55,2491.25,2513.55,148.81312,1613406599999,374863.8163808,1276,86.60082,218133.15058200003,0
2021-02-15 16:30:00,2511.76,2528.43,2504.27,2508.68,54.90678000000001,1613408399999,138122.53530229998,606,30.19503,75955.4307888,0
2021-02-15 17:00:00,2518.51,2522.14,2500.12,2512.97,38.97588,1613410199999,97879.85458019999,501,23.39943,58781.3857264,0
2021-02-15 17:30:00,2517.02,2559.25,2517.02,2541.99,164.98003,1613411999999,419152.5835375,1165,74.38981,188676.2890436,0
2021-02-15 18:00:00,2548.12,2571.25,2539.0,2542.0,112.66623999999999,1613413799999,287505.0997098,911,49.76181,127115.0106882,0
2021-02-15 18:30:00,2542.07,2555.82,2519.05,2519.84,41.19,1613415599999,104709.6495973,610,13.91881,35420.8082954,0
2021-02-15 19:00:00,2523.35,2551.5,2522.16,2551.5,36.90263,1613417399999,93610.8632736,366,17.14634,43518.9527324,0
2021-02-15 19:30:00,2547.3,2557.56,2529.33,2548.0,32.0237,1613419199999,81356.5983964,420,12.996210000000001,33043.634938999996,0
2021-02-15 20:00:00,2544.27,2650.0,2539.13,2595.21,246.00012999999998,1613420999999,636401.7849941,1858,176.86486000000005,458281.449261,0
2021-02-15 20:30:00,2595.13,2604.0,2555.85,2560.65,84.93845,1613422799999,219414.4660081,1016,41.22513,106591.8224234,0
2021-02-15 21:00:00,2564.7,2578.55,2508.8,2513.57,89.9377,1613424599999,228744.2706593,992,32.55529,82824.27377439999,0
2021-02-15 21:30:00,2512.8,2567.16,2470.75,2493.73,155.24509,1613426399999,389534.8421066,1485,80.71749,202593.6583908,0
2021-02-15 22:00:00,2493.73,2502.04,2439.09,2465.0,124.97142,1613428199999,309117.3466867,1428,62.294,154168.7069575,0
2021-02-15 22:30:00,2470.05,2525.0,2470.05,2523.22,90.6583,1613429999999,226836.4481881,819,41.16744,102922.9467401,0
2021-02-15 23:00:00,2515.58,2523.46,2490.53,2499.26,40.41097,1613431799999,101390.4479302,457,20.24567,50757.9330796,0
2021-02-15 23:30:00,2497.28,2504.53,2455.46,2462.85,42.58388,1613433599999,105165.05682839999,589,20.77534,51298.8322549,0
2021-02-16 00:00:00,2464.22,2471.79,2415.78,2449.13,50.35311,1613435399999,122874.51318940001,716,25.84326,63140.7101206,0
2021-02-16 00:30:00,2449.13,2492.25,2414.39,2485.35,50.22851,1613437199999,123388.68095339999,605,19.103820000000002,46916.1570318,0
2021-02-16 01:00:00,2489.64,2514.32,2486.64,2498.3,33.94962,1613438999999,84812.49607689999,589,13.52834,33803.7565576,0
2021-02-16 01:30:00,2500.61,2514.22,2491.0,2511.76,76.60159,1613440799999,191641.4741792,443,29.07687,72733.146844,0
2021-02-16 02:00:00,2506.59,2512.27,2493.73,2504.18,24.19965,1613442599999,60551.93123080001,363,14.576210000000001,36494.2755825,0
2021-02-16 02:30:00,2501.72,2527.39,2495.06,2515.97,32.3578,1613444399999,81393.7542243,456,21.678639999999998,54552.0343601,0
2021-02-16 03:00:00,2516.72,2538.0,2504.27,2506.36,32.9986,1613446199999,83140.9725029,469,15.71154,39567.57632250001,0
2021-02-16 03:30:00,2505.68,2520.65,2491.61,2520.61,56.30862,1613447999999,141364.4440525,454,18.19902,45623.2158745,0
2021-02-16 04:00:00,2510.5,2561.34,2496.78,2532.79,85.67156,1613449799999,216959.32222920004,832,55.80822,141467.57910079998,0
2021-02-16 04:30:00,2533.66,2580.83,2533.58,2569.56,72.96342,1613451599999,186800.3956924,956,39.37592,100922.7104007,0
2021-02-16 05:00:00,2566.17,2594.88,2551.97,2579.25,46.49192,1613453399999,119940.5602686,687,23.43865,60527.017225999996,0
2021-02-16 05:30:00,2579.26,2586.11,2543.54,2548.52,87.1716,1613455199999,223061.78345669998,568,35.51527,90898.6968777,0
2021-02-16 06:00:00,2548.34,2550.53,2496.58,2515.0,128.82187,1613456999999,323906.2596199,763,44.50985,112093.8373486,0
2021-02-16 06:30:00,2512.09,2559.44,2509.77,2547.47,88.97346999999998,1613458799999,226039.07873480002,780,44.42779,112816.18515150002,0
2021-02-16 07:00:00,2543.84,2557.48,2518.5,2520.0,41.57863,1613460599999,105148.07059860001,457,14.412629999999998,36495.8788017,0
2021-02-16 07:30:00,2521.94,2528.58,2515.35,2522.92,17.92,1613462399999,45167.321857999996,206,8.816469999999997,22231.21856740001,0
2021-02-16 08:00:00,2518.9,2548.37,2515.36,2544.73,41.3588,1613464199999,104617.3228364,437,29.90338,75651.4844659,0
2021-02-16 08:30:00,2544.73,2568.53,2532.14,2551.99,56.06698000000001,1613465999999,143005.3161149,594,28.668540000000004,73091.29919389999,0
2021-02-16 09:00:00,2552.12,2565.72,2525.71,2529.98,125.96399,1613467799999,321341.4405166,522,80.3683,205031.42630659998,0
2021-02-16 09:30:00,2528.07,2530.56,2515.0,2516.9,53.36405,1613469599999,134402.4130723,556,13.62689,34360.8352047,0
2021-02-16 10:00:00,2516.0,2560.0,2513.0,2541.16,60.177569999999996,1613471399999,152465.84348570002,573,37.839859999999994,95951.0375373,0
2021-02-16 10:30:00,2541.16,2550.24,2518.78,2541.87,40.787259999999996,1613473199999,103274.6996602,349,26.91434000000001,68105.6294944,0
2021-02-16 11:00:00,2543.16,2543.17,2499.32,2506.99,73.01998,1613474999999,183150.6664046,586,22.96049,57598.329634,0
2021-02-16 11:30:00,2512.66,2522.9,2498.93,2507.0,15.94559,1613476799999,40040.45152330001,293,8.103110000000001,20360.9914635,0
2021-02-16 12:00:00,2503.85,2593.5,2489.66,2552.47,169.31228000000004,1613478599999,433321.6493276,1442,97.07693,248414.6178684,0
2021-02-16 12:30:00,2556.11,2564.86,2535.68,2542.05,151.65388000000004,1613480399999,386453.8024717,722,63.39314,161613.1823824,0
2021-02-16 13:00:00,2542.05,2547.02,2507.0,2510.98,109.44227,1613482199999,276746.64037359995,617,48.06374,121635.80248099999,0
2021-02-16 13:30:00,2510.99,2526.47,2498.0,2505.84,57.38669,1613483999999,144023.0814921,533,31.619090000000003,79384.20192610001,0
2021-02-16 14:00:00,2501.25,2533.92,2499.84,2533.55,40.48218,1613485799999,101904.05986210001,446,23.14552,58265.65168609999,0
2021-02-16 14:30:00,2533.03,2548.39,2521.88,2544.5,50.428059999999995,1613487599999,127900.51938239999,512,24.50221,62165.97868480001,0
2021-02-16 15:00:00,2545.0,2555.0,2540.0,2544.62,95.33813,1613489399999,242760.0407915,567,26.13166,66605.1811415,0
2021-02-16 15:30:00,2543.13,2543.47,2510.08,2510.79,77.55598,1613491199999,196427.2690145,489,18.9933,48021.748058699995,0
2021-02-16 16:00:00,2513.36,2523.57,2453.24,2458.95,161.65214,1613492999999,401348.072309,1276,88.11984,218533.93209639998,0
2021-02-16 16:30:00,2460.49,2487.75,2444.44,2452.19,104.22497,1613494799999,256099.27177460003,874,50.595859999999995,124450.26788310001,0
2021-02-16 17:00:00,2453.23,2510.78,2452.4,2494.24,57.1316,1613496599999,142248.78531170002,628,34.42116,85727.560975,0
2021-02-16 17:30:00,2494.02,2497.05,2467.34,2469.38,34.663470000000004,1613498399999,86017.5426388,490,18.3148,45449.0457694,0
2021-02-16 18:00:00,2468.96,2503.95,2457.0,2492.07,92.23133,1613500199999,228805.81929070002,666,69.38792,172227.6704415,0
2021-02-16 18:30:00,2490.59,2497.05,2470.02,2495.88,33.012859999999996,1613501999999,82007.11762919999,402,17.21193,42769.3976503,0
2021-02-16 19:00:00,2496.0,2506.83,2480.07,2503.75,19.17428,1613503799999,47750.8358616,307,11.36952,28326.1629355,0
2021-02-16 19:30:00,2498.13,2500.79,2465.76,2465.76,36.6775,1613505599999,91073.12118239999,370,22.55165,56004.4009613,0
2021-02-16 20:00:00,2469.75,2478.59,2438.23,2444.0,52.24771,1613507399999,128163.60646230001,504,26.6547,65434.5992632,0
2021-02-16 20:30:00,2451.15,2457.41,2429.21,2456.93,19.68971,1613509199999,48106.5455206,406,7.41323,18130.2930123,0
2021-02-16 21:00:00,2452.11,2461.07,2422.09,2430.77,16.80031,1613510999999,40980.3100244,253,6.595289999999999,16113.894276700004,0
2021-02-16 21:30:00,2429.55,2463.95,2419.68,2445.77,51.96584,1613512799999,126862.01247239999,449,22.890610000000002,56055.30661569999,0
2021-02-16 22:00:00,2451.01,2461.25,2439.77,2445.63,6.78263,1613514599999,16600.1294516,167,3.8233599999999996,9365.8388877,0
2021-02-16 22:30:00,2448.22,2489.35,2445.57,2481.27,23.78296,1613516399999,58855.167395899996,391,14.40756,35668.1931442,0
2021-02-16 23:00:00,2480.61,2485.32,2464.19,2472.29,13.39006,1613518199999,33149.621618799996,229,7.81054,19331.123332799998,0
2021-02-16 23:30:00,2468.96,2493.15,2466.48,2485.02,18.85023,1613519999999,46825.7667699,258,7.1268199999999995,17708.3769912,0
2021-02-17 00:00:00,2487.91,2499.98,2469.74,2476.48,42.33687000000001,1613521799999,105255.68590439999,461,14.869439999999999,36956.1537054,0
2021-02-17 00:30:00,2481.5,2493.66,2464.81,2471.48,19.76294,1613523599999,49040.951062,368,8.55923,21257.0952442,0
2021-02-17 01:00:00,2471.67,2520.0,2458.26,2470.75,69.28945,1613525399999,172844.1979849,705,29.630390000000002,74153.131169,0
2021-02-17 01:30:00,2475.03,2486.87,2470.0,2478.63,15.77171,1613527199999,39112.792797300004,260,10.1741,25248.1397088,0
2021-02-17 02:00:00,2485.4,2501.25,2460.01,2492.93,39.54065,1613528999999,97883.0659102,418,13.911979999999998,34508.4626555,0
2021-02-17 02:30:00,2492.97,2506.53,2472.55,2487.07,16.25507,1613530799999,40499.92954780001,238,9.40196,23434.6721817,0
2021-02-17 03:00:00,2489.68,2494.87,2423.0,2428.13,60.59765,1613532599999,148660.3709109,745,26.321540000000002,64465.43872490001,0
2021-02-17 03:30:00,2429.24,2448.63,2409.58,2410.93,48.007529999999996,1613534399999,116401.31658940001,560,23.87332,57889.3706273,0
2021-02-17 04:00:00,2415.18,2443.19,2391.11,2394.37,107.62087,1613536199999,259674.56383970004,954,63.326269999999994,152895.1600052,0
2021-02-17 04:30:00,2394.34,2403.09,2368.22,2387.01,60.12452,1613537999999,143215.0562292,577,23.15774,55166.1812017,0
2021-02-17 05:00:00,2383.98,2422.44,2361.81,2392.2,82.84801999999998,1613539799999,198908.8906434,806,28.298859999999998,67814.0688124,0
2021-02-17 05:30:00,2394.75,2436.53,2390.71,2418.63,154.01564,1613541599999,371574.61832249997,1122,105.57578999999998,254865.0423354,0
2021-02-17 06:00:00,2427.43,2443.86,2416.22,2421.19,30.926859999999998,1613543399999,75087.629013,326,17.34006,42082.0980696,0
2021-02-17 06:30:00,2424.29,2431.98,2390.71,2401.82,43.51051,1613545199999,104730.76859349999,384,18.07937,43561.4454189,0
2021-02-17 07:00:00,2405.0,2462.06,2399.34,2458.25,54.838480000000004,1613546999999,133348.0505793,526,27.901120000000002,67829.50630190001,0
2021-02-17 07:30:00,2462.27,2485.6,2454.76,2468.0,58.247659999999996,1613548799999,144192.4063098,556,30.1766,74728.34806110001,0
2021-02-17 08:00:00,2468.63,2503.28,2454.36,2500.0,60.80918000000001,1613550599999,151064.2321078,640,36.09032,89727.22836830001,0
2021-02-17 08:30:00,2500.0,2520.0,2494.74,2501.89,64.40896,1613552399999,161496.4835042,645,38.34897,96145.6806723,0
2021-02-17 09:00:00,2503.83,2514.5,2484.83,2514.5,31.478959999999997,1613554199999,78660.2643407,346,18.8928,47218.2459971,0
2021-02-17 09:30:00,2514.5,2524.0,2496.97,2504.7,107.91633999999999,1613555999999,270873.2990875,548,59.69575,150021.8291076,0
2021-02-17 10:00:00,2507.54,2523.04,2496.15,2511.4,65.87017,1613557799999,165126.8717559,601,32.419470000000004,81330.54162589999,0
2021-02-17 10:30:00,2511.52,2519.93,2495.9,2510.44,45.1114,1613559599999,113243.9430418,574,16.80286,42272.7207904,0
2021-02-17 11:00:00,2509.45,2519.92,2501.38,2511.79,40.68009,1613561399999,102030.806828,621,23.28049,58387.469003499995,0
2021-02-17 11:30:00,2517.18,2531.76,2505.31,2523.99,101.16382,1613563199999,255123.7446467,972,61.09635,154077.2936718,0
2021-02-17 12:00:00,2519.71,2535.18,2513.23,2535.0,27.910529999999998,1613564999999,70430.5404966,318,13.22374,33399.46666590001,0
2021-02-17 12:30:00,2534.94,2549.56,2498.29,2505.08,125.53716000000001,1613566799999,316056.27402679995,1024,56.68581999999999,142916.4292165,0
2021-02-17 13:00:00,2502.0,2513.23,2467.98,2485.37,82.61997,1613568599999,205956.68266989998,759,44.36324000000001,110544.8416224,0
2021-02-17 13:30:00,2489.28,2511.0,2470.04,2510.69,120.85295,1613570399999,300656.302658,609,80.06090999999998,199263.4610173,0
2021-02-17 14:00:00,2507.49,2529.47,2501.35,2504.96,50.51892,1613572199999,127149.397874,589,25.54816,64334.7984657,0
2021-02-17 14:30:00,2504.97,2516.56,2483.32,2501.56,123.35333,1613573999999,308375.7570088,750,50.37836,125947.4291003,0
2021-02-17 15:00:00,2500.01,2520.0,2495.98,2504.91,38.14885,1613575799999,95761.88169410001,426,25.69117,64517.72673119999,0
2021-02-17 15:30:00,2505.29,2511.29,2496.06,2499.4,19.40401,1613577599999,48546.468798199996,370,7.93987,19877.8087663,0
2021-02-17 16:00:00,2503.2,2532.88,2489.27,2512.86,93.46428,1613579399999,234826.1472869,740,59.87624,150524.6428972,0
2021-02-17 16:30:00,2513.0,2552.79,2513.0,2519.59,71.12671,1613581199999,179928.32460050003,887,43.79479,110780.18482119999,0
2021-02-17 17:00:00,2524.69,2547.25,2521.39,2542.13,38.81503,1613582999999,98321.48753069999,538,22.86936,57967.30997259999,0
2021-02-17 17:30:00,2546.0,2561.0,2537.27,2558.28,70.24713,1613584799999,179163.3548335,647,32.68623,83329.6514411,0
2021-02-17 18:00:00,2559.23,2560.0,2526.3,2533.12,63.66498000000001,1613586599999,161961.67806260005,642,25.54573,64991.9371855,0
2021-02-17 18:30:00,2538.06,2538.12,2525.19,2530.48,17.63781,1613588399999,44652.2579408,355,9.37692,23751.35127140001,0
2021-02-17 19:00:00,2530.7,2565.33,2528.42,2560.79,43.097229999999996,1613590199999,109776.16132480002,517,32.40655,82583.27584249999,0
2021-02-17 19:30:00,2556.25,2577.13,2549.96,2559.45,97.33384000000001,1613591999999,249479.43772420002,897,57.372569999999996,147076.3305226,0
2021-02-17 20:00:00,2559.75,2567.16,2550.42,2560.72,69.97698000000001,1613593799999,178989.968892,561,38.694140000000004,99039.5765951,0
2021-02-17 20:30:00,2558.18,2562.68,2541.56,2549.21,47.68559000000001,1613595599999,121570.0430965,503,19.40775,49528.3046894,0
2021-02-17 21:00:00,2549.16,2565.04,2527.8,2555.87,93.1955,1613597399999,236944.61995710002,971,34.03818,86603.1758316,0
2021-02-17 21:30:00,2552.23,2617.04,2545.03,2615.67,212.98306000000002,1613599199999,551796.0229518,1900,121.31454,314618.96533000004,0
2021-02-17 22:00:00,2611.92,2619.0,2571.3,2573.83,131.36601000000002,1613600999999,341007.5233715,941,52.73276,137145.7899723,0
2021-02-17 22:30:00,2578.99,2580.83,2545.09,2575.03,44.853970000000004,1613602799999,115113.51620089998,659,25.23331,64786.374928900004,0
2021-02-17 23:00:00,2575.03,2582.2,2558.8,2578.12,36.12914,1613604599999,92785.1054043,302,21.464579999999998,55112.84909809999,0
2021-02-17 23:30:00,2581.1,2618.32,2577.48,2613.2,84.66246,1613606399999,220416.64966750002,693,57.48603000000001,149676.3645477,0
2021-02-18 00:00:00,2613.19,2651.09,2603.98,2648.74,118.49671000000001,1613608199999,311999.4839073,1212,71.88371,189397.3527367,0
2021-02-18 00:30:00,2644.97,2653.08,2611.43,2625.1,90.65590999999999,1613609999999,238356.7680546,740,50.64259000000001,133169.5008745,0
2021-02-18 01:00:00,2625.14,2647.98,2614.71,2647.98,60.55191,1613611799999,159048.10232370006,422,32.15035,84510.48924400001,0
2021-02-18 01:30:00,2647.99,2677.27,2614.76,2640.6,134.08861000000002,1613613599999,354794.3600163,1319,74.92231,198392.1492904,0
2021-02-18 02:00:00,2640.69,2652.21,2631.43,2637.07,66.96446999999999,1613615399999,176854.029662,551,26.970640000000003,71249.9838308,0
2021-02-18 02:30:00,2635.85,2679.57,2635.85,2675.31,129.08948999999998,1613617199999,344120.207926,1103,82.48734,219932.9115911,0
2021-02-18 03:00:00,2675.32,2688.23,2654.55,2681.05,85.02301,1613618999999,227575.4577797,1000,55.50504,148662.3782643,0
2021-02-18 03:30:00,2685.48,2709.99,2678.07,2680.69,130.37794,1613620799999,351610.5521203,1249,99.2892,267842.6289798,0
2021-02-18 04:00:00,2679.58,2679.75,2654.76,2669.81,57.90263,1613622599999,154447.80020979999,619,29.2659,78074.61498320001,0
2021-02-18 04:30:00,2673.74,2688.23,2659.42,2673.77,62.75058000000001,1613624399999,167844.07613829998,447,41.48108,110959.88251160002,0
2021-02-18 05:00:00,2677.1,2694.73,2658.73,2686.94,96.29252,1613626199999,257984.62169979996,767,63.01973,168847.4916115,0
2021-02-18 05:30:00,2682.13,2689.86,2672.26,2679.5,43.52191,1613627999999,116745.88813830001,474,15.950999999999999,42805.0895364,0
2021-02-18 06:00:00,2680.01,2680.01,2655.13,2669.07,54.65818,1613629799999,145771.9157329,481,18.099239999999998,48295.909242,0
2021-02-18 06:30:00,2668.82,2668.82,2639.93,2642.5,56.25329,1613631599999,149383.2529597,653,30.30528,80521.53507839999,0
2021-02-18 07:00:00,2642.51,2646.26,2612.72,2615.61,67.97545,1613633399999,178725.83484129995,744,19.118679999999998,50277.45237840001,0
2021-02-18 07:30:00,2618.28,2642.29,2612.73,2633.29,62.56528,1613635199999,164463.0810336,649,36.32751,95485.0252623,0
2021-02-18 08:00:00,2635.86,2653.66,2608.05,2618.85,62.35945,1613636999999,163742.3562052,580,44.20698,116081.23471530002,0
2021-02-18 08:30:00,2621.91,2628.83,2610.15,2617.71,30.43682,1613638799999,79683.74888669999,438,12.716289999999999,33311.122989899995,0
2021-02-18 09:00:00,2615.74,2620.96,2583.52,2601.92,123.65548000000001,1613640599999,321997.6736608,827,44.7229,116560.5773289,0
2021-02-18 09:30:00,2602.18,2620.22,2602.16,2610.92,84.03774,1613642399999,219466.4934628,501,55.63046,145306.41971010002,0
2021-02-18 10:00:00,2607.51,2642.5,2603.46,2634.54,59.72326999999999,1613644199999,156928.7000733,642,31.45105,82645.37029199999,0
2021-02-18 10:30:00,2631.52,2644.3,2610.02,2623.79,118.90363,1613645999999,312060.8104382,756,74.11057,194390.52770479998,0
2021-02-18 11:00:00,2625.8,2628.72,2592.0,2594.85,76.75563000000002,1613647799999,200009.39326520002,539,37.80287,98564.4339516,0
2021-02-18 11:30:00,2594.79,2632.99,2581.75,2628.52,146.33487,1613649599999,380016.7482913,1139,71.71211,186313.8458881,0
2021-02-18 12:00:00,2629.15,2634.91,2590.0,2604.99,87.36179,1613651399999,228673.1089716,540,22.20528,58058.66921009999,0
2021-02-18 12:30:00,2600.05,2632.64,2583.59,2632.54,37.56019000000001,1613653199999,98073.52703730001,503,18.22111,47660.7362987,0
2021-02-18 13:00:00,2627.36,2640.0,2610.2,2622.2,38.9055,1613654999999,102317.7067339,456,23.97557,63084.397462199995,0
2021-02-18 13:30:00,2625.76,2629.07,2607.02,2613.65,32.613409999999995,1613656799999,85504.74470810001,313,21.91721,57481.41981819999,0
2021-02-18 14:00:00,2612.06,2616.31,2601.63,2608.07,31.0617,1613658599999,81002.6428367,388,14.188579999999998,37008.7374966,0
2021-02-18 14:30:00,2608.07,2612.69,2602.0,2610.05,26.83393,1613660399999,69989.35745750001,326,14.79204,38598.9333939,0
2021-02-18 15:00:00,2610.06,2626.17,2596.16,2605.36,76.75143,1613662199999,200179.43058520003,749,30.06076,78403.3966281,0
2021-02-18 15:30:00,2602.82,2604.99,2569.38,2578.79,69.62384,1613663999999,180281.1871367,716,32.88964,85233.26380439999,0
2021-02-18 16:00:00,2581.76,2604.9,2567.4,2568.13,162.70238999999995,1613665799999,420422.1467948,1005,72.24333,186921.98528579998,0
2021-02-18 16:30:00,2572.33,2575.0,2547.0,2553.71,326.91885,1613667599999,837002.4937848998,1452,91.18748000000001,233781.4866779,0
2021-02-18 17:00:00,2553.59,2579.01,2545.31,2573.22,202.15747,1613669399999,517569.74160699995,964,103.93708000000001,266378.0014466,0
2021-02-18 17:30:00,2573.22,2576.48,2548.0,2563.37,109.76195,1613671199999,281361.14030749997,720,61.47415,157602.928537,0
2021-02-18 18:00:00,2566.86,2609.04,2559.84,2605.99,116.56235,1613672999999,302004.2380433,860,60.01336,155414.8817389,0
2021-02-18 18:30:00,2602.03,2621.41,2602.0,2611.13,63.49994,1613674799999,165944.2625815,876,23.39169,61181.3001784,0
2021-02-18 19:00:00,2611.49,2620.0,2601.84,2614.15,35.62438,1613676599999,93093.6689707,436,16.73957,43771.8095676,0
2021-02-18 19:30:00,2614.16,2621.33,2601.05,2607.35,40.06408,1613678399999,104629.7704928,380,21.872870000000002,57148.36403509999,0
2021-02-18 20:00:00,2606.58,2626.81,2586.35,2620.24,47.92398,1613680199999,125211.915091,601,26.133860000000002,68275.5188869,0
2021-02-18 20:30:00,2627.55,2655.31,2622.53,2650.81,60.326980000000006,1613681999999,159231.6989435,958,30.826079999999997,81423.7444538,0
2021-02-18 21:00:00,2653.87,2677.0,2631.44,2656.08,155.87733,1613683799999,414347.69272759993,1280,61.30461999999999,162791.0308571,0
2021-02-18 21:30:00,2652.01,2671.57,2636.86,2656.69,47.321259999999995,1613685599999,125601.7885183,727,24.737370000000002,65683.9398847,0
2021-02-18 22:00:00,2656.69,2657.45,2622.22,2633.04,36.66203,1613687399999,96558.32564260002,471,8.91576,23482.0237011,0
2021-02-18 22:30:00,2629.96,2630.52,2607.68,2614.21,30.2465,1613689199999,79200.4078803,325,13.17794,34528.755837900004,0
2021-02-18 23:00:00,2610.02,2618.93,2605.08,2609.25,37.09258,1613690999999,96823.80177060001,303,21.562179999999998,56312.26065490001,0
2021-02-18 23:30:00,2613.28,2633.29,2609.09,2623.47,36.3802,1613692799999,95430.14657710001,299,13.64555,35824.5796467,0
2021-02-19 00:00:00,2627.61,2681.45,2609.1,2669.0,185.12142,1613694599999,490881.2927323,1887,110.56016000000001,292978.6540533,0
2021-02-19 00:30:00,2669.0,2676.35,2634.02,2635.49,69.55683,1613696399999,185250.28180710002,664,35.08716,93502.154512,0
2021-02-19 01:00:00,2634.26,2660.15,2610.98,2647.82,77.12007,1613698199999,202725.70127529997,907,35.53375,93402.53182949999,0
2021-02-19 01:30:00,2641.51,2645.49,2568.16,2591.33,106.26733,1613699999999,277079.7666645,1075,51.54058,134452.01223599998,0
2021-02-19 02:00:00,2590.45,2591.31,2515.55,2536.61,130.52081,1613701799999,332395.3822366,1470,61.69837,157183.79863879998,0
2021-02-19 02:30:00,2533.62,2577.77,2524.33,2570.5,55.15009000000001,1613703599999,140841.0771685,622,30.63784,78237.5746832,0
2021-02-19 03:00:00,2565.93,2585.76,2559.75,2578.45,65.27626,1613705399999,168218.69489910002,586,29.37327,75670.1634869,0
2021-02-19 03:30:00,2574.85,2604.36,2553.12,2558.9,71.67978000000002,1613707199999,184327.25296729998,607,26.94466,69306.60508889999,0
2021-02-19 04:00:00,2558.39,2574.36,2546.34,2549.01,83.00808,1613708999999,212435.7112873,610,34.83145,89230.173102,0
2021-02-19 04:30:00,2546.36,2550.35,2515.39,2516.77,114.94883,1613710799999,290392.072696,1060,66.73853000000001,168605.7368855,0
2021-02-19 05:00:00,2523.59,2545.34,2523.22,2533.77,68.79616999999999,1613712599999,174207.82032089998,628,33.01701,83606.8968006,0
2021-02-19 05:30:00,2537.47,2541.48,2513.57,2520.22,214.58541,1613714399999,541228.3197998,1110,116.07743,292853.3790308,0
2021-02-19 06:00:00,2520.19,2544.88,2517.87,2534.17,42.19887,1613716199999,106585.3253771,470,16.68833,42203.75877,0
2021-02-19 06:30:00,2532.78,2537.3,2515.7,2529.48,102.95297,1613717999999,260121.3143849,808,34.609840000000005,87489.17516900001,0
2021-02-19 07:00:00,2525.23,2548.97,2523.69,2547.44,83.57552,1613719799999,211977.15933520003,670,34.27049,86976.7226057,0
2021-02-19 07:30:00,2547.18,2558.26,2546.83,2553.52,86.21834,1613721599999,220158.003454,555,26.02606,66518.0992707,0
2021-02-19 08:00:00,2553.52,2559.99,2536.83,2541.61,110.65178,1613723399999,282238.683808,707,36.73253,93689.495853,0
2021-02-19 08:30:00,2541.69,2567.52,2541.6,2556.55,39.49552,1613725199999,101019.7068747,443,22.42299,57382.73602610001,0
2021-02-19 09:00:00,2556.82,2584.29,2550.68,2580.26,55.56936999999999,1613726999999,142390.4753826,662,29.14885,74748.2062582,0
2021-02-19 09:30:00,2584.3,2598.8,2571.94,2573.15,35.36218,1613728799999,91510.8986449,544,14.83796,38457.0838406,0
2021-02-19 10:00:00,2579.68,2606.22,2576.53,2601.15,49.51705,1613730599999,128293.5307078,711,22.34739,57928.4882574,0
2021-02-19 10:30:00,2598.09,2600.04,2580.19,2581.64,34.91817,1613732399999,90464.8695406,460,9.154810000000001,23713.6050526,0
2021-02-19 11:00:00,2581.64,2619.29,2580.03,2593.18,86.72679000000002,1613734199999,225574.0716192,835,38.49188,100183.6061177,0
2021-02-19 11:30:00,2593.39,2599.59,2590.0,2593.19,50.579679999999996,1613735999999,131166.2297729,412,22.77523,59077.356679799996,0
2021-02-19 12:00:00,2594.06,2618.61,2580.19,2615.0,62.75499,1613737799999,163146.9729651,597,34.54551,89803.59462769997,0
2021-02-19 12:30:00,2618.55,2627.58,2603.77,2613.4,55.09121,1613739599999,144264.04637589998,657,22.35551,58581.93494090001,0
2021-02-19 13:00:00,2608.55,2615.0,2594.91,2597.68,46.5975,1613741399999,121424.78781,416,19.92685,51973.9428941,0
2021-02-19 13:30:00,2595.02,2599.42,2561.45,2569.02,79.72778000000002,1613743199999,205415.19775639998,813,22.85742,58957.5013962,0
2021-02-19 14:00:00,2569.02,2580.0,2564.89,2574.2,45.36586,1613744999999,116741.5856596,398,19.99898,51498.8459226,0
2021-02-19 14:30:00,2572.57,2573.53,2540.72,2540.73,129.75705,1613746799999,331538.20417529996,985,50.13469,128193.35611380001,0
2021-02-19 15:00:00,2540.73,2565.26,2538.22,2548.67,57.95984,1613748599999,147892.5392016,696,36.10859,92170.2393069,0
2021-02-19 15:30:00,2551.47,2559.98,2539.18,2540.64,45.71498,1613750399999,116471.6381329,443,15.31768,39060.5738997,0
2021-02-19 16:00:00,2542.16,2562.42,2541.81,2557.64,54.96758000000001,1613752199999,140266.8952565,536,30.01652,76602.8572398,0
2021-02-19 16:30:00,2553.54,2562.52,2527.25,2534.47,69.25332,1613753999999,176256.56722470003,659,26.230490000000003,66810.3657919,0
2021-02-19 17:00:00,2535.84,2575.07,2533.13,2565.16,80.13785,1613755799999,204844.06611479996,670,55.112719999999996,140846.7796979,0
2021-02-19 17:30:00,2571.34,2572.32,2554.63,2570.47,20.613329999999998,1613757599999,52849.2069035,187,8.03101,20597.9931805,0
2021-02-19 18:00:00,2570.42,2570.42,2556.76,2562.02,10.8878,1613759399999,27900.3520898,215,3.24979,8331.8657581,0
2021-02-19 18:30:00,2564.15,2569.28,2557.25,2565.22,16.21503,1613761199999,41581.9597008,206,7.14232,18325.707726,0
2021-02-19 19:00:00,2562.14,2571.96,2542.85,2551.08,56.65525,1613762999999,144676.9669355,573,28.068440000000002,71686.1912463,0
2021-02-19 19:30:00,2551.07,2558.67,2529.16,2536.66,62.06029,1613764799999,157594.0346875,540,21.631,54931.83871590001,0
2021-02-19 20:00:00,2536.66,2551.02,2535.5,2544.83,59.352509999999995,1613766599999,150917.9182475,427,21.678729999999998,55141.9229666,0
2021-02-19 20:30:00,2543.26,2547.23,2535.0,2538.19,53.77318,1613768399999,136490.7900124,387,21.92559,55687.052734599994,0
2021-02-19 21:00:00,2535.0,2551.65,2529.16,2538.48,72.77003,1613770199999,184620.5140918,513,37.81836,96013.42443110001,0
2021-02-19 21:30:00,2538.59,2562.8,2534.83,2540.81,44.18817,1613771999999,112546.45282539999,428,20.18778,51478.92697280001,0
2021-02-19 22:00:00,2535.3,2542.27,2533.36,2537.72,20.01184,1613773799999,50778.368344,296,8.49085,21564.8567378,0
2021-02-19 22:30:00,2538.0,2540.65,2514.83,2536.0,78.95968,1613775599999,199740.9693349,682,27.63847,69900.3910888,0
2021-02-19 23:00:00,2534.96,2566.65,2534.95,2566.23,43.89266,1613777399999,112064.55189049999,389,27.07497,69126.6139302,0
2021-02-19 23:30:00,2565.0,2574.47,2552.99,2566.64,72.1809,1613779199999,185173.04275659999,636,19.90059,51091.8255929,0
2021-02-20 00:00:00,2570.76,2580.21,2490.1,2523.8,190.68361000000002,1613780999999,483585.029229,1541,58.096090000000004,146780.0162163,0
2021-02-20 00:30:00,2524.01,2541.91,2510.22,2513.35,62.145959999999995,1613782799999,157040.2675615,661,36.1698,91466.81940210001,0
2021-02-20 01:00:00,2516.17,2539.53,2495.23,2500.75,39.29442,1613784599999,98903.48526760002,657,18.90014,47541.6033329,0
2021-02-20 01:30:00,2500.76,2532.46,2500.76,2529.63,51.99661,1613786399999,130796.90539819999,498,21.96849,55296.54622339999,0
2021-02-20 02:00:00,2525.68,2555.98,2515.26,2550.77,35.78420999999999,1613788199999,90807.6808282,503,20.680310000000002,52505.428514499996,0
2021-02-20 02:30:00,2550.58,2563.16,2544.03,2560.95,30.548740000000002,1613789999999,78123.3103896,337,10.13556,25902.2799027,0
2021-02-20 03:00:00,2561.37,2566.84,2541.34,2542.93,78.97185,1613791799999,202211.6757694,482,45.58152000000001,116777.61553020001,0
2021-02-20 03:30:00,2541.34,2599.26,2525.79,2586.19,117.50117,1613793599999,301783.7072967,1166,72.24498,185497.0993147,0
2021-02-20 04:00:00,2586.21,2621.11,2580.65,2593.06,169.08275,1613795399999,440276.48941820004,1389,99.38635,258936.31951690002,0
2021-02-20 04:30:00,2589.11,2608.38,2588.49,2596.57,42.85033,1613797199999,111307.0690544,398,29.053590000000003,75482.363465,0
2021-02-20 05:00:00,2593.8,2607.91,2590.53,2599.5,34.25775,1613798999999,89042.4479548,495,16.50476,42930.7493346,0
2021-02-20 05:30:00,2600.01,2605.28,2582.97,2595.09,43.11452,1613800799999,111829.6710602,447,23.88383,61953.45595619999,0
2021-02-20 06:00:00,2598.29,2624.59,2594.0,2624.57,49.98827,1613802599999,130600.6847816,610,23.730179999999997,61964.4842901,0
2021-02-20 06:30:00,2621.5,2696.55,2621.09,2695.38,528.14851,1613804399999,1406224.2275798,3012,228.24799,606999.0411299,0
2021-02-20 07:00:00,2696.61,2708.67,2649.35,2697.37,355.08207999999996,1613806199999,953557.0400116999,2314,151.62308000000004,406458.9016635,0
2021-02-20 07:30:00,2698.65,2698.83,2632.92,2633.33,186.2658,1613807999999,497691.3965127,1283,63.51113,169300.54926960001,0
2021-02-20 08:00:00,2633.33,2733.0,2633.33,2717.22,292.92692,1613809799999,793238.6252024998,2391,157.14981,425126.7590475,0
2021-02-20 08:30:00,2712.18,2720.0,2685.65,2690.96,104.35885,1613811599999,281963.5180325,765,32.95578,89095.1517755,0
2021-02-20 09:00:00,2686.48,2798.01,2685.66,2779.54,475.00114,1613813399999,1306630.8720181002,3440,306.36946,842699.1350609,0
2021-02-20 09:30:00,2780.09,2850.0,2761.99,2834.04,408.84231,1613815199999,1146064.1916172,3021,248.41634,696534.9863673999,0
2021-02-20 10:00:00,2836.97,2876.29,2785.66,2805.02,336.57432,1613816999999,954660.9287465999,2945,175.13109,497055.41360409994,0
2021-02-20 10:30:00,2801.99,2847.4,2790.0,2842.0,207.04623999999998,1613818799999,584743.0916590999,1708,120.72845,341140.166087,0
2021-02-20 11:00:00,2837.06,3016.0,2835.84,3008.72,900.18491,1613820599999,2664301.9892411,5825,478.84234000000004,1416307.0152143,0
2021-02-20 11:30:00,3010.83,3078.81,2918.37,2935.0,964.8499800000001,1613822399999,2891248.5295214,6091,458.10492999999997,1372576.8369296002,0
2021-02-20 12:00:00,2934.99,2951.12,2877.47,2918.5,403.66649,1613824199999,1177858.3292633998,2751,219.39747000000003,640048.0323083,0
2021-02-20 12:30:00,2917.82,2933.12,2860.22,2897.0,296.82555,1613825999999,858883.947231,2581,135.73571,392799.5139417001,0
2021-02-20 13:00:00,2897.0,2928.74,2865.8,2907.24,208.92799,1613827799999,606467.245565,2649,111.35065,323404.7613573,0
2021-02-20 13:30:00,2907.24,2935.0,2876.34,2929.09,203.05159,1613829599999,590235.8801098,2050,115.00785,334482.32756929996,0
2021-02-20 14:00:00,2929.09,2957.72,2908.0,2909.94,246.86651,1613831399999,725131.4451421,1598,131.75937,387124.9777697,0
2021-02-20 14:30:00,2914.3,2935.99,2799.53,2831.37,351.32004,1613833199999,1006295.1472540001,2580,142.27465,408482.2333191,0
2021-02-20 15:00:00,2824.81,2889.44,2750.0,2800.0,375.04582,1613834999999,1056587.5327642001,2715,194.13258000000002,548526.1522017999,0
2021-02-20 15:30:00,2800.0,2801.57,2751.26,2778.67,235.16488999999999,1613836799999,655057.2774594,1725,124.69158999999999,347639.92428649997,0
2021-02-20 16:00:00,2778.67,2850.0,2651.21,2800.0,565.14206,1613838599999,1577432.8194191996,4046,287.03739,802783.7655205998,0
2021-02-20 16:30:00,2800.0,2847.5,2773.79,2843.3,227.55504,1613840399999,641239.0768303,1871,132.78661,374296.7442453,0
2021-02-20 17:00:00,2844.36,2846.92,2788.85,2815.03,206.21307,1613842199999,580249.4108418,1870,86.51004,243402.24290560003,0
2021-02-20 17:30:00,2814.99,2827.71,2777.63,2801.98,178.5524,1613843999999,501127.9182986,1553,102.15945,286851.3620813,0
2021-02-20 18:00:00,2806.6,2824.0,2781.4,2797.35,141.44478999999995,1613845799999,396809.2852986,1370,75.57369,212132.52315539998,0
2021-02-20 18:30:00,2794.26,2816.46,2727.45,2764.73,296.131,1613847599999,819984.3100750998,2328,148.71327,412468.2958295,0
2021-02-20 19:00:00,2764.71,2768.62,2710.82,2743.77,182.54629,1613849399999,500124.40547959995,1730,77.94811999999997,213997.59875670003,0
2021-02-20 19:30:00,2747.1,2790.18,2733.62,2790.01,146.47298,1613851199999,403782.5569552,1176,83.73671,230800.41426139997,0
2021-02-20 20:00:00,2787.06,2787.49,2700.43,2773.63,169.56695,1613852999999,463232.3230734,1549,104.64536,285875.10567659995,0
2021-02-20 20:30:00,2773.19,2788.54,2757.9,2760.22,162.9499,1613854799999,451721.97346590005,1369,83.60885,231827.2804257,0
2021-02-20 21:00:00,2763.87,2763.87,2680.01,2711.57,113.3542,1613856599999,307738.3754947,1459,59.62055,161957.7322927,0
2021-02-20 21:30:00,2711.57,2738.46,2704.03,2710.22,104.17169,1613858399999,283998.07424,767,47.65048,129934.32908610001,0
2021-02-20 22:00:00,2711.38,2711.43,2615.02,2645.85,221.36844,1613860199999,587111.4151132,2311,104.2223,276078.52948140004,0
2021-02-20 22:30:00,2645.43,2645.43,2480.0,2577.99,756.8227099999997,1613861999999,1923543.6782591,4448,333.16207,848162.664745,0
2021-02-20 23:00:00,2574.59,2632.75,2572.07,2592.89,141.32963,1613863799999,367907.09284940007,1573,80.53063,209742.4829599,0
2021-02-20 23:30:00,2592.89,2619.36,2546.32,2604.2,137.44841,1613865599999,355895.42375929997,1488,60.690780000000004,157127.17017939998,0
2021-02-21 00:00:00,2607.81,2621.36,2538.94,2609.44,162.84245,1613867399999,419349.8206572,1590,81.38253,209806.1109164,0
2021-02-21 00:30:00,2610.86,2643.8,2610.86,2636.66,117.0173,1613869199999,307862.6112355,928,40.42093,106420.0507293,0
2021-02-21 01:00:00,2632.79,2657.05,2601.14,2626.28,50.80316,1613870999999,133773.7825168,847,26.64077,70212.80373019999,0
2021-02-21 01:30:00,2625.11,2650.6,2603.76,2650.39,53.18744,1613872799999,140074.6969389,622,28.11407,74061.21319750001,0
2021-02-21 02:00:00,2646.8,2682.42,2644.99,2663.56,64.32299,1613874599999,171070.113966,710,37.55,99869.76133919999,0
2021-02-21 02:30:00,2663.91,2670.81,2629.13,2635.68,123.82586,1613876399999,328113.5843004,1328,54.9461,145883.91599689994,0
2021-02-21 03:00:00,2635.61,2673.52,2629.41,2636.21,64.83288,1613878199999,171883.3311722,697,27.209259999999997,72231.776961,0
2021-02-21 03:30:00,2636.27,2651.26,2605.81,2612.99,65.23232,1613879999999,171405.0103768,680,42.65336,112287.4214108,0
2021-02-21 04:00:00,2613.42,2701.61,2598.34,2614.31,172.25637,1613881799999,450779.8475669001,970,112.5035,294561.7108753,0
2021-02-21 04:30:00,2614.27,2674.41,2614.27,2666.7,82.71554,1613883599999,217939.2172638,937,37.32913,98536.1133223,0
2021-02-21 05:00:00,2666.69,2691.83,2651.22,2682.36,96.95482,1613885399999,259762.87820520002,1021,32.80962,87836.8123258,0
2021-02-21 05:30:00,2679.09,2702.18,2663.15,2692.69,42.72378,1613887199999,114679.5998764,456,28.1248,75450.0543435,0
2021-02-21 06:00:00,2691.67,2694.38,2664.65,2678.25,28.36475,1613888999999,76085.41648189999,302,19.4485,52180.3144759,0
2021-02-21 06:30:00,2676.83,2694.62,2640.08,2689.15,100.14635,1613890799999,266426.43929229997,854,61.38143,163407.09709529998,0
2021-02-21 07:00:00,2690.84,2721.31,2610.0,2610.04,127.73858999999999,1613892599999,340385.6997249,1293,63.47622,169793.1401778,0
2021-02-21 07:30:00,2610.04,2632.63,2601.0,2606.36,130.6696,1613894399999,341622.7617672,1017,52.0829,136434.6360337,0
2021-02-21 08:00:00,2608.03,2664.81,2601.01,2642.16,102.21509,1613896199999,269639.9848142,911,61.81895,163062.6694091,0
2021-02-21 08:30:00,2642.18,2678.2,2640.61,2668.58,107.06871000000001,1613897999999,285340.8981464,617,60.70999000000001,161741.9960974,0
2021-02-21 09:00:00,2667.22,2695.46,2659.95,2687.0,63.15456,1613899799999,168913.76474220006,507,36.1652,96782.621782,0
2021-02-21 09:30:00,2687.0,2695.38,2671.98,2689.0,68.61650999999999,1613901599999,183967.160054,463,33.20088,88979.27660580001,0
2021-02-21 10:00:00,2690.38,2731.05,2682.51,2718.6,118.25594,1613903399999,320247.009606,949,59.88348000000001,162100.93336660002,0
2021-02-21 10:30:00,2718.59,2726.18,2627.32,2706.06,160.90471000000005,1613905199999,435225.1040345,1328,64.88011999999999,175805.8161829,0
2021-02-21 11:00:00,2706.05,2738.0,2685.48,2725.12,115.49262,1613906999999,312984.8474283,1158,57.77075,156544.34669120001,0
2021-02-21 11:30:00,2725.12,2742.12,2705.37,2714.53,92.8975,1613908799999,252956.172344,991,50.34883,137157.7951894,0
2021-02-21 12:00:00,2711.27,2723.53,2692.85,2701.62,24.59252,1613910599999,66593.024539,396,12.35634,33489.7890559,0
2021-02-21 12:30:00,2702.98,2711.4,2653.53,2667.41,117.62151999999999,1613912399999,315266.61962559994,848,50.22657,134477.0901725,0
2021-02-21 13:00:00,2669.64,2677.38,2646.47,2653.42,43.14748,1613914199999,114892.5317197,519,18.10839,48280.451979699996,0
2021-02-21 13:30:00,2649.59,2663.45,2646.48,2652.0,47.93757,1613915999999,127231.83126889999,558,22.61723,60071.8055395,0
2021-02-21 14:00:00,2652.0,2670.14,2628.0,2644.78,100.78123000000001,1613917799999,266429.6176358,911,48.4028,128034.5797724,0
2021-02-21 14:30:00,2640.64,2705.0,2632.0,2651.58,103.37139,1613919599999,275336.9197491,786,71.49129,190639.3459144,0
2021-02-21 15:00:00,2653.92,2665.31,2628.35,2641.59,80.4081,1613921399999,212640.14775220002,634,60.22675,159201.6513841,0
2021-02-21 15:30:00,2640.88,2663.09,2628.0,2663.0,73.24244,1613923199999,193255.5556285,624,20.203110000000002,53382.1491803,0
2021-02-21 16:00:00,2663.1,2685.25,2615.0,2660.03,92.39817,1613924999999,243996.1227191,858,43.14052,114215.29025939999,0
2021-02-21 16:30:00,2655.86,2695.25,2631.78,2683.66,239.81533,1613926799999,641690.0919115,1402,91.48688,244311.196738,0
2021-02-21 17:00:00,2680.87,2683.73,2633.77,2657.63,290.16688,1613928599999,771159.92772,1341,188.70183,501426.93335179996,0
2021-02-21 17:30:00,2657.61,2659.71,2630.0,2650.91,43.27718,1613930399999,114489.44976949999,516,17.23265,45617.0556372,0
2021-02-21 18:00:00,2650.91,2653.45,2634.79,2640.74,25.29565,1613932199999,66859.2096706,236,7.64257,20204.8020505,0
2021-02-21 18:30:00,2642.74,2664.86,2629.03,2658.16,26.34212,1613933999999,69745.1373976,423,16.33406,43267.7114804,0
2021-02-21 19:00:00,2656.25,2681.79,2654.34,2675.18,71.07548,1613935799999,189625.1149809,574,41.33408,110271.77422149999,0
2021-02-21 19:30:00,2681.84,2700.0,2658.77,2673.23,92.68268,1613937599999,248270.52362350002,933,46.25553,123959.7498711,0
2021-02-21 20:00:00,2674.22,2680.0,2651.02,2662.42,92.74789,1613939399999,247237.18727320005,750,51.22182,136645.1843588,0
2021-02-21 20:30:00,2664.46,2670.25,2605.98,2612.96,124.95508000000001,1613941199999,329220.0955394,918,50.23081,133001.1033711,0
2021-02-21 21:00:00,2612.37,2625.21,2581.28,2588.9,81.43575,1613942999999,211764.4556448,818,41.02629,106726.1137982,0
2021-02-21 21:30:00,2586.85,2609.58,2522.5,2581.72,137.44742,1613944799999,353730.79121740005,936,51.33354,132687.6265546,0
2021-02-21 22:00:00,2578.67,2619.46,2572.62,2594.53,74.66705,1613946599999,194376.966304,599,53.50196999999999,139324.9904438,0
2021-02-21 22:30:00,2589.24,2595.65,2569.0,2588.48,35.94015,1613948399999,92885.3160787,481,20.8745,53986.46915419999,0
2021-02-21 23:00:00,2589.25,2601.97,2580.42,2601.97,37.65062,1613950199999,97540.6453027,334,12.19726,31620.0655172,0
2021-02-21 23:30:00,2598.96,2625.58,2593.12,2617.68,18.02161,1613951999999,47106.80316540001,335,9.189589999999999,24046.7191908,0
2021-02-22 00:00:00,2618.23,2624.1,2555.5,2578.56,91.8244,1613953799999,237050.0295206,728,39.48125,102184.9555619,0
2021-02-22 00:30:00,2575.57,2590.22,2550.0,2550.0,43.98577,1613955599999,112843.5484348,441,15.304120000000001,39349.2410073,0
2021-02-22 01:00:00,2549.75,2587.62,2530.0,2572.7,76.81342,1613957399999,196501.9780145,735,31.29347000000001,80147.4502273,0
2021-02-22 01:30:00,2567.74,2591.6,2563.58,2573.19,49.61674,1613959199999,127900.97162780001,430,21.168870000000002,54600.1305623,0
2021-02-22 02:00:00,2573.2,2574.39,2526.81,2560.29,113.28031000000001,1613960999999,288230.3001482,1025,40.47371,103197.8204849,0
2021-02-22 02:30:00,2559.75,2577.43,2541.33,2541.33,26.16465,1613962799999,67025.08395140001,347,13.874929999999999,35559.634840599996,0
2021-02-22 03:00:00,2541.17,2562.91,2535.75,2540.22,59.17416,1613964599999,150799.03133720002,386,21.44736,54638.473386599995,0
2021-02-22 03:30:00,2539.25,2540.41,2501.05,2510.16,132.59455,1613966399999,334115.7464205,859,51.22526,129153.1277786,0
2021-02-22 04:00:00,2510.15,2548.3,2481.28,2511.76,110.38536,1613968199999,276718.37075440004,999,44.21749000000001,111051.53366860001,0
2021-02-22 04:30:00,2511.76,2535.52,2482.35,2533.17,85.17009,1613969999999,213505.6947051,587,48.733979999999995,122422.4870397,0
2021-02-22 05:00:00,2534.27,2562.49,2529.77,2559.14,41.85159,1613971799999,106586.20370089999,525,17.845660000000006,45487.6477193,0
2021-02-22 05:30:00,2559.16,2562.86,2513.39,2520.0,24.580479999999998,1613973599999,62480.4179971,303,9.756260000000001,24789.2748263,0
2021-02-22 06:00:00,2518.33,2568.15,2506.88,2563.31,68.25131999999999,1613975399999,173662.396673,554,38.35207,97636.8672007,0
2021-02-22 06:30:00,2563.36,2571.14,2547.57,2550.59,33.53501,1613977199999,85919.24410630003,287,21.49354,55088.37831460001,0
2021-02-22 07:00:00,2553.67,2576.0,2538.2,2571.04,17.89402,1613978999999,45682.66051330001,323,8.35329,21343.1658118,0
2021-02-22 07:30:00,2570.15,2576.07,2560.0,2568.86,17.766379999999995,1613980799999,45610.412202199994,239,7.69485,19749.597271900002,0
2021-02-22 08:00:00,2569.62,2570.0,2536.73,2540.89,42.867909999999995,1613982599999,109352.0043848,546,23.26847,59358.948105699994,0
2021-02-22 08:30:00,2540.34,2542.48,2490.38,2496.88,126.25621000000001,1613984399999,317247.35771340004,964,38.66186,97233.74595720001,0
2021-02-22 09:00:00,2496.89,2523.05,2494.44,2519.15,54.12753000000001,1613986199999,135557.2553734,390,24.7022,61915.9723519,0
2021-02-22 09:30:00,2517.96,2522.23,2447.13,2461.04,149.89754,1613987999999,371915.9522973,1043,48.83862,121156.1644441,0
2021-02-22 10:00:00,2463.29,2485.97,2387.51,2461.57,309.25507999999996,1613989799999,750736.3618188001,1787,139.47696000000002,339196.1079617,0
2021-02-22 10:30:00,2461.49,2483.94,2455.29,2465.51,60.64978000000001,1613991599999,149789.69289220002,625,35.97905,88906.4047391,0
2021-02-22 11:00:00,2462.69,2496.04,2444.44,2461.11,83.22225999999998,1613993399999,205971.8339419,551,43.14055,106654.31133210001,0
2021-02-22 11:30:00,2464.95,2489.78,2438.16,2438.16,38.88282,1613995199999,96050.64318910001,403,15.76646,38989.2985116,0
2021-02-22 12:00:00,2439.31,2444.81,2323.49,2374.81,285.94203999999996,1613996999999,680892.6627136999,1694,150.26514,357490.041839,0
2021-02-22 12:30:00,2374.82,2395.91,2333.33,2377.5,190.47433999999998,1613998799999,450697.44504609995,1033,93.97363,222372.86568589997,0
2021-02-22 13:00:00,2375.55,2395.88,2323.67,2333.35,129.99896,1614000599999,305671.0412226,1020,51.3628,120744.05543359999,0
2021-02-22 13:30:00,2330.0,2368.11,2286.95,2289.64,178.18476,1614002399999,414255.82155959995,1353,74.4532,173346.929057,0
2021-02-22 14:00:00,2290.02,2312.02,2020.77,2188.89,888.05031,1614004199999,1917300.5625182998,5916,436.65017,935435.4245216999,0
2021-02-22 14:30:00,2197.0,2323.65,2128.16,2322.77,604.09568,1614005999999,1353610.1021779,3252,405.59598,911614.9042198,0
2021-02-22 15:00:00,2321.83,2331.06,2211.14,2222.11,527.8471900000002,1614007799999,1199891.2195256,3281,264.08349,600552.2072226,0
2021-02-22 15:30:00,2214.11,2310.0,2214.11,2288.78,169.02393,1614009599999,384311.2549231,1601,83.88895,190984.2468214,0
2021-02-22 16:00:00,2288.78,2355.9,2258.1,2342.55,124.45361000000001,1614011399999,288436.1465957,1183,72.27842,167667.1048754,0
2021-02-22 16:30:00,2339.46,2358.77,2300.67,2304.74,72.84111999999998,1614013199999,170235.7390634,851,50.160779999999995,117336.56817669999,0
2021-02-22 17:00:00,2304.73,2322.31,2248.06,2292.17,87.43189,1614014999999,199690.8704021,978,42.19478,96412.31665689999,0
2021-02-22 17:30:00,2292.32,2299.11,2219.49,2234.21,137.91794,1614016799999,310996.3267356,928,60.40043000000001,136571.09096549999,0
2021-02-22 18:00:00,2229.66,2283.92,2191.32,2267.29,84.27701,1614018599999,189437.90542249999,886,54.83656,123479.35779560001,0
2021-02-22 18:30:00,2272.56,2312.02,2250.46,2308.41,56.026180000000004,1614020399999,127928.9368675,672,32.10203,73305.7777674,0
2021-02-22 19:00:00,2305.97,2360.64,2296.51,2334.27,62.0355,1614022199999,144436.7415144,840,34.20583,79657.4797465,0
2021-02-22 19:30:00,2330.9,2371.94,2328.79,2354.89,39.37638,1614023999999,92573.92783839999,594,21.03419,49499.306335400004,0
2021-02-22 20:00:00,2354.41,2405.27,2349.11,2393.9,95.41705,1614025799999,227548.3673227,894,38.093579999999996,90919.199763,0
2021-02-22 20:30:00,2394.03,2417.5,2371.59,2371.59,88.70137,1614027599999,212398.1321436,740,47.37562,113663.449676,0
2021-02-22 21:00:00,2374.95,2422.44,2370.91,2410.43,50.65205,1614029399999,121620.9712188,641,26.393590000000003,63475.232912,0
2021-02-22 21:30:00,2416.09,2437.43,2398.0,2404.51,80.10673,1614031199999,192886.991152,665,58.517619999999994,140838.6732842,0
2021-02-22 22:00:00,2398.37,2411.69,2370.0,2370.0,48.87852,1614032999999,116871.0765967,545,30.449040000000004,72943.71584419999,0
2021-02-22 22:30:00,2370.0,2390.93,2344.89,2362.06,55.94654,1614034799999,132208.5439937,568,22.24955,52652.6840892,0
2021-02-22 23:00:00,2357.34,2389.11,2318.38,2339.7,46.667,1614036599999,110138.6000273,619,23.51424,55496.638889600006,0
2021-02-22 23:30:00,2342.97,2386.46,2339.64,2372.67,27.23005,1614038399999,64522.2205571,424,15.9179,37713.2939817,0
2021-02-23 00:00:00,2379.13,2390.07,2301.74,2337.51,73.44929,1614040199999,171390.81059620006,769,32.38361,75614.7277072,0
2021-02-23 00:30:00,2344.07,2389.96,2342.02,2346.18,33.62383,1614041999999,79629.405872,530,19.69125,46624.7706431,0
2021-02-23 01:00:00,2350.21,2386.13,2283.52,2285.5,51.32813,1614043799999,119603.99134089999,626,20.30556,47414.1640188,0
2021-02-23 01:30:00,2289.1,2330.05,2263.99,2280.64,121.4674,1614045599999,278697.93804720003,1150,70.26256,161254.6884841,0
2021-02-23 02:00:00,2282.96,2307.14,2228.38,2246.3,180.02606,1614047399999,409482.0416973,1338,83.71092,190544.4688625,0
2021-02-23 02:30:00,2248.36,2282.32,2170.14,2188.75,202.50223,1614049199999,450835.0428680001,1616,95.2081,211932.2045012,0
2021-02-23 03:00:00,2189.71,2279.49,2185.83,2227.39,225.74252,1614050999999,506593.35004990007,1327,123.69968999999999,277509.1097257,0
2021-02-23 03:30:00,2233.11,2259.9,2185.94,2218.67,158.82252,1614052799999,353445.3812897001,870,81.80556,181895.0089018,0
2021-02-23 04:00:00,2218.67,2248.17,2181.63,2192.85,117.81671999999999,1614054599999,260673.4045106,948,57.71476,127908.06557589998,0
2021-02-23 04:30:00,2191.33,2200.47,2056.37,2153.44,386.66042000000004,1614056399999,821708.2230139,2108,178.35251,378877.5928025,0
2021-02-23 05:00:00,2151.76,2153.82,2023.02,2074.0,486.91722999999996,1614058199999,1015068.8541126,2064,249.4239,519801.113497,0
2021-02-23 05:30:00,2071.95,2149.71,2022.38,2111.45,310.87526,1614059999999,652151.664661,1443,139.89338,293268.6242457,0
2021-02-23 06:00:00,2111.45,2164.05,2067.06,2126.37,229.66875,1614061799999,486940.6336253,1134,115.84023,245660.18740100003,0
2021-02-23 06:30:00,2133.53,2149.59,2055.27,2059.39,238.84106,1614063599999,502004.34680790006,1262,122.92031999999999,258502.58976170002,0
2021-02-23 07:00:00,2061.81,2117.66,2038.92,2080.07,135.32592,1614065399999,280511.55394949997,1022,70.4752,146258.39605679995,0
2021-02-23 07:30:00,2073.83,2114.02,2032.86,2054.09,365.82215,1614067199999,756368.9020905,1398,208.35856,430451.9528064,0
2021-02-23 08:00:00,2049.96,2079.42,1881.01,1884.9,593.4155900000002,1614068999999,1177370.1522648002,2662,259.43158999999997,516238.9726997,0
2021-02-23 08:30:00,1884.9,2000.0,1865.0,1865.01,479.36257,1614070799999,927134.1680222,2114,192.8863,372693.69531700003,0
2021-02-23 09:00:00,1865.01,2001.43,1775.0,1962.26,763.3493,1614072599999,1445765.1450683996,4101,376.69041,719414.9120671998,0
2021-02-23 09:30:00,1962.25,1975.0,1904.54,1969.65,505.92582999999996,1614074399999,982080.9022524001,1871,228.79615,443805.6731305,0
2021-02-23 10:00:00,1969.65,1999.99,1938.96,1973.27,357.29308,1614076199999,708026.2640406,1654,219.49101000000002,435274.94330299995,0
2021-02-23 10:30:00,1975.0,1975.0,1873.53,1929.5,362.54986,1614077999999,694878.0964523001,1555,191.55999,367298.1522377,0
2021-02-23 11:00:00,1928.02,1972.75,1840.0,1896.55,330.65202,1614079799999,631983.9975969,1472,166.28083,317161.8281577,0
2021-02-23 11:30:00,1897.3,1906.41,1801.68,1890.01,551.66793,1614081599999,1017055.1476993,1983,267.63379,493191.9465084001,0
2021-02-23 12:00:00,1888.8,1961.32,1859.05,1902.17,280.56731,1614083399999,532974.8991031001,1256,145.50689,276629.5755883,0
2021-02-23 12:30:00,1896.62,2032.98,1840.98,1997.74,409.98791,1614085199999,793915.3786394,1908,217.45132999999998,421361.0022063,0
2021-02-23 13:00:00,2007.63,2053.47,1989.46,2051.71,353.99776,1614086999999,718278.6108533002,1350,166.90603000000004,339243.923235,0
2021-02-23 13:30:00,2047.63,2067.58,2005.91,2060.16,164.00089,1614088799999,334457.5400969,846,81.23666,165753.16564649998,0
2021-02-23 14:00:00,2057.46,2079.47,2034.49,2049.42,132.4689,1614090599999,272657.3614566,985,62.55075,128997.982905,0
2021-02-23 14:30:00,2052.61,2072.82,1957.61,2004.07,327.08477,1614092399999,652639.5920904999,1581,195.57152,389949.0529055,0
2021-02-23 15:00:00,1999.03,2099.99,1979.32,2097.51,335.04401,1614094199999,687250.7908841,1516,182.68108,374711.85126390005,0
2021-02-23 15:30:00,2095.69,2170.0,2076.86,2140.0,208.42106,1614095999999,444525.480696,1263,134.24149,286526.6327246,0
2021-02-23 16:00:00,2140.0,2170.63,2110.23,2138.91,116.5397,1614097799999,249449.9095777,719,57.474940000000004,123023.01223410001,0
2021-02-23 16:30:00,2142.09,2151.18,2072.44,2089.03,90.96279,1614099599999,191450.67650879998,667,42.372479999999996,89218.6324462,0
2021-02-23 17:00:00,2085.61,2131.86,2058.53,2092.58,86.27518,1614101399999,180319.2919386,633,42.26052,88425.7685323,0
2021-02-23 17:30:00,2095.3,2120.04,2044.94,2045.38,75.51921999999998,1614103199999,156503.30586629998,469,37.21471,77049.1504215,0
2021-02-23 18:00:00,2044.88,2076.31,2028.88,2065.67,72.34816,1614104999999,148563.98890270002,450,34.48854,70852.8367381,0
2021-02-23 18:30:00,2068.61,2077.8,2023.59,2029.28,70.04995,1614106799999,143889.55173099999,384,29.06441,59928.7715906,0
2021-02-23 19:00:00,2026.82,2037.89,1997.28,2010.23,126.85438,1614108599999,256000.3254515,655,70.78013,142940.8033145,0
2021-02-23 19:30:00,2002.97,2006.31,1929.17,1933.93,204.91873999999999,1614110399999,402244.4963574,948,80.30959,157862.1423054,0
2021-02-23 20:00:00,1933.94,2013.36,1924.3,2004.98,149.67498999999995,1614112199999,295385.6431247,725,76.86059,151762.4044726,0
2021-02-23 20:30:00,2010.86,2047.02,2004.98,2044.88,84.37324,1614113999999,171420.83099460002,480,36.03897,73221.8593375,0
2021-02-23 21:00:00,2046.23,2148.44,2040.86,2137.13,91.23573,1614115799999,190235.56132389998,767,45.90974,96163.85771789998,0
2021-02-23 21:30:00,2138.74,2149.98,2113.68,2136.69,81.67133000000003,1614117599999,174109.4726093,567,45.52767,97134.6960255,0
2021-02-23 22:00:00,2143.72,2193.74,2130.21,2181.71,103.64564,1614119399999,224328.4280637,654,54.58544000000001,118345.78550610002,0
2021-02-23 22:30:00,2180.67,2233.42,2157.14,2212.93,55.8632,1614121199999,123068.51570899998,856,32.23276,71250.1339486,0
2021-02-23 23:00:00,2210.39,2227.6,2175.98,2190.38,51.08806,1614122999999,112457.81026500001,562,13.977820000000001,30866.1371962,0
2021-02-23 23:30:00,2191.32,2248.72,2179.69,2248.67,26.84321,1614124799999,59164.28496340001,376,17.3481,38337.728158599995,0
2021-02-24 00:00:00,2238.44,2259.95,2160.46,2170.53,156.89705,1614126599999,345656.9464905,1343,76.84015,169233.6808581,0
2021-02-24 00:30:00,2175.6,2255.12,2172.24,2254.0,126.57766000000001,1614128399999,282021.6626032,1011,83.69136,186645.4457457,0
2021-02-24 01:00:00,2253.99,2262.43,2225.81,2254.86,139.76108,1614130199999,314414.28753200005,1024,93.30034,210156.0093752,0
2021-02-24 01:30:00,2253.25,2274.89,2221.74,2250.51,239.72855,1614131999999,538589.4295174,1221,106.79997,240150.88152810003,0
2021-02-24 02:00:00,2250.51,2281.38,2229.59,2261.95,138.5041,1614133799999,313672.46473859996,863,72.35511,164039.6132342,0
2021-02-24 02:30:00,2267.54,2342.08,2266.05,2332.58,172.57936,1614135599999,398690.2222601,1335,103.91086999999999,240208.0712264,0
2021-02-24 03:00:00,2332.25,2364.71,2320.55,2333.22,140.22388,1614137399999,329347.110482,1042,85.96552,202028.16503139999,0
2021-02-24 03:30:00,2339.88,2366.16,2303.71,2361.62,111.65952,1614139199999,260686.10746229996,1098,56.09725,131212.31646,0
2021-02-24 04:00:00,2367.34,2378.75,2301.27,2316.36,112.71498999999999,1614140999999,264302.9691487,929,50.2784,118006.3745766,0
2021-02-24 04:30:00,2317.31,2369.11,2295.97,2357.68,95.79066999999999,1614142799999,223579.7697164,794,60.05811,140238.78559689998,0
2021-02-24 05:00:00,2364.09,2388.71,2295.78,2316.61,92.66034,1614144599999,217381.19506360003,898,42.36773,99707.16098839999,0
2021-02-24 05:30:00,2311.48,2322.44,2289.65,2293.29,43.2203,1614146399999,99729.4962804,504,19.39948,44765.4554332,0
2021-02-24 06:00:00,2294.74,2322.03,2242.76,2253.15,146.91503,1614148199999,335229.1848217,876,64.03936,145966.89120270006,0
2021-02-24 06:30:00,2252.67,2295.18,2243.37,2290.45,47.10642,1614149999999,106979.88172979999,494,29.731409999999997,67637.532321,0
2021-02-24 07:00:00,2288.76,2306.06,2270.95,2290.2,74.30187,1614151799999,170388.9551196,521,41.01379,94149.6070322,0
2021-02-24 07:30:00,2293.49,2329.14,2293.49,2317.13,26.317429999999998,1614153599999,60907.8784763,378,14.523179999999998,33644.749639,0
2021-02-24 08:00:00,2322.69,2374.86,2307.17,2370.67,56.43861999999999,1614155399999,132447.5949306,790,34.4033,80792.289984,0
2021-02-24 08:30:00,2374.85,2398.29,2363.28,2398.29,41.96458,1614157199999,99932.95316880001,631,26.07248,62181.503436,0
2021-02-24 09:00:00,2396.35,2402.11,2372.63,2389.92,83.5534,1614158999999,199487.466114,693,36.42933,87043.3731042,0
2021-02-24 09:30:00,2389.55,2423.99,2383.0,2386.72,100.59813,1614160799999,241695.18455420004,855,46.81923,112529.38324619998,0
2021-02-24 10:00:00,2387.96,2401.69,2337.08,2354.43,99.64029000000001,1614162599999,235725.11572789997,965,50.79233,120316.9794613,0
2021-02-24 10:30:00,2354.43,2364.38,2324.5,2327.45,77.49748000000002,1614164399999,181714.7159341,560,39.346509999999995,92365.1720515,0
2021-02-24 11:00:00,2324.48,2385.71,2324.45,2377.84,52.51321,1614166199999,123820.5207428,550,29.47953,69606.16550830001,0
2021-02-24 11:30:00,2378.19,2389.95,2356.73,2384.57,26.03195,1614167999999,61834.5371492,396,14.20324,33790.3693643,0
2021-02-24 12:00:00,2389.97,2425.0,2380.52,2396.22,104.30349,1614169799999,250733.5187524,848,64.00309,153989.9793381,0
2021-02-24 12:30:00,2393.51,2398.41,2379.41,2386.02,49.91203,1614171599999,119272.22545939998,446,9.74302,23251.7589616,0
2021-02-24 13:00:00,2388.55,2394.07,2332.39,2332.39,74.66883,1614173399999,175872.1982914,685,32.58886,76825.7393848,0
2021-02-24 13:30:00,2337.66,2349.29,2305.11,2321.8,112.78043000000001,1614175199999,262571.1255335,810,62.502919999999996,145636.41980089998,0
2021-02-24 14:00:00,2325.55,2340.64,2289.04,2316.88,62.97416,1614176999999,145661.7071298,615,29.645490000000002,68625.6550227,0
2021-02-24 14:30:00,2320.14,2330.0,2281.87,2308.21,64.73552,1614178799999,149365.73541979998,614,33.45424000000001,77264.9113295,0
2021-02-24 15:00:00,2310.14,2319.0,2250.93,2295.79,54.29809,1614180599999,123900.3676831,648,31.14582,71134.87408110003,0
2021-02-24 15:30:00,2297.0,2354.13,2284.94,2351.87,52.63079000000001,1614182399999,122164.47378730001,525,25.9683,60302.6818783,0
2021-02-24 16:00:00,2349.85,2379.41,2327.0,2349.59,78.18301,1614184199999,184437.6025711,826,41.647,98338.95721489999,0
2021-02-24 16:30:00,2354.81,2365.21,2322.5,2342.15,18.24032,1614185999999,42795.624564599995,375,8.7434,20537.7791386,0
2021-02-24 17:00:00,2348.46,2368.49,2338.71,2360.67,50.07242,1614187799999,118024.2062858,485,37.08864000000001,87466.1425415,0
2021-02-24 17:30:00,2354.26,2366.18,2327.48,2348.83,64.02905,1614189599999,149997.08631729998,541,21.25575,49788.523543,0
2021-02-24 18:00:00,2348.82,2359.22,2320.94,2328.16,38.59314000000001,1614191399999,90338.7638047,427,11.31512,26443.150286400003,0
2021-02-24 18:30:00,2331.43,2344.88,2322.12,2325.8,17.43254,1614193199999,40660.4233091,186,8.88814,20716.334093,0
2021-02-24 19:00:00,2328.8,2331.53,2302.29,2302.29,20.26595,1614194999999,46885.29153130001,301,9.68707,22397.498494299998,0
2021-02-24 19:30:00,2302.29,2302.29,2250.03,2252.46,57.3881,1614196799999,130239.67760390001,703,29.8622,67825.3660869,0
2021-02-24 20:00:00,2252.46,2272.51,2227.51,2243.92,60.12835,1614198599999,135309.1493652,584,27.36563,61512.9749023,0
2021-02-24 20:30:00,2239.39,2254.48,2217.59,2248.72,34.679790000000004,1614200399999,77418.18888480001,500,12.172410000000001,27211.043374799996,0
2021-02-24 21:00:00,2243.92,2250.96,2180.65,2183.59,154.85284,1614202199999,340814.273773,903,77.32978,170329.8800298,0
2021-02-24 21:30:00,2187.87,2230.6,2168.94,2222.52,44.05294,1614203999999,96701.4133233,495,27.488129999999998,60469.38529330001,0
2021-02-24 22:00:00,2222.52,2225.33,2153.8,2209.1,50.46387,1614205799999,109899.9619322,575,19.23079,41954.4774839,0
2021-02-24 22:30:00,2203.29,2209.21,2181.68,2198.67,28.46098,1614207599999,62365.45532530001,274,5.99947,13163.5068578,0
2021-02-24 23:00:00,2197.03,2225.34,2196.52,2213.81,26.922859999999996,1614209399999,59570.467420099994,477,9.073189999999999,20091.246906099997,0
2021-02-24 23:30:00,2215.88,2237.94,2211.6,2233.68,57.1619,1614211199999,127170.5521783,685,23.83985,53047.55195350001,0
2021-02-25 00:00:00,2238.14,2271.4,2231.45,2265.0,97.17918,1614212999999,218217.38218860002,723,30.53497,68598.1592267,0
2021-02-25 00:30:00,2268.53,2296.51,2264.1,2281.55,67.98468000000001,1614214799999,155194.618342,805,31.53783,71954.8804283,0
2021-02-25 01:00:00,2285.39,2296.08,2275.54,2292.02,29.098570000000002,1614216599999,66592.04921699999,316,22.48775,51467.1471052,0
2021-02-25 01:30:00,2294.7,2294.7,2242.86,2254.25,34.03346,1614218399999,77154.942097,343,11.84656,26818.2385646,0
2021-02-25 02:00:00,2249.74,2264.34,2241.28,2245.31,17.6735,1614220199999,39841.98460030001,305,6.15271,13878.570098500002,0
2021-02-25 02:30:00,2241.29,2268.5,2240.81,2267.76,22.148970000000002,1614221999999,49934.6593486,212,17.51988,39512.4247313,0
2021-02-25 03:00:00,2266.55,2268.06,2218.67,2218.69,68.42758,1614223799999,154104.7348572,736,39.82543,89716.7537475,0
2021-02-25 03:30:00,2222.63,2229.27,2205.45,2213.15,52.2966,1614225599999,115746.77474619998,547,16.78526,37231.90752340001,0
2021-02-25 04:00:00,2213.3,2215.67,2177.67,2215.67,36.06855,1614227399999,79265.61802560001,543,20.10207,44201.3263591,0
2021-02-25 04:30:00,2210.45,2213.82,2178.63,2178.84,51.41527,1614229199999,112758.95368919999,337,17.16783,37615.284168599996,0
2021-02-25 05:00:00,2184.04,2249.88,2181.08,2234.49,110.78508000000001,1614230999999,246071.626942,714,69.63785,154533.258075,0
2021-02-25 05:30:00,2234.45,2250.48,2218.7,2243.7,81.08898,1614232799999,181229.4530103,684,34.22388,76607.6284825,0
2021-02-25 06:00:00,2244.94,2251.65,2225.33,2243.01,85.35285999999998,1614234599999,190906.3732296,933,20.5441,46014.3754057,0
2021-02-25 06:30:00,2243.01,2250.36,2237.83,2240.96,14.180179999999998,1614236399999,31836.9103162,229,9.248439999999999,20771.098053,0
2021-02-25 07:00:00,2244.73,2287.49,2219.81,2283.13,87.36993000000002,1614238199999,195823.29578879997,762,52.28194000000001,117179.5430721,0
2021-02-25 07:30:00,2283.13,2287.09,2253.75,2260.76,55.450619999999994,1614239999999,125714.40185999998,465,13.61345,30855.0237467,0
2021-02-25 08:00:00,2262.87,2282.35,2221.07,2235.29,54.56406,1614241799999,123447.2340978,534,29.93649000000001,67718.11153159999,0
2021-02-25 08:30:00,2227.79,2240.25,2216.49,2221.2,32.0565,1614243599999,71407.26855639997,239,19.006729999999997,42380.8618241,0
2021-02-25 09:00:00,2224.99,2237.66,2182.34,2186.8,71.12142,1614245399999,156591.5380063,400,25.01751,55063.4671903,0
2021-02-25 09:30:00,2191.0,2205.07,2176.67,2194.17,26.17282,1614247199999,57377.775363,332,9.35627,20556.370709400002,0
2021-02-25 10:00:00,2194.17,2244.89,2193.13,2242.94,27.087459999999997,1614248999999,59969.4231267,251,16.959979999999998,37576.677046900004,0
2021-02-25 10:30:00,2237.98,2250.51,2227.53,2247.82,19.86937,1614250799999,44537.4174481,298,11.181189999999999,25099.1247225,0
2021-02-25 11:00:00,2249.37,2282.94,2248.09,2265.33,39.94712,1614252599999,90715.6478913,420,15.046,34086.0082562,0
2021-02-25 11:30:00,2271.66,2283.35,2266.44,2277.18,26.65079,1614254399999,60639.44310210001,299,18.42904,41957.6159476,0
2021-02-25 12:00:00,2278.2,2293.48,2256.61,2267.96,66.7518,1614256199999,151548.7552591,581,28.935979999999997,65747.0994715,0
2021-02-25 12:30:00,2268.3,2296.2,2267.83,2296.16,73.5182,1614257999999,167473.40963279994,621,38.07532,86763.6881518,0
2021-02-25 13:00:00,2296.44,2334.84,2294.01,2312.53,190.16394,1614259799999,440764.0034743,1118,66.62594,154249.228463,0
2021-02-25 13:30:00,2305.55,2307.54,2267.83,2278.19,117.68563999999999,1614261599999,268241.99778000003,708,58.234159999999996,132626.2043785,0
2021-02-25 14:00:00,2278.18,2290.45,2261.56,2268.59,100.17862,1614263399999,228281.432416,770,49.24265,112290.20458569999,0
2021-02-25 14:30:00,2267.58,2285.3,2257.65,2265.62,97.21364,1614265199999,220565.80710739997,447,51.78395,117516.60292260001,0
2021-02-25 15:00:00,2265.63,2285.86,2261.08,2266.53,66.30187,1614266999999,150737.10811889998,465,34.6365,78782.5831114,0
2021-02-25 15:30:00,2269.22,2282.24,2250.3,2259.28,86.6961,1614268799999,196306.04284829999,575,44.30704,100422.9585836,0
2021-02-25 16:00:00,2262.38,2277.34,2242.1,2264.12,99.04578000000001,1614270599999,223427.05896760002,551,50.687459999999994,114216.2584119,0
2021-02-25 16:30:00,2270.72,2273.5,2242.64,2248.49,32.299620000000004,1614272399999,72768.6905786,402,14.715629999999999,33149.1243784,0
2021-02-25 17:00:00,2245.65,2248.23,2191.32,2191.84,114.57983999999999,1614274199999,253565.37645339998,767,52.52655,116371.37563039998,0
2021-02-25 17:30:00,2195.37,2210.32,2182.8,2199.54,176.33112,1614275999999,387482.0779103,728,99.34076999999999,218428.6094874,0
2021-02-25 18:00:00,2195.25,2213.14,2187.87,2201.54,20.89723,1614277799999,46051.73737719999,318,12.928230000000001,28509.510085,0
2021-02-25 18:30:00,2200.22,2207.05,2167.07,2181.3,36.5489,1614279599999,79833.6802955,407,17.33156,37855.8867557,0
2021-02-25 19:00:00,2180.99,2207.16,2168.68,2188.57,44.94094000000001,1614281399999,98512.0850758,365,27.913909999999998,61204.129388400004,0
2021-02-25 19:30:00,2182.62,2197.78,2176.97,2176.97,12.87163,1614283199999,28140.990404199998,159,4.9020800000000015,10745.9448285,0
2021-02-25 20:00:00,2176.38,2188.55,2152.6,2171.53,62.95059000000001,1614284999999,136645.683462,568,20.74569,45048.4060314,0
2021-02-25 20:30:00,2169.66,2173.04,2124.95,2149.57,241.87997000000001,1614286799999,518550.05620620004,657,82.57034,176646.68289589995,0
2021-02-25 21:00:00,2149.58,2155.91,2121.72,2136.22,64.78461999999999,1614288599999,138799.3928453,466,37.79156,81015.1893118,0
2021-02-25 21:30:00,2133.2,2133.2,2049.99,2089.95,333.80086,1614290399999,695453.1477931999,1246,221.25413999999998,460218.0215853,0
2021-02-25 22:00:00,2088.0,2119.82,2045.0,2119.75,161.98134,1614292199999,335991.45968840003,1008,74.49449,154670.2943422,0
2021-02-25 22:30:00,2116.64,2120.8,2068.85,2083.77,72.38775,1614293999999,151602.94270170006,550,34.79899,72773.9605567,0
2021-02-25 23:00:00,2080.69,2098.18,2051.98,2084.27,65.71454,1614295799999,136049.3104546,472,27.49407,56996.1954311,0
2021-02-25 23:30:00,2084.55,2091.77,2015.89,2030.84,117.62976,1614297599999,239993.6793495,814,41.82479,85288.2274991,0
2021-02-26 00:00:00,2026.32,2052.07,1996.37,2003.96,115.49226000000002,1614299399999,233055.02161700002,700,41.4885,83872.2546973,0
2021-02-26 00:30:00,1999.38,1999.38,1959.24,1984.12,128.09868,1614301199999,253047.98696059998,769,57.99581,114782.9734233,0
2021-02-26 01:00:00,1987.54,2022.65,1972.25,2020.0,97.8131,1614302999999,195861.6274423,479,41.7791,83532.95551639999,0
2021-02-26 01:30:00,2020.0,2026.19,1977.18,1989.49,46.68558,1614304799999,93331.54070119999,371,26.98477,53964.747658500004,0
2021-02-26 02:00:00,1989.13,2018.47,1968.14,2015.52,63.12913,1614306599999,125974.5663405,359,40.65455,81177.298396,0
2021-02-26 02:30:00,2011.48,2030.35,1988.23,2002.76,57.52488,1614308399999,115546.276529,482,29.54938,59443.086124199996,0
2021-02-26 03:00:00,2000.0,2007.04,1987.38,2004.53,50.684490000000004,1614310199999,101116.11842330001,282,27.69655,55288.6851227,0
2021-02-26 03:30:00,2002.4,2023.34,1991.53,2019.29,49.647059999999996,1614311999999,99635.2865711,322,27.1455,54504.86835140001,0
2021-02-26 04:00:00,2022.1,2041.75,2017.91,2039.25,42.2761,1614313799999,85850.9477607,339,18.35458,37306.503937199996,0
2021-02-26 04:30:00,2035.46,2039.09,2005.76,2012.2,40.484140000000004,1614315599999,81659.7706965,217,16.80378,33952.604467699995,0
2021-02-26 05:00:00,2013.39,2018.24,1990.3,1996.0,27.400579999999998,1614317399999,54810.1596044,250,7.0707699999999996,14158.9436269,0
2021-02-26 05:30:00,1999.27,2008.65,1950.29,1950.29,123.03956000000001,1614319199999,242768.35964520002,699,39.02655,77087.80536439999,0
2021-02-26 06:00:00,1950.29,1976.6,1942.57,1951.43,69.54038,1614320999999,136551.6073708,531,35.93304000000001,70664.68788130001,0
2021-02-26 06:30:00,1951.1,1995.51,1948.98,1966.03,28.958579999999998,1614322799999,57110.201407500004,371,14.993310000000001,29618.9500983,0
2021-02-26 07:00:00,1968.5,1990.0,1936.59,1947.52,65.2289,1614324599999,128082.4458555,491,37.91614000000001,74627.1701115,0
2021-02-26 07:30:00,1953.82,1964.92,1876.76,1908.19,170.77071999999995,1614326399999,326456.5773915,1107,94.63247,181068.2206241,0
2021-02-26 08:00:00,1912.13,1985.0,1912.13,1969.15,119.08238999999999,1614328199999,232453.75090679998,718,74.97399,146331.8993263,0
2021-02-26 08:30:00,1978.45,1984.11,1958.85,1972.98,52.7697,1614329999999,104192.4938582,397,21.57836,42625.9101375,0
2021-02-26 09:00:00,1970.56,2024.81,1953.31,1972.49,110.12397,1614331799999,220104.94355989998,666,77.65503000000002,155363.09082389998,0
2021-02-26 09:30:00,1970.02,2020.4,1967.22,2016.54,34.5712,1614333599999,69149.0474523,316,18.95036,37804.6323149,0
2021-02-26 10:00:00,2012.45,2028.55,2002.97,2014.48,37.38858,1614335399999,75418.7348227,344,20.99325,42383.2690883,0
2021-02-26 10:30:00,2021.2,2029.5,2015.41,2026.15,29.672079999999998,1614337199999,60007.46563380001,210,12.56355,25434.6964382,0
2021-02-26 11:00:00,2027.72,2029.96,1983.95,2001.08,37.70296,1614338999999,75613.930626,460,17.56643,35266.8535981,0
2021-02-26 11:30:00,2005.02,2030.77,1983.95,2028.15,24.17464,1614340799999,48561.008775300004,355,13.185139999999999,26469.7332307,0
2021-02-26 12:00:00,2028.13,2050.31,2018.23,2049.88,54.2327,1614342599999,110549.64195739999,539,22.44715,45818.908608499994,0
2021-02-26 12:30:00,2049.57,2055.62,2034.63,2048.76,26.77257,1614344399999,54771.2963979,287,16.102220000000006,32937.4087444,0
2021-02-26 13:00:00,2048.73,2055.59,2000.18,2002.27,34.3289,1614346199999,69195.9135749,341,17.76795,35872.2783835,0
2021-02-26 13:30:00,2000.02,2028.69,1992.87,1999.89,24.61421,1614347999999,49451.7066929,323,13.58169,27328.333844999997,0
2021-02-26 14:00:00,1997.93,2065.43,1995.99,2062.83,83.35498,1614349799999,170525.13706110002,611,47.938309999999994,98144.444896,0
2021-02-26 14:30:00,2062.67,2089.81,2054.14,2055.3,84.84985999999998,1614351599999,176101.2080526,572,47.43861,98536.9991434,0
2021-02-26 15:00:00,2059.83,2059.83,2032.74,2044.73,39.56404000000001,1614353399999,80808.4100153,295,21.35235,43639.3760622,0
2021-02-26 15:30:00,2043.72,2093.08,2043.72,2080.76,33.75172,1614355199999,69991.9030723,352,17.71547,36712.31103419999,0
2021-02-26 16:00:00,2085.0,2107.6,2081.99,2098.37,54.70939,1614356999999,114674.6799444,479,28.34126,59402.6209913,0
2021-02-26 16:30:00,2099.7,2124.13,2089.25,2117.06,37.26298,1614358799999,78628.4331535,467,20.25936,42762.8835196,0
2021-02-26 17:00:00,2122.35,2127.98,2098.16,2104.0,41.1973,1614360599999,87013.3191168,423,23.7084,50042.5144019,0
2021-02-26 17:30:00,2108.0,2123.45,2078.98,2081.29,103.76359000000001,1614362399999,217614.60880770002,597,36.71367,77079.25786469999,0
2021-02-26 18:00:00,2081.29,2095.87,2069.23,2078.99,18.87505,1614364199999,39271.34703580001,263,9.708210000000001,20198.636918599997,0
2021-02-26 18:30:00,2078.54,2092.45,2059.78,2059.78,21.60373,1614365999999,44822.960283199995,272,10.250960000000001,21291.974975099998,0
2021-02-26 19:00:00,2062.24,2075.83,2050.28,2055.32,33.43377,1614367799999,68846.0217107,321,14.83789,30575.3195278,0
2021-02-26 19:30:00,2056.11,2058.38,1992.11,2007.04,110.82523,1614369599999,223825.90734770003,855,57.67799,116659.53117119998,0
2021-02-26 20:00:00,2011.47,2021.83,1953.87,1953.87,144.52136000000004,1614371399999,286194.08346229995,773,39.55959,78652.05804369999,0
2021-02-26 20:30:00,1961.84,1978.45,1950.0,1953.46,78.53686,1614373199999,154066.15028210002,527,29.289920000000002,57613.7737691,0
2021-02-26 21:00:00,1950.01,1989.38,1943.07,1980.16,89.89223,1614374999999,176081.12641660005,487,44.30574,86865.06515930001,0
2021-02-26 21:30:00,1978.18,1978.45,1928.57,1941.7,53.897909999999996,1614376799999,105589.5786848,334,38.237759999999994,74878.9784895,0
2021-02-26 22:00:00,1938.04,1941.02,1912.0,1933.78,51.18794000000001,1614378599999,98838.98258160001,385,30.627990000000004,59226.6314461,0
2021-02-26 22:30:00,1937.08,1949.9,1920.76,1929.33,19.3966,1614380399999,37532.570234,197,12.04302,23329.2216199,0
2021-02-26 23:00:00,1928.01,1976.83,1920.0,1969.92,36.62732000000001,1614382199999,71675.1613876,302,17.811020000000006,34817.212603199994,0
2021-02-26 23:30:00,1964.54,1970.24,1942.71,1952.93,22.81764,1614383999999,44568.16912019999,286,11.33237,22165.856567400002,0
2021-02-27 00:00:00,1953.86,2024.33,1953.86,2012.47,213.57889,1614385799999,424905.5697468,929,132.26577,263289.2601563,0
2021-02-27 00:30:00,2010.33,2046.28,2006.91,2042.62,48.51768,1614387599999,98453.97346839998,481,29.76773,60392.25190900001,0
2021-02-27 01:00:00,2046.89,2052.14,2008.79,2017.11,43.095420000000004,1614389399999,87507.5046927,454,17.35622,35245.0159911,0
2021-02-27 01:30:00,2019.88,2030.05,2011.75,2027.74,33.4169,1614391199999,67592.4810845,227,16.32786,33040.83880020001,0
2021-02-27 02:00:00,2027.72,2027.72,2008.05,2014.48,21.37745,1614392999999,43140.2026311,191,10.14702,20477.426368,0
2021-02-27 02:30:00,2014.59,2034.97,1983.97,1990.97,55.28301999999999,1614394799999,111107.3434028,433,19.259520000000002,38707.0174476,0
2021-02-27 03:00:00,1987.49,2006.74,1972.97,1992.46,24.682010000000002,1614396599999,49073.5318948,291,10.59538,21089.1421254,0
2021-02-27 03:30:00,1995.4,2019.78,1995.39,2001.12,26.60918,1614398399999,53420.1672691,216,13.03916,26194.0066107,0
2021-02-27 04:00:00,2000.58,2007.47,1971.53,1994.06,28.49193,1614400199999,56705.7675743,241,18.974529999999998,37776.588918400004,0
2021-02-27 04:30:00,1995.39,2025.65,1993.28,2017.1,26.97008,1614401999999,54181.545647399995,309,13.846470000000002,27783.9699557,0
2021-02-27 05:00:00,2017.11,2030.4,2005.65,2005.65,18.11747,1614403799999,36521.0825509,221,7.31325,14768.427170200002,0
2021-02-27 05:30:00,2006.0,2015.22,1993.69,2015.22,59.89279000000001,1614405599999,119851.9467247,324,41.69569,83449.29963260001,0
2021-02-27 06:00:00,2014.51,2032.26,2014.0,2025.63,18.14667,1614407399999,36755.9339215,202,10.1443,20565.7964042,0
2021-02-27 06:30:00,2031.48,2063.69,2022.75,2031.35,68.31848000000001,1614409199999,139538.7427005,631,39.571509999999996,80815.3826998,0
2021-02-27 07:00:00,2029.63,2029.63,1984.31,2022.42,42.74175,1614410999999,85581.1852325,416,21.80208,43673.9669555,0
2021-02-27 07:30:00,2018.42,2027.83,2004.87,2021.04,31.927540000000004,1614412799999,64389.838192699994,247,20.91318,42207.1846564,0
2021-02-27 08:00:00,2018.44,2035.65,1979.35,1983.71,57.50165,1614414599999,115211.38628110001,457,30.55892,61186.29457869999,0
2021-02-27 08:30:00,1980.14,1997.4,1967.94,1989.7,40.65396,1614416399999,80670.9143328,274,20.75943,41199.8313483,0
2021-02-27 09:00:00,1989.07,1995.44,1961.73,1980.26,51.611290000000004,1614418199999,102312.7722902,376,19.66801,39022.0463105,0
2021-02-27 09:30:00,1980.56,1995.5,1960.91,1989.88,51.07529,1614419999999,100922.89505489999,358,29.614,58561.911791,0
2021-02-27 10:00:00,1991.49,2008.06,1986.74,1998.55,22.80534,1614421799999,45599.403400999996,213,9.26802,18545.5124855,0
2021-02-27 10:30:00,1996.08,2020.6,1991.53,2011.4,56.77993000000001,1614423599999,114025.4204257,260,40.282920000000004,80903.2495955,0
2021-02-27 11:00:00,2008.47,2021.81,2003.07,2010.2,58.79976,1614425399999,118407.1336128,355,16.239060000000002,32738.8532657,0
2021-02-27 11:30:00,2010.07,2032.26,2009.95,2020.64,53.15897,1614427199999,107549.55649,402,22.25274,45040.0318242,0
2021-02-27 12:00:00,2022.06,2031.95,1996.87,2006.38,29.31117,1614428999999,58979.1577556,302,9.19319,18452.791631599997,0
2021-02-27 12:30:00,2010.93,2042.85,2004.56,2026.89,44.2855,1614430799999,89818.2987892,377,24.923679999999997,50503.4132149,0
2021-02-27 13:00:00,2027.68,2047.52,2024.44,2045.65,31.593609999999998,1614432599999,64237.733774399996,268,25.58867,52031.037038099996,0
2021-02-27 13:30:00,2043.86,2053.46,2024.51,2025.96,50.36981,1614434399999,102916.0061249,351,28.989079999999998,59291.6715056,0
2021-02-27 14:00:00,2026.81,2039.11,2014.45,2019.73,40.49285,1614436199999,81905.8536724,287,8.8062,17839.7110983,0
2021-02-27 14:30:00,2018.62,2018.62,1988.54,2016.64,42.58375,1614437999999,85221.9566708,401,22.46417000000001,45001.9135089,0
2021-02-27 15:00:00,2012.89,2056.62,2011.41,2033.52,48.38286,1614439799999,98683.7311778,450,31.77582,64763.45315340001,0
2021-02-27 15:30:00,2034.24,2034.24,1971.07,1974.29,75.04944,1614441599999,149832.50624989998,629,29.81095,59317.7212585,0
2021-02-27 16:00:00,1974.03,2025.44,1959.87,2025.44,69.85908,1614443399999,139058.43949870006,481,40.74811,80977.8477021,0
2021-02-27 16:30:00,2026.42,2033.75,2003.99,2030.0,27.89384,1614445199999,56308.047039900004,287,17.43395,35215.7793244,0
2021-02-27 17:00:00,2030.0,2039.98,2016.71,2031.17,37.74581,1614446999999,76583.67004910001,258,25.84773,52438.3191207,0
2021-02-27 17:30:00,2032.64,2054.92,2032.64,2040.37,24.78226,1614448799999,50694.31200950001,425,10.12599,20723.5477965,0
2021-02-27 18:00:00,2042.53,2061.61,2033.17,2049.98,28.81405,1614450599999,59027.4481304,417,14.539929999999998,29787.680471599997,0
2021-02-27 18:30:00,2049.93,2075.56,2041.19,2041.19,23.65955,1614452399999,48753.537726999995,424,9.102,18779.2050774,0
2021-02-27 19:00:00,2043.37,2050.85,2033.78,2045.63,43.553020000000004,1614454199999,88978.77183119998,423,20.643279999999997,42227.7666586,0
2021-02-27 19:30:00,2051.14,2065.01,2043.52,2062.65,33.87449,1614455999999,69618.6544954,370,26.42472,54309.4472551,0
2021-02-27 20:00:00,2065.0,2088.41,2056.53,2070.01,36.21816,1614457799999,75019.80899480001,439,11.29105,23380.743957299997,0
2021-02-27 20:30:00,2066.77,2070.0,2038.87,2054.94,20.932029999999997,1614459599999,43035.44288430001,308,7.7099600000000015,15888.9273842,0
2021-02-27 21:00:00,2057.62,2065.99,2045.21,2059.47,18.24898,1614461399999,37412.6025141,199,3.05555,6274.0253043,0
2021-02-27 21:30:00,2059.47,2070.0,2037.58,2070.0,28.08019,1614463199999,57703.4164416,351,16.62908,34194.2833366,0
2021-02-27 22:00:00,2066.26,2069.11,2037.16,2037.16,47.26952,1614464999999,97455.2868545,325,10.942260000000001,22573.4269188,0
2021-02-27 22:30:00,2036.52,2055.99,1982.17,1984.95,54.39926,1614466799999,109667.19368150001,407,12.11721,24533.9739517,0
2021-02-27 23:00:00,1984.99,1999.65,1937.39,1945.83,117.2431,1614468599999,231630.639535,766,77.0333,152411.3978392,0
2021-02-27 23:30:00,1945.82,1980.09,1943.23,1974.41,48.50615,1614470399999,95252.55449119999,302,27.044909999999998,53077.408727099995,0
2021-02-28 00:00:00,1973.84,1989.3,1956.04,1974.75,51.61444,1614472199999,101778.7212364,376,28.39695,56009.8581646,0
2021-02-28 00:30:00,1974.75,1980.56,1961.6,1975.01,48.71213,1614473999999,95962.7409839,330,19.855439999999998,39098.764803,0
2021-02-28 01:00:00,1972.78,1989.03,1962.3,1985.68,31.00692,1614475799999,61415.592464,312,15.39391,30533.263696399998,0
2021-02-28 01:30:00,1985.66,1985.66,1959.88,1971.41,15.096160000000001,1614477599999,29783.1441315,211,4.05259,7990.5435515,0
2021-02-28 02:00:00,1967.55,1971.87,1928.94,1934.49,57.05581,1614479399999,110723.72186230001,487,24.005570000000002,46616.2773594,0
2021-02-28 02:30:00,1929.77,1938.68,1912.0,1917.98,35.75879000000001,1614481199999,68758.4368004,388,15.91916,30643.093159500004,0
2021-02-28 03:00:00,1918.58,1927.1,1897.0,1910.91,40.06242,1614482999999,76467.24420839999,469,19.2231,36746.56796830001,0
2021-02-28 03:30:00,1914.66,1916.34,1866.74,1872.05,67.00992,1614484799999,126604.55315669999,609,24.29121,45933.0884001,0
2021-02-28 04:00:00,1869.59,1893.05,1862.66,1882.96,32.77805,1614486599999,61370.40103790001,236,13.1477,24653.8946344,0
2021-02-28 04:30:00,1886.23,1899.62,1867.74,1867.74,33.18722,1614488399999,62450.5582893,150,20.4328,38422.8165139,0
2021-02-28 05:00:00,1869.79,1910.27,1857.77,1890.43,59.98033,1614490199999,112698.2266428,390,22.80264,42979.0548356,0
2021-02-28 05:30:00,1886.16,1901.89,1845.28,1859.34,50.59239,1614491999999,94078.7611896,382,18.82702,35091.3415905,0
2021-02-28 06:00:00,1857.78,1861.16,1810.42,1855.73,112.18635,1614493799999,205746.11091179997,663,68.66583,126022.368197,0
2021-02-28 06:30:00,1856.17,1865.18,1819.91,1825.55,85.66794,1614495599999,158277.2901633,395,17.96075,33144.734066900004,0
2021-02-28 07:00:00,1823.98,1848.33,1810.81,1840.39,136.53698,1614497399999,248704.6830501,549,33.09833,60385.4199982,0
2021-02-28 07:30:00,1836.63,1852.72,1809.56,1846.04,102.40158000000001,1614499199999,186992.6626086,657,36.18826,66214.3704398,0
2021-02-28 08:00:00,1849.09,1875.13,1847.54,1870.89,41.68727,1614500999999,77786.63101119999,429,21.72539,40568.9980889,0
2021-02-28 08:30:00,1875.11,1884.03,1861.67,1866.73,47.17673,1614502799999,88323.3279821,488,24.07089,45079.0951132,0
2021-02-28 09:00:00,1866.36,1887.08,1860.41,1879.19,32.58471,1614504599999,61204.1949528,335,14.33291,26921.4566465,0
2021-02-28 09:30:00,1881.0,1890.85,1871.83,1889.56,21.22094,1614506399999,39907.6209648,244,16.350720000000006,30762.055862299996,0
2021-02-28 10:00:00,1886.25,1906.8,1869.18,1900.46,28.84262,1614508199999,54519.223830999996,363,17.207079999999998,32549.0906454,0
2021-02-28 10:30:00,1900.52,1901.01,1881.38,1881.38,15.165420000000001,1614509999999,28658.2995735,281,3.66925,6942.743848,0
2021-02-28 11:00:00,1885.47,1906.81,1873.71,1890.79,44.37846,1614511799999,83857.9348213,518,27.14606,51326.3307966,0
2021-02-28 11:30:00,1892.46,1903.05,1877.3,1885.05,31.14622,1614513599999,58785.688136699995,273,9.27983,17537.7236945,0
2021-02-28 12:00:00,1884.47,1900.82,1861.45,1875.62,63.21174,1614515399999,118969.3674431,458,37.90528,71500.768775,0
2021-02-28 12:30:00,1877.36,1877.42,1854.47,1872.75,23.02962,1614517199999,43030.759461,268,16.87173,31520.7999046,0
2021-02-28 13:00:00,1876.44,1887.99,1849.62,1859.85,44.46102,1614518999999,82873.82603689999,331,14.68392,27401.7945046,0
2021-02-28 13:30:00,1857.99,1879.45,1850.2,1851.26,27.04373,1614520799999,50503.37686600001,236,10.911489999999999,20390.813149200007,0
2021-02-28 14:00:00,1851.8,1852.64,1775.0,1831.72,144.96509,1614522599999,263180.335127,704,51.92549,94817.5061655,0
2021-02-28 14:30:00,1830.51,1874.99,1830.5,1872.04,53.56592,1614524399999,99514.9363935,331,34.0465,63263.998141,0
2021-02-28 15:00:00,1872.5,1877.29,1816.32,1816.32,61.62755,1614526199999,113242.5027326,360,10.19848,18744.9225239,0
2021-02-28 15:30:00,1819.07,1831.91,1790.39,1809.97,65.04379,1614527999999,117404.6502921,439,40.56225,73210.1111722,0
2021-02-28 16:00:00,1804.99,1858.08,1784.55,1823.62,180.50325,1614529799999,329000.8694806,630,108.85968000000001,198450.9529413,0
2021-02-28 16:30:00,1830.96,1884.5,1830.96,1874.11,101.86665,1614531599999,190434.4264988,575,59.11245,110547.2142115,0
2021-02-28 17:00:00,1874.11,1903.39,1850.44,1885.98,109.65926,1614533399999,206504.7899241,657,53.54304000000001,101077.4543161,0
2021-02-28 17:30:00,1885.27,1890.02,1857.87,1858.3,33.83735,1614535199999,63348.5108607,350,19.50563,36520.8154614,0
2021-02-28 18:00:00,1858.25,1900.42,1852.65,1885.05,44.04337,1614536999999,82797.6360238,539,28.820420000000002,54181.19229369999,0
2021-02-28 18:30:00,1885.99,1912.06,1880.81,1906.0,33.01377,1614538799999,62583.7422796,327,20.22299,38303.7036181,0
2021-02-28 19:00:00,1905.99,1922.83,1905.99,1916.36,36.26664,1614540599999,69421.85106310001,526,20.164820000000002,38633.5251897,0
2021-02-28 19:30:00,1913.41,1961.53,1909.74,1956.2,82.64256,1614542399999,160303.1803985,841,58.40439,113360.3063728,0
2021-02-28 20:00:00,1959.35,1981.08,1950.77,1961.77,83.6921,1614544199999,164778.30116600002,748,57.84526999999999,113969.91850069999,0
2021-02-28 20:30:00,1965.21,2000.22,1961.61,1993.4,36.9566,1614545999999,73289.1054918,610,21.274820000000002,42262.629428099994,0
2021-02-28 21:00:00,1996.54,2031.05,1988.95,2008.69,95.01395,1614547799999,190960.5317223,840,56.11563,112823.89287139999,0
2021-02-28 21:30:00,2009.19,2043.35,2007.08,2015.86,71.4969,1614549599999,145073.00133620002,728,51.78342,105132.6844831,0
2021-02-28 22:00:00,2013.47,2044.92,2003.7,2042.65,54.82553000000001,1614551399999,110848.1185528,670,38.61853,78161.9288009,0
2021-02-28 22:30:00,2045.32,2048.6,2001.0,2021.77,40.92843,1614553199999,82722.6036662,474,11.54074,23358.9850768,0
2021-02-28 23:00:00,2023.43,2066.26,2023.43,2045.32,63.1127,1614554999999,129390.684631,724,35.066340000000004,72035.3068005,0
2021-02-28 23:30:00,2045.85,2064.65,2018.08,2036.47,45.45626,1614556799999,92846.64835860001,457,21.75123,44512.353620199996,0
2021-03-01 00:00:00,2038.87,2097.43,2020.94,2090.0,112.73088,1614558599999,231557.9555508,789,51.08248,105105.8215593,0
2021-03-01 00:30:00,2095.28,2128.0,2091.16,2123.7,48.81909,1614560399999,102833.1820109,586,32.98896,69478.67874019999,0
2021-03-01 01:00:00,2119.93,2127.25,2078.27,2095.86,39.635490000000004,1614562199999,83288.9340309,592,21.46635,45158.27445969999,0
2021-03-01 01:30:00,2096.51,2133.14,2087.1,2133.14,48.35897,1614563999999,101918.26825980001,477,19.02449,40134.8777252,0
2021-03-01 02:00:00,2127.49,2150.0,2115.48,2143.53,54.45665,1614565799999,116335.4405345,626,29.6522,63331.7726324,0
2021-03-01 02:30:00,2149.3,2166.65,2142.5,2161.12,43.599709999999995,1614567599999,93807.1447392,520,27.75599,59744.12685619999,0
2021-03-01 03:00:00,2154.8,2179.03,2129.93,2136.01,75.62288000000002,1614569399999,162763.48283539998,1101,33.04853,71341.7895795,0
2021-03-01 03:30:00,2136.01,2139.01,2122.67,2126.48,40.92987,1614571199999,87207.809169,630,20.352710000000002,43371.8695575,0
2021-03-01 04:00:00,2127.66,2168.29,2112.9,2131.26,86.42265,1614572999999,185137.4952524,648,46.43624000000001,99527.9500653,0
2021-03-01 04:30:00,2127.58,2150.47,2113.59,2140.8,20.12036,1614574799999,42940.6222284,340,8.669880000000001,18521.0654249,0
2021-03-01 05:00:00,2144.86,2161.22,2130.28,2130.28,17.937260000000006,1614576599999,38532.2959139,302,10.1707,21860.1863459,0
2021-03-01 05:30:00,2131.54,2158.75,2131.54,2148.93,37.01858,1614578399999,79494.2908658,357,27.41149,58868.1099785,0
2021-03-01 06:00:00,2145.74,2162.15,2141.32,2158.87,63.86271,1614580199999,137256.8253583,404,40.50401,87107.16434460001,0
2021-03-01 06:30:00,2162.67,2180.0,2124.7,2124.7,48.60007,1614581999999,104592.9740458,560,27.69841,59604.67791569999,0
2021-03-01 07:00:00,2124.58,2135.27,2123.63,2129.56,18.34985,1614583799999,39031.397421199996,219,3.7726,8039.1142508,0
2021-03-01 07:30:00,2128.27,2131.78,2105.22,2119.05,31.11342,1614585599999,65893.7833947,395,8.37457,17758.4529659,0
2021-03-01 08:00:00,2121.34,2157.14,2121.34,2153.67,49.652409999999996,1614587399999,106165.80119700001,427,30.51509,65175.6202305,0
2021-03-01 08:30:00,2157.12,2190.01,2152.01,2174.9,104.96043999999999,1614589199999,228408.60591610003,659,65.27537,141989.82095710002,0
2021-03-01 09:00:00,2171.78,2253.19,2171.78,2200.41,148.22678,1614590999999,326146.1854302,1151,92.5341,203759.2192796,0
2021-03-01 09:30:00,2202.35,2221.2,2187.62,2205.5,42.20399999999999,1614592799999,92973.97251200001,640,19.069679999999998,42055.2149124,0
2021-03-01 10:00:00,2209.22,2217.14,2194.19,2202.77,50.81405,1614594599999,111898.8649023,575,26.15577,57655.7459474,0
2021-03-01 10:30:00,2199.19,2230.27,2194.13,2224.96,49.03212,1614596399999,108447.74651330001,611,26.9253,59567.809161699995,0
2021-03-01 11:00:00,2224.3,2259.0,2215.31,2223.37,96.09046,1614598199999,214899.9114375,1057,60.00261,134268.38677589994,0
2021-03-01 11:30:00,2223.4,2242.0,2209.05,2235.99,48.39946,1614599999999,107867.1118269,595,23.61872,52725.887381,0
2021-03-01 12:00:00,2240.0,2247.64,2189.24,2189.62,62.950419999999994,1614601799999,139344.9959149,727,35.12798,77958.5897513,0
2021-03-01 12:30:00,2189.62,2210.67,2179.61,2203.25,36.80451,1614603599999,80709.6546807,561,16.26973,35710.8112198,0
2021-03-01 13:00:00,2204.94,2212.67,2182.62,2187.43,73.02306,1614605399999,160216.73309229998,449,46.33821,101635.60009339999,0
2021-03-01 13:30:00,2188.35,2214.5,2186.06,2186.06,140.26463999999999,1614607199999,308659.1685062,661,48.93882,107807.2282275,0
2021-03-01 14:00:00,2186.06,2199.0,2179.04,2194.95,43.85822,1614608999999,95934.6360647,438,17.590510000000002,38496.961069599995,0
2021-03-01 14:30:00,2194.95,2239.85,2192.84,2212.92,711.7751,1614610799999,1582045.4397129999,2315,412.32867999999996,916540.8376171,0
2021-03-01 15:00:00,2212.92,2237.77,2206.28,2224.26,162.65717,1614612599999,361894.8505281,895,76.75910999999998,170868.9089431,0
2021-03-01 15:30:00,2224.26,2237.77,2217.95,2237.77,47.04099,1614614399999,104833.1946226,399,29.28469,65307.4705855,0
2021-03-01 16:00:00,2237.77,2259.0,2216.4,2247.07,101.93698,1614616199999,228060.5633811,982,36.91493,82720.10665419999,0
2021-03-01 16:30:00,2249.74,2256.96,2227.79,2243.12,47.83331,1614617999999,107210.9282592,491,15.101239999999999,33880.2332077,0
2021-03-01 17:00:00,2239.48,2244.7,2218.5,2226.29,36.6156,1614619799999,81516.8671638,410,15.675170000000001,34916.447355699995,0
2021-03-01 17:30:00,2226.33,2228.75,2189.05,2189.05,34.19312,1614621599999,75768.09556889997,566,11.2007,24808.6121939,0
2021-03-01 18:00:00,2193.5,2200.0,2167.45,2183.55,34.137640000000005,1614623399999,74356.5537393,454,14.78754,32220.20732400001,0
2021-03-01 18:30:00,2185.74,2187.97,2172.79,2173.82,18.8278,1614625199999,41021.8703241,298,10.07902,21975.523603999998,0
2021-03-01 19:00:00,2171.79,2183.57,2158.66,2162.46,31.93992,1614626999999,69246.11515960001,306,18.67291,40494.05740480001,0
2021-03-01 19:30:00,2164.94,2182.47,2136.07,2146.6,87.47321,1614628799999,188814.70932370002,861,49.29241,106419.8916582,0
2021-03-01 20:00:00,2145.45,2171.09,2144.7,2151.39,26.530540000000002,1614630599999,57240.544039,289,11.95227,25840.3640843,0
2021-03-01 20:30:00,2149.98,2149.98,2132.1,2144.84,30.70065,1614632399999,65772.6369415,214,6.13392,13123.6428876,0
2021-03-01 21:00:00,2143.69,2154.88,2138.4,2148.45,13.01324,1614634199999,27928.737131700003,190,7.9813300000000025,17129.044282299998,0
2021-03-01 21:30:00,2146.75,2150.47,2139.81,2143.0,20.84431,1614635999999,44705.44986,179,12.86613,27600.7689509,0
2021-03-01 22:00:00,2140.78,2148.21,2135.0,2142.03,21.64032000000001,1614637799999,46301.521633699995,224,5.18835,11122.025195100001,0
2021-03-01 22:30:00,2142.02,2150.37,2139.25,2147.03,10.66951,1614639599999,22885.0063969,171,5.9781699999999995,12825.8635608,0
2021-03-01 23:00:00,2147.3,2171.09,2146.11,2168.06,44.71443,1614641399999,96627.3894663,407,32.53884,70335.1143246,0
2021-03-01 23:30:00,2164.98,2177.17,2157.56,2173.0,95.75091,1614643199999,207723.7484069,289,58.596509999999995,127109.4434293,0
2021-03-02 00:00:00,2173.5,2212.77,2169.99,2209.58,79.0564,1614644999999,173745.3588958,734,60.587669999999996,133202.2469937,0
2021-03-02 00:30:00,2209.25,2212.77,2180.94,2192.16,94.6916,1614646799999,208103.42422020002,681,40.44897,88787.22416819999,0
2021-03-02 01:00:00,2184.59,2185.0,2170.21,2174.47,34.80843,1614648599999,75733.0253615,483,15.7723,34334.9904407,0
2021-03-02 01:30:00,2170.21,2191.97,2170.21,2188.02,21.78569,1614650399999,47490.476446399996,281,11.86726,25888.3764692,0
2021-03-02 02:00:00,2192.47,2196.68,2180.65,2187.11,21.82479,1614652199999,47776.1639425,319,14.816870000000002,32454.7977564,0
2021-03-02 02:30:00,2190.37,2221.04,2185.51,2195.9,33.851820000000004,1614653999999,74748.0431954,419,18.86267,41671.4437304,0
2021-03-02 03:00:00,2193.07,2204.28,2172.81,2172.81,20.65794,1614655799999,45228.469271099995,333,10.5454,23095.528879400004,0
2021-03-02 03:30:00,2175.24,2190.0,2173.84,2183.92,25.42248,1614657599999,55424.66811590001,324,18.48547,40302.987395599994,0
2021-03-02 04:00:00,2182.39,2199.72,2173.86,2179.14,32.80273,1614659399999,71630.05027689999,482,13.895539999999999,30410.839507200002,0
2021-03-02 04:30:00,2186.09,2197.0,2173.77,2197.0,24.023410000000002,1614661199999,52519.2144111,206,13.179479999999998,28886.6999868,0
2021-03-02 05:00:00,2197.0,2213.96,2188.0,2195.26,33.46833,1614662999999,73634.7967153,292,18.44781,40576.8172042,0
2021-03-02 05:30:00,2194.92,2209.25,2186.71,2206.41,67.13658000000001,1614664799999,147501.5114717,789,11.784469999999999,25925.2620032,0
2021-03-02 06:00:00,2203.38,2210.44,2170.16,2194.35,84.12369,1614666599999,184393.6575813,1017,18.48025,40500.6037736,0
2021-03-02 06:30:00,2195.31,2209.58,2183.67,2192.51,19.454639999999998,1614668399999,42822.89273450001,262,15.006470000000002,33046.384697099995,0
2021-03-02 07:00:00,2192.55,2206.36,2181.31,2201.0,36.76167,1614670199999,80608.6069079,378,16.62164,36504.6341535,0
2021-03-02 07:30:00,2201.52,2210.44,2189.99,2193.37,14.99957,1614671999999,33022.1403466,254,6.00683,13229.1567357,0
2021-03-02 08:00:00,2189.97,2228.0,2189.87,2227.99,23.02872,1614673799999,51012.542047099996,377,16.8589,37359.2499216,0
2021-03-02 08:30:00,2227.99,2248.29,2217.2,2236.49,33.81224,1614675599999,75587.48726180001,587,19.38684,43368.9030745,0
2021-03-02 09:00:00,2240.0,2258.98,2233.56,2255.23,45.84172,1614677399999,103046.78308580001,565,29.85561,67102.0469399,0
2021-03-02 09:30:00,2251.36,2271.09,2245.96,2256.04,101.20489,1614679199999,228539.84473379998,763,77.16619,174259.5618776,0
2021-03-02 10:00:00,2256.04,2271.42,2248.0,2263.63,28.60127,1614680999999,64505.5089136,404,19.47743,43940.5249435,0
2021-03-02 10:30:00,2264.36,2273.19,2220.05,2228.25,66.18634,1614682799999,148484.1297014,764,34.54956,77385.1371937,0
2021-03-02 11:00:00,2228.67,2242.05,2215.82,2232.66,47.508829999999996,1614684599999,105879.8075916,396,9.97592,22237.331952,0
2021-03-02 11:30:00,2230.87,2259.66,2230.87,2240.36,29.461740000000002,1614686399999,66190.41316180001,442,18.14944,40780.6760007,0
2021-03-02 12:00:00,2239.4,2263.1,2229.56,2231.33,34.98871,1614688199999,78399.18327919999,432,11.16622,25052.233807099998,0
2021-03-02 12:30:00,2230.43,2243.32,2222.56,2229.63,63.449769999999994,1614689999999,141661.9755411,384,50.024029999999996,111704.42570639998,0
2021-03-02 13:00:00,2232.72,2252.75,2232.27,2251.34,34.02166,1614691799999,76161.7735017,307,26.12025,58463.39783119999,0
2021-03-02 13:30:00,2249.39,2258.09,2238.89,2253.78,25.87444,1614693599999,58263.20955780001,380,18.10649,40778.1493865,0
2021-03-02 14:00:00,2254.04,2282.96,2251.56,2275.03,46.61618,1614695399999,105848.0137765,662,29.71004000000001,67472.95418049999,0
2021-03-02 14:30:00,2271.85,2294.05,2237.8,2243.67,86.37256,1614697199999,195904.0628327,923,43.51352,98681.9996857,0
2021-03-02 15:00:00,2243.86,2260.0,2219.15,2222.44,63.774519999999995,1614698999999,142916.60268170002,649,23.12367,51784.610118000004,0
2021-03-02 15:30:00,2219.15,2231.87,2213.25,2225.85,60.441359999999996,1614700799999,134256.3931701,415,30.90346,68663.9917114,0
2021-03-02 16:00:00,2225.86,2231.27,2212.25,2228.65,29.98759,1614702599999,66625.58844980001,390,18.40556,40895.11288540001,0
2021-03-02 16:30:00,2224.47,2224.47,2133.04,2141.39,106.6745,1614704399999,231094.70875820002,1109,39.406079999999996,85337.34711919999,0
2021-03-02 17:00:00,2136.59,2149.9,2101.67,2146.64,83.13911999999998,1614706199999,177141.16640020005,972,43.6057,92928.82399169999,0
2021-03-02 17:30:00,2148.52,2165.0,2128.23,2159.9,38.34547,1614707999999,82225.3914634,373,26.22628,56282.300414900004,0
2021-03-02 18:00:00,2159.98,2166.43,2133.61,2136.35,24.57921,1614709799999,52838.1329835,283,11.627939999999999,25040.4385993,0
2021-03-02 18:30:00,2136.35,2143.72,2111.88,2117.94,30.02228,1614711599999,63770.263829799995,359,7.73983,16454.6584398,0
2021-03-02 19:00:00,2118.73,2127.02,2092.28,2120.0,91.3692,1614713399999,192256.2108683,544,33.00701,69584.4587417,0
2021-03-02 19:30:00,2115.61,2133.67,2110.64,2113.32,19.84606,1614715199999,42167.70082119999,197,10.30182,21894.2502088,0
2021-03-02 20:00:00,2113.18,2122.67,2096.86,2109.77,26.789559999999998,1614716999999,56505.3547071,248,13.978879999999998,29496.295506700004,0
2021-03-02 20:30:00,2109.76,2125.25,2097.95,2117.26,21.823339999999998,1614718799999,46024.1825488,236,5.95331,12577.3064366,0
2021-03-02 21:00:00,2120.63,2140.55,2116.27,2131.48,17.08742,1614720599999,36443.354239,168,10.16328,21689.011479,0
2021-03-02 21:30:00,2129.12,2133.38,2105.75,2112.73,15.55825,1614722399999,32923.8639872,349,3.75411,7959.791620300001,0
2021-03-02 22:00:00,2109.76,2139.02,2108.42,2134.0,10.62598,1614724199999,22597.5106472,156,7.66335,16297.478788299999,0
2021-03-02 22:30:00,2137.34,2167.15,2134.1,2154.13,33.90185,1614725999999,72911.92905650001,281,28.31687,60904.251143199996,0
2021-03-02 23:00:00,2154.11,2170.76,2146.97,2166.0,31.153779999999998,1614727799999,67391.8250479,278,20.317339999999998,43988.7825238,0
2021-03-02 23:30:00,2161.48,2173.08,2157.02,2164.15,23.83556,1614729599999,51578.9677579,159,13.651979999999998,29534.7156494,0
2021-03-03 00:00:00,2167.37,2192.11,2157.02,2192.11,19.62826,1614731399999,42730.23339330001,276,8.76901,19094.038457299997,0
2021-03-03 00:30:00,2192.47,2200.71,2177.3,2193.11,20.6301,1614733199999,45101.5254621,368,9.20178,20153.4737694,0
2021-03-03 01:00:00,2193.11,2201.49,2187.24,2200.6,17.29899,1614734999999,37977.59555,221,7.29628,16035.433948299999,0
2021-03-03 01:30:00,2197.31,2221.99,2195.26,2217.13,30.504579999999997,1614736799999,67497.2366497,527,16.23325,35906.8545055,0
2021-03-03 02:00:00,2217.13,2225.85,2217.02,2221.43,18.65561,1614738599999,41461.8703898,333,13.938170000000001,30989.225943299996,0
2021-03-03 02:30:00,2224.81,2228.48,2217.02,2225.11,40.26887,1614740399999,89428.65024049998,363,21.3489,47431.6090409,0
2021-03-03 03:00:00,2224.74,2227.11,2200.93,2214.77,20.69354,1614742199999,45818.8326659,339,7.6046,16829.8494508,0
2021-03-03 03:30:00,2215.3,2231.26,2208.94,2231.16,16.62341,1614743999999,36918.1243593,251,7.18038,15954.2325782,0
2021-03-03 04:00:00,2231.64,2249.97,2231.16,2242.28,17.93223,1614745799999,40170.948543,255,9.92104,22222.4401249,0
2021-03-03 04:30:00,2247.07,2259.99,2242.67,2251.97,30.25116,1614747599999,68016.21307150001,370,18.84079,42374.8406107,0
2021-03-03 05:00:00,2256.95,2271.42,2254.9,2257.24,29.91017,1614749399999,67698.2603952,338,13.41285,30356.5895074,0
2021-03-03 05:30:00,2257.26,2267.59,2240.04,2248.68,42.262,1614751199999,95329.0946077,349,26.98995,60881.8384957,0
2021-03-03 06:00:00,2252.05,2262.63,2233.21,2238.28,45.60176,1614752999999,102096.4789381,329,7.846,17593.9506066,0
2021-03-03 06:30:00,2237.27,2243.39,2227.09,2237.87,41.98912,1614754799999,93829.27154219999,365,15.10501,33783.3118745,0
2021-03-03 07:00:00,2239.43,2257.76,2237.57,2248.96,56.445190000000004,1614756599999,126826.18868900002,450,38.10922,85647.37212469999,0
2021-03-03 07:30:00,2251.43,2270.81,2246.02,2266.12,39.39078,1614758399999,89021.4304986,527,19.58531,44268.58132390001,0
2021-03-03 08:00:00,2268.96,2288.62,2264.82,2274.36,50.8591,1614760199999,115616.37001819999,569,21.6998,49337.694149,0
2021-03-03 08:30:00,2277.87,2349.94,2277.87,2311.86,152.91008,1614761999999,353827.0564891,1614,90.40314000000001,209212.11750770002,0
2021-03-03 09:00:00,2313.88,2327.3,2304.08,2320.49,54.65999,1614763799999,126778.8700401,513,17.14255,39753.5094776,0
2021-03-03 09:30:00,2317.35,2332.71,2308.97,2332.66,27.39351,1614765599999,63581.1107301,357,16.51303,38312.3479696,0
2021-03-03 10:00:00,2332.72,2333.24,2291.31,2317.19,36.15184,1614767399999,83639.94224419999,572,13.869079999999999,32112.1529815,0
2021-03-03 10:30:00,2317.15,2333.28,2304.24,2309.44,38.07268,1614769199999,88320.9157993,415,14.056820000000002,32599.8800326,0
2021-03-03 11:00:00,2309.47,2336.69,2309.47,2328.74,34.460570000000004,1614770999999,80174.7675196,449,17.054779999999994,39714.809208,0
2021-03-03 11:30:00,2332.98,2340.88,2299.0,2334.05,44.90501,1614772799999,104491.1175378,523,12.37612,28788.3823387,0
2021-03-03 12:00:00,2331.64,2341.97,2304.08,2331.86,58.55846,1614774599999,136351.7028639,437,24.93856,57963.2990428,0
2021-03-03 12:30:00,2331.89,2361.79,2330.58,2350.89,38.56746,1614776399999,90735.5689903,606,20.447589999999998,48146.1694483,0
2021-03-03 13:00:00,2352.46,2353.56,2316.04,2324.12,36.01746,1614778199999,83983.7674252,434,20.05976,46799.6163853,0
2021-03-03 13:30:00,2323.55,2332.7,2280.01,2299.74,52.279959999999996,1614779999999,120210.73300280001,641,19.426389999999998,44712.2823145,0
2021-03-03 14:00:00,2295.91,2296.2,2253.64,2265.42,49.75203,1614781799999,112812.41819200001,609,23.951179999999997,54302.03417459999,0
2021-03-03 14:30:00,2269.28,2285.06,2250.4,2261.22,67.80044000000001,1614783599999,153826.64023800002,637,33.284620000000004,75571.2291603,0
2021-03-03 15:00:00,2264.85,2285.41,2261.22,2285.41,32.785309999999996,1614785399999,74544.02065680001,297,16.896079999999998,38427.467683800016,0
2021-03-03 15:30:00,2279.12,2301.21,2270.43,2297.95,30.720190000000002,1614787199999,70147.66069310001,367,13.09807,29940.440445999997,0
2021-03-03 16:00:00,2298.81,2327.32,2296.49,2321.0,55.44083000000001,1614788999999,128258.76045239999,504,26.889029999999998,62271.4065602,0
2021-03-03 16:30:00,2324.47,2329.79,2307.42,2313.21,34.33662,1614790799999,79732.03600939999,359,18.60675,43245.6610881,0
2021-03-03 17:00:00,2315.36,2326.44,2306.3,2307.0,36.42601,1614792599999,84296.25446849999,332,22.74955,52704.555471,0
2021-03-03 17:30:00,2307.03,2311.03,2287.51,2299.45,52.85783000000001,1614794399999,121448.53758339999,653,24.206770000000002,55587.8614658,0
2021-03-03 18:00:00,2298.94,2306.87,2288.41,2300.8,30.36863,1614796199999,69669.888505,299,8.19646,18840.84825,0
2021-03-03 18:30:00,2296.11,2310.29,2289.34,2298.75,34.62023,1614797999999,79610.8317493,242,15.53834,35832.145712800004,0
2021-03-03 19:00:00,2301.79,2306.45,2252.49,2259.96,29.635659999999998,1614799799999,67364.3071148,344,10.985389999999999,24921.95290270001,0
2021-03-03 19:30:00,2256.38,2285.06,2250.33,2278.61,22.19601,1614801599999,50429.21120980001,289,12.22253,27750.746138,0
2021-03-03 20:00:00,2272.34,2283.36,2255.49,2255.49,14.173760000000001,1614803399999,32168.2126168,237,6.51347,14802.131795500001,0
2021-03-03 20:30:00,2259.32,2274.42,2212.06,2215.5,59.56126999999999,1614805199999,133142.8938697,724,26.523000000000003,59195.0259717,0
2021-03-03 21:00:00,2216.5,2231.24,2204.61,2231.24,38.2138,1614806999999,84626.11717160001,437,18.7385,41544.205042300004,0
2021-03-03 21:30:00,2226.77,2250.61,2226.13,2245.92,23.63545,1614808799999,52983.1292055,379,11.8969,26696.3587497,0
2021-03-03 22:00:00,2246.17,2261.62,2225.86,2251.55,22.3795,1614810599999,50235.14945,290,15.539000000000001,34867.118148,0
2021-03-03 22:30:00,2251.72,2251.73,2211.48,2212.96,19.93445,1614812399999,44421.449875,235,8.23241,18348.0652342,0
2021-03-03 23:00:00,2210.5,2248.41,2204.33,2241.17,27.051370000000002,1614814199999,60138.495843,351,13.376489999999999,29696.4499082,0
2021-03-03 23:30:00,2244.35,2244.35,2192.32,2195.92,36.15785,1614815999999,79812.43479279999,451,18.168779999999998,40122.0633184,0
2021-03-04 00:00:00,2195.92,2210.83,2153.38,2204.77,89.85446,1614817799999,196085.4270136,945,47.199040000000004,103136.7970659,0
2021-03-04 00:30:00,2202.01,2234.95,2196.46,2224.96,24.51039,1614819599999,54306.57714430001,281,15.737260000000001,34867.0960805,0
2021-03-04 01:00:00,2226.7,2234.17,2212.58,2228.33,8.74067,1614821399999,19442.7175402,179,5.11581,11383.3024484,0
2021-03-04 01:30:00,2231.56,2236.25,2219.53,2224.66,72.47421999999997,1614823199999,161464.8993153,428,37.508109999999995,83657.21087410001,0
2021-03-04 02:00:00,2223.55,2233.4,2217.29,2231.29,23.62092,1614824999999,52534.2249994,238,16.12235,35855.6632225,0
2021-03-04 02:30:00,2226.98,2237.65,2210.36,2211.84,12.93325,1614826799999,28740.1358213,205,6.83142,15186.595847499999,0
2021-03-04 03:00:00,2210.0,2218.58,2180.11,2184.34,20.8877,1614828599999,45972.2843375,408,10.86974,23928.7808366,0
2021-03-04 03:30:00,2180.43,2185.25,2116.28,2125.99,107.00317,1614830399999,229981.7677928,1153,57.523740000000004,123615.78443039999,0
2021-03-04 04:00:00,2129.76,2153.97,2120.72,2149.34,80.37715,1614832199999,171952.497875,616,43.33345,92706.7038415,0
2021-03-04 04:30:00,2149.41,2151.23,2117.89,2122.52,40.5203,1614833999999,86498.1543227,343,22.80546,48697.45883530001,0
2021-03-04 05:00:00,2126.8,2152.82,2126.8,2152.77,9.627889999999999,1614835799999,20637.789930000006,180,6.9519899999999994,14899.798869299999,0
2021-03-04 05:30:00,2148.09,2180.22,2141.91,2177.21,34.74624,1614837599999,75290.31300519999,377,19.565170000000002,42394.2907459,0
2021-03-04 06:00:00,2177.31,2190.19,2165.03,2183.6,31.67047,1614839399999,69017.1379623,377,21.36649,46589.455039399996,0
2021-03-04 06:30:00,2180.0,2180.0,2128.82,2137.99,45.97772,1614841199999,99144.431465,429,10.88383,23410.117466599997,0
2021-03-04 07:00:00,2135.1,2178.18,2133.06,2170.07,9.98962,1614842999999,21578.212316099998,267,5.73008,12399.909182,0
2021-03-04 07:30:00,2177.99,2180.61,2162.61,2175.13,23.32607,1614844799999,50622.602672,246,13.17724,28604.8911515,0
2021-03-04 08:00:00,2178.17,2201.79,2178.17,2195.16,46.00195,1614846599999,100912.4820585,408,36.94988,81091.46903250001,0
2021-03-04 08:30:00,2196.3,2201.93,2176.92,2191.75,11.015369999999999,1614848399999,24145.5673083,340,3.8949599999999998,8538.253294,0
2021-03-04 09:00:00,2192.46,2192.47,2116.29,2120.0,105.33742,1614850199999,226399.77218720003,930,38.9929,83497.61429760001,0
2021-03-04 09:30:00,2120.01,2140.22,2108.91,2124.87,56.654540000000004,1614851999999,120360.86837920001,577,21.389789999999998,45425.394085500004,0
2021-03-04 10:00:00,2119.2,2149.26,2118.49,2127.78,23.6047,1614853799999,50283.33747869999,326,17.237579999999998,36726.1851712,0
2021-03-04 10:30:00,2128.98,2147.66,2128.98,2140.05,11.63575,1614855599999,24870.5923999,164,5.39203,11526.603009,0
2021-03-04 11:00:00,2139.17,2150.83,2119.08,2120.74,23.6234,1614857399999,50320.1695185,269,6.10384,13016.420181200001,0
2021-03-04 11:30:00,2126.84,2162.08,2126.84,2153.41,18.81956,1614859199999,40395.689715099994,258,10.7665,23126.104575499998,0
2021-03-04 12:00:00,2150.97,2170.65,2139.29,2159.93,19.827560000000002,1614860999999,42767.062290099995,278,12.3397,26612.972445599997,0
2021-03-04 12:30:00,2153.41,2162.19,2149.5,2158.15,13.89211,1614862799999,29933.2818766,223,9.20245,19832.8398813,0
2021-03-04 13:00:00,2158.15,2165.03,2131.49,2165.01,52.52979000000001,1614864599999,112482.433907,371,13.02727,28009.784449299998,0
2021-03-04 13:30:00,2162.12,2195.64,2160.67,2179.64,69.24320999999999,1614866399999,150959.8084269,640,51.928309999999996,113228.0996332,0
2021-03-04 14:00:00,2185.16,2198.74,2170.36,2186.35,30.52225,1614868199999,66668.03542100001,439,18.67302,40776.359448100004,0
2021-03-04 14:30:00,2190.24,2210.52,2170.26,2171.17,65.50574,1614869999999,143980.6376033,621,36.80628,81029.2503005,0
2021-03-04 15:00:00,2170.16,2176.29,2138.49,2149.0,21.64924,1614871799999,46675.204065800004,407,7.87684,17008.6203747,0
2021-03-04 15:30:00,2149.0,2178.42,2148.4,2174.2,20.31294,1614873599999,43986.800921199996,165,11.1199,24087.6385336,0
2021-03-04 16:00:00,2173.01,2210.83,2159.95,2207.29,55.55126,1614875399999,121560.95589730001,600,36.91428,80801.6796808,0
2021-03-04 16:30:00,2210.24,2220.0,2176.74,2183.1,38.33928,1614877199999,84245.60898969999,535,19.6517,43222.4838387,0
2021-03-04 17:00:00,2183.22,2200.23,2160.85,2175.73,30.66425,1614878999999,66851.61319680001,474,12.97584,28326.4211918,0
2021-03-04 17:30:00,2175.34,2181.53,2114.17,2125.25,63.57937,1614880799999,136369.8701892,507,25.33036,54316.40280619999,0
2021-03-04 18:00:00,2122.25,2123.33,2068.72,2078.49,134.57706000000002,1614882599999,281497.54167340003,984,48.37368,101052.84672660001,0
2021-03-04 18:30:00,2078.28,2079.45,2045.28,2048.13,80.70291999999998,1614884399999,166101.0283404,700,28.16706,58088.4652579,0
2021-03-04 19:00:00,2049.61,2103.29,2048.48,2087.88,52.07671,1614886199999,108335.0628622,638,31.47291,65468.6000995,0
2021-03-04 19:30:00,2086.07,2120.99,2071.42,2104.41,88.16974,1614887999999,185612.68543860002,461,61.93999,130413.5807658,0
2021-03-04 20:00:00,2102.24,2105.48,2058.94,2095.69,66.24661,1614889799999,137903.26922349998,539,32.18762,66997.56693330001,0
2021-03-04 20:30:00,2097.33,2122.8,2093.26,2107.7,39.3754,1614891599999,83070.7568765,367,21.635479999999998,45648.112939,0
2021-03-04 21:00:00,2110.53,2132.19,2099.0,2119.45,13.465770000000001,1614893399999,28528.3168472,219,8.74648,18541.883497799998,0
2021-03-04 21:30:00,2119.45,2126.34,2088.27,2102.86,13.152470000000001,1614895199999,27675.407621099996,217,3.22952,6805.3464724,0
2021-03-04 22:00:00,2093.5,2122.44,2084.15,2102.22,25.882260000000002,1614896999999,54451.7132392,355,14.324829999999999,30125.6362303,0
2021-03-04 22:30:00,2100.0,2149.78,2092.11,2136.01,214.035,1614898799999,457074.3402097,1026,127.90151999999999,273024.3103913,0
2021-03-04 23:00:00,2138.26,2217.54,2138.26,2211.94,709.5123,1614900599999,1542516.1931668,2657,227.93624,496547.7238635,0
2021-03-04 23:30:00,2212.22,2216.1,2179.91,2194.87,66.57063000000001,1614902399999,146293.2203658,641,43.16107,94836.9439667,0
2021-03-05 00:00:00,2194.87,2197.47,2085.07,2088.34,67.07045,1614904199999,143211.1046363,767,24.95451,53136.9959696,0
2021-03-05 00:30:00,2088.34,2104.3,2057.38,2081.6,54.356559999999995,1614905999999,112837.5570875,621,23.09463,48075.5896688,0
2021-03-05 01:00:00,2081.36,2083.61,2052.66,2055.89,39.45284,1614907799999,81492.4424195,357,19.24822,39776.27357290001,0
2021-03-05 01:30:00,2054.37,2071.19,2052.3,2057.57,19.38781,1614909599999,39959.2264726,209,11.74775,24221.235414900002,0
2021-03-05 02:00:00,2055.65,2063.33,2050.0,2054.17,39.25979,1614911399999,80826.6155594,361,26.99505,55584.35850519999,0
2021-03-05 02:30:00,2056.9,2074.74,2055.16,2072.38,133.80466,1614913199999,276120.3682558,568,113.86294,234950.3753961,0
2021-03-05 03:00:00,2071.8,2085.64,2061.15,2073.26,45.10284,1614914999999,93577.4641862,372,15.9828,33156.564077099996,0
2021-03-05 03:30:00,2074.98,2100.0,2071.84,2087.5,40.79198,1614916799999,85159.46584219999,273,21.05247,43936.7483193,0
2021-03-05 04:00:00,2090.0,2095.03,2074.31,2095.03,9.829310000000001,1614918599999,20494.0963858,191,3.1515,6572.9522649,0
2021-03-05 04:30:00,2093.34,2103.99,2053.42,2057.0,22.540779999999998,1614920399999,46721.697617699996,341,6.18708,12839.441224799999,0
2021-03-05 05:00:00,2056.75,2089.95,2045.11,2054.16,15.98061,1614922199999,32945.175040099995,298,5.0232,10361.115063,0
2021-03-05 05:30:00,2052.83,2087.91,2046.98,2079.78,12.72793,1614923999999,26372.0355185,233,8.10266,16792.450580700002,0
2021-03-05 06:00:00,2086.36,2101.02,2079.0,2082.57,14.72848,1614925799999,30795.8281327,246,4.63159,9686.354344399999,0
2021-03-05 06:30:00,2086.7,2106.11,2080.92,2099.73,8.339189999999999,1614927599999,17506.8223208,104,3.4542900000000003,7256.451727099998,0
2021-03-05 07:00:00,2099.73,2109.76,2086.12,2090.71,28.87527,1614929399999,60586.56380619999,226,9.487639999999999,19881.3512213,0
2021-03-05 07:30:00,2090.7,2112.04,2086.69,2112.04,21.8645,1614931199999,45857.1107005,243,16.39455,34372.148043,0
2021-03-05 08:00:00,2109.21,2109.75,2048.09,2048.5,41.41891,1614932999999,85868.6581365,511,19.7803,41097.1722774,0
2021-03-05 08:30:00,2053.05,2077.0,2039.16,2070.14,55.445280000000004,1614934799999,114040.0664256,454,31.45507000000001,64847.14120780001,0
2021-03-05 09:00:00,2069.78,2104.57,2065.7,2089.11,70.53761999999998,1614936599999,147504.0182012,627,44.48873,93100.9960408,0
2021-03-05 09:30:00,2086.77,2103.99,2075.41,2095.79,17.4038,1614938399999,36370.3807429,229,5.24516,10964.959942399999,0
2021-03-05 10:00:00,2099.41,2111.17,2092.68,2101.65,17.160629999999998,1614940199999,36076.8997389,237,6.81772,14344.9536084,0
2021-03-05 10:30:00,2095.62,2105.75,2076.88,2098.03,17.72387,1614941999999,37076.48903419999,220,8.941139999999997,18735.1867768,0
2021-03-05 11:00:00,2105.89,2109.62,2092.59,2101.77,8.62947,1614943799999,18124.187413599997,70,3.9622,8322.5976146,0
2021-03-05 11:30:00,2098.78,2128.39,2098.54,2126.04,11.67793,1614945599999,24671.755522,212,7.80525,16474.088327200006,0
2021-03-05 12:00:00,2123.64,2127.07,2086.12,2096.44,27.617859999999997,1614947399999,58169.9884898,374,13.75719,28997.845531200004,0
2021-03-05 12:30:00,2095.6,2119.18,2095.6,2104.11,15.17915,1614949199999,31965.0364242,156,6.86595,14439.337738100001,0
2021-03-05 13:00:00,2109.76,2128.57,2109.76,2125.24,19.1903,1614950999999,40673.976824800004,212,12.30071,26066.6079892,0
2021-03-05 13:30:00,2125.25,2136.0,2097.94,2125.22,31.79669,1614952799999,67472.7141537,342,16.37327,34755.851034900006,0
2021-03-05 14:00:00,2122.52,2136.0,2119.99,2133.76,22.36743,1614954599999,47525.203178699994,262,3.84436,8186.9452345,0
2021-03-05 14:30:00,2133.76,2144.03,2119.95,2127.55,39.79817,1614956399999,84939.27500139999,388,17.53896,37464.963103099995,0
2021-03-05 15:00:00,2129.42,2142.7,2121.66,2127.58,10.67506,1614958199999,22766.499756,203,6.57547,14015.468736200002,0
2021-03-05 15:30:00,2127.58,2130.29,2099.86,2099.86,14.415970000000002,1614959999999,30501.964451800002,295,8.42205,17817.4395164,0
2021-03-05 16:00:00,2099.56,2104.57,2041.7,2041.7,55.52485,1614961799999,115109.8078556,709,29.77639000000001,61737.171551900006,0
2021-03-05 16:30:00,2046.39,2071.42,2041.7,2069.5,75.13243,1614963599999,154340.4347226,436,22.21012,45668.189539,0
2021-03-05 17:00:00,2069.53,2092.3,2061.15,2090.1,26.25508,1614965399999,54511.5852482,273,19.41356,40288.90573469998,0
2021-03-05 17:30:00,2090.1,2124.74,2090.1,2115.94,55.05224000000001,1614967199999,115766.2545481,390,38.82662,81575.845648,0
2021-03-05 18:00:00,2119.16,2136.1,2107.91,2121.17,24.48852,1614968999999,52029.5557874,268,14.029279999999998,29827.248970499997,0
2021-03-05 18:30:00,2126.73,2131.9,2108.91,2124.15,11.983239999999999,1614970799999,25393.3270366,216,6.90747,14650.865446799999,0
2021-03-05 19:00:00,2125.36,2133.01,2114.95,2129.13,17.981939999999994,1614972599999,38170.105614399996,164,10.54411,22382.677153,0
2021-03-05 19:30:00,2129.16,2132.11,2121.04,2122.39,19.82893,1614974399999,42171.554163400004,204,11.87781,25270.6078326,0
2021-03-05 20:00:00,2126.98,2137.52,2125.27,2131.13,9.78855,1614976199999,20861.543238799997,172,4.948169999999998,10553.549614399999,0
2021-03-05 20:30:00,2130.39,2140.61,2125.0,2133.63,12.55831,1614977999999,26769.2368914,142,8.9523,19085.4059181,0
2021-03-05 21:00:00,2131.0,2131.0,2119.53,2121.87,17.97469,1614979799999,38250.1273348,180,10.49392,22339.658429099996,0
2021-03-05 21:30:00,2121.27,2124.87,2103.32,2105.84,27.19619,1614981599999,57426.0114844,304,10.11156,21342.1031062,0
2021-03-05 22:00:00,2107.68,2115.93,2093.66,2106.44,27.92367,1614983399999,58743.12710569999,317,17.78135,37419.3248764,0
2021-03-05 22:30:00,2104.54,2106.62,2079.6,2088.28,33.49165,1614985199999,70126.6277584,369,15.86085,33182.997625,0
2021-03-05 23:00:00,2086.2,2089.0,2070.0,2078.19,18.02629,1614986999999,37522.2963785,248,9.46711,19704.2452671,0
2021-03-05 23:30:00,2077.28,2077.28,2057.0,2057.0,25.86117,1614988799999,53410.966777199996,360,11.73432,24238.3210445,0
2021-03-06 00:00:00,2062.37,2074.31,2057.0,2073.68,96.0174,1614990599999,198337.8383282,674,28.09052,58003.88054500001,0
2021-03-06 00:30:00,2074.74,2087.37,2057.0,2079.8,43.705220000000004,1614992399999,90436.4152778,469,30.22124,62551.5490529,0
2021-03-06 01:00:00,2079.89,2098.71,2079.81,2091.72,61.3676,1614994199999,128257.91569619998,327,31.00233,64818.0416344,0
2021-03-06 01:30:00,2093.79,2093.81,2079.61,2089.37,14.181939999999999,1614995999999,29576.3677823,225,6.69756,13975.3345759,0
2021-03-06 03:30:00,2084.49,2091.29,2063.79,2066.69,81.68431,1615003199999,169571.6685105,607,29.491659999999996,61234.2064331,0
2021-03-06 04:00:00,2066.69,2068.82,2043.67,2050.3,58.93248000000001,1615004999999,121089.1812652,675,32.269290000000005,66301.08184219999,0
2021-03-06 04:30:00,2053.8,2061.84,2047.0,2052.67,18.743129999999997,1615006799999,38493.9735831,190,6.74299,13843.003322999999,0
2021-03-06 05:00:00,2050.97,2062.49,2045.0,2059.75,10.68972,1615008599999,21952.811355,131,4.94709,10156.4936684,0
2021-03-06 05:30:00,2059.39,2091.17,2059.39,2088.39,31.329590000000003,1615010399999,65252.1048153,295,22.374760000000002,46621.3906132,0
2021-03-06 06:00:00,2088.22,2130.83,2088.19,2125.51,58.32088,1615012199999,122772.6089112,686,30.74448,64709.71776290001,0
2021-03-06 06:30:00,2125.44,2128.53,2110.07,2123.0,37.32627,1615013999999,79041.2044985,328,15.467429999999998,32798.916110900005,0
2021-03-06 07:00:00,2123.0,2132.49,2116.0,2123.32,19.618920000000006,1615015799999,41682.8674866,282,12.73396,27056.282529400003,0
2021-03-06 07:30:00,2121.7,2131.32,2111.48,2116.13,24.463,1615017599999,51839.666311400004,286,9.682039999999999,20522.7434809,0
2021-03-06 08:00:00,2119.96,2142.85,2116.18,2120.86,18.9403,1615019399999,40372.2000432,283,8.52266,18160.876841,0
2021-03-06 08:30:00,2122.0,2134.11,2111.87,2121.02,12.28559,1615021199999,26096.4766428,255,8.2938,17635.2953234,0
2021-03-06 09:00:00,2120.81,2140.05,2113.81,2124.47,18.617829999999998,1615022999999,39651.1445313,238,8.82571,18798.3045498,0
2021-03-06 09:30:00,2120.05,2131.34,2115.76,2124.03,11.87875,1615024799999,25215.6583904,181,4.99411,10598.74446,0
2021-03-06 10:00:00,2124.03,2137.87,2121.08,2137.87,6.11209,1615026599999,13006.2759012,124,4.97,10577.5541968,0
2021-03-06 10:30:00,2133.9,2139.71,2112.74,2115.82,29.695790000000002,1615028399999,63156.6644675,318,14.213510000000001,30237.6032585,0
2021-03-06 11:00:00,2114.33,2142.84,2111.89,2139.15,22.97032,1615030199999,49038.8490081,267,16.5378,35307.6725962,0
2021-03-06 11:30:00,2138.8,2138.8,2116.51,2133.38,26.17811,1615031999999,55692.5990602,307,11.673060000000001,24842.9611607,0
2021-03-06 12:00:00,2126.08,2130.07,2094.89,2111.58,25.36654,1615033799999,53414.698919099996,362,7.4714800000000015,15727.739870399999,0
2021-03-06 12:30:00,2111.53,2113.1,2085.6,2088.82,31.58757,1615035599999,66321.8641072,270,11.88322,24936.287467500002,0
2021-03-06 13:00:00,2086.59,2097.94,2054.57,2058.69,19.89753,1615037399999,41299.8997934,334,9.7029,20182.068020400002,0
2021-03-06 13:30:00,2058.69,2080.37,2054.73,2072.16,18.54271,1615039199999,38372.76659280001,237,11.91709,24679.6919807,0
2021-03-06 14:00:00,2070.0,2097.52,2065.9,2094.73,23.624779999999998,1615040999999,49303.350525300004,226,13.54216,28240.878656800003,0
2021-03-06 14:30:00,2094.73,2153.4,2087.79,2142.85,356.37703999999997,1615042799999,759742.7392640002,1164,129.86978,276739.2187819,0
2021-03-06 15:00:00,2142.85,2192.43,2140.0,2184.08,701.1592400000003,1615044599999,1525860.2017418996,3014,267.30917,581465.6387162,0
2021-03-06 15:30:00,2181.49,2254.99,2180.7,2204.77,597.91367,1615046399999,1325000.0399528,3645,240.26814,532302.4998134,0
2021-03-06 16:00:00,2204.79,2247.0,2193.08,2225.61,117.27118999999999,1615048199999,260271.9024309,1571,66.85977,148430.4512565,0
2021-03-06 16:30:00,2225.79,2249.96,2213.16,2227.65,105.88812,1615049999999,236457.80699779995,1009,43.1994,96356.2542068,0
2021-03-06 17:00:00,2225.21,2264.86,2217.62,2257.73,94.03135999999999,1615051799999,210914.13975610002,1354,57.2728,128527.00487799999,0
2021-03-06 17:30:00,2257.96,2259.89,2239.66,2253.05,99.48645,1615053599999,223848.12511079997,816,56.62518000000001,127451.06098299999,0
2021-03-06 18:00:00,2256.07,2332.48,2252.27,2294.37,475.60873,1615055399999,1095991.8944324,3310,228.68177000000003,526616.8034265001,0
2021-03-06 18:30:00,2294.37,2295.36,2272.55,2288.07,131.41145,1615057199999,300283.9407868,1224,69.35913000000001,158500.8099676,0
2021-03-06 19:00:00,2287.83,2293.5,2245.99,2249.77,191.99149,1615058999999,436521.0342088,1702,109.91838999999999,250227.84695960002,0
2021-03-06 19:30:00,2248.29,2275.17,2246.25,2252.77,171.04654,1615060799999,385501.9717613,1103,97.33539,219423.91720220004,0
2021-03-06 20:00:00,2252.79,2265.75,2245.55,2257.47,83.53999,1615062599999,188428.16428079997,844,49.85452,112481.5370566,0
2021-03-06 20:30:00,2258.55,2286.66,2245.5,2271.56,89.3361,1615064399999,202218.3468166,749,44.29722,100374.8252572,0
2021-03-06 21:00:00,2271.56,2283.31,2248.02,2258.65,30.16446,1615066199999,68344.15473380001,404,15.07613,34158.669775200004,0
2021-03-06 21:30:00,2255.12,2258.85,2245.51,2250.69,31.13167,1615067999999,70136.68430349999,268,14.050670000000002,31660.2180689,0
2021-03-06 22:00:00,2254.9,2270.1,2238.58,2238.58,28.603279999999998,1615069799999,64498.14660290001,347,12.81552,28916.2076157,0
2021-03-06 22:30:00,2243.2,2255.41,2234.31,2242.04,41.832159999999995,1615071599999,93766.42718089999,437,21.39147,47965.479943599996,0
2021-03-06 23:00:00,2242.04,2254.27,2237.38,2240.36,37.90096,1615073399999,85208.2413227,358,14.90821,33541.364396499994,0
2021-03-06 23:30:00,2240.7,2251.33,2236.57,2249.64,25.59077000000001,1615075199999,57437.5216897,304,14.162889999999999,31803.9100329,0
2021-03-07 00:00:00,2250.65,2264.22,2217.26,2224.26,91.12295999999999,1615076999999,203631.8966634,854,52.43498,117206.6419431,0
2021-03-07 00:30:00,2224.25,2232.83,2218.11,2229.09,85.72858000000002,1615078799999,190917.5044122,879,41.7352,92989.9543758,0
2021-03-07 01:00:00,2231.25,2237.67,2217.29,2221.48,25.17672,1615080599999,55983.5351261,407,13.37967,29758.7802366,0
2021-03-07 01:30:00,2223.26,2228.17,2210.06,2212.82,26.489720000000002,1615082399999,58788.2359145,327,11.53839,25592.1109166,0
2021-03-07 02:00:00,2217.36,2233.19,2213.09,2219.88,29.595679999999998,1615084199999,65785.52366719999,297,13.62713,30307.495713700002,0
2021-03-07 02:30:00,2222.24,2228.69,2219.18,2219.47,20.25996,1615085999999,45012.746418099996,183,12.74362,28320.99587720001,0
2021-03-07 03:00:00,2221.29,2227.94,2209.74,2220.51,72.57641,1615087799999,160922.7275146,376,47.28182,104858.4174542,0
2021-03-07 03:30:00,2223.29,2225.0,2201.71,2212.39,15.67578,1615089599999,34680.8726369,219,7.01923,15530.479518900001,0
2021-03-07 04:00:00,2210.59,2212.46,2197.71,2198.01,24.80209,1615091399999,54675.83171240001,490,14.7783,32592.740853299998,0
2021-03-07 04:30:00,2197.98,2208.44,2195.83,2207.84,14.16952,1615093199999,31206.0503212,384,8.07982,17801.371553599998,0
2021-03-07 05:00:00,2204.12,2207.81,2189.43,2189.43,10.765410000000001,1615094999999,23623.9113601,265,4.55813,10005.7019581,0
2021-03-07 05:30:00,2192.07,2204.38,2186.29,2196.09,15.62035,1615096799999,34318.4191983,323,11.77095,25874.604279,0
2021-03-07 06:00:00,2198.63,2200.04,2190.78,2195.8,89.09343,1615098599999,195639.5939345,375,11.52868,25329.8233286,0
2021-03-07 06:30:00,2196.8,2225.09,2195.82,2197.75,139.8459,1615100399999,309698.5035413,925,66.77633,147807.4037496,0
2021-03-07 07:00:00,2199.14,2205.72,2185.57,2192.85,61.9413,1615102199999,136058.52156370002,410,28.244359999999997,62012.8990118,0
2021-03-07 07:30:00,2192.82,2209.99,2187.56,2201.74,45.8668,1615103999999,100767.3517038,407,30.8653,67853.6920935,0
2021-03-07 08:00:00,2202.87,2216.66,2201.58,2211.13,47.65198,1615105799999,105346.5624038,400,26.01419,57514.053266999996,0
2021-03-07 08:30:00,2212.72,2214.38,2201.45,2203.02,21.93144,1615107599999,48449.0398818,265,7.38674,16317.699553,0
2021-03-07 09:00:00,2203.04,2218.0,2202.45,2214.51,30.565309999999997,1615109399999,67583.7454898,375,20.867810000000002,46158.8620925,0
2021-03-07 09:30:00,2214.48,2215.93,2209.87,2215.7,20.15515,1615111199999,44599.203787,216,12.34954,27324.558940099996,0
2021-03-07 10:00:00,2213.92,2220.0,2208.62,2212.86,25.42547,1615112999999,56313.630479499996,298,16.95919,37565.377784599994,0
2021-03-07 10:30:00,2212.86,2215.78,2200.0,2208.2,19.61988,1615114799999,43274.7100362,349,7.0677,15596.813686000001,0
2021-03-07 11:00:00,2208.1,2208.23,2201.94,2208.13,8.74226,1615116599999,19280.0818384,154,6.12087,13500.888058200002,0
2021-03-07 11:30:00,2208.02,2219.22,2201.45,2209.54,24.7063,1615118399999,54602.7662883,333,15.294479999999998,33819.417738,0
2021-03-07 12:00:00,2210.0,2213.11,2191.82,2196.02,25.61926,1615120199999,56290.1606768,366,8.096219999999999,17795.1067995,0
2021-03-07 12:30:00,2196.02,2204.29,2194.48,2203.74,17.585060000000002,1615121999999,38691.5090129,187,8.327539999999999,18324.8966405,0
2021-03-07 13:00:00,2203.99,2203.99,2185.27,2196.17,42.89642,1615123799999,94154.9640091,815,12.68067,27821.5243905,0
2021-03-07 13:30:00,2196.28,2204.28,2191.7,2200.52,23.93732,1615125599999,52607.5141603,211,15.01265,33013.218153500005,0
2021-03-07 14:00:00,2202.61,2219.83,2163.0,2168.1,97.21162,1615127399999,212101.47870859999,854,40.28602,88069.48708310002,0
2021-03-07 14:30:00,2168.1,2183.21,2161.67,2183.14,16.76385,1615129199999,36426.7127717,247,7.0517600000000025,15325.068233599999,0
2021-03-07 15:00:00,2179.18,2193.24,2177.0,2189.49,11.89197,1615130999999,25969.9436123,245,7.14985,15615.394843099999,0
2021-03-07 15:30:00,2185.65,2197.49,2182.63,2195.81,27.94865,1615132799999,61206.632959899995,215,9.95616,21812.059772099998,0
2021-03-07 16:00:00,2198.69,2208.45,2195.74,2206.17,20.95275,1615134599999,46146.3154865,225,14.31545,31548.602192299997,0
2021-03-07 16:30:00,2206.17,2222.63,2206.17,2215.65,63.34164000000001,1615136399999,140315.943584,507,27.87057,61763.92368130001,0
2021-03-07 17:00:00,2219.51,2223.23,2212.71,2213.65,38.835570000000004,1615138199999,86167.19815299999,373,16.25698,36087.045202,0
2021-03-07 17:30:00,2216.86,2223.86,2213.18,2218.44,12.60753,1615139999999,27978.547625200004,189,7.21028,16009.9515799,0
2021-03-07 18:00:00,2218.11,2221.19,2208.2,2213.17,25.02114,1615141799999,55348.015422300006,172,8.42202,18635.5639689,0
2021-03-07 18:30:00,2211.8,2225.0,2206.56,2206.6,18.833679999999998,1615143599999,41720.990353800014,299,11.6369,25797.1056043,0
2021-03-07 19:00:00,2210.29,2210.29,2186.94,2197.12,17.93879,1615145399999,39357.0399366,333,8.57962,18815.1063775,0
2021-03-07 19:30:00,2197.12,2209.03,2191.83,2200.97,10.39763,1615147199999,22892.934589200002,99,2.44762,5393.7403961,0
2021-03-07 20:00:00,2196.27,2196.27,2165.03,2174.15,27.51841,1615148999999,59873.57188130001,303,11.39027,24767.1509207,0
2021-03-07 20:30:00,2170.32,2209.75,2170.32,2202.17,18.9261,1615150799999,41573.87147480001,307,5.5637,12228.523588099999,0
2021-03-07 21:00:00,2201.91,2217.62,2200.0,2212.79,41.34356,1615152599999,91361.48382180001,333,22.966279999999998,50749.0915396,0
2021-03-07 21:30:00,2214.11,2223.44,2212.79,2222.8,21.9066,1615154399999,48585.15934780001,183,13.32426,29549.0747425,0
2021-03-07 22:00:00,2219.51,2225.0,2215.23,2224.95,9.486,1615156199999,21065.0715229,105,3.0579099999999997,6793.8955852,0
2021-03-07 22:30:00,2221.81,2241.65,2217.59,2226.75,48.012840000000004,1615157999999,106978.34840710001,521,24.63335,54917.2252824,0
2021-03-07 23:00:00,2229.51,2239.72,2215.19,2224.29,30.99574,1615159799999,68905.52784889999,363,12.0162,26715.0383932,0
2021-03-07 23:30:00,2225.0,2256.91,2224.76,2255.89,71.03276,1615161599999,159454.11283670002,721,36.73087,82497.1769531,0
2021-03-08 00:00:00,2256.91,2265.2,2241.06,2254.56,76.71682,1615163399999,172776.27976960002,602,25.27117,56956.29451769999,0
2021-03-08 00:30:00,2254.98,2268.25,2222.61,2226.43,61.811119999999995,1615165199999,138731.3393413,677,24.483520000000002,54903.8213784,0
2021-03-08 01:00:00,2229.05,2237.03,2226.18,2230.53,29.11165,1615166999999,64960.4632732,260,15.652420000000001,34933.8991107,0
2021-03-08 01:30:00,2233.86,2243.96,2233.86,2238.88,15.58585,1615168799999,34893.7410567,210,10.12368,22670.0437069,0
2021-03-08 02:00:00,2238.96,2244.03,2199.24,2203.78,48.45385,1615170599999,107752.3690589,502,14.75883,32809.473393299995,0
2021-03-08 02:30:00,2199.65,2208.22,2188.47,2200.0,39.9425,1615172399999,87679.2797387,431,18.54256,40713.0569545,0
2021-03-08 03:00:00,2202.38,2209.76,2192.24,2196.66,26.323759999999996,1615174199999,57914.4277128,246,13.51615,29741.349608599998,0
2021-03-08 03:30:00,2195.16,2209.25,2195.08,2206.5,17.16849,1615175999999,37875.1183172,148,12.3382,27220.6324709,0
2021-03-08 04:00:00,2206.43,2212.15,2192.47,2205.0,6.74585,1615177799999,14864.277775600001,143,4.12056,9072.5301484,0
2021-03-08 04:30:00,2206.37,2208.04,2197.27,2206.09,24.5418,1615179599999,54052.3813299,219,18.80464,41423.0247859,0
2021-03-08 05:00:00,2205.98,2223.92,2205.98,2221.97,23.49205,1615181399999,52041.2126365,236,13.788889999999999,30565.468302599995,0
2021-03-08 05:30:00,2221.95,2232.73,2219.81,2228.75,22.74023,1615183199999,50616.27145350001,212,8.646339999999999,19263.6478469,0
2021-03-08 06:00:00,2232.33,2238.63,2214.49,2217.91,26.186329999999998,1615184999999,58276.042737699994,271,7.33405,16327.5505587,0
2021-03-08 06:30:00,2216.72,2219.42,2191.78,2195.62,30.89697,1615186799999,68195.2940698,318,10.34769,22823.3039651,0
2021-03-08 07:00:00,2192.11,2193.91,2132.09,2139.35,245.4679,1615188599999,529791.3131645,1588,154.09903,332948.267967,0
2021-03-08 07:30:00,2142.85,2157.22,2135.77,2156.67,45.35362,1615190399999,97493.8965663,486,26.7796,57590.0246,0
2021-03-08 08:00:00,2156.7,2156.7,2122.46,2134.06,99.99141999999999,1615192199999,213486.5962229,675,52.21504,111481.15036560001,0
2021-03-08 08:30:00,2131.38,2137.34,2120.39,2125.28,157.06572,1615193999999,334081.4792254,751,90.03112,191471.01741360003,0
2021-03-08 09:00:00,2123.66,2129.57,2101.84,2106.47,193.15093000000002,1615195799999,408980.1888637,1271,88.14983000000002,186632.724427,0
2021-03-08 09:30:00,2106.61,2107.52,2081.82,2089.56,233.75107999999997,1615197599999,488905.95225030003,1882,116.73857,244198.9655999,0
2021-03-08 10:00:00,2089.57,2101.01,2084.63,2101.01,306.35682,1615199399999,641219.0538249001,2430,118.41758,247863.0350295,0
2021-03-08 10:30:00,2098.38,2104.26,2091.3,2094.62,300.21981,1615201199999,629679.3642316,1744,132.56322,278081.4256112,0
2021-03-08 11:00:00,2094.59,2097.16,2060.0,2067.55,302.9924,1615202999999,630608.6816077,1899,124.33908000000001,258901.01307800002,0
2021-03-08 11:30:00,2065.49,2097.96,2065.49,2097.15,103.03138,1615204799999,214228.3307666,1028,70.55127,146723.10136360006,0
2021-03-08 12:00:00,2097.14,2106.85,2091.95,2104.64,137.68442,1615206599999,289099.19045359996,1027,88.58551,186013.7354004,0
2021-03-08 12:30:00,2104.62,2108.83,2094.33,2101.1,80.16263000000002,1615208399999,168391.608214,703,39.69998,83401.2516032,0
2021-03-08 13:00:00,2101.1,2116.81,2091.74,2109.84,98.1937,1615210199999,206901.03230129997,733,35.24038,74376.6750147,0
2021-03-08 13:30:00,2109.84,2117.22,2103.1,2115.0,79.55156,1615211999999,167972.31649870006,682,33.57695,70926.82696860001,0
2021-03-08 14:00:00,2114.99,2133.09,2112.38,2133.09,56.374759999999995,1615213799999,119507.62765339999,547,22.51124,47755.08884130001,0
2021-03-08 14:30:00,2133.09,2133.09,2104.79,2119.19,83.09059,1615215599999,176220.8635121,774,33.59628,71246.9773172,0
2021-03-08 15:00:00,2119.98,2128.58,2109.0,2128.08,24.574679999999997,1615217399999,52086.9547063,303,14.982389999999999,31771.2038228,0
2021-03-08 15:30:00,2128.08,2139.68,2121.14,2139.67,64.46459,1615219199999,137508.31662620002,510,44.80942,95629.3685526,0
2021-03-08 16:00:00,2139.67,2141.87,2121.57,2132.74,65.70838,1615220999999,140070.8695494,751,22.76533,48495.5307524,0
2021-03-08 16:30:00,2132.41,2132.42,2099.38,2114.63,74.33445999999998,1615222799999,156922.92228139998,701,21.78959,46013.2288012,0
2021-03-08 17:00:00,2115.0,2120.15,2109.35,2120.04,32.31155,1615224599999,68360.8780902,272,20.33729,43057.159333899996,0
2021-03-08 17:30:00,2117.75,2135.0,2116.2,2132.88,23.67954,1615226399999,50399.3781694,302,10.37583,22097.4766823,0
2021-03-08 18:00:00,2132.88,2133.1,2117.61,2127.42,24.28794,1615228199999,51620.90156280001,353,8.27086,17585.5331806,0
2021-03-08 18:30:00,2127.27,2135.75,2119.13,2130.69,24.09853,1615229999999,51223.3969175,264,11.038730000000001,23470.4539324,0
2021-03-08 19:00:00,2130.65,2136.96,2113.69,2136.96,108.72786,1615231799999,230471.6019644,658,35.8094,76047.2200595,0
2021-03-08 19:30:00,2136.99,2153.62,2124.47,2150.37,201.10361,1615233599999,431046.55888649996,1681,76.81022,164855.31456579998,0
2021-03-08 20:00:00,2150.7,2157.38,2144.28,2150.57,47.24776,1615235399999,101658.7398419,464,20.02617,43126.1164874,0
2021-03-08 20:30:00,2150.2,2164.28,2146.92,2153.32,97.70688,1615237199999,210406.7548636,684,37.92496,81685.7931954,0
2021-03-08 21:00:00,2153.84,2161.38,2149.21,2160.0,61.3189,1615238999999,132208.5272468,338,39.24237,84625.9130958,0
2021-03-08 21:30:00,2159.54,2170.0,2156.0,2160.94,86.71254,1615240799999,187668.10495210002,551,45.90837,99415.1128346,0
2021-03-08 22:00:00,2157.92,2160.61,2140.52,2144.38,76.31293000000002,1615242599999,164295.87652770002,473,39.20912,84406.1855971,0
2021-03-08 22:30:00,2141.73,2170.74,2140.0,2169.29,116.06758,1615244399999,250281.0172211,580,78.79012,169895.3593761,0
2021-03-08 23:00:00,2170.77,2199.0,2169.29,2197.85,252.74035,1615246199999,552619.9354761,1618,126.61655,276923.31776550005,0
2021-03-08 23:30:00,2197.82,2198.0,2181.4,2191.75,230.82473,1615247999999,505183.8222107,938,135.9586,297500.21025329997,0
2021-03-09 00:00:00,2194.0,2198.69,2140.0,2148.34,393.0267,1615249799999,851245.665697,1715,206.70743000000002,447411.3193554,0
2021-03-09 00:30:00,2151.71,2156.95,2133.39,2148.43,237.34976,1615251599999,508603.8396894,928,159.31053,341259.975186,0
2021-03-09 01:00:00,2147.65,2171.77,2146.26,2169.06,52.34926,1615253399999,113229.89994619999,415,30.779970000000002,66590.9051091,0
2021-03-09 01:30:00,2171.17,2190.54,2171.17,2188.87,60.28525,1615255199999,131618.78848669998,498,34.03503,74307.4593381,0
2021-03-09 02:00:00,2189.35,2197.89,2173.61,2183.29,66.86705,1615256999999,146013.60867850002,519,25.41505,55504.89818509999,0
2021-03-09 02:30:00,2187.43,2187.43,2173.45,2180.17,40.49883,1615258799999,88236.5791131,277,20.9105,45564.013695199996,0
2021-03-09 03:00:00,2183.18,2190.32,2173.42,2185.99,28.930940000000003,1615260599999,63153.2381401,290,18.03582,39388.1952122,0
2021-03-09 03:30:00,2187.89,2199.0,2185.12,2198.99,67.94886,1615262399999,149082.81346160002,459,38.058409999999995,83507.931829,0
2021-03-09 04:00:00,2198.99,2199.0,2178.46,2186.56,53.83943000000001,1615264199999,117822.76248559999,382,21.12211,46283.708873100004,0
2021-03-09 04:30:00,2183.13,2185.54,2175.04,2183.42,27.184829999999998,1615265999999,59285.1113043,243,11.635589999999999,25381.6277382,0
2021-03-09 05:00:00,2184.19,2196.59,2182.02,2184.53,43.52734,1615267799999,95211.1563679,345,22.16254,48461.6232311,0
2021-03-09 05:30:00,2185.59,2210.52,2185.2,2193.31,86.05122,1615269599999,189272.0836168,678,45.00781,99032.7353751,0
2021-03-09 06:00:00,2193.4,2204.68,2184.85,2188.97,72.53705,1615271399999,159272.4046245,711,37.07842,81453.6499637,0
2021-03-09 06:30:00,2187.98,2199.99,2178.71,2179.98,34.405229999999996,1615273199999,75289.6584927,331,21.80526,47707.231181999996,0
2021-03-09 07:00:00,2179.11,2195.97,2166.04,2190.91,130.37651,1615274999999,284383.5218456,699,50.41758,110044.75404919998,0
2021-03-09 07:30:00,2192.26,2193.34,2169.57,2176.0,88.5618,1615276799999,193019.3669252,396,44.96433,98042.18397360001,0
2021-03-09 08:00:00,2175.98,2195.99,2175.98,2189.66,83.50053,1615278599999,182805.07203789998,385,46.32137,101426.0514418,0
2021-03-09 08:30:00,2193.0,2217.07,2191.84,2217.05,109.23693999999999,1615280399999,240548.0110713,690,57.79091,127168.27539509999,0
2021-03-09 09:00:00,2213.75,2225.13,2201.83,2211.21,74.18436,1615282199999,164285.94532579998,603,31.740009999999998,70363.3206607,0
2021-03-09 09:30:00,2211.08,2219.19,2199.01,2211.7,162.0429,1615283999999,358106.2585462,694,62.00956,137011.1389006,0
2021-03-09 10:00:00,2209.92,2212.21,2198.12,2203.5,47.07308,1615285799999,103736.86524530001,503,25.6482,56546.3604267,0
2021-03-09 10:30:00,2203.12,2220.0,2195.56,2213.88,88.00261,1615287599999,194324.59089760002,560,58.717130000000004,129645.15525210001,0
2021-03-09 11:00:00,2217.73,2228.73,2203.87,2217.68,93.42166,1615289399999,207375.5094415,650,45.56752,101217.14509510002,0
2021-03-09 11:30:00,2220.86,2225.33,2200.79,2217.44,37.37914,1615291199999,82813.6171643,460,24.73508,54810.6435581,0
2021-03-09 12:00:00,2214.41,2230.0,2206.49,2229.7,42.78075,1615292999999,94900.57803110001,355,30.37605,67443.5432798,0
2021-03-09 12:30:00,2226.26,2229.65,2208.11,2218.56,66.51094,1615294799999,147400.6103535,430,21.87191,48507.452063699995,0
2021-03-09 13:00:00,2216.26,2237.89,2211.66,2223.68,129.46902,1615296599999,287902.72646090004,779,76.21499,169428.1289296,0
2021-03-09 13:30:00,2222.58,2239.0,2219.82,2229.9,49.14834000000001,1615298399999,109507.268107,402,28.24898,62954.849051699995,0
2021-03-09 14:00:00,2228.56,2231.24,2219.9,2222.5,31.60653,1615300199999,70286.0638773,354,13.37628,29750.550026599998,0
2021-03-09 14:30:00,2219.27,2223.92,2209.15,2213.59,48.35235,1615301999999,107149.26933610001,464,23.7887,52754.5194764,0
2021-03-09 15:00:00,2213.33,2213.59,2195.86,2209.75,57.17216,1615303799999,126005.5441724,601,26.72045,58909.107446099995,0
2021-03-09 15:30:00,2209.75,2212.75,2195.87,2212.74,20.6369,1615305599999,45502.7080765,303,11.18496,24680.7646157,0
2021-03-09 16:00:00,2212.67,2218.0,2189.77,2210.92,67.38637,1615307399999,148815.7061035,587,29.04516,64229.059750199995,0
2021-03-09 16:30:00,2206.24,2242.35,2204.0,2241.86,159.90296,1615309199999,356467.6299206,952,82.90475,184528.6662045,0
2021-03-09 17:00:00,2241.15,2271.02,2235.0,2257.61,151.38414,1615310999999,340864.0164677,1436,73.76201999999998,166229.2303292,0
2021-03-09 17:30:00,2255.48,2257.65,2224.48,2233.81,86.35965999999998,1615312799999,193309.74068279998,756,37.06452,82993.057246,0
2021-03-09 18:00:00,2230.84,2269.9,2218.99,2255.27,80.83577,1615314599999,182029.0264288,807,36.29764,81679.6728587,0
2021-03-09 18:30:00,2255.27,2260.06,2243.49,2251.66,57.92256999999999,1615316399999,130553.7422559,389,24.730520000000002,55726.4941081,0
2021-03-09 19:00:00,2251.68,2257.94,2241.47,2244.66,49.01389,1615318199999,110209.0710145,383,23.66614,53240.6450311,0
2021-03-09 19:30:00,2242.54,2244.56,2228.71,2239.14,38.47687,1615319999999,86052.2388275,386,15.96771,35733.0912262,0
2021-03-09 20:00:00,2239.1,2239.2,2221.88,2228.54,55.96824,1615321799999,124740.7250842,554,23.72758,52898.3978456,0
2021-03-09 20:30:00,2232.43,2242.41,2226.9,2239.94,38.931329999999996,1615323599999,86960.060921,290,12.83366,28689.1399439,0
2021-03-09 21:00:00,2238.93,2249.7,2231.0,2234.05,41.72969000000001,1615325399999,93485.8337294,315,16.54702,37079.2018327,0
2021-03-09 21:30:00,2234.04,2250.51,2221.78,2234.76,55.198409999999996,1615327199999,123362.4986773,422,30.878079999999997,68960.7660857,0
2021-03-09 22:00:00,2236.77,2246.58,2227.41,2227.41,35.82262,1615328999999,80076.93525630001,357,10.20444,22815.759392900003,0
2021-03-09 22:30:00,2227.41,2255.16,2224.26,2255.16,39.74798,1615330799999,88993.1124607,370,26.678440000000002,59778.9580133,0
2021-03-09 23:00:00,2255.02,2255.16,2240.55,2255.16,76.82176,1615332599999,173049.926746,304,63.74827,143664.9433295,0
2021-03-09 23:30:00,2252.01,2275.81,2249.88,2264.69,110.26621999999999,1615334399999,249657.8385234,694,73.68356999999997,166884.3977495,0
2021-03-10 00:00:00,2264.99,2278.58,2249.59,2272.17,62.44034,1615336199999,141322.7721615,547,24.9958,56649.6191916,0
2021-03-10 00:30:00,2272.72,2308.59,2265.43,2305.2,69.11869,1615337999999,158466.87507120002,950,46.79534,107258.37822819999,0
2021-03-10 01:00:00,2305.23,2322.8,2293.65,2310.53,107.37732,1615339799999,248332.1770389,1077,56.391769999999994,130387.4536445,0
2021-03-10 01:30:00,2309.67,2311.26,2236.08,2256.66,82.83139,1615341599999,188425.0657275,924,31.5947,71678.2331285,0
2021-03-10 02:00:00,2253.79,2255.53,2169.6,2226.31,147.67761000000004,1615343399999,325927.2680509,1343,64.99555,143337.14628010002,0
2021-03-10 02:30:00,2224.15,2241.33,2194.38,2230.0,49.52653,1615345199999,110129.7307503,478,28.14135,62581.0568246,0
2021-03-10 03:00:00,2230.0,2242.43,2204.34,2208.62,39.14227,1615346999999,87025.974342,447,21.58415,48047.203224900004,0
2021-03-10 03:30:00,2204.83,2217.47,2170.19,2191.27,33.42794,1615348799999,73252.997452,427,14.27449,31257.712909599995,0
2021-03-10 04:00:00,2191.32,2215.54,2170.0,2204.55,51.16081,1615350599999,112526.87054300001,511,25.89154,57019.0364026,0
2021-03-10 04:30:00,2200.0,2217.24,2186.09,2204.0,59.15347,1615352399999,130373.93894600001,522,35.16702,77532.92723439999,0
2021-03-10 05:00:00,2204.01,2215.62,2174.73,2207.77,48.958420000000004,1615354199999,107460.6320228,521,29.50795,64887.92593080001,0
2021-03-10 05:30:00,2204.75,2212.0,2200.03,2210.79,20.30039,1615355999999,44771.270332199994,151,11.02012,24303.316938900003,0
2021-03-10 06:00:00,2210.83,2215.84,2198.42,2213.27,22.73179,1615357799999,50152.9329199,218,14.496820000000001,31969.684961900002,0
2021-03-10 06:30:00,2215.71,2230.07,2213.36,2226.93,20.53833,1615359599999,45628.37216590001,284,11.16429,24805.402894,0
2021-03-10 07:00:00,2225.81,2230.26,2208.64,2218.31,33.893209999999996,1615361399999,75088.1368108,419,12.457360000000001,27608.482124500002,0
2021-03-10 07:30:00,2217.41,2224.56,2207.93,2213.82,37.70787,1615363199999,83544.4974723,345,17.378439999999998,38540.835566800015,0
2021-03-10 08:00:00,2216.72,2235.48,2206.49,2220.2,32.40085,1615364999999,72077.825738,378,14.5753,32429.428294300003,0
2021-03-10 08:30:00,2224.51,2224.94,2211.24,2213.0,33.004129999999996,1615366799999,73168.75508110001,331,6.6550199999999995,14761.4395964,0
2021-03-10 09:00:00,2216.6,2228.39,2210.56,2228.38,23.64102,1615368599999,52428.570951,295,10.43651,23159.954756299998,0
2021-03-10 09:30:00,2228.38,2239.83,2225.01,2229.48,40.76801,1615370399999,91004.707176,350,17.25214,38522.8158123,0
2021-03-10 10:00:00,2229.25,2234.68,2204.64,2218.52,117.84058,1615372199999,262069.2022994,649,65.43562,145586.7519012,0
2021-03-10 10:30:00,2218.33,2218.92,2201.47,2205.52,21.01037,1615373999999,46458.57397709999,288,8.8282,19524.3001461,0
2021-03-10 11:00:00,2205.86,2205.99,2181.61,2196.07,52.5557,1615375799999,115215.48596430001,474,24.4608,53635.8018856,0
2021-03-10 11:30:00,2196.03,2200.32,2188.88,2190.22,17.48948,1615377599999,38382.2579263,198,8.61364,18903.902701400002,0
2021-03-10 12:00:00,2190.11,2218.18,2187.54,2195.29,65.47576,1615379399999,144183.2025075,446,33.73141,74296.082692,0
2021-03-10 12:30:00,2196.71,2207.25,2196.71,2204.16,34.00391,1615381199999,74857.3022516,248,20.49999,45131.6840781,0
2021-03-10 13:00:00,2202.08,2218.6,2199.07,2212.64,37.12515,1615382999999,81974.3225404,311,20.79662,45958.965127699994,0
2021-03-10 13:30:00,2216.0,2236.72,2206.56,2233.65,67.10646,1615384799999,149204.678846,378,40.41641,89882.17510810003,0
2021-03-10 14:00:00,2233.65,2237.0,2222.01,2235.76,42.304829999999995,1615386599999,94468.014906,315,24.55417000000001,54844.4556734,0
2021-03-10 14:30:00,2235.76,2245.0,2228.06,2241.75,61.89406999999999,1615388399999,138291.4771557,494,29.44929,65829.533234,0
2021-03-10 15:00:00,2244.4,2308.0,2244.4,2269.23,264.9992,1615390199999,604182.8939978001,1796,139.08096,316897.8622612,0
2021-03-10 15:30:00,2271.92,2281.6,2255.19,2270.48,67.37109,1615391999999,152848.43507870001,516,36.56708,82989.7632173,0
2021-03-10 16:00:00,2270.08,2291.35,2256.25,2276.16,121.27793,1615393799999,276146.74305570003,785,54.29756,123556.2958611,0
2021-03-10 16:30:00,2276.86,2293.77,2265.92,2272.07,47.81129,1615395599999,108962.77730150001,531,25.66393,58521.47610780001,0
2021-03-10 17:00:00,2269.36,2300.0,2267.22,2293.44,60.64476,1615397399999,138628.7482833,551,31.430640000000004,71882.7962964,0
2021-03-10 17:30:00,2293.98,2298.62,2270.01,2274.99,74.94041999999997,1615399199999,171275.43237660002,541,38.46737,87944.42648410001,0
2021-03-10 18:00:00,2275.43,2276.1,2253.77,2255.8,70.73488,1615400999999,160044.41117220002,472,40.87124,92461.8725513,0
2021-03-10 18:30:00,2256.08,2267.94,2250.04,2259.8,67.61428000000001,1615402799999,152653.5835994,437,49.23314,111157.18217349998,0
2021-03-10 19:00:00,2256.86,2271.2,2252.85,2268.5,37.88726,1615404599999,85616.817284,307,10.10745,22855.249802000002,0
2021-03-10 19:30:00,2263.6,2268.36,2239.86,2241.34,25.272129999999997,1615406399999,56923.20341900001,300,5.21369,11756.2750001,0
2021-03-10 20:00:00,2244.33,2260.0,2222.45,2249.19,92.23513,1615408199999,207153.8099637,609,47.14664000000001,105947.0584392,0
2021-03-10 20:30:00,2241.16,2259.53,2231.1,2244.7,147.90535,1615409999999,332178.4333271,838,71.21947,160000.89027970002,0
2021-03-10 21:00:00,2244.71,2260.78,2205.05,2254.8,158.55353,1615411799999,353635.4612769,1196,68.98115,153795.2462589,0
2021-03-10 21:30:00,2259.13,2298.69,2256.59,2295.98,139.92763,1615413599999,318258.27202990005,1207,64.54064,146822.0732824,0
2021-03-10 22:00:00,2298.66,2299.93,2275.55,2287.68,67.49831,1615415399999,154677.969351,621,26.67898,61153.4578805,0
2021-03-10 22:30:00,2288.13,2352.33,2288.13,2322.8,156.63022,1615417199999,363872.4010297,1562,90.8861,211097.1516181,0
2021-03-10 23:00:00,2325.41,2326.45,2272.14,2280.2,313.9560600000001,1615418999999,721428.5797011,1731,161.95103,372157.0460947,0
2021-03-10 23:30:00,2276.77,2278.69,2248.18,2250.32,118.11466999999999,1615420799999,267009.33854850003,792,54.719030000000004,123807.4065637,0
2021-03-11 00:00:00,2253.91,2263.38,2226.51,2256.75,87.47704,1615422599999,196058.44249929997,773,39.08719,87671.5868989,0
2021-03-11 00:30:00,2257.19,2259.92,2211.11,2213.26,71.7581,1615424399999,160026.6602695,651,44.77615,99876.38804349999,0
2021-03-11 01:00:00,2211.12,2225.6,2155.1,2167.31,887.45202,1615426199999,1936395.5489101002,3715,600.6229400000002,1310392.9931805,0
2021-03-11 01:30:00,2169.79,2182.74,2160.41,2177.87,60.88316999999999,1615427999999,132214.8628419,623,27.884240000000002,60610.8276211,0
2021-03-11 02:00:00,2177.85,2196.38,2171.16,2195.87,101.38609,1615429799999,221701.4167467,564,52.81261,115470.4241352,0
2021-03-11 02:30:00,2196.03,2203.84,2185.17,2200.83,66.34193,1615431599999,145578.72585010002,437,39.78125,87315.7134135,0
2021-03-11 03:00:00,2200.24,2210.23,2195.0,2198.96,38.09362,1615433399999,83885.1850232,369,21.08351,46441.1201765,0
2021-03-11 03:30:00,2199.87,2207.75,2185.0,2201.05,46.59394,1615435199999,102173.2091695,336,25.32936,55545.846279699996,0
2021-03-11 04:00:00,2198.35,2208.51,2177.34,2199.95,105.6043,1615436999999,231558.9155178,820,61.09359,134040.6733084,0
2021-03-11 04:30:00,2202.62,2202.65,2177.2,2188.1,53.36424,1615438799999,116773.6249789,500,33.60807,73572.0735478,0
2021-03-11 05:00:00,2189.82,2189.83,2161.34,2178.32,93.45276,1615440599999,202923.3779923,766,47.84463,103903.64594439999,0
2021-03-11 05:30:00,2181.54,2182.79,2155.12,2168.85,78.48444,1615442399999,169921.42063829998,777,52.686080000000004,114146.1056192,0
2021-03-11 06:00:00,2166.5,2188.71,2157.78,2188.7,52.43046,1615444199999,113821.6484397,369,27.67369,60098.7049166,0
2021-03-11 06:30:00,2185.73,2192.41,2170.0,2192.36,29.67148,1615445999999,64724.492184099996,285,17.47764,38133.5373894,0
2021-03-11 07:00:00,2186.37,2199.33,2174.35,2199.33,35.87217000000001,1615447799999,78351.30678320001,351,13.368529999999998,29212.996377499996,0
2021-03-11 07:30:00,2195.96,2198.1,2155.1,2156.14,62.61844,1615449599999,136196.0692048,823,22.42876,48781.04365869999,0
2021-03-11 08:00:00,2156.14,2159.87,2110.97,2135.88,163.12221,1615451399999,348541.8297601,1229,70.84818,151182.7297438,0
2021-03-11 08:30:00,2138.41,2149.82,2126.94,2136.95,48.347429999999996,1615453199999,103351.7943772,373,16.28346,34822.0843603,0
2021-03-11 09:00:00,2136.05,2140.46,2121.95,2128.22,64.4124,1615454999999,137312.3615141,324,27.239459999999998,58147.4827592,0
2021-03-11 09:30:00,2121.94,2140.94,2118.18,2122.25,33.919709999999995,1615456799999,72186.08994410001,249,17.250529999999998,36736.4140055,0
2021-03-11 10:00:00,2125.45,2158.42,2120.93,2155.8,34.64565,1615458599999,74149.17696889999,298,21.697,46481.14761930001,0
2021-03-11 10:30:00,2157.48,2165.66,2145.92,2157.93,60.58902,1615460399999,130733.2296175,325,30.54532,65912.2342842,0
2021-03-11 11:00:00,2157.91,2172.98,2152.69,2169.41,60.97873000000001,1615462199999,132080.2957714,401,18.20684,39441.094754699996,0
2021-03-11 11:30:00,2169.5,2177.75,2162.06,2173.66,32.96946,1615463999999,71554.2509531,333,19.102629999999998,41483.9033232,0
2021-03-11 12:00:00,2175.6,2185.01,2172.71,2182.57,25.26398,1615465799999,55051.7085635,273,16.87215,36770.35672809999,0
2021-03-11 12:30:00,2185.0,2186.07,2175.05,2185.32,26.94895,1615467599999,58809.784118699994,277,14.45909,31570.8623672,0
2021-03-11 13:00:00,2182.45,2197.91,2180.62,2195.15,36.81349,1615469399999,80646.8895207,351,18.18434,39840.2173119,0
2021-03-11 13:30:00,2194.72,2213.51,2193.01,2206.62,37.81382,1615471199999,83215.058463,375,14.859589999999999,32694.2716179,0
2021-03-11 14:00:00,2206.97,2220.0,2205.88,2220.0,53.98582,1615472999999,119473.87875480001,611,33.23165,73576.67093610001,0
2021-03-11 14:30:00,2220.0,2223.05,2210.05,2222.78,33.08348,1615474799999,73395.7254283,401,25.72335,57090.4042633,0
2021-03-11 15:00:00,2220.0,2223.78,2200.69,2206.82,56.17345,1615476599999,124062.1546055,632,33.33954,73665.498496,0
2021-03-11 15:30:00,2203.01,2211.0,2172.02,2211.0,81.38207,1615478399999,178314.6703442,684,51.37934,112562.79605420001,0
2021-03-11 16:00:00,2211.0,2226.52,2209.5,2225.85,113.90428999999999,1615480199999,252406.89730850002,807,54.70999000000001,121318.15437289998,0
2021-03-11 16:30:00,2225.31,2228.41,2200.05,2208.39,50.054520000000004,1615481999999,110866.8830553,445,31.53953,69852.1967352,0
2021-03-11 17:00:00,2206.41,2214.79,2185.74,2185.74,51.25089000000001,1615483799999,112739.8235958,498,27.51655,60578.0483919,0
2021-03-11 17:30:00,2188.04,2216.77,2187.3,2211.92,34.040690000000005,1615485599999,75159.2232689,306,27.003429999999998,59644.8115109,0
2021-03-11 18:00:00,2211.32,2230.0,2200.02,2230.0,50.74069,1615487399999,112385.37302019999,434,38.10263,84444.5670463,0
2021-03-11 18:30:00,2230.0,2249.32,2219.46,2243.02,123.30856999999999,1615489199999,275744.48053470004,1019,80.47327,179976.32304760005,0
2021-03-11 19:00:00,2242.72,2250.0,2218.31,2225.44,61.70235,1615490999999,137918.2915803,606,31.31615,70069.1681485,0
2021-03-11 19:30:00,2225.64,2230.83,2199.23,2205.3,74.79961999999998,1615492799999,165847.9079363,559,34.0784,75627.555683,0
2021-03-11 20:00:00,2201.28,2262.7,2195.81,2258.62,116.64506999999999,1615494599999,260693.1691365,903,74.65777,167132.6985575,0
2021-03-11 20:30:00,2263.22,2271.82,2239.75,2248.37,150.39643999999996,1615496399999,339768.8029115,991,83.7977,189338.62466360003,0
2021-03-11 21:00:00,2247.89,2294.1,2243.36,2272.79,115.25268999999999,1615498199999,261427.17667410002,875,73.29581999999998,165964.2773509,0
2021-03-11 21:30:00,2276.27,2278.42,2250.7,2265.38,70.21157,1615499999999,158894.1685886,635,43.644040000000004,98827.691599,0
2021-03-11 22:00:00,2260.91,2272.27,2255.54,2270.17,31.29696,1615501799999,70815.8973383,335,20.76344,46998.180205000004,0
2021-03-11 22:30:00,2269.1,2272.51,2228.02,2231.37,79.31393,1615503599999,178478.5580751,771,50.133179999999996,112845.6232062,0
2021-03-11 23:00:00,2231.38,2245.67,2228.35,2229.96,41.80693,1615505399999,93473.98183260001,392,20.920579999999998,46779.1393628,0
2021-03-11 23:30:00,2232.54,2236.72,2223.44,2230.26,14.557310000000001,1615507199999,32443.3913772,263,6.48606,14460.592395299998,0
2021-03-12 00:00:00,2228.69,2244.08,2213.16,2219.25,52.47519000000001,1615508999999,116843.35647480002,476,29.23108,65113.3484439,0
2021-03-12 00:30:00,2219.25,2242.19,2208.57,2242.01,100.82958,1615510799999,224153.40997320003,712,64.09621,142561.224372,0
2021-03-12 01:00:00,2239.7,2292.57,2235.88,2282.07,179.00933,1615512599999,407763.31259170006,1442,46.0799,104733.7761323,0
2021-03-12 01:30:00,2279.88,2297.06,2250.28,2261.55,86.12165,1615514399999,195786.12994220003,830,38.75605,88076.4665671,0
2021-03-12 02:00:00,2259.64,2276.0,2230.51,2240.93,146.80288000000004,1615516199999,330305.09778609994,903,62.482169999999996,140918.7680566,0
2021-03-12 02:30:00,2237.71,2246.92,2234.3,2241.02,39.59476,1615517999999,88700.290652,381,15.5594,34859.6993256,0
2021-03-12 03:00:00,2243.2,2256.53,2240.42,2249.0,44.76204,1615519799999,100678.7686417,294,25.25354,56799.74459520001,0
2021-03-12 03:30:00,2248.63,2257.72,2239.98,2241.06,39.3471,1615521599999,88521.13707710002,278,23.24758,52302.7260975,0
2021-03-12 04:00:00,2245.45,2252.08,2216.56,2219.13,96.79659000000001,1615523399999,215743.7867367,642,13.98829,31185.496057999997,0
2021-03-12 04:30:00,2216.58,2225.92,2208.86,2220.45,35.29377,1615525199999,78238.9136503,365,18.6125,41272.1729367,0
2021-03-12 05:00:00,2217.28,2235.31,2213.05,2228.1,42.6023,1615526999999,94796.8831482,314,33.0691,73590.9006591,0
2021-03-12 05:30:00,2234.39,2235.61,2224.35,2229.7,4.80501,1615528799999,10725.701153799999,93,2.40581,5372.2545404,0
2021-03-12 06:00:00,2230.01,2244.24,2227.2,2230.35,85.6778,1615530599999,191500.97357489998,457,48.51181,108475.68174279999,0
2021-03-12 06:30:00,2236.41,2239.92,2215.17,2220.82,17.295270000000002,1615532399999,38529.802893,200,6.5903899999999975,14704.983329799998,0
2021-03-12 07:00:00,2217.98,2217.98,2187.08,2198.09,33.29907,1615534199999,73188.8771667,536,10.53337,23158.89898,0
2021-03-12 07:30:00,2194.61,2204.05,2192.48,2198.31,14.897479999999998,1615535999999,32740.2727422,213,9.05382,19896.9293224,0
2021-03-12 08:00:00,2199.66,2214.46,2190.63,2203.24,70.96794,1615537799999,156243.8838064,447,45.97078,101206.7909343,0
2021-03-12 08:30:00,2202.07,2225.64,2202.07,2220.2,34.498259999999995,1615539599999,76475.5907643,442,16.95905,37636.0238893,0
2021-03-12 09:00:00,2215.48,2225.0,2205.3,2224.96,31.883129999999998,1615541399999,70723.6884791,279,16.934379999999994,37579.9077808,0
2021-03-12 09:30:00,2224.81,2230.38,2205.3,2215.03,32.051790000000004,1615543199999,71081.29750569999,309,15.05021,33403.5083819,0
2021-03-12 10:00:00,2215.07,2215.07,2152.22,2155.01,63.88353000000001,1615544999999,138905.8467605,712,34.13321,74261.4299576,0
2021-03-12 10:30:00,2152.22,2209.6,2151.25,2209.16,43.3294,1615546799999,94797.8671691,556,26.526609999999998,58046.9911959,0
2021-03-12 11:00:00,2203.81,2237.61,2192.63,2213.93,57.73545,1615548599999,128251.4163032,825,31.83755,70758.7544775,0
2021-03-12 11:30:00,2210.33,2210.33,2175.0,2178.42,32.125840000000004,1615550399999,70384.9710743,356,14.625070000000001,32079.307123000002,0
2021-03-12 12:00:00,2178.62,2195.12,2162.02,2174.9,36.14056,1615552199999,78603.1180766,496,17.483829999999998,38036.1633678,0
2021-03-12 12:30:00,2175.23,2187.7,2160.73,2177.13,23.364179999999998,1615553999999,50807.30724559999,253,10.46602,22765.957748700002,0
2021-03-12 13:00:00,2173.76,2173.77,2100.0,2118.95,184.98764,1615555799999,393209.7899355,1648,76.43763,162761.1492663,0
2021-03-12 13:30:00,2120.5,2152.7,2100.0,2142.21,123.86322,1615557599999,263629.9073191,805,44.70562,95442.71038060001,0
2021-03-12 14:00:00,2144.0,2153.96,2117.92,2153.54,90.40795,1615559399999,192965.544568,540,31.029840000000004,66332.520123,0
2021-03-12 14:30:00,2155.12,2169.85,2137.19,2160.99,30.355059999999998,1615561199999,65354.4318507,351,17.44165,37573.9560996,0
2021-03-12 15:00:00,2164.42,2213.68,2151.95,2200.0,346.16727000000014,1615562999999,759698.1172864998,1660,255.34337000000002,560279.6690989999,0
2021-03-12 15:30:00,2199.96,2225.84,2187.71,2213.04,229.90106,1615564799999,506853.9432792,1210,107.22405,236276.0077614,0
2021-03-12 16:00:00,2211.84,2236.07,2204.25,2233.28,61.20636,1615566599999,136140.4768641,534,23.46013,52197.5209982,0
2021-03-12 16:30:00,2233.77,2236.32,2218.58,2221.32,32.001529999999995,1615568399999,71242.246723,362,9.770710000000001,21783.0385914,0
2021-03-12 17:00:00,2219.55,2221.32,2210.5,2214.25,9.10011,1615570199999,20161.009254900004,223,3.9460900000000003,8746.9292524,0
2021-03-12 17:30:00,2213.79,2217.0,2187.06,2198.13,29.43775,1615571999999,64792.956193499995,426,6.96183,15336.371098500002,0
2021-03-12 18:00:00,2196.66,2210.0,2193.3,2196.04,34.79395,1615573799999,76543.7753087,288,18.30636,40250.5404065,0
2021-03-12 18:30:00,2196.04,2210.0,2187.17,2187.17,10.78761,1615575599999,23740.6602917,150,4.8964300000000005,10781.440504200002,0
2021-03-12 19:00:00,2195.71,2201.33,2145.88,2158.77,49.74541,1615577399999,107924.26985839999,554,13.606779999999999,29436.0353167,0
2021-03-12 19:30:00,2154.57,2180.0,2123.76,2127.49,71.43251,1615579199999,153933.9448688,761,31.63881,68397.7183774,0
2021-03-12 20:00:00,2127.33,2141.98,2089.45,2098.86,150.55736000000005,1615580999999,317564.9587103,1359,74.41626,157112.33276420002,0
2021-03-12 20:30:00,2098.94,2122.43,2091.07,2112.52,51.54142,1615582799999,108913.05572480001,449,30.50937,64500.8507189,0
2021-03-12 21:00:00,2108.47,2121.97,2095.0,2117.6,120.10258,1615584599999,253276.69841210003,662,40.2184,84933.79463480001,0
2021-03-12 21:30:00,2121.39,2137.38,2112.53,2122.02,65.66597,1615586399999,139442.3989875,441,45.847559999999994,97372.7404255,0
2021-03-12 22:00:00,2124.0,2127.79,2109.49,2119.52,15.22657,1615588199999,32284.2593819,230,4.29767,9122.0575157,0
2021-03-12 22:30:00,2120.49,2133.17,2116.08,2129.16,47.23829,1615589999999,100248.87331849999,384,31.1266,66082.5693505,0
2021-03-12 23:00:00,2126.14,2135.56,2122.02,2131.18,19.06099,1615591799999,40629.630133599996,156,3.4139999999999997,7269.2883746000025,0
2021-03-12 23:30:00,2133.55,2140.96,2117.7,2136.07,14.905660000000001,1615593599999,31783.4140019,152,7.58263,16168.2256292,0
2021-03-13 00:00:00,2133.74,2133.74,2086.07,2092.57,68.26638,1615595399999,143407.26440379999,490,21.994310000000002,46161.60935,0
2021-03-13 00:30:00,2092.56,2112.52,2092.49,2109.79,24.673939999999998,1615597199999,51839.6185252,308,11.41142,23995.400471599998,0
2021-03-13 01:00:00,2111.37,2111.37,2082.01,2085.96,133.09855,1615598999999,278147.7133644,586,19.60335,41010.4635995,0
2021-03-13 01:30:00,2090.18,2107.07,2083.71,2099.7,12.00142,1615600799999,25144.5191705,201,4.2783,8958.7750468,0
2021-03-13 02:00:00,2101.89,2109.45,2087.36,2105.82,12.92273,1615602599999,27128.916194499998,157,8.86093,18598.6154338,0
2021-03-13 02:30:00,2108.53,2117.94,2106.33,2116.95,48.6001,1615604399999,102751.80850510001,438,28.34585,59956.552324699995,0
2021-03-13 03:00:00,2116.95,2133.74,2107.76,2133.23,36.97525,1615606199999,78361.8406367,396,26.9586,57187.42262030001,0
2021-03-13 03:30:00,2133.23,2138.46,2110.68,2117.77,21.30702,1615607999999,45259.716677599994,319,12.41503,26392.733697599997,0
2021-03-13 04:00:00,2116.1,2122.69,2105.98,2114.42,41.70472,1615609799999,88235.1700866,389,29.57217,62582.9471288,0
2021-03-13 04:30:00,2115.52,2139.85,2102.3,2139.85,54.237030000000004,1615611599999,115227.42447309999,532,36.080890000000004,76683.0477218,0
2021-03-13 05:00:00,2140.01,2146.59,2128.91,2138.9,26.636509999999998,1615613399999,56964.04451919999,356,16.98621,36348.814194599996,0
2021-03-13 05:30:00,2138.43,2142.3,2128.57,2133.28,37.7877,1615615199999,80705.318469,410,21.81762,46610.2589024,0
2021-03-13 06:00:00,2135.34,2138.83,2124.07,2130.12,13.112520000000002,1615616999999,27921.71825290001,242,4.75957,10137.996834200001,0
2021-03-13 06:30:00,2132.46,2137.07,2124.5,2129.6,20.998,1615618799999,44761.683664,187,12.99446,27712.7561963,0
2021-03-13 07:00:00,2131.36,2154.0,2106.06,2108.06,146.60445,1615620599999,311643.7730122,827,102.69703,218798.18821370002,0
2021-03-13 07:30:00,2111.06,2111.06,2091.68,2094.31,157.69416,1615622399999,331197.2166942,1196,54.91867,115394.4348944,0
2021-03-13 08:00:00,2097.09,2112.53,2095.8,2107.66,144.24913,1615624199999,303635.675898,864,73.99478,155794.06011420002,0
2021-03-13 08:30:00,2107.39,2118.01,2107.32,2118.01,59.80314,1615625999999,126431.3628476,500,51.8697,109671.69503839998,0
2021-03-13 09:00:00,2118.36,2128.57,2111.88,2127.09,26.32705,1615627799999,55791.633989199996,311,13.75368,29175.93111640001,0
2021-03-13 09:30:00,2129.35,2146.33,2125.58,2145.7,42.93824,1615629599999,91727.60045560001,699,30.3493,64864.9612365,0
2021-03-13 10:00:00,2145.71,2154.0,2123.09,2148.07,139.08475,1615631399999,297242.6396915,1007,63.42361,135635.0977033,0
2021-03-13 10:30:00,2152.04,2166.19,2118.51,2157.91,203.25902,1615633199999,437484.1979247,850,120.22938,259274.75313340002,0
2021-03-13 11:00:00,2155.18,2176.59,2155.17,2156.21,131.94293000000002,1615634999999,286045.7314395,794,77.10911999999998,167226.8257957,0
2021-03-13 11:30:00,2156.21,2196.0,2154.39,2184.83,276.65173,1615636799999,602007.7879279,1325,188.26386000000002,410319.3416783,0
2021-03-13 12:00:00,2187.88,2196.0,2161.31,2178.05,115.28691,1615638599999,251910.8991997,603,59.07819,129542.3033967,0
2021-03-13 12:30:00,2180.9,2196.0,2174.11,2192.25,81.73584,1615640399999,179116.1281434,622,58.37099,128047.0343786,0
2021-03-13 13:00:00,2192.49,2202.15,2183.71,2190.0,86.55941,1615642199999,189852.4635761,645,44.77906,98282.3563333,0
2021-03-13 13:30:00,2190.01,2194.51,2180.79,2188.28,28.570040000000002,1615643999999,62482.024668,334,12.095469999999999,26464.0286803,0
2021-03-13 14:00:00,2184.56,2200.7,2184.56,2192.34,41.663090000000004,1615645799999,91410.5542127,256,22.12335,48541.0641743,0
2021-03-13 14:30:00,2192.34,2217.06,2188.6,2210.37,57.7681,1615647599999,127481.22080139999,562,30.41886,67154.7647681,0
2021-03-13 15:00:00,2210.3,2217.86,2202.49,2212.27,23.47344,1615649399999,51845.5948014,321,10.00685,22131.5041736,0
2021-03-13 15:30:00,2211.23,2214.23,2188.75,2201.59,36.41522,1615651199999,80205.9932506,436,17.7084,39001.5420403,0
2021-03-13 16:00:00,2207.3,2228.58,2199.2,2206.23,74.61081,1615652999999,165239.1349275,804,48.72088,107985.9745783,0
2021-03-13 16:30:00,2203.12,2230.77,2202.53,2219.65,22.701079999999997,1615654799999,50382.141146300004,341,14.4059,31979.162740599997,0
2021-03-13 17:00:00,2216.83,2227.35,2202.36,2206.83,55.16575,1615656599999,122182.0519661,331,38.85259,86065.4319082,0
2021-03-13 17:30:00,2203.43,2208.45,2198.42,2203.89,51.81782000000001,1615658399999,114165.3398769,487,29.867590000000003,65825.3440234,0
2021-03-13 18:00:00,2207.62,2216.5,2199.63,2214.33,36.114670000000004,1615660199999,79738.8995575,417,22.398529999999997,49468.684991300004,0
2021-03-13 18:30:00,2214.33,2216.33,2200.0,2208.56,23.792170000000002,1615661999999,52518.0066911,221,12.90812,28505.104043700005,0
2021-03-13 19:00:00,2208.56,2211.8,2198.19,2204.96,43.19336,1615663799999,95183.31441030001,343,25.43528,56063.72406749999,0
2021-03-13 19:30:00,2205.52,2206.06,2191.16,2193.84,35.847229999999996,1615665599999,78767.22794129999,288,3.77187,8292.699935600001,0
2021-03-13 20:00:00,2194.0,2226.45,2189.97,2223.84,80.87071,1615667399999,178697.045475,512,67.63134000000001,149618.98641220006,0
2021-03-13 20:30:00,2226.65,2235.6,2216.44,2221.0,59.78805,1615669199999,132988.8446863,674,23.90146,53213.73360450001,0
2021-03-13 21:00:00,2218.55,2224.04,2178.2,2185.14,97.93535,1615670999999,215328.08419720002,925,43.3134,95205.43003969999,0
2021-03-13 21:30:00,2185.13,2189.77,2158.11,2173.48,158.0722,1615672799999,343878.12748240004,1203,81.62891,177688.5811699,0
2021-03-13 22:00:00,2172.78,2176.84,2163.85,2169.24,30.281440000000003,1615674599999,65706.321365,296,13.5211,29343.530069,0
2021-03-13 22:30:00,2165.97,2179.17,2161.82,2165.12,17.61629,1615676399999,38230.249735900004,215,8.45843,18371.469095400003,0
2021-03-13 23:00:00,2169.12,2178.05,2165.12,2178.05,17.80284,1615678199999,38627.976969999996,190,6.2948699999999995,13665.5660385,0
2021-03-13 23:30:00,2178.57,2184.46,2173.86,2176.17,13.00601,1615679999999,28331.66964800001,170,5.5555,12108.9585195,0
2021-03-14 00:00:00,2177.7,2189.24,2173.15,2189.24,27.72945,1615681799999,60533.4901235,391,16.034000000000002,35023.1451112,0
2021-03-14 00:30:00,2186.06,2190.65,2145.0,2145.64,68.03153,1615683599999,147198.3181534,615,18.43134,39972.453027999996,0
2021-03-14 01:00:00,2146.08,2149.46,2103.12,2113.16,104.33545,1615685399999,221662.95269120001,1312,51.7237,109896.2219266,0
2021-03-14 01:30:00,2113.86,2133.15,2113.85,2129.65,42.73824000000001,1615687199999,90832.8571455,536,20.66931,43953.7098102,0
2021-03-14 02:00:00,2125.84,2138.99,2121.43,2136.51,19.33623,1615688999999,41274.280403300014,238,9.13738,19505.329762,0
2021-03-14 02:30:00,2137.51,2147.84,2126.67,2140.08,21.54401,1615690799999,46024.2309496,300,9.57685,20497.848876400003,0
2021-03-14 03:00:00,2139.6,2153.59,2130.33,2145.4,17.24788,1615692599999,36994.4236398,300,5.56757,11948.5225031,0
2021-03-14 03:30:00,2145.0,2155.89,2141.39,2147.94,18.43639,1615694399999,39627.359702999995,524,5.1090599999999995,10994.092259000001,0
2021-03-14 04:00:00,2147.83,2152.33,2130.0,2152.33,41.356429999999996,1615696199999,88571.55387460002,410,12.7939,27415.560947799997,0
2021-03-14 04:30:00,2155.0,2156.72,2140.23,2142.01,12.964960000000001,1615697999999,27836.1732791,213,7.8285,16815.4772141,0
2021-03-14 05:00:00,2142.05,2143.3,2116.59,2122.45,43.27635,1615699799999,92059.29178089999,637,15.23161,32427.027133300002,0
2021-03-14 05:30:00,2122.43,2152.49,2122.43,2150.85,23.5323,1615701599999,50278.9487314,411,14.3508,30669.796183899998,0
2021-03-14 06:00:00,2147.0,2147.0,2122.59,2133.77,44.02782,1615703399999,93960.5850179,493,22.50818,48014.562845199995,0
2021-03-14 06:30:00,2133.66,2163.69,2125.13,2160.33,35.41138,1615705199999,76012.4291473,421,16.41052,35228.7037017,0
2021-03-14 07:00:00,2161.47,2171.0,2143.35,2165.66,41.5099,1615706999999,89605.09255539998,553,19.69152,42508.1549754,0
2021-03-14 07:30:00,2167.1,2167.76,2122.44,2128.33,40.14757,1615708799999,86118.6873042,627,16.319470000000006,35073.591903099994,0
2021-03-14 08:00:00,2129.06,2164.69,2119.65,2159.41,49.12316,1615710599999,105251.313948,658,28.49622,61143.2831752,0
2021-03-14 08:30:00,2155.02,2167.6,2135.02,2167.6,12.00577,1615712399999,25845.0053409,287,5.941669999999999,12798.076047499999,0
2021-03-14 09:00:00,2164.61,2175.52,2163.01,2175.07,19.07594,1615714199999,41420.897891199995,259,7.7075,16738.228758899993,0
2021-03-14 09:30:00,2175.24,2182.04,2171.96,2176.32,33.36134000000001,1615715999999,72659.7454123,279,15.673810000000001,34161.669015900006,0
2021-03-14 10:00:00,2174.76,2176.84,2156.31,2161.09,21.44639,1615717799999,46456.2707746,333,8.12635,17595.1844542,0
2021-03-14 10:30:00,2157.67,2158.2,2109.97,2114.73,68.90975,1615719599999,146677.5614575,886,38.0215,81010.25364919999,0
2021-03-14 11:00:00,2114.51,2127.24,2099.0,2116.36,85.6495,1615721399999,180997.58399100002,778,42.80405,90503.0485876,0
2021-03-14 11:30:00,2113.97,2173.97,2112.8,2172.28,70.04213,1615723199999,150640.04893279998,815,40.26694000000001,86561.8749584,0
2021-03-14 12:00:00,2171.55,2203.74,2166.53,2195.0,179.49665,1615724999999,393003.05504219997,1857,98.99743000000001,216663.13052779998,0
2021-03-14 12:30:00,2192.89,2203.5,2175.95,2194.13,88.41693000000002,1615726799999,194082.3806934,644,31.477320000000002,69150.4167015,0
2021-03-14 13:00:00,2195.0,2202.22,2156.27,2166.61,63.207980000000006,1615728599999,137813.2532899,608,34.81337,75963.7496402,0
2021-03-14 13:30:00,2166.62,2169.2,2131.68,2135.72,46.42535,1615730399999,99778.71632569999,718,13.93485,29919.95021000001,0
2021-03-14 14:00:00,2135.73,2174.72,2135.71,2151.44,47.089729999999996,1615732199999,101961.39138360001,627,25.69127000000001,55654.29515880001,0
2021-03-14 14:30:00,2152.94,2169.43,2145.75,2153.1,145.18049,1615733999999,312885.30394099996,780,98.31283,211917.46185279998,0
2021-03-14 15:00:00,2155.0,2155.0,2125.32,2144.36,36.306490000000004,1615735799999,77606.5617964,457,11.58381,24780.685631599998,0
2021-03-14 15:30:00,2145.95,2152.16,2112.54,2121.89,61.51654,1615737599999,130984.53929449999,699,25.49035,54346.9013834,0
2021-03-14 16:00:00,2119.68,2148.49,2101.36,2131.02,70.39514,1615739399999,149759.7941321,816,45.1254,96045.2139595,0
2021-03-14 16:30:00,2131.02,2135.12,2102.56,2107.03,27.35782,1615741199999,57939.409670099994,531,10.55375,22356.0560576,0
2021-03-14 17:00:00,2107.0,2139.74,2107.0,2136.33,17.72652,1615742999999,37719.6338735,370,9.86249,20988.2271969,0
2021-03-14 17:30:00,2133.66,2133.66,2117.1,2120.33,7.938510000000001,1615744799999,16860.8067537,147,3.16606,6731.694722600001,0
2021-03-14 18:00:00,2123.0,2166.52,2123.0,2154.27,52.693659999999994,1615746599999,113283.4142812,455,34.8784,75002.25071689999,0
2021-03-14 18:30:00,2157.66,2164.28,2136.96,2141.54,50.51806,1615748399999,108491.21924070001,487,23.50556,50516.022856,0
2021-03-14 19:00:00,2140.47,2147.9,2132.88,2143.52,47.1732,1615750199999,100974.5971264,375,21.81561,46702.1301111,0
2021-03-14 19:30:00,2142.25,2142.74,2105.85,2112.35,69.66107,1615751999999,147692.32297520002,620,18.533479999999997,39290.1976738,0
2021-03-14 20:00:00,2112.35,2120.15,2097.5,2107.0,42.73264,1615753799999,89930.86988710002,480,20.49171,43160.8952954,0
2021-03-14 20:30:00,2107.0,2116.6,2099.86,2113.46,95.44004,1615755599999,200934.37596220002,745,74.24756,156306.0325615,0
2021-03-14 21:00:00,2113.46,2115.0,2096.46,2096.47,51.79173,1615757399999,108875.6797894,446,19.74785,41537.6703184,0
2021-03-14 21:30:00,2096.47,2107.14,2082.0,2095.2,62.22087,1615759199999,130099.71998860002,949,19.16931,40135.769291000004,0
2021-03-14 22:00:00,2095.4,2098.5,2055.17,2086.37,166.49536,1615760999999,345752.61357359996,1567,67.35807,140110.9442774,0
2021-03-14 22:30:00,2087.75,2098.71,2075.75,2094.56,31.820359999999997,1615762799999,66329.8047596,366,15.45168,32220.786094200004,0
2021-03-14 23:00:00,2094.56,2113.62,2091.54,2107.25,29.72449000000001,1615764599999,62558.3966153,345,18.89096,39759.8629929,0
2021-03-14 23:30:00,2108.45,2110.0,2040.53,2042.71,152.50651000000005,1615766399999,315168.0220157,1309,36.66506,75687.32364710001,0
2021-03-15 00:00:00,2040.53,2097.66,2036.55,2089.21,107.57815,1615768199999,222074.74667679996,1083,72.38565,149602.4993362,0
2021-03-15 00:30:00,2088.98,2094.86,2068.88,2069.8,40.33535,1615769999999,84091.28276889997,369,25.14508,52431.64599040001,0
2021-03-15 01:00:00,2072.02,2090.57,2051.78,2089.76,52.8894,1615771799999,109197.2173774,466,30.17688,62352.93214530001,0
2021-03-15 01:30:00,2088.76,2093.65,2079.61,2090.0,21.988960000000002,1615773599999,45888.6652701,171,7.4478800000000005,15545.797330000001,0
2021-03-15 02:00:00,2089.61,2104.0,2083.23,2099.11,28.517970000000002,1615775399999,59722.14687130001,352,15.877320000000001,33265.317768199995,0
2021-03-15 02:30:00,2099.84,2101.64,2081.8,2082.0,39.079159999999995,1615777199999,81598.7689094,327,12.907919999999999,26948.421109099996,0
2021-03-15 03:00:00,2086.11,2089.45,2075.39,2089.39,25.225839999999998,1615778999999,52518.5065195,225,14.03522,29240.9903265,0
2021-03-15 03:30:00,2083.72,2093.12,2080.0,2088.8,27.61085,1615780799999,57581.692002699994,177,13.95455,29098.8711235,0
2021-03-15 04:00:00,2092.17,2101.63,2086.81,2094.62,23.68794,1615782599999,49632.1628768,306,11.77577,24671.5050738,0
2021-03-15 04:30:00,2092.63,2093.25,2061.92,2070.2,52.68728,1615784399999,109194.92240339999,448,31.759520000000002,65855.2266569,0
2021-03-15 05:00:00,2064.09,2066.27,2043.97,2048.25,88.4631,1615786199999,181587.996921,499,40.29068,82794.9183938,0
2021-03-15 05:30:00,2048.2,2058.41,2040.0,2041.27,35.16191,1615787999999,71975.3130875,817,16.851229999999994,34516.1755119,0
2021-03-15 06:00:00,2042.71,2053.42,2008.71,2011.78,142.97988999999995,1615789799999,289690.549219,987,62.00665,125515.57951540001,0
2021-03-15 06:30:00,2012.24,2012.24,1991.08,1999.57,108.71605,1615791599999,217441.14093109997,775,44.54076,89117.0813252,0
2021-03-15 07:00:00,1995.55,1996.47,1941.37,1980.0,156.75603,1615793399999,309662.5196775,1390,71.35478,141081.8407719,0
2021-03-15 07:30:00,1985.33,2008.24,1981.58,1992.65,112.49237,1615795199999,224732.46859960002,744,49.4837,98865.578851,0
2021-03-15 08:00:00,1990.86,2009.98,1979.23,2008.53,51.22802,1615796999999,102141.2147327,435,34.57479,68931.45752150001,0
2021-03-15 08:30:00,2009.86,2009.86,1983.92,1994.54,24.697029999999998,1615798799999,49256.9240965,278,11.07119,22080.2162308,0
2021-03-15 09:00:00,1987.93,2007.78,1950.0,1955.78,135.32333,1615800599999,266437.2954197,763,66.88929,131805.7623264,0
2021-03-15 09:30:00,1959.51,1977.81,1932.84,1967.9,155.22212,1615802399999,303143.67687359994,1097,89.42344,174798.5383482,0
2021-03-15 10:00:00,1968.88,1986.99,1958.17,1982.74,44.91369,1615804199999,88816.2666374,466,18.5308,36623.75174740001,0
2021-03-15 10:30:00,1984.42,1999.64,1973.16,1997.22,32.4818,1615805999999,64587.51683380001,393,21.30283,42372.2918161,0
2021-03-15 11:00:00,1996.5,1998.87,1976.51,1994.98,19.52808,1615807799999,38835.5226751,327,7.4584199999999985,14830.9986432,0
2021-03-15 11:30:00,1992.63,2008.72,1988.23,1995.0,38.897459999999995,1615809599999,77778.26707510001,460,24.64176,49291.4717927,0
2021-03-15 12:00:00,1995.01,1995.01,1960.0,1980.72,50.68782,1615811399999,99914.3205262,526,27.9487,55063.10883960001,0
2021-03-15 12:30:00,1980.89,2021.99,1980.72,2018.06,35.62307,1615813199999,71512.1686508,629,23.49875,47190.7490252,0
2021-03-15 13:00:00,2017.1,2029.62,2003.39,2021.1,178.27485,1615814999999,359580.7815394,893,118.95544,239983.82781879997,0
2021-03-15 13:30:00,2021.52,2026.0,2014.47,2024.63,29.683459999999997,1615816799999,59988.0982572,358,12.14743,24554.817660099998,0
2021-03-15 14:00:00,2020.19,2032.0,2018.36,2031.45,64.04881999999999,1615818599999,129805.38143269999,547,43.49997000000001,88159.0208467,0
2021-03-15 14:30:00,2027.2,2035.84,2001.06,2001.06,95.85569,1615820399999,193727.8136068,659,63.49329,128481.503378,0
2021-03-15 15:00:00,2000.71,2023.65,2000.71,2008.4,28.27807,1615822199999,56968.360168499996,299,8.79402,17728.731819099998,0
2021-03-15 15:30:00,2005.88,2008.69,1989.93,1996.91,29.80317,1615823999999,59643.812728499994,533,14.85312,29755.9053059,0
2021-03-15 16:00:00,2000.06,2043.78,1988.72,2023.94,55.894330000000004,1615825799999,112982.94831440001,645,28.749340000000004,58211.99811950001,0
2021-03-15 16:30:00,2020.0,2025.38,1995.51,2006.92,25.796120000000002,1615827599999,51779.82039569999,348,8.11105,16305.303021099999,0
2021-03-15 17:00:00,2003.53,2006.97,1982.6,1988.38,22.53321,1615829399999,44916.463969,349,8.06489,16107.259065399998,0
2021-03-15 17:30:00,1988.38,2033.0,1988.38,2016.56,71.72137,1615831199999,144759.2340788,674,44.71405,90234.8200028,0
2021-03-15 18:00:00,2019.25,2039.27,2005.53,2035.19,35.08185,1615832999999,70928.45707979999,336,21.65277,43823.5680242,0
2021-03-15 18:30:00,2038.85,2039.27,2020.0,2020.96,26.94245,1615834799999,54702.6506734,382,10.85065,22053.2340894,0
2021-03-15 19:00:00,2029.25,2040.71,2027.08,2040.71,24.21913,1615836599999,49284.4150943,213,11.23901,22879.064172,0
2021-03-15 19:30:00,2040.71,2057.92,2031.91,2040.8,162.22878,1615838399999,331864.6111599,933,89.03113,182107.5890812,0
2021-03-15 20:00:00,2041.59,2131.04,2036.2,2073.7,321.37655,1615840199999,670653.8864331,2957,161.66055,337292.2718933,0
2021-03-15 20:30:00,2070.13,2076.13,2033.34,2034.31,59.27124,1615841999999,121650.6367194,645,25.42002,52072.2676051,0
2021-03-15 21:00:00,2038.12,2043.26,2026.04,2029.76,73.28334,1615843799999,149020.7448739,358,40.54783,82460.1042835,0
2021-03-15 21:30:00,2030.04,2042.03,2027.67,2033.26,16.80122,1615845599999,34182.7072119,193,12.39585,25225.3834623,0
2021-03-15 22:00:00,2033.44,2039.92,2003.47,2007.76,30.02836,1615847399999,60609.42930630001,430,16.93583,34164.6653951,0
2021-03-15 22:30:00,2004.25,2021.94,2004.25,2019.32,36.483000000000004,1615849199999,73414.1116769,216,10.95839,22062.8326045,0
2021-03-15 23:00:00,2022.1,2043.94,2022.1,2034.11,17.26236,1615850999999,35132.6866877,267,7.8563800000000015,15995.015709000001,0
2021-03-15 23:30:00,2030.6,2033.65,1990.1,1995.23,35.83128,1615852799999,71798.9112777,551,19.569679999999998,39248.9894517,0
2021-03-16 00:00:00,1997.29,2026.45,1980.67,1985.52,49.67194,1615854599999,99420.40459589999,620,25.32403,50653.6788677,0
2021-03-16 00:30:00,1986.33,1989.79,1955.87,1958.38,63.966359999999995,1615856399999,126353.23637089999,772,32.720929999999996,64675.39436699999,0
2021-03-16 01:00:00,1958.34,1968.98,1927.15,1968.17,117.93858,1615858199999,229449.91411070005,1028,57.84196,112529.5924277,0
2021-03-16 01:30:00,1963.95,1978.44,1952.76,1978.27,64.18268,1615859999999,125914.748623,646,38.71982,75961.7528205,0
2021-03-16 02:00:00,1976.75,1985.71,1964.6,1977.36,37.13225,1615861799999,73444.84412230001,358,15.75694,31158.6423271,0
2021-03-16 02:30:00,1980.83,2016.87,1974.5,2016.49,94.7221,1615863599999,189404.0627256,837,34.15753,68273.1289667,0
2021-03-16 03:00:00,2017.08,2022.68,1997.24,2015.45,61.13836,1615865399999,122783.53405310001,580,26.89462,54021.33842250001,0
2021-03-16 03:30:00,2014.72,2031.41,2005.89,2020.01,44.18069000000001,1615867199999,89217.20831439998,406,16.91133,34171.6269217,0
2021-03-16 04:00:00,2022.0,2054.44,2017.62,2053.02,33.12472,1615868999999,67347.35001390001,577,18.156660000000002,36897.9720611,0
2021-03-16 04:30:00,2055.57,2055.89,2030.0,2033.85,40.36712,1615870799999,82335.241475,431,12.94476,26408.894990599998,0
2021-03-16 05:00:00,2033.85,2037.56,2017.25,2024.85,16.69503,1615872599999,33796.6781549,295,9.095310000000001,18419.5388336,0
2021-03-16 05:30:00,2024.83,2026.68,1999.11,2020.53,28.994429999999998,1615874399999,58308.855967999996,421,12.57654,25302.0724272,0
2021-03-16 06:00:00,2019.29,2028.11,1994.87,2023.66,32.900040000000004,1615876199999,66080.9405498,414,15.72344,31535.5630643,0
2021-03-16 06:30:00,2024.28,2080.35,2022.86,2067.08,109.69209,1615877999999,226345.06625,1129,54.1258,111714.47691849999,0
2021-03-16 07:00:00,2066.05,2075.54,2060.99,2069.78,38.13582,1615879799999,78918.5520408,442,15.903889999999999,32931.866192,0
2021-03-16 07:30:00,2065.62,2078.1,2063.02,2074.25,39.76682,1615881599999,82248.12326030001,381,21.18294,43837.9828996,0
2021-03-16 08:00:00,2072.2,2088.72,2067.81,2084.88,38.72048,1615883399999,80455.7732516,499,17.27092,35907.67233630001,0
2021-03-16 08:30:00,2083.46,2099.5,2073.79,2088.8,45.46209,1615885199999,94799.4582109,612,28.358520000000002,59157.50468,0
2021-03-16 09:00:00,2092.43,2098.96,2086.79,2096.0,28.92467000000001,1615886999999,60591.846705699994,287,18.51071,38786.60407330001,0
2021-03-16 09:30:00,2094.81,2113.0,2094.81,2104.52,33.24277,1615888799999,69992.7361269,496,25.119,52898.4095961,0
2021-03-16 10:00:00,2104.52,2109.66,2069.05,2087.79,47.38399999999999,1615890599999,98891.77116880001,628,20.44156,42681.7759522,0
2021-03-16 10:30:00,2087.79,2101.66,2085.0,2093.94,15.229029999999998,1615892399999,31853.945055199998,266,7.758960000000001,16243.3744195,0
2021-03-16 11:00:00,2095.34,2097.42,2084.0,2093.65,12.81938,1615894199999,26796.2899376,193,7.66327,16020.0879658,0
2021-03-16 11:30:00,2094.0,2095.63,2070.05,2073.01,65.93656999999999,1615895999999,137291.624425,519,35.58024,74078.3619714,0
2021-03-16 12:00:00,2074.28,2080.02,2055.26,2066.69,75.69304,1615897799999,156410.3537037,653,41.529070000000004,85835.6713835,0
2021-03-16 12:30:00,2063.94,2065.76,2044.0,2058.25,22.15294,1615899599999,45487.032426,315,11.157969999999999,22921.037906999998,0
2021-03-16 13:00:00,2058.25,2069.54,2052.31,2059.67,25.3123,1615901399999,52141.80020490001,321,8.89409,18334.480859,0
2021-03-16 13:30:00,2056.37,2061.5,2033.33,2043.83,41.131190000000004,1615903199999,84039.6877287,567,16.98443,34675.454501,0
2021-03-16 14:00:00,2044.27,2052.88,2033.33,2041.54,10.38654,1615904999999,21216.895535,212,6.48259,13246.083380600001,0
2021-03-16 14:30:00,2038.97,2047.32,2036.74,2042.97,18.98842,1615906799999,38754.694146800015,176,7.07578,14446.9672644,0
2021-03-16 15:00:00,2043.01,2053.49,2037.8,2037.8,19.29949,1615908599999,39489.95471190001,251,11.98395,24539.311836099998,0
2021-03-16 15:30:00,2041.68,2045.23,2036.03,2040.3,12.77167,1615910399999,26043.1035989,201,4.97919,10163.111390799999,0
2021-03-16 16:00:00,2044.66,2050.4,2033.15,2034.03,55.58958000000001,1615912199999,113494.68209189999,431,33.80588,69068.63208010001,0
2021-03-16 16:30:00,2034.07,2046.47,2034.07,2037.76,21.83255,1615913999999,44596.860714099996,161,6.7115,13706.245304299999,0
2021-03-16 17:00:00,2041.17,2056.38,2007.23,2014.07,93.37886,1615915799999,189282.0772132,1009,33.65043,68260.8215776,0
2021-03-16 17:30:00,2010.94,2019.23,1992.76,2008.83,64.09642,1615917599999,128407.95824200001,769,39.30233,78766.8030475,0
2021-03-16 18:00:00,2011.41,2027.46,2008.86,2024.1,17.59274,1615919399999,35511.9862385,256,12.79781,25838.481883,0
2021-03-16 18:30:00,2024.1,2029.63,2017.76,2019.44,35.3152,1615921199999,71463.9427962,306,12.92195,26161.533161400002,0
2021-03-16 19:00:00,2019.44,2043.27,2012.16,2040.68,29.798140000000004,1615922999999,60509.71869269999,391,21.94874,44609.7309489,0
2021-03-16 19:30:00,2040.64,2060.37,2034.18,2051.07,81.31064,1615924799999,166370.39499429998,851,53.30768000000001,109129.0899106,0
2021-03-16 20:00:00,2050.08,2059.47,2038.54,2045.8,17.072779999999998,1615926599999,35009.8709648,287,8.932160000000003,18341.432264099996,0
2021-03-16 20:30:00,2050.23,2055.32,2043.29,2052.22,14.85585,1615928399999,30452.9064767,195,5.38549,11047.9946453,0
2021-03-16 21:00:00,2048.66,2057.18,2045.65,2052.32,50.32904,1615930199999,103152.4602164,290,27.9589,57310.06004219999,0
2021-03-16 21:30:00,2050.0,2052.81,2023.58,2023.58,84.71256,1615931999999,172563.174647,568,32.24153,65642.0630771,0
2021-03-16 22:00:00,2025.78,2027.17,2010.9,2026.42,59.77896,1615933799999,120728.7505214,511,38.96888,78740.77798060003,0
2021-03-16 22:30:00,2026.31,2044.99,2021.43,2042.18,98.81546,1615935599999,201031.2452034,703,50.91122,103524.78505610001,0
2021-03-16 23:00:00,2040.12,2056.44,2040.12,2047.81,25.90213,1615937399999,53033.46989569999,358,18.19848,37251.5837208,0
2021-03-16 23:30:00,2047.96,2080.97,2038.58,2070.01,279.26873,1615939199999,576586.2936361,1146,72.36171,149269.3549435,0
2021-03-17 00:00:00,2070.01,2078.89,2035.99,2038.48,57.0551,1615940999999,117896.052132,623,16.406760000000002,33916.2724338,0
2021-03-17 00:30:00,2039.24,2065.11,2038.73,2065.11,28.71422,1615942799999,58994.7647171,274,26.007820000000002,53452.45852250001,0
2021-03-17 01:00:00,2063.44,2088.14,2062.34,2079.81,84.1617,1615944599999,174771.8685921,698,49.1702,102268.92844260001,0
2021-03-17 01:30:00,2083.11,2083.11,2069.53,2073.36,15.85423,1615946399999,32940.3278364,223,8.917769999999997,18540.5963395,0
2021-03-17 02:00:00,2075.46,2081.28,2067.38,2077.69,13.6552,1615948199999,28352.7450525,173,9.690760000000001,20124.391445700006,0
2021-03-17 02:30:00,2078.17,2088.91,2067.33,2086.79,19.13506,1615949999999,39788.1739188,234,10.00351,20802.8441301,0
2021-03-17 03:00:00,2083.76,2089.38,2074.9,2084.57,23.72247,1615951799999,49419.690481800004,235,10.4666,21811.2041241,0
2021-03-17 03:30:00,2084.57,2087.46,2060.93,2064.51,36.16608,1615953599999,74914.59578130001,372,19.119770000000006,39643.837395099996,0
2021-03-17 04:00:00,2061.14,2096.85,2060.43,2069.59,44.67549,1615955399999,93126.3942273,649,29.910740000000004,62418.43114680001,0
2021-03-17 04:30:00,2068.47,2082.72,2064.26,2070.53,6.55439,1615957199999,13590.0853303,157,3.26538,6774.883882699999,0
2021-03-17 05:00:00,2067.06,2080.03,2064.79,2072.47,11.55167,1615958999999,23933.095076400004,96,5.16836,10695.1763823,0
2021-03-17 05:30:00,2073.04,2109.69,2073.04,2106.09,31.21787,1615960799999,65583.32704330001,587,18.55397,38989.12004140001,0
2021-03-17 06:00:00,2107.19,2108.96,2081.96,2082.53,17.67905,1615962599999,37032.0346063,305,5.90004,12373.1833606,0
2021-03-17 06:30:00,2083.17,2088.05,2076.88,2086.38,11.44913,1615964399999,23835.217742700002,157,7.241239999999999,15073.721684600001,0
2021-03-17 07:00:00,2088.94,2103.62,2086.43,2093.5,32.70505,1615966199999,68572.9234527,276,14.56275,30515.785075300002,0
2021-03-17 07:30:00,2090.44,2094.23,2076.69,2082.57,25.50716,1615967999999,53126.2935953,271,12.00376,24999.5002648,0
2021-03-17 08:00:00,2082.57,2096.86,2071.83,2079.21,21.302429999999998,1615969799999,44480.1493261,265,13.08647,27352.051165900004,0
2021-03-17 08:30:00,2077.99,2078.81,2062.1,2066.72,19.874660000000002,1615971599999,41123.4825792,278,6.13667,12694.6155403,0
2021-03-17 09:00:00,2063.66,2074.21,2048.44,2049.71,22.47021,1615973399999,46297.75966,347,6.45805,13311.4778404,0
2021-03-17 09:30:00,2049.69,2051.04,2021.25,2044.63,42.31565,1615975199999,86159.4778893,554,21.327720000000006,43477.2240667,0
2021-03-17 10:00:00,2038.46,2057.47,2038.46,2056.59,24.20465,1615976999999,49495.9379076,189,6.33209,12963.0847161,0
2021-03-17 10:30:00,2053.04,2062.79,2052.31,2057.6,4.4008400000000005,1615978799999,9052.329336499999,107,1.9437,4001.8682134000014,0
2021-03-17 11:00:00,2058.59,2061.0,2045.29,2048.02,10.18435,1615980599999,20897.4232437,89,6.49911,13344.3312673,0
2021-03-17 11:30:00,2047.82,2068.01,2041.56,2054.61,12.92375,1615982399999,26575.672185599997,240,5.3430300000000015,10999.258,0
2021-03-17 12:00:00,2059.17,2071.19,2037.68,2071.19,27.664379999999998,1615984199999,56788.8082627,369,16.11315,33037.0576194,0
2021-03-17 12:30:00,2071.19,2088.83,2067.02,2076.7,34.66316,1615985999999,72137.273905,474,21.39919,44552.8361414,0
2021-03-17 13:00:00,2079.63,2111.45,2075.21,2102.1,58.1492,1615987799999,121866.3693611,725,34.17881,71639.6555221,0
2021-03-17 13:30:00,2099.01,2133.26,2091.53,2109.75,208.03387,1615989599999,439324.24068479997,1468,93.96547,198709.2829998,0
2021-03-17 14:00:00,2113.08,2117.64,2093.65,2112.45,73.05976,1615991399999,153996.87629910005,669,23.651220000000002,49814.2185675,0
2021-03-17 14:30:00,2112.46,2145.99,2111.4,2117.29,87.62971,1615993199999,186597.87942679998,1029,55.13916999999999,117454.8039486,0
2021-03-17 15:00:00,2116.93,2128.56,2098.51,2117.0,38.443529999999996,1615994999999,81403.2638975,443,14.943589999999999,31695.531143700002,0
2021-03-17 15:30:00,2114.95,2135.78,2107.15,2135.78,22.6906,1615996799999,48010.8597573,358,14.732470000000001,31190.4949874,0
2021-03-17 16:00:00,2133.41,2152.76,2125.5,2152.52,54.06031,1615998599999,115878.135977,888,38.46992,82541.1751588,0
2021-03-17 16:30:00,2152.52,2152.52,2135.6,2139.71,57.96295,1616000399999,124036.7492089,578,37.55838,80357.0362797,0
2021-03-17 17:00:00,2139.34,2141.05,2124.48,2128.22,43.1996,1616002199999,92130.2184021,814,15.68184,33494.8687324,0
2021-03-17 17:30:00,2128.79,2131.28,2117.5,2120.94,24.59827,1616003999999,52256.9170773,388,12.622119999999999,26830.9194752,0
2021-03-17 18:00:00,2123.09,2130.0,2116.39,2124.27,63.89644000000001,1616005799999,135575.1487405,403,39.316520000000004,83448.833229,0
2021-03-17 18:30:00,2128.28,2137.45,2121.59,2137.45,46.9487,1616007599999,100074.3308963,314,18.87046,40224.2841408,0
2021-03-17 19:00:00,2137.45,2161.99,2134.66,2154.63,52.64484,1616009399999,113209.1127628,553,31.78071,68294.8842463,0
2021-03-17 19:30:00,2153.9,2175.0,2143.5,2169.31,49.021679999999996,1616011199999,105803.93695539999,764,24.61446,53210.270764,0
2021-03-17 20:00:00,2167.16,2167.16,2138.96,2141.52,127.99616,1616012999999,275271.73246870004,714,53.20405,114409.53752,0
2021-03-17 20:30:00,2144.58,2145.5,2131.4,2133.07,38.91624,1616014799999,83258.9648837,432,19.746570000000002,42273.628594300004,0
2021-03-17 21:00:00,2136.43,2147.11,2127.0,2131.58,21.69019,1616016599999,46300.2445049,265,9.1147,19479.759189400003,0
2021-03-17 21:30:00,2131.64,2132.89,2118.56,2122.6,21.48845,1616018399999,45677.692610800004,235,6.18171,13141.5699855,0
2021-03-17 22:00:00,2125.66,2125.87,2111.94,2118.75,14.48978,1616020199999,30668.133868099998,311,7.01881,14863.921801700002,0
2021-03-17 22:30:00,2115.05,2124.31,2108.38,2114.28,22.71807,1616021999999,48070.664456599996,252,10.0552,21298.976508,0
2021-03-17 23:00:00,2111.35,2116.87,2108.42,2111.08,8.3641,1616023799999,17664.9352143,162,4.36815,9228.7004808,0
2021-03-17 23:30:00,2114.64,2135.5,2104.79,2108.86,80.97107,1616025599999,171592.7232646,795,35.11527,74486.1569087,0
2021-03-18 00:00:00,2107.84,2123.53,2100.0,2113.96,91.65436,1616027399999,193776.548501,787,34.09408,72122.77767699999,0
2021-03-18 00:30:00,2114.0,2134.74,2113.44,2119.35,29.89235,1616029199999,63516.945023800006,413,17.27052,36719.202259,0
2021-03-18 01:00:00,2121.63,2125.23,2114.75,2123.38,26.24175,1616030999999,55638.81674830001,257,10.48605,22249.622403999998,0
2021-03-18 01:30:00,2123.27,2150.41,2123.24,2132.21,149.29908,1616032799999,318985.799312,712,83.38909,178144.79321729997,0
2021-03-18 02:00:00,2127.31,2132.72,2122.56,2125.82,36.73281,1616034599999,78088.1260768,350,14.501579999999999,30844.196147099996,0
2021-03-18 02:30:00,2125.76,2159.26,2122.07,2136.76,80.9613,1616036399999,173445.3466721,931,42.59945,91219.43847869999,0
2021-03-18 03:00:00,2136.79,2141.82,2122.46,2122.48,36.61931,1616038199999,78072.2049569,489,21.24629,45352.448454900004,0
2021-03-18 03:30:00,2125.26,2155.04,2121.02,2149.02,50.76737,1616039999999,108225.03170569999,366,33.57555,71503.3604624,0
2021-03-18 04:00:00,2149.02,2152.11,2122.62,2124.77,16.909000000000002,1616041799999,36044.4803163,262,6.9099699999999995,14713.6943444,0
2021-03-18 04:30:00,2124.75,2131.35,2120.2,2124.03,23.61438,1616043599999,50174.43278130001,290,15.58871,33137.9291903,0
2021-03-18 05:00:00,2123.7,2126.99,2110.0,2110.72,34.24601,1616045399999,72531.2199652,315,15.9879,33852.9089004,0
2021-03-18 05:30:00,2110.73,2120.17,2107.81,2116.91,43.27748,1616047199999,91435.9174206,317,21.93639,46345.8347434,0
2021-03-18 06:00:00,2117.11,2130.26,2111.1,2123.69,19.92919,1616048999999,42225.7155364,288,8.77626,18618.976507599997,0
2021-03-18 06:30:00,2125.25,2155.96,2124.46,2137.07,74.71823,1616050799999,159828.5032647,591,48.09048,102894.59014710001,0
2021-03-18 07:00:00,2134.74,2137.67,2108.17,2114.43,50.017340000000004,1616052599999,106278.1534169,529,17.08119,36254.297726599994,0
2021-03-18 07:30:00,2114.4,2153.43,2110.32,2142.97,57.116730000000004,1616054399999,121874.91156400001,659,27.63953,59071.2303005,0
2021-03-18 08:00:00,2142.95,2165.0,2138.87,2153.35,52.528819999999996,1616056199999,113084.4601789,797,30.881320000000002,66512.3917462,0
2021-03-18 08:30:00,2153.72,2158.42,2138.76,2140.44,11.97283,1616057999999,25738.0408636,258,5.0884599999999995,10940.791807200001,0
2021-03-18 09:00:00,2140.44,2143.7,2126.82,2136.85,58.2313,1616059799999,124303.945196,575,33.61479,71771.0328962,0
2021-03-18 09:30:00,2136.85,2158.0,2131.25,2158.0,47.02435,1616061599999,100928.0814586,471,27.309279999999998,58634.6583165,0
2021-03-18 10:00:00,2155.13,2168.78,2146.58,2157.9,76.28692,1616063399999,164601.2633889,816,41.8439,90310.79617100001,0
2021-03-18 10:30:00,2154.71,2156.82,2142.18,2147.78,26.71452,1616065199999,57421.1029636,378,12.727780000000001,27365.360063099997,0
2021-03-18 11:00:00,2146.88,2150.03,2141.0,2149.81,62.15198,1616066999999,133353.2759361,791,40.96785,87945.8399607,0
2021-03-18 11:30:00,2145.83,2164.74,2135.5,2147.68,143.77003,1616068799999,308669.3759047,1886,90.62156999999999,194582.410503,0
2021-03-18 12:00:00,2144.74,2147.68,2128.33,2140.44,191.45814,1616070599999,410266.5566512,2022,134.50913,288415.8705544,0
2021-03-18 12:30:00,2144.55,2161.38,2130.78,2161.22,113.22345,1616072399999,242858.768152,1091,75.4726,161965.297068,0
2021-03-18 13:00:00,2157.86,2163.67,2140.21,2150.75,49.75939,1616074199999,107145.6404661,496,27.000009999999996,58148.9918852,0
2021-03-18 13:30:00,2154.38,2154.38,2130.71,2133.8,40.9276,1616075999999,87510.53391669999,450,21.09756,45121.2130733,0
2021-03-18 14:00:00,2131.79,2138.77,2114.05,2125.87,43.82809,1616077799999,93152.94637030001,477,16.08436,34172.9727553,0
2021-03-18 14:30:00,2123.15,2124.17,2105.84,2114.83,36.38825,1616079599999,77001.31686860001,498,20.6328,43682.30103919999,0
2021-03-18 15:00:00,2112.63,2125.79,2107.88,2122.17,52.00411,1616081399999,110078.9785935,610,36.145340000000004,76554.5679365,0
2021-03-18 15:30:00,2124.49,2135.19,2115.0,2134.87,74.01895,1616083199999,157262.1884115,486,36.00305,76543.9861506,0
2021-03-18 16:00:00,2135.57,2141.61,2113.73,2136.82,55.659259999999996,1616084999999,118445.4884421,581,30.99421,65998.5686001,0
2021-03-18 16:30:00,2138.73,2188.18,2136.95,2165.31,181.50326,1616086799999,393302.82695190003,2080,103.55923,224707.329706,0
2021-03-18 17:00:00,2165.31,2193.31,2162.31,2175.38,99.9624,1616088599999,217506.533435,887,55.79704,121474.8777539,0
2021-03-18 17:30:00,2174.8,2200.0,2158.28,2192.13,58.88118000000001,1616090399999,128499.25931139999,857,38.33555,83697.90038169999,0
2021-03-18 18:00:00,2190.22,2191.51,2152.24,2156.27,62.79289,1616092199999,136503.66585269998,708,31.380959999999998,68267.79890630001,0
2021-03-18 18:30:00,2157.29,2162.98,2132.69,2136.19,86.76257,1616093999999,185993.5463688,776,31.494220000000002,67543.6020536,0
2021-03-18 19:00:00,2136.73,2142.47,2114.41,2115.88,74.70241,1616095799999,159136.6574006,705,36.32715,77416.9009162,0
2021-03-18 19:30:00,2118.02,2134.66,2106.83,2111.68,49.51743,1616097599999,104866.5291196,546,27.37257,58012.85598940001,0
2021-03-18 20:00:00,2113.19,2124.63,2105.96,2120.36,39.27947,1616099399999,83203.2861157,330,20.940260000000002,44359.6999276,0
2021-03-18 20:30:00,2117.71,2127.5,2115.11,2119.38,21.01096,1616101199999,44558.5358677,198,14.97424,31760.799819,0
2021-03-18 21:00:00,2120.86,2126.24,2112.83,2112.92,14.59823,1616102999999,30919.336934,211,9.02486,19116.668287700002,0
2021-03-18 21:30:00,2112.68,2123.73,2107.73,2120.24,11.818810000000001,1616104799999,25020.8997607,177,6.655539999999999,14101.348920100001,0
2021-03-18 22:00:00,2119.86,2127.73,2115.43,2120.74,12.79947,1616106599999,27151.426674500002,209,4.94212,10488.2056314,0
2021-03-18 22:30:00,2121.37,2131.35,2117.74,2122.51,9.75332,1616108399999,20707.5901657,155,4.51633,9590.2752018,0
2021-03-18 23:00:00,2122.51,2142.53,2116.51,2118.88,22.43369,1616110199999,47741.7422318,268,10.92641,23274.2457729,0
2021-03-18 23:30:00,2121.36,2149.66,2113.28,2117.49,29.576929999999997,1616111999999,63028.37500959999,383,16.57725,35310.7911209,0
2021-03-19 00:00:00,2121.81,2121.92,2062.0,2077.08,122.42188999999999,1616113799999,255173.14836289998,1203,40.291,83979.00205730001,0
2021-03-19 00:30:00,2077.12,2120.04,2069.01,2112.17,44.26137,1616115599999,92901.774417,660,28.18195,59131.92855390001,0
2021-03-19 01:00:00,2108.75,2125.38,2095.96,2105.99,241.28984,1616117399999,509443.1642825,1549,160.00847,337905.6243422,0
2021-03-19 01:30:00,2105.05,2106.18,2083.59,2091.79,149.24901,1616119199999,312168.1162501,1469,60.50633000000001,126615.4728631,0
2021-03-19 02:00:00,2091.79,2094.56,2084.73,2088.65,46.27255,1616120999999,96721.5542849,470,15.809289999999999,33061.617576599994,0
2021-03-19 02:30:00,2088.99,2095.13,2086.16,2090.92,12.845180000000001,1616122799999,26843.3442771,161,8.122810000000001,16978.0432913,0
2021-03-19 03:00:00,2091.06,2092.59,2069.38,2083.61,59.90508000000001,1616124599999,124570.66849989998,645,20.5243,42678.2004977,0
2021-03-19 03:30:00,2081.87,2092.0,2074.52,2074.52,56.85933000000001,1616126399999,118365.78499619999,408,15.812920000000002,32974.22415720001,0
2021-03-19 04:00:00,2076.14,2081.14,2069.23,2073.41,27.892540000000004,1616128199999,57858.188053699996,323,14.4652,30005.0327602,0
2021-03-19 04:30:00,2074.72,2095.34,2074.2,2085.51,52.91284,1616129999999,110221.1383978,537,29.40294,61292.86370449999,0
2021-03-19 05:00:00,2088.34,2091.67,2080.09,2090.58,44.477090000000004,1616131799999,92785.37128810001,331,19.3633,40406.4807625,0
2021-03-19 05:30:00,2091.83,2094.94,2085.01,2094.7,18.91311,1616133599999,39523.389749300004,292,7.819739999999999,16348.9576032,0
2021-03-19 06:00:00,2095.03,2102.04,2089.96,2094.72,20.88128,1616135399999,43764.5073708,274,9.09083,19061.3088623,0
2021-03-19 06:30:00,2092.79,2105.84,2087.7,2090.6,32.786609999999996,1616137199999,68721.7048973,328,18.22522,38226.1632278,0
2021-03-19 07:00:00,2093.66,2112.73,2088.51,2098.85,28.067759999999996,1616138999999,58923.7892111,372,13.300429999999999,27952.962808099997,0
2021-03-19 07:30:00,2098.9,2110.46,2092.51,2102.87,28.216829999999998,1616140799999,59315.8474195,352,20.238229999999998,42553.8764699,0
2021-03-19 08:00:00,2104.23,2126.79,2095.8,2100.1,143.77721,1616142599999,302706.16728249996,749,84.64489,178172.0344053,0
2021-03-19 08:30:00,2100.1,2112.58,2100.1,2103.93,41.16982,1616144399999,86697.8637668,360,20.994670000000006,44236.52592669999,0
2021-03-19 09:00:00,2107.61,2124.0,2097.68,2120.53,44.8232,1616146199999,94670.59364260001,493,23.70245,50042.374435699996,0
2021-03-19 09:30:00,2120.42,2124.98,2105.41,2107.39,17.67543,1616147999999,37378.0948704,212,13.07601,27657.7131837,0
2021-03-19 10:00:00,2110.43,2110.43,2093.09,2101.95,22.0797,1616149799999,46403.0212107,347,9.34556,19658.6464442,0
2021-03-19 10:30:00,2100.52,2105.1,2095.64,2100.95,20.29271,1616151599999,42644.959847800004,321,9.23075,19407.0017176,0
2021-03-19 11:00:00,2102.26,2117.29,2096.68,2117.29,23.45683,1616153399999,49409.6660709,288,12.78991,26964.7100023,0
2021-03-19 11:30:00,2117.29,2117.31,2102.94,2105.7,15.060170000000001,1616155199999,31751.9823569,248,4.3573900000000005,9195.8937159,0
2021-03-19 12:00:00,2107.49,2120.81,2092.13,2116.16,46.403529999999996,1616156999999,97603.57611739999,518,17.91589,37739.5238505,0
2021-03-19 12:30:00,2113.86,2135.25,2108.62,2126.7,58.08716,1616158799999,123481.7457539,663,37.57154,79874.2322827,0
2021-03-19 13:00:00,2124.81,2126.22,2111.53,2112.59,29.48817,1616160599999,62472.2426219,342,14.451089999999999,30621.696594200002,0
2021-03-19 13:30:00,2112.62,2114.18,2104.22,2106.51,19.25534,1616162399999,40610.1567547,247,6.31645,13321.8818411,0
2021-03-19 14:00:00,2107.68,2109.02,2090.87,2095.17,74.12063,1616164199999,155481.34834129998,551,39.443459999999995,82736.8502437,0
2021-03-19 14:30:00,2097.12,2100.0,2088.66,2093.93,55.73438,1616165999999,116708.4687178,372,34.478229999999996,72225.9178891,0
2021-03-19 15:00:00,2095.0,2096.07,2088.59,2090.21,34.73539,1616167799999,72689.01549330003,267,13.53256,28318.51615620001,0
2021-03-19 15:30:00,2092.55,2095.75,2085.3,2088.43,25.25585,1616169599999,52777.8451514,298,14.46261,30234.084908499997,0
2021-03-19 16:00:00,2085.69,2098.42,2081.23,2088.01,42.06817,1616171399999,87888.49854989999,484,20.71171,43281.887251199994,0
2021-03-19 16:30:00,2091.4,2095.54,2085.2,2094.32,13.6601,1616173199999,28561.104325599998,182,5.7935,12117.912176799999,0
2021-03-19 17:00:00,2094.12,2096.22,2087.01,2090.82,13.528129999999999,1616174999999,28293.7086898,241,8.64104,18080.0106199,0
2021-03-19 17:30:00,2090.82,2097.25,2081.24,2092.0,52.17492,1616176799999,108954.7480305,367,26.40902,55210.6589304,0
2021-03-19 18:00:00,2089.28,2110.0,2086.21,2106.0,34.660379999999996,1616178599999,72684.4043157,478,21.4512,45013.511327099994,0
2021-03-19 18:30:00,2103.32,2117.6,2096.41,2099.04,23.11669,1616180399999,48722.696851199995,332,8.390369999999999,17701.1459732,0
2021-03-19 19:00:00,2096.41,2097.9,2085.35,2091.55,33.67601,1616182199999,70427.9257376,562,13.39664,28027.547355699997,0
2021-03-19 19:30:00,2090.65,2107.08,2085.79,2104.3,44.91863,1616183999999,94142.51710760001,329,20.995820000000002,44021.6179349,0
2021-03-19 20:00:00,2107.15,2116.97,2096.14,2096.14,57.62177,1616185799999,121291.29618589999,455,24.89651,52425.5247899,0
2021-03-19 20:30:00,2098.91,2118.31,2092.47,2117.77,34.3555,1616187599999,72190.5491117,360,16.88866,35501.13112290001,0
2021-03-19 21:00:00,2114.27,2122.12,2107.0,2111.66,20.89695,1616189399999,44163.079060100004,311,5.92625,12542.6170043,0
2021-03-19 21:30:00,2110.15,2122.0,2108.55,2117.59,10.975480000000001,1616191199999,23204.54647020001,178,5.1121099999999995,10817.9146771,0
2021-03-19 22:00:00,2113.7,2123.41,2109.67,2112.83,23.31014,1616192999999,49325.412085100004,328,10.87146,23022.6279128,0
2021-03-19 22:30:00,2113.28,2134.74,2107.21,2119.51,52.77976999999999,1616194799999,111881.5269972,621,27.892559999999996,59098.4519189,0
2021-03-19 23:00:00,2120.0,2120.0,2084.57,2091.22,124.99217,1616196599999,262003.88754239999,1209,53.53335,112258.10930210001,0
2021-03-19 23:30:00,2090.28,2104.32,2083.6,2094.43,19.23241,1616198399999,40260.5115829,268,9.07784,19010.9906997,0
2021-03-20 00:00:00,2095.47,2116.33,2091.31,2113.48,83.9354,1616200199999,176802.128477,474,33.598890000000004,70707.70358110001,0
2021-03-20 00:30:00,2113.5,2129.51,2107.66,2128.19,35.3085,1616201999999,74704.9865105,431,21.66045,45848.889542900004,0
2021-03-20 01:00:00,2125.58,2131.07,2118.86,2124.88,23.78848,1616203799999,50534.906917800006,310,8.40006,17854.0731012,0
2021-03-20 01:30:00,2131.34,2148.88,2125.02,2141.02,60.132630000000006,1616205599999,128512.14852460001,834,37.43294,80045.1939631,0
2021-03-20 02:00:00,2139.76,2146.84,2134.31,2137.15,19.58634,1616207399999,41897.722051,240,11.770480000000001,25177.0698121,0
2021-03-20 02:30:00,2137.12,2149.0,2133.47,2144.98,43.98291,1616209199999,94186.84402979999,292,21.3441,45657.1628401,0
2021-03-20 03:00:00,2144.98,2146.62,2133.27,2139.57,27.938909999999996,1616210999999,59779.1770959,216,8.2053,17547.0087303,0
2021-03-20 03:30:00,2138.54,2138.55,2127.58,2131.63,12.59873,1616212799999,26861.9951963,224,5.12893,10935.783145899999,0
2021-03-20 04:00:00,2129.63,2155.48,2127.99,2152.54,44.99654,1616214599999,96621.7634702,493,30.710179999999998,65956.6792778,0
2021-03-20 04:30:00,2150.15,2150.94,2132.04,2136.13,33.788090000000004,1616216399999,72398.0447085,261,12.94646,27740.1676343,0
2021-03-20 05:00:00,2134.26,2135.56,2126.34,2127.47,17.35866,1616218199999,36982.520075199995,177,10.20215,21734.314984200002,0
2021-03-20 05:30:00,2128.91,2136.87,2123.61,2128.06,16.91212,1616219999999,36006.5583189,208,5.6357800000000005,12015.535957,0
2021-03-20 06:00:00,2127.55,2132.91,2124.75,2131.06,21.18766,1616221799999,45104.4651991,199,12.0819,25717.8712206,0
2021-03-20 06:30:00,2133.14,2148.11,2131.57,2131.57,54.64127,1616223599999,116925.92514719999,377,29.42776,62987.62649730001,0
2021-03-20 07:00:00,2132.4,2137.96,2125.5,2129.08,29.0795,1616225399999,61906.799911,209,7.94349,16913.344788899998,0
2021-03-20 07:30:00,2128.36,2134.55,2125.26,2128.66,23.238120000000002,1616227199999,49503.320545999995,179,12.180589999999999,25947.088942,0
2021-03-20 08:00:00,2129.48,2139.15,2125.26,2131.73,33.21555,1616228999999,70853.48985730001,405,13.51736,28856.7310332,0
2021-03-20 08:30:00,2130.14,2153.12,2129.01,2150.02,37.7608,1616230799999,80942.0789507,405,23.40125,50152.196352,0
2021-03-20 09:00:00,2151.03,2157.93,2139.08,2140.88,41.3545,1616232599999,88885.1303089,434,13.14848,28275.324008,0
2021-03-20 09:30:00,2145.38,2166.46,2137.11,2156.1,46.4801,1616234399999,100082.24980399999,701,21.17574,45602.7180325,0
2021-03-20 10:00:00,2152.45,2152.45,2133.25,2135.76,22.72724,1616236199999,48656.6013465,351,8.03348,17196.2334121,0
2021-03-20 10:30:00,2135.76,2139.46,2133.0,2134.96,29.40749000000001,1616237999999,62778.69596139999,322,13.42804,28682.119163800002,0
2021-03-20 11:00:00,2135.96,2144.43,2133.0,2143.53,19.03324,1616239799999,40671.43397280001,258,7.29177,15593.7897065,0
2021-03-20 11:30:00,2144.44,2160.57,2140.89,2143.91,30.93447,1616241599999,66494.4899743,560,14.608989999999999,31411.218228600002,0
2021-03-20 12:00:00,2145.76,2174.28,2141.03,2163.91,87.73326999999998,1616243399999,189564.6850454,889,58.188719999999996,125847.06092460001,0
2021-03-20 12:30:00,2163.91,2172.43,2150.0,2159.41,56.03269,1616245199999,121139.4386842,571,26.344409999999996,56955.867887099994,0
2021-03-20 13:00:00,2159.23,2241.61,2157.85,2225.61,839.90664,1616246999999,1863134.1083658,5347,614.27734,1363096.7387091,0
2021-03-20 13:30:00,2222.79,2239.87,2182.29,2197.42,345.60508,1616248799999,768129.7316441,2915,215.85141000000002,480210.6956277001,0
2021-03-20 14:00:00,2198.7,2210.0,2190.92,2204.2,49.04403,1616250599999,107897.6740717,596,26.05715,57350.14341310001,0
2021-03-20 14:30:00,2204.2,2210.0,2193.84,2198.74,76.04257,1616252399999,167336.77932610002,726,34.17443,75228.4902507,0
2021-03-20 15:00:00,2194.66,2210.29,2185.78,2206.42,83.03851,1616254199999,182947.6729832,460,43.22316,95272.639999,0
2021-03-20 15:30:00,2206.74,2208.24,2182.45,2199.23,150.95745,1616255999999,331660.7133591,694,44.02492,96677.5580391,0
2021-03-20 16:00:00,2197.23,2210.0,2186.42,2205.54,30.99407,1616257799999,68121.17209349999,343,18.437929999999998,40554.97076619999,0
2021-03-20 16:30:00,2208.0,2219.69,2194.11,2199.46,214.76313,1616259599999,474541.0734217,1044,148.87898,329074.01324440003,0
2021-03-20 17:00:00,2200.72,2216.04,2172.79,2174.97,186.62078,1616261399999,410130.863582,1061,99.63799999999999,219385.90328129998,0
2021-03-20 17:30:00,2175.45,2185.4,2157.28,2169.82,298.34809,1616263199999,647931.9644382,1648,113.97771999999999,247256.642171,0
2021-03-20 18:00:00,2172.76,2195.21,2170.21,2189.83,101.04561,1616264999999,220559.7137339,750,55.20765,120512.35891239998,0
2021-03-20 18:30:00,2188.87,2229.12,2186.41,2224.87,192.86925,1616266799999,425317.1457243,1342,116.99955,258164.6960566,0
2021-03-20 19:00:00,2227.23,2267.5,2219.98,2233.31,418.77616,1616268599999,938420.2099941999,3290,276.74102999999997,620305.3411005,0
2021-03-20 19:30:00,2232.4,2240.55,2214.0,2220.99,302.10615,1616270399999,671910.6208005,1446,119.40766,265609.642042,0
2021-03-20 20:00:00,2220.44,2222.54,2168.11,2168.11,143.65686000000005,1616272199999,314753.5421401,1475,59.49945,130433.99348839998,0
2021-03-20 20:30:00,2169.94,2178.47,2159.05,2161.76,42.35413,1616273999999,91835.1471268,488,17.32413,37601.8918753,0
2021-03-20 21:00:00,2161.76,2191.57,2159.0,2187.13,137.38281,1616275799999,298917.783052,783,75.1837,163644.00474970002,0
2021-03-20 21:30:00,2184.04,2188.81,2175.0,2186.4,29.683729999999997,1616277599999,64784.41451819999,278,15.847660000000001,34590.3573208,0
2021-03-20 22:00:00,2186.43,2187.81,2174.19,2183.02,19.139670000000002,1616279399999,41745.4910926,187,10.66582,23266.0339033,0
2021-03-20 22:30:00,2181.08,2189.97,2160.0,2179.73,40.36251,1616281199999,87761.5765716,363,12.13645,26413.5425287,0
2021-03-20 23:00:00,2176.38,2178.18,2148.51,2152.73,54.057559999999995,1616282999999,116758.676308,522,14.49797,31363.576633200002,0
2021-03-20 23:30:00,2150.98,2153.36,2133.0,2136.57,50.624959999999994,1616284799999,108472.26441110001,488,16.85827,36140.92025980001,0
2021-03-21 00:00:00,2135.02,2163.31,2118.39,2159.41,68.32737,1616286599999,146158.646963,842,37.71043,80752.9844153,0
2021-03-21 00:30:00,2156.7,2163.15,2138.0,2140.71,23.29363,1616288399999,50069.4726512,260,12.8028,27551.538133899998,0
2021-03-21 01:00:00,2138.52,2149.2,2126.81,2148.21,18.124679999999998,1616290199999,38726.133585,212,5.48473,11730.4504921,0
2021-03-21 01:30:00,2146.42,2147.35,2128.47,2139.14,16.41995,1616291999999,35125.642227599994,235,5.21028,11142.545202500001,0
2021-03-21 02:00:00,2135.74,2136.23,2103.2,2108.09,86.81074,1616293799999,183941.02560470003,890,35.61320999999999,75510.8460983,0
2021-03-21 02:30:00,2111.28,2118.44,2097.27,2108.01,36.589729999999996,1616295599999,76964.8262727,380,15.749229999999999,33140.758267900004,0
2021-03-21 03:00:00,2108.24,2128.9,2102.88,2128.28,20.08493,1616297399999,42535.028206999996,223,12.41915,26326.7266416,0
2021-03-21 03:30:00,2126.66,2128.77,2113.2,2126.62,9.41461,1616299199999,20000.9066524,195,5.95823,12662.428555,0
2021-03-21 04:00:00,2124.64,2134.37,2111.68,2116.32,63.427009999999996,1616300999999,134583.8477069,315,49.29992,104626.51459430001,0
2021-03-21 04:30:00,2113.78,2115.04,2088.88,2092.46,41.6297,1616302799999,87371.5144156,422,12.77966,26845.197248,0
2021-03-21 05:00:00,2099.8,2123.62,2097.88,2114.99,36.51038,1616304599999,77162.60428300001,371,27.06982,57244.9876561,0
2021-03-21 05:30:00,2115.46,2120.0,2090.96,2115.49,45.283229999999996,1616306399999,95645.3132411,566,27.780690000000003,58723.5903263,0
2021-03-21 06:00:00,2117.78,2127.32,2090.57,2127.17,33.65998,1616308199999,71031.59583260001,361,16.90942,35673.1243791,0
2021-03-21 06:30:00,2128.57,2134.45,2100.76,2102.87,82.99434000000002,1616309999999,175945.6409038,484,52.20278,110757.26301740001,0
2021-03-21 07:00:00,2102.75,2133.65,2102.75,2126.49,30.805120000000002,1616311799999,65394.765854699996,312,17.23011,36568.8861848,0
2021-03-21 07:30:00,2128.16,2130.13,2112.26,2124.98,24.12412,1616313599999,51186.8486323,261,10.308489999999999,21878.289875,0
2021-03-21 08:00:00,2125.65,2139.15,2119.92,2132.27,13.904539999999999,1616315399999,29664.536056299996,246,6.73601,14378.1863499,0
2021-03-21 08:30:00,2131.98,2137.26,2125.03,2133.11,19.5586,1616317199999,41683.523902,233,8.14184,17363.532724599998,0
2021-03-21 09:00:00,2132.48,2138.63,2123.27,2123.27,17.825770000000006,1616318999999,37996.35764330001,176,4.27506,9118.6418695,0
2021-03-21 09:30:00,2123.1,2133.4,2103.61,2121.91,163.08151999999995,1616320799999,345719.4288159001,782,34.26238,72522.81557430001,0
2021-03-21 10:00:00,2121.35,2137.12,2108.05,2131.49,141.72922,1616322599999,300869.8235535,548,59.59411,126481.22977060001,0
2021-03-21 10:30:00,2131.25,2131.25,2102.51,2102.88,17.653579999999994,1616324399999,37299.394605199996,238,5.9698199999999995,12629.4134436,0
2021-03-21 11:00:00,2102.06,2108.05,2087.17,2096.66,27.608159999999998,1616326199999,57890.7208209,348,10.37825,21767.253953299998,0
2021-03-21 11:30:00,2099.0,2115.0,2090.0,2101.45,70.71483,1616327999999,148664.6519359,464,41.05574,86291.9166623,0
2021-03-21 12:00:00,2098.76,2100.32,2064.13,2071.35,68.63073,1616329799999,142531.43885079998,739,32.72964,67981.63691269999,0
2021-03-21 12:30:00,2071.94,2098.5,2071.51,2089.61,63.72237,1616331599999,133103.98548550002,596,42.310829999999996,88415.51965110002,0
2021-03-21 13:00:00,2091.34,2107.63,2087.56,2101.18,112.11433000000001,1616333399999,235183.62783920002,545,50.42071,105911.07168410001,0
2021-03-21 13:30:00,2105.09,2111.24,2101.02,2103.03,21.82926,1616335199999,45949.7787861,239,11.71743,24666.9511988,0
2021-03-21 14:00:00,2105.1,2121.32,2100.27,2103.64,93.74036,1616336999999,197765.450115,358,44.12556,93197.86392460001,0
2021-03-21 14:30:00,2105.25,2109.71,2100.05,2104.21,16.5647,1616338799999,34852.6856378,149,6.2950099999999996,13254.388742899999,0
2021-03-21 15:00:00,2105.46,2108.58,2100.79,2106.04,14.380139999999999,1616340599999,30266.4306517,160,8.561689999999999,18024.8086474,0
2021-03-21 15:30:00,2107.81,2109.52,2086.62,2089.05,74.28231,1616342399999,155815.842899,319,38.341159999999995,80414.3835408,0
2021-03-21 16:00:00,2088.66,2100.0,2073.38,2084.91,38.30308,1616344199999,79915.4792985,352,17.10649,35709.0670145,0
2021-03-21 16:30:00,2086.45,2098.69,2072.25,2090.76,215.62097000000003,1616345999999,450560.4086054,1123,86.57406999999998,180902.6283583,0
2021-03-21 17:00:00,2090.53,2104.89,2086.41,2101.8,17.61577,1616347799999,36885.5142126,213,13.29413,27823.0629694,0
2021-03-21 17:30:00,2102.89,2108.54,2096.57,2104.38,27.716859999999997,1616349599999,58319.392077,357,11.13814,23441.4874352,0
2021-03-21 18:00:00,2107.2,2109.4,2099.89,2103.62,10.0904,1616351399999,21245.2126436,140,6.17194,12998.0868459,0
2021-03-21 18:30:00,2105.07,2118.64,2103.06,2113.25,159.67873,1616353199999,337547.4261124,484,41.05106,86656.5924305,0
2021-03-21 19:00:00,2111.02,2114.53,2105.02,2105.46,19.66773,1616354999999,41487.9287334,220,12.27051,25885.7921467,0
2021-03-21 19:30:00,2108.15,2113.32,2100.33,2100.33,23.31172,1616356799999,49093.805431400004,395,14.092070000000001,29688.246288200004,0
2021-03-21 20:00:00,2102.28,2104.14,2091.18,2099.68,74.97281,1616358599999,157433.272928,386,38.08423,79972.9440978,0
2021-03-21 20:30:00,2099.21,2104.44,2093.42,2094.3,69.0451,1616360399999,144823.7571893,444,29.39112,61666.9196487,0
2021-03-21 21:00:00,2097.79,2100.61,2093.38,2093.38,23.76013,1616362199999,49833.8473101,249,6.8332,14334.6583993,0
2021-03-21 21:30:00,2093.38,2104.98,2089.52,2100.81,39.37781,1616363999999,82594.44121230001,496,33.1537,69547.6621411,0
2021-03-21 22:00:00,2100.78,2102.19,2091.04,2098.5,17.663439999999994,1616365799999,37028.65748,244,10.86415,22780.069061200003,0
2021-03-21 22:30:00,2098.62,2107.65,2098.08,2101.33,27.17889000000001,1616367599999,57145.38086410001,237,15.75915,33140.6426058,0
2021-03-21 23:00:00,2102.14,2109.84,2100.0,2100.14,48.2623,1616369399999,101404.18715560001,170,9.05072,19040.9702186,0
2021-03-21 23:30:00,2103.16,2113.78,2100.0,2100.01,13.99683,1616371199999,29475.7051734,189,6.94831,14645.202125,0
2021-03-22 00:00:00,2100.01,2107.75,2082.25,2083.42,126.82298,1616372999999,266288.4867985,696,44.56945,93624.24278019999,0
2021-03-22 00:30:00,2081.63,2090.55,2050.0,2051.16,69.15913,1616374799999,142700.32780370006,770,18.65632,38562.7273037,0
2021-03-22 01:00:00,2050.29,2054.66,2040.0,2042.48,63.407830000000004,1616376599999,129795.36889889998,1106,29.61545,60664.25569369999,0
2021-03-22 01:30:00,2042.35,2053.11,2040.0,2053.08,23.89979,1616378399999,48901.89219780001,205,12.16703,24889.087419299998,0
2021-03-22 02:00:00,2053.29,2074.88,2043.98,2066.76,31.453090000000003,1616380199999,64741.5111237,335,10.35673,21363.055018400002,0
2021-03-22 02:30:00,2066.82,2085.71,2064.78,2084.56,32.65533,1616381999999,67744.90552969999,342,21.29954,44192.17351540001,0
2021-03-22 03:00:00,2085.71,2114.32,2081.0,2089.27,82.08292,1616383799999,172336.5620456,824,38.527159999999995,80930.1116018,0
2021-03-22 03:30:00,2087.59,2101.05,2085.49,2092.96,9.794189999999999,1616385599999,20481.2936029,144,2.96861,6213.4903224,0
2021-03-22 04:00:00,2096.72,2101.61,2093.45,2093.8,11.133280000000001,1616387399999,23346.6474028,120,5.6146400000000005,11780.5041348,0
2021-03-22 04:30:00,2096.61,2104.07,2090.52,2090.66,10.66956,1616389199999,22346.4492396,83,6.617610000000001,13847.395977899998,0
2021-03-22 05:00:00,2090.56,2090.56,2081.83,2086.67,11.04042,1616390999999,23029.2580206,103,5.6666,11826.018709,0
2021-03-22 05:30:00,2086.25,2093.92,2082.92,2091.04,9.952160000000001,1616392799999,20785.870629700006,125,5.1405400000000006,10744.4337024,0
2021-03-22 06:00:00,2091.04,2102.59,2091.04,2094.52,42.64279000000001,1616394599999,89537.2640395,211,24.43923,51291.3718472,0
2021-03-22 06:30:00,2098.23,2111.78,2097.69,2103.74,27.267359999999996,1616396399999,57450.33335930001,254,11.5894,24422.8149498,0
2021-03-22 07:00:00,2108.92,2115.5,2101.23,2108.34,17.81506,1616398199999,37573.5501936,178,8.76614,18491.2753885,0
2021-03-22 07:30:00,2108.11,2118.26,2104.21,2110.16,18.00058,1616399999999,38052.5659272,197,7.67639,16217.889000799998,0
2021-03-22 08:00:00,2112.14,2113.04,2100.0,2102.24,29.83439000000001,1616401799999,62769.308823,178,5.63125,11868.949131799998,0
2021-03-22 08:30:00,2101.86,2103.97,2088.0,2088.44,18.28272,1616403599999,38289.21234180001,216,5.03645,10548.6258038,0
2021-03-22 09:00:00,2089.51,2089.51,2071.09,2080.63,70.95322,1616405399999,147318.0741495,644,43.150459999999995,89597.0974711,0
2021-03-22 09:30:00,2080.58,2083.43,2070.91,2080.95,29.10916,1616407199999,60441.6634838,287,11.47317,23823.30609870001,0
2021-03-22 10:00:00,2082.99,2107.89,2075.23,2084.89,108.08906999999999,1616408999999,226421.913045,637,45.96318,96234.2532261,0
2021-03-22 10:30:00,2084.79,2090.41,2080.0,2084.87,47.520070000000004,1616410799999,99121.2643173,402,23.34013,48702.27352819999,0
2021-03-22 11:00:00,2085.9,2086.74,2065.15,2069.49,86.31779,1616412599999,179054.75838639998,580,37.81459,78420.85357749999,0
2021-03-22 11:30:00,2070.08,2084.57,2066.13,2073.46,46.28192,1616414399999,96095.89087250001,431,24.85255,51629.3355928,0
2021-03-22 12:00:00,2073.05,2073.05,2050.43,2054.46,122.54205,1616416199999,252676.9332831,873,60.420559999999995,124562.79748499999,0
2021-03-22 12:30:00,2056.03,2065.53,2044.0,2057.54,82.85707,1616417999999,170401.7358659,614,40.5484,83432.3082195,0
2021-03-22 13:00:00,2056.94,2073.31,2050.79,2060.51,43.70821,1616419799999,90291.88068650001,329,22.82776,47142.514834199996,0
2021-03-22 13:30:00,2061.31,2069.54,2031.45,2064.69,130.94856000000001,1616421599999,267983.77553600003,668,70.04106,143302.97413329998,0
2021-03-22 14:00:00,2064.83,2074.92,2046.52,2055.91,29.00432,1616423399999,59930.557480699994,353,15.5939,32222.6883145,0
2021-03-22 14:30:00,2052.24,2077.08,2051.99,2068.08,30.71228,1616425199999,63518.252411,260,19.95505,41289.6541617,0
2021-03-22 15:00:00,2069.56,2072.75,2062.04,2068.27,18.78462,1616426999999,38812.9378273,177,5.47047,11314.029956,0
2021-03-22 15:30:00,2067.75,2074.24,2063.29,2070.56,27.458609999999997,1616428799999,56829.3232236,184,17.3141,35846.619683599994,0
2021-03-22 16:00:00,2071.45,2080.38,2060.58,2061.58,46.02274,1616430599999,95238.8922067,390,22.34393,46281.775858199995,0
2021-03-22 16:30:00,2061.16,2071.36,2046.13,2068.0,30.439709999999998,1616432399999,62720.1823204,285,14.96734,30844.397589599997,0
2021-03-22 17:00:00,2066.98,2075.91,2060.44,2072.87,16.377679999999998,1616434199999,33852.3710793,171,7.54287,15599.6933016,0
2021-03-22 17:30:00,2071.43,2090.0,2069.85,2085.02,214.99024,1616435999999,448344.471621,971,92.88603,193675.0632954,0
2021-03-22 18:00:00,2084.3,2089.0,2076.94,2083.99,67.74106,1616437799999,141138.2906997,368,26.01071,54156.653073,0
2021-03-22 18:30:00,2083.99,2088.97,2072.99,2081.78,97.28782,1616439599999,202503.1007491,423,31.2266,65024.486196599995,0
2021-03-22 19:00:00,2081.96,2081.96,2038.07,2038.07,61.65029000000001,1616441399999,126717.42843039999,429,37.81045,77656.0170495,0
2021-03-22 19:30:00,2040.73,2045.49,2003.34,2005.93,336.4311,1616443199999,681575.9726438001,2152,189.36217,384010.87831670005,0
2021-03-22 20:00:00,2005.18,2019.43,2000.0,2010.35,111.59447,1616444999999,223972.95049910003,891,54.22606999999999,108988.2492523,0
2021-03-22 20:30:00,2010.07,2016.5,1963.12,1971.29,253.70407999999998,1616446799999,505116.8985178,1668,85.11724,169141.43504220006,0
2021-03-22 21:00:00,1971.01,1989.09,1957.14,1972.1,81.79231999999998,1616448599999,161371.4041498,607,51.59737,101793.6497393,0
2021-03-22 21:30:00,1970.71,1985.57,1962.45,1972.53,33.8689,1616450399999,66864.6875361,342,21.7128,42877.206821,0
2021-03-22 22:00:00,1972.05,1983.74,1946.6,1960.04,78.82835,1616452199999,154454.5020186,659,44.86234,87885.21070139999,0
2021-03-22 22:30:00,1964.68,1973.24,1953.72,1972.97,23.54863,1616453999999,46214.0563895,238,9.95319,19566.333142900006,0
2021-03-22 23:00:00,1974.13,1980.78,1966.79,1975.4,16.99346,1616455799999,33571.2125798,215,9.14617,18075.9487799,0
2021-03-22 23:30:00,1973.85,1984.72,1960.96,1964.4,18.663970000000006,1616457599999,36839.4702054,191,8.07365,15966.3566103,0
2021-03-23 00:00:00,1965.68,1983.86,1953.03,1964.82,92.69321,1616459399999,182772.239236,597,26.05285,51374.308045,0
2021-03-23 00:30:00,1962.32,1980.06,1955.85,1977.78,16.22992,1616461199999,31977.3863128,180,7.89685,15558.440935799998,0
2021-03-23 01:00:00,1977.22,1980.37,1964.83,1980.29,64.15444000000001,1616462999999,126685.6286408,342,15.3273,30271.383997099994,0
2021-03-23 01:30:00,1980.28,1999.85,1976.04,1999.85,64.22014,1616464799999,127672.3765569,489,30.523090000000003,60679.02907890001,0
2021-03-23 02:00:00,1998.79,1998.79,1982.52,1983.42,13.6938,1616466599999,27283.7058071,197,4.452719999999999,8877.6738795,0
2021-03-23 02:30:00,1983.98,1996.43,1980.15,1980.27,9.912510000000001,1616468399999,19715.4043733,138,7.282389999999999,14485.7213747,0
2021-03-23 03:00:00,1983.3,1986.83,1977.48,1984.62,6.89043,1616470199999,13658.510018399998,78,4.72244,9362.057438299998,0
2021-03-23 03:30:00,1987.98,1991.91,1977.03,1989.7,8.30112,1616471999999,16469.1185774,124,4.69046,9300.2764279,0
2021-03-23 04:00:00,1983.88,1996.82,1977.64,1980.59,24.66302,1616473799999,49041.5547877,269,17.219379999999994,34244.728590700004,0
2021-03-23 04:30:00,1980.6,2001.64,1967.24,1981.29,60.36479,1616475599999,119938.76862179999,557,36.8159,73214.3846639,0
2021-03-23 05:00:00,1981.83,1983.86,1937.66,1943.47,73.54929,1616477399999,144070.384462,647,34.5443,67673.5599202,0
2021-03-23 05:30:00,1945.22,1959.0,1941.72,1949.93,56.31041,1616479199999,109823.18838559999,394,36.69877,71544.1003473,0
2021-03-23 06:00:00,1950.92,1952.78,1913.73,1938.48,88.50308000000004,1616480999999,171269.6838055,754,46.91993,90906.7202851,0
2021-03-23 06:30:00,1936.85,1942.0,1913.07,1919.18,46.8827,1616482799999,90193.74236419999,332,22.01437,42365.2895663,0
2021-03-23 07:00:00,1919.74,1942.73,1919.74,1940.88,37.0402,1616484599999,71630.0458347,345,22.858710000000002,44253.7195595,0
2021-03-23 07:30:00,1941.12,1961.57,1935.82,1957.0,66.81575,1616486399999,130077.40238870001,479,43.86154000000001,85416.68187300001,0
2021-03-23 08:00:00,1958.7,1967.14,1943.97,1948.54,23.4506,1616488199999,45887.2503812,254,13.00874,25469.3746851,0
2021-03-23 08:30:00,1949.38,1960.68,1946.23,1955.39,51.95179,1616489999999,101524.3466928,314,23.38807000000001,45684.8294105,0
2021-03-23 09:00:00,1955.1,1956.77,1930.0,1931.73,170.03253,1616491799999,330486.5401443,788,64.47605,125439.57679749999,0
2021-03-23 09:30:00,1932.18,1937.94,1921.69,1935.36,48.70905,1616493599999,94048.3266109,671,25.79638,49822.533403099995,0
2021-03-23 10:00:00,1936.88,1942.45,1933.03,1935.26,23.742810000000002,1616495399999,45989.70909680001,371,13.6113,26375.0775815,0
2021-03-23 10:30:00,1935.57,1947.1,1935.0,1939.72,17.28878,1616497199999,33540.263022600004,165,11.2112,21760.3631852,0
2021-03-23 11:00:00,1943.54,1947.21,1934.95,1938.31,10.88423,1616498999999,21109.0622315,162,2.9506099999999997,5728.3280509,0
2021-03-23 11:30:00,1938.98,1941.1,1903.36,1911.87,126.52179,1616500799999,242408.62515689997,752,31.14847,59681.414886399994,0
2021-03-23 12:00:00,1913.31,1954.49,1913.31,1948.21,52.55543,1616502599999,102035.6797634,541,27.56478,53477.1837295,0
2021-03-23 12:30:00,1949.47,1951.05,1931.05,1936.19,39.04502,1616504399999,75698.6657258,215,14.3986,27944.4270209,0
2021-03-23 13:00:00,1938.92,1957.14,1936.26,1956.22,27.27028,1616506199999,53145.2190664,276,20.26589,39489.6210964,0
2021-03-23 13:30:00,1954.46,1961.98,1945.73,1951.14,28.85603,1616507999999,56395.9851469,242,16.89292,33015.2839795,0
2021-03-23 14:00:00,1955.27,1968.23,1947.99,1954.17,36.84073,1616509799999,72156.32177180001,337,21.61426,42355.3646666,0
2021-03-23 14:30:00,1950.08,1963.16,1945.63,1963.16,22.121470000000002,1616511599999,43223.9288545,220,12.51179,24449.5283967,0
2021-03-23 15:00:00,1964.82,1966.37,1953.43,1958.05,19.590410000000002,1616513399999,38388.60529740001,148,6.23435,12238.058541299999,0
2021-03-23 15:30:00,1955.27,1964.52,1955.09,1958.0,16.58954,1616515199999,32528.117443700005,152,7.50674,14722.3507097,0
2021-03-23 16:00:00,1956.62,1968.38,1936.53,1962.86,57.61906,1616516999999,112547.72524419999,391,42.25627,82517.9861784,0
2021-03-23 16:30:00,1966.74,1974.0,1947.21,1951.14,39.77997,1616518799999,78150.8516483,402,23.30218,45809.215409,0
2021-03-23 17:00:00,1958.08,1979.81,1954.59,1963.87,115.15503999999999,1616520599999,227265.2141962,595,42.55856,83945.67418,0
2021-03-23 17:30:00,1967.31,1973.95,1961.86,1966.71,95.03153,1616522399999,187066.960655,498,38.1051,74981.4668085,0
2021-03-23 18:00:00,1967.33,1975.0,1961.16,1969.46,18.34832,1616524199999,36094.6685191,228,10.49187,20646.349695400004,0
2021-03-23 18:30:00,1969.46,1969.57,1950.25,1950.26,17.819979999999994,1616525999999,34936.0124999,285,9.13687,17919.652120200004,0
2021-03-23 19:00:00,1950.25,1975.11,1944.9,1956.92,73.61383000000002,1616527799999,144377.72175089995,502,36.318259999999995,71273.05751819999,0
2021-03-23 19:30:00,1957.08,2039.02,1951.53,1990.06,301.07186,1616529599999,601984.4464196,2432,164.28441,328121.7998034001,0
2021-03-23 20:00:00,1990.73,2013.34,1970.44,1993.92,110.35428,1616531399999,219734.004748,908,52.485009999999996,104652.0290985,0
2021-03-23 20:30:00,1993.92,2002.31,1976.42,1981.45,97.61464000000001,1616533199999,193900.5994056,917,45.4836,90425.28003580001,0
2021-03-23 21:00:00,1980.01,1996.4,1975.0,1975.63,93.13494,1616534999999,184648.11539949998,484,69.37974,137571.57861260002,0
2021-03-23 21:30:00,1979.15,1983.34,1965.98,1978.76,18.9676,1616536799999,37460.0063144,274,11.07122,21878.3129535,0
2021-03-23 22:00:00,1981.31,2014.66,1974.88,2010.33,42.04439,1616538599999,83983.9164558,401,26.24152,52384.77943380001,0
2021-03-23 22:30:00,2006.2,2014.04,1995.46,1995.46,31.115709999999996,1616540399999,62493.17500700001,409,13.641470000000002,27418.0986606,0
2021-03-23 23:00:00,1998.98,2024.85,1994.5,2004.39,49.28137,1616542199999,98847.07051080001,523,32.0843,64361.94155580001,0
2021-03-23 23:30:00,2000.44,2033.81,2000.44,2004.45,35.74787,1616543999999,72189.995706,428,11.1444,22475.9052246,0
2021-03-24 00:00:00,2005.24,2027.15,1990.01,1999.19,75.20177,1616545799999,150701.5593489,600,19.36511,38891.2313705,0
2021-03-24 00:30:00,1993.6,2035.92,1993.59,2008.43,86.13071,1616547599999,174099.3134341,721,44.1756,89289.9565446,0
2021-03-24 01:00:00,2007.86,2050.01,2002.18,2048.89,77.5076,1616549399999,157917.1838329,754,51.22935,104416.0138865,0
2021-03-24 01:30:00,2049.41,2051.67,2032.39,2045.08,43.12104,1616551199999,88100.2456513,374,15.85334,32398.7939949,0
2021-03-24 02:00:00,2041.32,2050.88,2037.25,2047.1,24.391389999999998,1616552999999,49891.2403943,239,13.791310000000001,28222.327745399998,0
2021-03-24 02:30:00,2045.98,2060.0,2037.02,2058.19,38.08125,1616554799999,78067.74615339999,408,21.005979999999997,43071.3012015,0
2021-03-24 03:00:00,2059.78,2063.39,2042.1,2060.8,49.28537,1616556599999,101206.9912443,433,24.65586,50597.371946900006,0
2021-03-24 03:30:00,2062.85,2074.24,2048.37,2059.49,74.30049,1616558399999,153051.1441381,631,43.55417,89685.0986087,0
2021-03-24 04:00:00,2060.63,2073.0,2050.96,2054.58,15.305060000000001,1616560199999,31552.3926302,239,8.71786,17975.496590900002,0
2021-03-24 04:30:00,2057.36,2075.03,2051.54,2063.04,21.61559,1616561999999,44589.7844448,283,9.24397,19050.5324515,0
2021-03-24 05:00:00,2058.53,2075.2,2050.0,2072.81,33.3179,1616563799999,68576.4680811,342,17.2562,35499.243765300016,0
2021-03-24 05:30:00,2072.62,2078.03,2051.62,2052.88,39.78111,1616565599999,82164.21927310001,359,18.518420000000006,38288.434344,0
2021-03-24 06:00:00,2052.98,2053.0,2040.06,2042.2,22.72022,1616567399999,46463.2421386,277,13.366670000000001,27350.1243082,0
2021-03-24 06:30:00,2041.37,2052.04,2034.48,2041.6,48.95303,1616569199999,100116.10484110001,343,30.37824,62153.35134930001,0
2021-03-24 07:00:00,2043.05,2057.62,2043.02,2053.56,21.54993,1616570999999,44227.00238480001,261,11.05012,22685.668165900002,0
2021-03-24 07:30:00,2050.23,2055.98,2046.67,2049.57,10.54181,1616572799999,21614.406068599998,147,4.94555,10142.0011858,0
2021-03-24 08:00:00,2051.13,2058.59,2043.65,2054.52,58.894330000000004,1616574599999,120649.5499856,479,12.32525,25269.405631499998,0
2021-03-24 08:30:00,2056.29,2057.35,2047.05,2049.92,15.16572,1616576399999,31107.5454283,131,10.76189,22075.9586111,0
2021-03-24 09:00:00,2051.93,2058.67,2047.88,2054.96,21.177139999999998,1616578199999,43506.930294,200,16.0188,32917.4319952,0
2021-03-24 09:30:00,2055.16,2057.14,2040.67,2042.67,60.15602,1616579999999,123214.04831089999,264,18.610129999999998,38143.6613689,0
2021-03-24 10:00:00,2041.83,2045.46,2030.79,2033.57,14.602260000000001,1616581799999,29766.6473643,270,6.63536,13529.871430700001,0
2021-03-24 10:30:00,2032.96,2037.49,2029.0,2031.28,30.250809999999998,1616583599999,61497.4305141,312,15.6168,31769.8618045,0
2021-03-24 11:00:00,2031.76,2033.96,2023.72,2024.93,29.22989,1616585399999,59275.8806998,336,10.14512,20583.826382299998,0
2021-03-24 11:30:00,2027.08,2032.57,2022.0,2023.44,14.405870000000002,1616587199999,29188.4259881,211,5.7557599999999995,11667.453406100001,0
2021-03-24 12:00:00,2026.01,2042.55,2021.08,2031.88,40.41571,1616588999999,82186.31875739999,579,12.71791,25869.9305306,0
2021-03-24 12:30:00,2033.36,2042.15,2025.52,2027.37,68.73841,1616590799999,139765.0296014,865,24.75256,50381.7854995,0
2021-03-24 13:00:00,2027.94,2033.2,1979.99,1983.62,251.4073,1616592599999,502493.4315588001,2156,89.17361,178173.1816813,0
2021-03-24 13:30:00,1981.67,1995.35,1980.59,1992.81,90.03952,1616594399999,179081.5331627,731,52.39709000000001,104268.5117389,0
2021-03-24 14:00:00,1992.37,1996.89,1988.59,1993.08,34.78335,1616596199999,69318.4576295,371,17.72121,35332.723796800004,0
2021-03-24 14:30:00,1990.63,1999.42,1986.36,1990.0,22.89894,1616597999999,45657.893266600004,329,13.22988,26388.4436447,0
2021-03-24 15:00:00,1993.06,1997.59,1981.0,1984.48,74.21266,1616599799999,147500.5506119,372,23.53031,46806.34134090001,0
2021-03-24 15:30:00,1984.84,1993.75,1977.66,1993.75,45.37146,1616601599999,90004.5558463,367,32.423320000000004,64329.250926199995,0
2021-03-24 16:00:00,1995.47,1999.44,1973.61,1975.87,40.766690000000004,1616603399999,80977.72908589999,435,26.974390000000003,53560.939527099996,0
2021-03-24 16:30:00,1977.12,1989.12,1973.14,1980.03,35.44038,1616605199999,70238.342859,318,22.4743,44557.16562930001,0
2021-03-24 17:00:00,1976.22,1985.64,1971.11,1979.74,29.30283,1616606999999,57973.92852330001,317,18.66149,36936.1784062,0
2021-03-24 17:30:00,1977.67,1985.0,1972.89,1973.72,38.82559000000001,1616608799999,76847.2346865,170,25.83755,51114.3646616,0
2021-03-24 18:00:00,1971.88,1979.36,1962.59,1962.59,53.88425,1616610599999,106264.82495539999,357,21.193279999999998,41859.1562182,0
2021-03-24 18:30:00,1962.87,1969.08,1929.08,1930.56,122.06459,1616612399999,237308.04338189997,1005,58.69859,114098.3448703,0
2021-03-24 19:00:00,1930.73,1940.01,1902.32,1905.89,178.3322,1616614199999,343077.4202347,1221,73.25126999999998,141034.3191544,0
2021-03-24 19:30:00,1908.04,1917.46,1862.63,1899.61,280.9159,1616615999999,531592.7051367001,1509,107.45833,204013.3868302,0
2021-03-24 20:00:00,1896.24,1899.58,1863.0,1869.26,119.69876000000001,1616617799999,225515.20175580002,719,54.92997,103500.8597724,0
2021-03-24 20:30:00,1866.55,1894.2,1850.0,1886.23,116.54,1616619599999,218088.5347854,815,61.55112,115415.19977519999,0
2021-03-24 21:00:00,1882.97,1893.06,1866.0,1870.85,63.195269999999994,1616621399999,118645.38668329999,587,31.501209999999997,59145.7109428,0
2021-03-24 21:30:00,1870.75,1870.85,1840.0,1851.2,155.36995,1616623199999,288444.6465478,1030,79.05861999999998,146831.64409649998,0
2021-03-24 22:00:00,1851.2,1852.27,1757.41,1777.6,289.61432,1616624999999,522232.89402700006,2219,121.99995,220706.9936183,0
2021-03-24 22:30:00,1777.61,1822.2,1776.78,1806.57,144.8159,1616626799999,261656.12842740002,1073,86.77415,156729.345312,0
2021-03-24 23:00:00,1804.68,1817.84,1793.89,1815.88,82.90765999999998,1616628599999,149801.59689870002,648,49.90949000000001,90182.1621872,0
2021-03-24 23:30:00,1812.25,1830.94,1805.22,1811.87,57.682140000000004,1616630399999,104938.4236271,482,31.12074,56622.426454299995,0
2021-03-25 00:00:00,1811.88,1832.03,1796.17,1822.02,81.56872,1616632199999,148180.9038455,734,43.53769000000001,79151.0095828,0
2021-03-25 00:30:00,1821.75,1839.38,1807.19,1836.17,148.0458,1616633999999,270284.34777259995,902,75.52056999999998,137880.000091,0
2021-03-25 01:00:00,1833.85,1834.69,1815.67,1816.74,54.24744000000001,1616635799999,98912.67972510001,520,18.148120000000002,33094.3069153,0
2021-03-25 01:30:00,1816.74,1838.69,1796.15,1800.92,78.40245999999998,1616637599999,142782.3025658,540,36.43097,66373.8833605,0
2021-03-25 02:00:00,1803.59,1831.38,1784.15,1830.11,71.46256,1616639399999,129381.9680809,646,34.50425,62492.33152389999,0
2021-03-25 02:30:00,1832.96,1937.2,1829.96,1851.29,694.34154,1616641199999,1292245.8313482,3021,382.5554,712450.4962317,0
2021-03-25 03:00:00,1851.91,1862.19,1833.0,1839.29,129.78914,1616642999999,240046.2562802,918,41.61595,76894.68138739999,0
2021-03-25 03:30:00,1839.29,1882.4,1836.55,1878.38,224.23046000000002,1616644799999,418417.3264339001,1083,72.51468,134948.5595015,0
2021-03-25 04:00:00,1874.94,1898.49,1856.49,1893.86,219.5161,1616646599999,413253.6125678,1079,57.45568000000001,108080.1503526,0
2021-03-25 04:30:00,1893.28,1898.91,1873.66,1882.67,94.03137,1616648399999,177861.89528760003,596,44.75117,84663.51278169999,0
2021-03-25 05:00:00,1882.67,1922.47,1881.77,1920.14,181.88286000000002,1616650199999,346266.52828850003,1102,130.03212,247460.25050310002,0
2021-03-25 05:30:00,1920.14,1933.15,1895.87,1898.46,224.00991000000002,1616651999999,428631.3651383,1157,130.26362,249412.0148274,0
2021-03-25 06:00:00,1900.87,1922.13,1888.0,1921.2,169.64379,1616653799999,322030.54015159997,1024,85.77707,162966.8510441,0
2021-03-25 06:30:00,1920.19,1927.02,1911.15,1916.83,127.43451,1616655599999,244421.7040717,634,69.46956,133236.24158069998,0
2021-03-25 07:00:00,1917.19,1933.0,1910.56,1913.08,95.18543000000001,1616657399999,182740.4625883,586,46.33486,88922.5873897,0
2021-03-25 07:30:00,1915.12,1919.38,1895.42,1896.8,94.78775999999999,1616659199999,180562.89325599998,492,48.32129000000001,91988.2291386,0
2021-03-25 08:00:00,1896.8,1934.93,1889.95,1925.82,234.94942000000003,1616660999999,448382.414638,1097,159.23798,303706.7213362,0
2021-03-25 08:30:00,1925.66,1930.83,1909.59,1917.43,56.2401,1616662799999,107940.27812149998,562,24.415789999999998,46859.3354429,0
2021-03-25 09:00:00,1917.97,1928.01,1898.34,1923.1,87.15791,1616664599999,167034.2630524,740,45.53869,87348.327823,0
2021-03-25 09:30:00,1920.9,1922.2,1906.08,1912.69,43.71417,1616666399999,83759.1054514,371,15.314789999999999,29340.20840950001,0
2021-03-25 10:00:00,1912.65,1916.61,1892.84,1909.99,112.80633,1616668199999,214826.6215637,641,58.960159999999995,112305.8543139,0
2021-03-25 10:30:00,1911.49,1916.97,1893.42,1906.43,110.49566999999999,1616669999999,210449.09896270002,891,38.51652,73471.72230810001,0
2021-03-25 11:00:00,1907.18,1911.06,1891.38,1893.68,71.06241999999997,1616671799999,135266.476972,461,32.80034000000001,62466.9641392,0
2021-03-25 11:30:00,1895.29,1898.82,1868.0,1871.0,71.37396,1616673599999,134341.3942261,567,34.74368,65422.31294249999,0
2021-03-25 12:00:00,1870.93,1882.84,1799.95,1826.94,409.63908,1616675399999,745824.6383068,1737,265.61691,482448.54294659995,0
2021-03-25 12:30:00,1824.59,1846.69,1809.97,1834.27,186.51785,1616677199999,340918.70774820005,1336,93.27126,170585.3017371,0
2021-03-25 13:00:00,1834.27,1845.43,1816.57,1836.72,117.59673000000001,1616678999999,215284.2948612,790,72.16426,132059.72084000002,0
2021-03-25 13:30:00,1840.47,1868.96,1837.44,1860.95,59.10981999999999,1616680799999,109938.16077410002,651,29.721359999999997,55294.74520599999,0
2021-03-25 14:00:00,1864.04,1875.59,1854.86,1865.36,104.18565,1616682599999,194434.30447129998,768,53.41685,99705.83296269999,0
2021-03-25 14:30:00,1865.12,1866.78,1846.5,1856.1,99.87094,1616684399999,185255.0671306,582,31.77179000000001,58969.5975081,0
2021-03-25 15:00:00,1856.24,1860.56,1835.64,1847.82,73.22989,1616686199999,135280.9515981,448,33.609359999999995,62091.948439199994,0
2021-03-25 15:30:00,1846.01,1864.31,1841.82,1846.39,64.025,1616687999999,118619.19988259999,408,26.73069000000001,49537.235724599996,0
2021-03-25 16:00:00,1845.14,1872.06,1821.02,1823.96,172.6317,1616689799999,319528.830811,825,107.01413000000001,198087.1212014,0
2021-03-25 16:30:00,1825.1,1859.05,1819.55,1852.82,76.34546999999998,1616691599999,140628.69984010002,524,40.23961,74166.1765392,0
2021-03-25 17:00:00,1854.8,1877.96,1845.43,1873.56,66.23818,1616693399999,123558.4712194,439,24.56837,45882.75812190001,0
2021-03-25 17:30:00,1872.12,1884.4,1859.02,1872.16,132.93902,1616695199999,248757.0309526,918,47.75057,89360.59475910001,0
2021-03-25 18:00:00,1873.08,1879.34,1869.85,1873.31,105.7402,1616696999999,198264.90072910002,609,52.7061,98838.44203250001,0
2021-03-25 18:30:00,1876.14,1889.13,1872.59,1884.52,88.59635,1616698799999,166711.7394636,558,42.04435,79167.8644163,0
2021-03-25 19:00:00,1886.31,1888.84,1871.32,1881.92,68.94161,1616700599999,129865.2277552,495,36.38815,68553.28953,0
2021-03-25 19:30:00,1881.71,1892.2,1875.9,1886.9,70.65661999999998,1616702399999,133229.15342189994,488,24.06886,45362.17687430001,0
2021-03-25 20:00:00,1888.5,1898.98,1884.13,1889.53,60.4739,1616704199999,114334.2564631,405,28.825609999999998,54523.3201472,0
2021-03-25 20:30:00,1887.97,1892.09,1879.59,1888.13,42.82359,1616705999999,80816.62912989999,327,15.95643,30116.9560977,0
2021-03-25 21:00:00,1890.21,1904.8,1889.43,1890.0,110.47376000000001,1616707799999,209582.5061566,652,55.26243,104900.5836097,0
2021-03-25 21:30:00,1889.75,1898.23,1885.09,1895.01,81.27306999999998,1616709599999,153775.46669529998,445,45.30041,85726.50853169999,0
2021-03-25 22:00:00,1899.61,1923.8,1899.61,1915.73,77.02087,1616711399999,147418.0619533,532,43.36296,83022.3677303,0
2021-03-25 22:30:00,1919.61,1920.22,1882.9,1885.15,124.18117,1616713199999,236143.1201456,706,44.195679999999996,84076.8636257,0
2021-03-25 23:00:00,1885.15,1893.03,1879.51,1883.17,86.36364,1616714999999,162952.7145438,731,40.40397,76267.2987667,0
2021-03-25 23:30:00,1880.33,1888.72,1877.88,1882.93,99.066,1616716799999,186534.26746220002,730,57.431580000000004,108178.989447,0
2021-03-26 00:00:00,1882.93,1916.0,1880.07,1901.75,95.91946999999999,1616718599999,182369.7649096,556,40.37542,76709.77181810001,0
2021-03-26 00:30:00,1901.14,1911.73,1897.92,1911.73,128.22111999999998,1616720399999,244144.8416212,855,24.44708,46570.2615196,0
2021-03-26 01:00:00,1911.48,1925.91,1911.12,1924.7,59.38393000000001,1616722199999,113862.91033960001,387,23.26426,44606.0180034,0
2021-03-26 01:30:00,1925.17,1927.58,1918.01,1919.26,42.72855,1616723999999,82217.56033430001,319,15.49598,29821.0747635,0
2021-03-26 02:00:00,1922.01,1923.81,1897.77,1902.7,44.54583,1616725799999,85085.4173112,335,17.67011,33710.4250915,0
2021-03-26 02:30:00,1901.01,1902.83,1892.46,1899.04,67.361,1616727599999,127959.1345451,339,27.25243,51748.3545372,0
2021-03-26 03:00:00,1900.59,1942.9,1899.5,1932.17,73.69814000000002,1616729399999,141990.3119274,561,40.224270000000004,77379.4312719,0
2021-03-26 03:30:00,1932.14,1933.84,1915.73,1920.27,45.33955,1616731199999,87231.7537745,306,27.84471,53573.8244477,0
2021-03-26 04:00:00,1920.12,1921.2,1906.0,1906.0,36.49301,1616732999999,69914.44916860001,213,17.48161,33505.3024588,0
2021-03-26 04:30:00,1906.0,1920.45,1905.97,1914.75,46.5013,1616734799999,88879.2713453,174,40.77447,77914.3800774,0
2021-03-26 05:00:00,1915.91,1921.59,1910.39,1911.57,17.82826,1616736599999,34172.27879690001,171,9.234960000000001,17701.983673299994,0
2021-03-26 05:30:00,1911.35,1931.22,1910.33,1925.87,20.78882,1616738399999,39899.448871199995,140,13.54095,25962.4444338,0
2021-03-26 06:00:00,1925.81,1945.5,1925.09,1942.34,101.80836,1616740199999,196971.83842970003,550,56.84248,110008.9454355,0
2021-03-26 06:30:00,1941.31,1950.99,1931.6,1942.46,86.74280999999998,1616741999999,168723.58980679998,351,31.53748,61318.8903473,0
2021-03-26 07:00:00,1942.45,1944.6,1928.33,1929.57,30.686890000000002,1616743799999,59474.30020770001,223,8.73353,16925.834942700007,0
2021-03-26 07:30:00,1931.06,1954.92,1931.02,1950.1,39.20275,1616745599999,76365.3689202,352,19.30545,37610.72094740001,0
2021-03-26 08:00:00,1953.16,1982.35,1950.06,1964.23,110.68468,1616747399999,217898.49236849998,817,59.82314,117657.8625802,0
2021-03-26 08:30:00,1964.99,1978.55,1963.1,1963.22,58.83435,1616749199999,115961.82948139998,264,35.8876,70727.2559393,0
2021-03-26 09:00:00,1963.33,1968.88,1953.71,1958.57,30.08414,1616750999999,58918.6052166,254,7.05226,13813.2157176,0
2021-03-26 09:30:00,1959.0,1960.18,1952.93,1958.33,17.6381,1616752799999,34503.2558458,145,10.08498,19730.4340585,0
2021-03-26 10:00:00,1958.52,1961.0,1950.56,1960.37,18.710720000000002,1616754599999,36589.8403941,168,8.3688,16377.4395174,0
2021-03-26 10:30:00,1960.37,1960.37,1931.65,1934.67,151.80301,1616756399999,294281.672738,860,84.61094,163966.77403620002,0
2021-03-26 11:00:00,1935.83,1938.14,1922.15,1927.1,67.77620999999999,1616758199999,130888.4204908,766,35.96928,69458.6015964,0
2021-03-26 11:30:00,1928.0,1938.34,1920.12,1930.61,93.61663,1616759999999,180481.3351687,742,55.34164000000001,106746.0745443,0
2021-03-26 12:00:00,1931.36,1950.08,1925.77,1945.12,83.40562,1616761799999,161849.78521300002,617,48.91007000000001,94914.93324,0
2021-03-26 12:30:00,1944.69,1947.03,1938.21,1945.54,22.87069,1616763599999,44426.9501477,169,12.06047,23432.5228536,0
2021-03-26 13:00:00,1944.1,1950.0,1938.08,1938.08,34.50262,1616765399999,67080.95513840001,167,6.24332,12141.449801100001,0
2021-03-26 13:30:00,1938.26,1958.43,1938.26,1955.94,19.597929999999998,1616767199999,38294.1129633,188,14.909629999999998,29142.854845599995,0
2021-03-26 14:00:00,1955.94,1958.95,1949.01,1950.03,44.58253,1616768999999,87037.0946244,385,24.91161,48653.552243800004,0
2021-03-26 14:30:00,1950.03,1951.46,1940.15,1948.87,98.69999,1616770799999,192095.4441957,463,38.37273,74648.61289510001,0
2021-03-26 15:00:00,1949.96,1954.8,1932.91,1936.05,43.94276,1616772599999,85460.9235793,312,17.85971,34802.8570232,0
2021-03-26 15:30:00,1935.32,1939.36,1931.25,1935.02,34.077040000000004,1616774399999,65988.3426319,281,24.629939999999998,47703.0527552,0
2021-03-26 16:00:00,1935.27,1960.89,1921.48,1954.43,49.83977,1616776199999,96923.7806917,460,31.326209999999996,60907.3062539,0
2021-03-26 16:30:00,1955.0,1968.11,1955.0,1962.82,29.9242,1616777999999,58737.484866499995,317,16.09504,31590.859699599998,0
2021-03-26 17:00:00,1963.43,1967.5,1957.96,1961.39,22.78517,1616779799999,44727.809637599996,417,13.145170000000002,25817.9837095,0
2021-03-26 17:30:00,1962.13,1976.0,1960.9,1972.93,18.59261,1616781599999,36620.7889187,278,12.55604,24732.3832257,0
2021-03-26 18:00:00,1973.66,1974.95,1963.39,1966.48,38.44041,1616783399999,75668.6812325,356,19.4164,38210.592697800006,0
2021-03-26 18:30:00,1965.42,1967.28,1946.04,1947.39,79.02273000000002,1616785199999,154340.6026164,540,21.611729999999998,42254.1603445,0
2021-03-26 19:00:00,1946.95,1947.37,1931.06,1936.54,26.99343,1616786999999,52370.8650203,355,15.78827,30642.136380900003,0
2021-03-26 19:30:00,1938.17,1940.16,1927.56,1935.95,18.24812,1616788799999,35285.0771481,140,11.016580000000001,21302.1316658,0
2021-03-26 20:00:00,1936.16,1945.88,1935.71,1940.57,12.46778,1616790599999,24210.1486036,158,6.5116,12644.4508316,0
2021-03-26 20:30:00,1938.7,1952.5,1938.39,1948.88,10.72067,1616792399999,20890.9835311,125,5.36892,10462.424816600002,0
2021-03-26 21:00:00,1948.84,1994.0,1947.59,1961.88,208.88096000000002,1616794199999,412644.42242320004,1344,93.36036,184078.747106,0
2021-03-26 21:30:00,1962.77,1985.51,1959.84,1985.51,23.361710000000002,1616795999999,46012.64977890001,182,17.354770000000002,34215.1347338,0
2021-03-26 22:00:00,1983.31,1990.0,1971.23,1980.86,34.90983,1616797799999,69087.3801714,280,13.16291,26074.282720299998,0
2021-03-26 22:30:00,1980.86,1999.0,1968.91,1988.36,34.0293,1616799599999,67627.1489113,302,21.741989999999998,43224.1306317,0
2021-03-26 23:00:00,1988.78,1988.78,1973.91,1984.04,20.66453,1616801399999,40922.569069699995,137,13.02562,25803.5161037,0
2021-03-26 23:30:00,1985.7,1993.38,1978.87,1984.54,50.25837,1616803199999,99932.33616739999,268,27.68283,55032.0182543,0
2021-03-27 00:00:00,1982.9,1999.99,1982.9,1994.27,53.21781,1616804999999,106124.1298539,597,36.18936,72168.85548710001,0
2021-03-27 00:30:00,1994.77,1996.3,1973.71,1973.71,25.04054,1616806799999,49609.694318199996,223,14.2967,28325.9013714,0
2021-03-27 01:00:00,1973.9,1991.48,1973.9,1987.84,33.79507,1616808599999,67087.15460319999,178,21.46527,42609.7604296,0
2021-03-27 01:30:00,1987.72,1989.48,1973.82,1978.54,15.136479999999999,1616810399999,29978.857799299996,132,4.014819999999999,7956.7752397,0
2021-03-27 02:00:00,1976.04,1988.34,1976.04,1978.9,40.92588,1616812199999,81184.58584310001,220,26.01006,51602.934597,0
2021-03-27 02:30:00,1973.64,1992.45,1973.59,1992.45,18.17333,1616813999999,36047.8985766,171,10.12733,20077.470905000002,0
2021-03-27 03:00:00,1987.86,1991.69,1963.17,1971.53,105.45067,1616815799999,208022.94854220003,437,63.552369999999996,125398.76985520001,0
2021-03-27 03:30:00,1972.17,1978.95,1966.6,1972.69,40.48273,1616817599999,79888.9020547,282,21.781229999999997,42970.9242431,0
2021-03-27 04:00:00,1975.26,1989.33,1969.27,1988.06,28.70624,1616819399999,56898.837973099995,162,13.40562,26562.170529900002,0
2021-03-27 04:30:00,1989.33,1989.99,1979.48,1988.28,9.13091,1616821199999,18128.1192738,112,4.2050800000000015,8352.3893236,0
2021-03-27 05:00:00,1989.74,1993.63,1984.94,1987.27,19.79467,1616822999999,39383.6025862,185,10.90151,21687.6978947,0
2021-03-27 05:30:00,1988.12,1996.39,1985.45,1987.16,9.92733,1616824799999,19760.886423900003,104,3.0226,6016.402852699999,0
2021-03-27 06:00:00,1985.72,1999.99,1981.65,1983.25,32.493829999999996,1616826599999,64594.1693444,310,18.675620000000002,37125.2452911,0
2021-03-27 06:30:00,1982.36,1997.9,1982.02,1995.85,54.10045,1616828399999,107913.0540547,279,10.822189999999999,21574.6778508,0
2021-03-27 07:00:00,1993.2,1999.71,1993.0,1993.5,26.351159999999997,1616830199999,52543.5827439,119,6.44841,12866.6797799,0
2021-03-27 07:30:00,1994.6,1994.65,1976.93,1978.22,46.72467,1616831999999,93017.80924039999,176,4.7557,9418.5875565,0
2021-03-27 08:00:00,1980.16,1986.62,1962.89,1968.37,45.169509999999995,1616833799999,89316.2698579,258,25.52661,50496.321293199995,0
2021-03-27 08:30:00,1968.5,1985.9,1967.15,1980.63,42.11176,1616835599999,83242.5301774,194,35.04051,69274.3393107,0
2021-03-27 09:00:00,1982.19,2006.25,1977.92,1989.32,135.6633,1616837399999,270511.9728703,601,56.675940000000004,113080.06009230002,0
2021-03-27 09:30:00,1989.14,2005.65,1985.93,2001.6,59.6106,1616839199999,118929.8193181,536,26.86406,53621.4692732,0
2021-03-27 10:00:00,1999.62,2010.77,1996.77,2000.79,40.10824,1616840999999,80332.9458259,591,17.35301,34771.9189561,0
2021-03-27 10:30:00,2000.06,2002.66,1987.42,1987.87,14.432739999999999,1616842799999,28790.8066824,354,6.3510800000000005,12670.2351426,0
2021-03-27 11:00:00,1986.73,2013.48,1964.48,1991.44,172.69557,1616844599999,343180.4282289,739,101.77976,202480.8344909,0
2021-03-27 11:30:00,1994.45,2003.69,1987.16,1987.58,36.129909999999995,1616846399999,72077.5907573,292,20.1992,40303.8464579,0
2021-03-27 12:00:00,1986.52,1992.86,1963.45,1974.06,54.71341999999999,1616848199999,107999.5513818,360,24.996570000000002,49313.741028699995,0
2021-03-27 12:30:00,1974.06,1979.0,1934.28,1976.93,120.92261,1616849999999,236881.91566139998,576,35.001490000000004,68719.6665428,0
2021-03-27 13:00:00,1975.6,1989.54,1973.75,1982.98,21.655179999999998,1616851799999,42895.6955489,260,11.326410000000001,22448.640645599997,0
2021-03-27 13:30:00,1980.58,2007.24,1969.85,1996.94,30.70467,1616853599999,61020.2599492,333,12.73991,25360.634792700002,0
2021-03-27 14:00:00,1996.95,1996.97,1973.55,1977.98,21.80596,1616855399999,43293.204702800016,275,12.10469,24035.671603900002,0
2021-03-27 14:30:00,1978.23,2009.83,1977.28,2007.87,54.1529,1616857199999,108177.0331135,416,30.994629999999997,61824.294870800004,0
2021-03-27 15:00:00,2005.15,2161.77,2004.91,2147.34,2592.13713,1616858999999,5433770.3033804,11763,1419.43302,2976345.5225675,0
2021-03-27 15:30:00,2147.32,2216.01,2145.91,2202.96,1412.5336,1616860799999,3081458.0800051005,7427,691.5143,1508787.6383874,0
2021-03-27 16:00:00,2206.41,2233.21,2173.11,2181.69,599.96598,1616862599999,1321174.9994101005,3421,327.82826,721282.0615244,0
2021-03-27 16:30:00,2183.48,2197.27,2166.36,2170.99,357.64111,1616864399999,780344.9478027,2013,204.72699,446782.7450323,0
2021-03-27 17:00:00,2174.94,2175.0,2148.61,2156.32,183.6199,1616866199999,397765.4252856,1537,95.93984,207965.6314176,0
2021-03-27 17:30:00,2158.71,2172.57,2151.77,2168.13,94.01016,1616867999999,203318.0492624,1136,46.59763,100824.22505939999,0
2021-03-27 18:00:00,2167.74,2171.37,2153.49,2153.66,106.91778000000001,1616869799999,231335.84417589998,1365,61.26079,132559.6741837,0
2021-03-27 18:30:00,2153.87,2176.03,2150.18,2162.38,206.58525,1616871599999,446227.81628699997,1422,101.37333000000001,219148.493873,0
2021-03-27 19:00:00,2164.13,2179.68,2156.26,2163.65,65.65696,1616873399999,142269.79859249998,751,34.07395,73803.31840039999,0
2021-03-27 19:30:00,2163.18,2180.0,2149.79,2153.85,133.49919,1616875199999,288353.8394642,888,76.92886,166235.30327570002,0
2021-03-27 20:00:00,2156.33,2160.0,2145.52,2157.82,147.60445,1616876999999,317766.6088473,1310,98.3706,211791.3248925,0
2021-03-27 20:30:00,2156.69,2186.92,2149.68,2156.97,133.8526,1616878799999,289946.3764078,1127,74.2609,160903.5119515,0
2021-03-27 21:00:00,2157.52,2192.96,2157.52,2169.12,103.80753,1616880599999,225274.3131369,859,51.22161,111160.8653711,0
2021-03-27 21:30:00,2169.93,2170.1,2150.29,2165.07,86.31296,1616882399999,186356.16608820003,488,50.58336,109246.44716630001,0
2021-03-27 22:00:00,2168.53,2189.34,2162.78,2165.86,33.6105,1616884199999,73116.0517253,459,13.29739,28942.789143299997,0
2021-03-27 22:30:00,2161.89,2179.33,2156.27,2159.12,69.88025,1616885999999,151566.25403570005,526,29.734109999999998,64538.773639,0
2021-03-27 23:00:00,2155.74,2158.67,2139.06,2152.84,55.49961,1616887799999,119225.46959939999,587,24.803739999999998,53276.21450930001,0
2021-03-27 23:30:00,2151.2,2164.3,2140.0,2140.03,121.53197,1616889599999,261863.0950092,644,56.758469999999996,122360.6631835,0
2021-03-28 00:00:00,2140.04,2148.88,2118.3,2124.25,144.78247,1616891399999,309014.03271470004,1631,75.84931,162008.5472006,0
2021-03-28 00:30:00,2124.12,2138.4,2116.78,2134.46,92.91118,1616893199999,197717.1565824,1306,59.33642,126264.7183556,0
2021-03-28 01:00:00,2134.46,2139.96,2095.9,2105.61,209.14864,1616894999999,441257.8892483,1689,66.93029,141346.52278929998,0
2021-03-28 01:30:00,2106.4,2121.25,2093.36,2109.22,121.85857,1616896799999,256951.21507210002,893,68.52606,144632.6604312,0
2021-03-28 02:00:00,2110.85,2118.9,2106.15,2109.8,33.99177,1616898599999,71772.8810617,441,23.16539,48918.9247596,0
2021-03-28 02:30:00,2107.88,2117.54,2106.34,2108.32,26.44825,1616900399999,55847.65240730001,267,14.06282,29698.450131,0
2021-03-28 03:00:00,2108.95,2114.98,2084.96,2097.16,67.42004,1616902199999,141464.9666145,568,22.76099,47756.170912400004,0
2021-03-28 03:30:00,2098.01,2107.21,2094.14,2099.57,50.80307,1616903999999,106749.209111,411,31.090220000000002,65351.7974281,0
2021-03-28 04:00:00,2099.46,2104.16,2084.69,2094.73,52.06276,1616905799999,108952.1969054,556,28.06552000000001,58762.7017646,0
2021-03-28 04:30:00,2094.7,2106.37,2094.69,2105.68,34.72002,1616907599999,72949.29146689999,303,19.38962,40743.0066285,0
2021-03-28 05:00:00,2105.09,2107.46,2094.79,2094.91,37.39685,1616909399999,78475.7882137,210,8.579039999999999,18020.2100708,0
2021-03-28 05:30:00,2095.03,2096.77,2086.0,2091.84,40.28707,1616911199999,84198.90226439999,294,12.72392,26601.7523688,0
2021-03-28 06:00:00,2090.85,2091.04,2073.47,2086.41,62.73634000000001,1616912999999,130621.9922879,562,37.31185,77701.4204526,0
2021-03-28 06:30:00,2086.41,2087.77,2069.95,2076.84,51.76085,1616914799999,107650.51762130001,370,29.542309999999997,61433.5109913,0
2021-03-28 07:00:00,2076.83,2094.11,2073.39,2093.13,72.51661999999997,1616916599999,151374.9845685,322,49.49602,103295.22057060001,0
2021-03-28 07:30:00,2092.87,2093.08,2083.16,2086.61,25.519389999999998,1616918399999,53309.9175492,280,10.79311,22551.6839365,0
2021-03-28 08:00:00,2086.5,2088.64,2074.07,2085.13,49.91519,1616920199999,103880.477685,338,30.48602,63438.474821,0
2021-03-28 08:30:00,2081.89,2093.07,2081.65,2086.87,31.07678,1616921999999,64906.72542130001,211,18.707179999999997,39086.517228699995,0
2021-03-28 09:00:00,2088.87,2099.5,2085.0,2086.13,59.82666999999999,1616923799999,125205.8521389,327,21.93325,45895.1358894,0
2021-03-28 09:30:00,2085.0,2091.31,2066.98,2069.29,93.90176,1616925599999,195288.59143679996,896,37.98422,78986.4666136,0
2021-03-28 10:00:00,2069.54,2077.96,2051.52,2051.52,96.10285999999999,1616927399999,198502.6223315,801,55.00683000000001,113710.62059460001,0
2021-03-28 10:30:00,2052.46,2065.05,2045.0,2062.38,30.230890000000002,1616929199999,62167.8763645,434,17.79492,36596.2331954,0
2021-03-28 11:00:00,2061.18,2068.2,2055.61,2064.54,27.21802000000001,1616930999999,56155.9858178,221,18.52666,38219.22917180001,0
2021-03-28 11:30:00,2065.32,2068.6,2033.6,2055.23,105.2292,1616932799999,216153.0609538,618,29.2698,60240.47867330001,0
2021-03-28 12:00:00,2055.48,2077.98,2036.41,2047.31,79.04196,1616934599999,162533.9198871,674,50.01944,102853.8924793,0
2021-03-28 12:30:00,2046.6,2077.22,2046.45,2069.26,38.481629999999996,1616936399999,79547.8746641,301,15.711229999999999,32476.882949299998,0
2021-03-28 13:00:00,2065.96,2083.7,2064.35,2078.41,40.24078,1616938199999,83555.5338339,327,23.58836,48981.808376099994,0
2021-03-28 13:30:00,2075.85,2095.38,2075.29,2089.86,82.20631,1616939999999,171476.31199820002,635,47.47688,99064.7833667,0
2021-03-28 14:00:00,2090.38,2094.97,2076.89,2088.23,65.29831,1616941799999,136161.9590433,645,39.82366,83075.66089330001,0
2021-03-28 14:30:00,2086.16,2109.45,2081.44,2108.99,90.8655,1616943599999,190357.0655519,885,51.54868,107974.1424533,0
2021-03-28 15:00:00,2108.99,2117.86,2076.18,2096.01,110.0988,1616945399999,230732.6921633,1013,56.62194,118711.58673239998,0
2021-03-28 15:30:00,2097.17,2097.17,2079.45,2093.12,47.4743,1616947199999,98983.2837135,410,22.65581,47256.15146730001,0
2021-03-28 16:00:00,2093.59,2098.21,2073.32,2095.09,53.9119,1616948999999,112634.9385484,375,15.90205,33161.9446576,0
2021-03-28 16:30:00,2097.33,2101.37,2083.43,2086.1,35.89107,1616950799999,75062.94539739999,310,20.77722,43449.82110269999,0
2021-03-28 17:00:00,2086.91,2090.99,2079.23,2083.36,74.48602,1616952599999,155501.7306335,246,27.54557,57473.1306824,0
2021-03-28 17:30:00,2080.89,2088.77,2077.01,2085.6,33.95327,1616954399999,70682.7273558,307,16.18662,33702.5904656,0
2021-03-28 18:00:00,2086.89,2087.2,2055.29,2064.6,44.20964,1616956199999,91436.9155752,515,24.10122,49838.114613699996,0
2021-03-28 18:30:00,2060.48,2063.13,2039.92,2039.92,54.541180000000004,1616957999999,111719.0715356,372,31.97922,65463.047239199994,0
2021-03-28 19:00:00,2039.93,2047.52,2020.0,2026.16,60.28758000000001,1616959799999,122616.7510575,759,23.053729999999998,46860.7283104,0
2021-03-28 19:30:00,2026.16,2042.13,2026.16,2036.25,30.61918,1616961599999,62252.8427345,186,22.37738,45485.5534904,0
2021-03-28 20:00:00,2032.82,2034.57,2017.81,2034.57,27.58622,1616963399999,55876.932828,294,17.42884,35311.9170583,0
2021-03-28 20:30:00,2035.45,2035.45,2017.8,2018.71,16.35797,1616965199999,33160.7037664,128,6.64045,13468.049441,0
2021-03-28 21:00:00,2020.34,2034.77,2020.34,2024.58,16.82743,1616966999999,34128.1930785,162,8.40889,17058.1549944,0
2021-03-28 21:30:00,2025.32,2039.29,2020.6,2034.7,16.964660000000002,1616968799999,34438.963435699996,132,5.7862800000000005,11756.3012362,0
2021-03-28 22:00:00,2035.64,2049.6,2030.31,2047.33,25.73433,1616970599999,52460.02709700001,224,17.53278,35747.6759439,0
2021-03-28 22:30:00,2046.34,2054.02,2043.62,2052.91,13.34765,1616972399999,27363.0864317,127,9.393939999999999,19262.5206463,0
2021-03-28 23:00:00,2053.44,2058.17,2049.12,2054.91,11.783,1616974199999,24183.173454599997,115,4.40909,9057.38817,0
2021-03-28 23:30:00,2058.19,2064.0,2057.38,2058.87,12.016680000000001,1616975999999,24766.8374083,174,6.23555,12859.001766200001,0
2021-03-29 00:00:00,2059.6,2070.0,2046.72,2068.64,22.10817,1616977799999,45510.0447001,277,6.6562600000000005,13700.061737799999,0
2021-03-29 00:30:00,2068.06,2072.43,2038.05,2047.53,23.52198,1616979599999,48269.4580047,239,4.83667,9925.9219409,0
2021-03-29 01:00:00,2046.63,2051.13,2032.0,2043.47,13.547239999999999,1616981399999,27648.8722597,153,5.25277,10714.4373413,0
2021-03-29 01:30:00,2045.63,2071.42,2043.15,2071.42,70.7109,1616983199999,145300.7025624,310,42.197829999999996,86606.93306889999,0
2021-03-29 02:00:00,2070.35,2081.88,2066.86,2081.65,33.35514000000001,1616984999999,69170.98036789999,224,22.35008,46373.857115499995,0
2021-03-29 02:30:00,2082.49,2084.99,2072.22,2074.6,15.442960000000001,1616986799999,32075.7360874,144,3.4163699999999997,7098.7624773,0
2021-03-29 03:00:00,2073.39,2076.81,2063.05,2072.16,38.72752,1616988599999,80076.53056880001,182,16.68955,34495.754106199995,0
2021-03-29 03:30:00,2072.91,2085.41,2068.07,2075.82,16.0171,1616990399999,33263.890190599996,157,4.99071,10361.9201803,0
2021-03-29 04:00:00,2080.2,2080.8,2069.21,2079.06,13.15279,1616992199999,27293.967245599997,171,5.76553,11959.3733363,0
2021-03-29 04:30:00,2077.22,2085.86,2070.01,2073.8,23.9918,1616993999999,49910.1597501,159,11.492939999999999,23901.7439756,0
2021-03-29 05:00:00,2074.93,2079.0,2068.29,2079.0,7.24242,1616995799999,15026.261591299999,67,4.15682,8625.8379356,0
2021-03-29 05:30:00,2076.27,2083.57,2069.5,2074.72,33.28569,1616997599999,69145.2170332,249,18.772479999999998,39014.869528699994,0
2021-03-29 06:00:00,2073.0,2073.0,2050.0,2060.69,190.37124,1616999399999,391906.7331625,687,94.5441,194290.1411054,0
2021-03-29 06:30:00,2060.36,2060.77,2048.87,2056.82,36.40028,1617001199999,74750.54177699999,248,13.25179,27227.5532537,0
2021-03-29 07:00:00,2056.57,2065.77,2052.75,2064.26,24.17039,1617002999999,49794.2880279,183,6.53205,13454.7844885,0
2021-03-29 07:30:00,2065.77,2083.15,2065.77,2076.86,25.645220000000002,1617004799999,53256.0311856,339,16.11216,33461.241747500004,0
2021-03-29 08:00:00,2076.68,2096.42,2075.38,2088.14,69.48937,1617006599999,144878.25783,644,43.642179999999996,90993.6131772,0
2021-03-29 08:30:00,2087.92,2111.02,2076.89,2105.82,47.77486,1617008399999,99755.5820393,441,23.46988,49069.023948,0
2021-03-29 09:00:00,2105.83,2112.05,2087.86,2092.49,75.40252,1617010199999,158192.192893,683,24.572589999999998,51546.0329122,0
2021-03-29 09:30:00,2092.21,2108.21,2092.21,2107.87,47.20627,1617011999999,99120.1351684,363,21.39859,44933.4316879,0
2021-03-29 10:00:00,2106.21,2110.4,2094.55,2100.81,48.46052,1617013799999,101811.22742869999,314,19.93223,41895.221982099996,0
2021-03-29 10:30:00,2099.23,2109.15,2090.33,2106.78,33.17203,1617015599999,69654.46656419999,274,12.77133,26838.8376431,0
2021-03-29 11:00:00,2108.19,2125.68,2099.54,2120.28,57.67055,1617017399999,121798.08348310001,752,29.40689,62165.975675300004,0
2021-03-29 11:30:00,2123.3,2123.95,2097.75,2101.15,71.67863,1617019199999,150945.45328339998,469,27.09962,57030.8739735,0
2021-03-29 12:00:00,2099.33,2117.91,2099.15,2106.22,55.581669999999995,1617020999999,117263.89482550001,388,33.67886,71037.9467,0
2021-03-29 12:30:00,2106.26,2113.72,2100.77,2111.15,20.901629999999997,1617022799999,44057.2932637,207,10.18892,21475.1123528,0
2021-03-29 13:00:00,2114.29,2115.0,2098.21,2108.17,39.52932,1617024599999,83215.19281749999,274,10.45555,21997.661753200002,0
2021-03-29 13:30:00,2105.76,2111.06,2102.72,2105.46,17.139029999999998,1617026399999,36087.1013322,135,8.09939,17057.1913836,0
2021-03-29 14:00:00,2104.85,2111.21,2094.56,2103.66,37.333459999999995,1617028199999,78445.0517832,269,13.92914,29243.434149,0
2021-03-29 14:30:00,2103.66,2112.87,2098.38,2100.01,21.43149,1617029999999,45149.4739758,173,15.23546,32102.018885900005,0
2021-03-29 15:00:00,2100.01,2101.7,2059.69,2073.23,52.42065,1617031799999,109093.93473329999,566,20.5233,42651.4593693,0
2021-03-29 15:30:00,2071.2,2086.27,2071.2,2086.27,9.59607,1617033599999,19974.467330400006,145,4.94864,10306.783882700001,0
2021-03-29 16:00:00,2086.14,2098.1,2070.1,2090.0,38.91493,1617035399999,81147.36825110001,296,22.63801,47220.4841172,0
2021-03-29 16:30:00,2091.35,2108.23,2091.35,2108.23,59.522169999999996,1617037199999,125064.48842850002,411,29.923059999999996,62885.228976,0
2021-03-29 17:00:00,2106.31,2143.59,2106.31,2127.06,124.86251999999999,1617038999999,265561.8808702,1418,70.69043,150358.8903582,0
2021-03-29 17:30:00,2127.08,2129.49,2114.57,2121.78,23.8781,1617040799999,50663.1420497,319,12.76377,27093.86861540001,0
2021-03-29 18:00:00,2120.24,2122.67,2107.15,2116.11,34.98001,1617042599999,73942.4281473,281,9.75982,20629.316529599997,0
2021-03-29 18:30:00,2116.11,2118.48,2105.17,2105.92,41.65968,1617044399999,88047.8329641,346,18.08672,38250.0673181,0
2021-03-29 19:00:00,2105.93,2110.71,2099.86,2106.29,14.515070000000001,1617046199999,30561.8185747,210,5.5428,11675.8062675,0
2021-03-29 19:30:00,2105.18,2108.67,2090.1,2096.27,50.8401,1617047999999,106720.40771910001,310,26.9268,56534.21671159999,0
2021-03-29 20:00:00,2095.31,2100.45,2091.14,2096.88,10.786019999999999,1617049799999,22600.9046686,112,4.6612300000000015,9774.8289926,0
2021-03-29 20:30:00,2096.05,2103.27,2089.99,2093.96,20.36165,1617051599999,42687.8112387,167,4.67085,9798.917395299999,0
2021-03-29 21:00:00,2094.0,2097.63,2088.23,2095.0,15.91189,1617053399999,33322.357368900004,155,9.437610000000001,19767.4101034,0
2021-03-29 21:30:00,2095.0,2097.22,2083.96,2087.59,16.68525,1617055199999,34878.5765273,173,6.9089100000000006,14441.175961200002,0
2021-03-29 22:00:00,2086.07,2095.25,2084.04,2086.41,20.08215,1617056999999,41979.9477709,166,12.079839999999999,25261.139670099998,0
2021-03-29 22:30:00,2084.5,2094.38,2083.36,2087.38,19.01663,1617058799999,39736.2923066,190,10.96953,22931.328493,0
2021-03-29 23:00:00,2089.71,2091.19,2082.44,2083.16,8.8425,1617060599999,18438.249637099998,110,2.22133,4637.4450495,0
2021-03-29 23:30:00,2083.04,2113.84,2081.2,2099.99,34.89978,1617062399999,73363.318044,329,22.84357,48027.05757890001,0
2021-03-30 00:00:00,2100.83,2103.22,2081.54,2100.48,23.54515,1617064199999,49349.6739935,405,8.6826,18208.111894,0
2021-03-30 00:30:00,2099.11,2110.73,2094.22,2098.77,22.17044,1617065999999,46656.747343099996,300,7.31244,15395.455539300001,0
2021-03-30 01:00:00,2098.42,2098.42,2085.83,2088.28,15.742970000000001,1617067799999,32882.8644698,155,3.79201,7925.6587508,0
2021-03-30 01:30:00,2089.43,2095.5,2087.04,2091.93,8.30638,1617069599999,17364.7959415,100,5.282769999999998,11045.571844,0
2021-03-30 02:00:00,2091.23,2091.25,2078.95,2090.8,9.77613,1617071399999,20384.644440599997,148,4.12809,8611.8516091,0
2021-03-30 02:30:00,2088.01,2102.65,2087.55,2102.65,14.0979,1617073199999,29510.7538772,205,9.331719999999999,19534.018513599996,0
2021-03-30 03:00:00,2100.21,2117.59,2099.88,2101.69,25.83394,1617074999999,54490.7929768,322,15.142610000000001,31948.788477599996,0
2021-03-30 03:30:00,2102.11,2109.55,2098.0,2109.55,13.51743,1617076799999,28428.364912800003,137,7.36185,15491.6801185,0
2021-03-30 04:00:00,2106.35,2117.65,2093.8,2110.32,56.43708,1617078599999,118922.16691139998,462,28.22215,59488.3833032,0
2021-03-30 04:30:00,2109.65,2120.39,2102.48,2114.95,11.99877,1617080399999,25337.699534,194,7.27835,15375.880281,0
2021-03-30 05:00:00,2113.28,2124.57,2111.8,2124.57,19.354039999999998,1617082199999,41002.690768,266,11.80798,25022.825597400002,0
2021-03-30 05:30:00,2124.63,2127.23,2116.9,2122.52,13.261660000000001,1617083999999,28144.6751275,170,6.80828,14450.8415791,0
2021-03-30 06:00:00,2121.37,2129.48,2115.97,2127.51,14.9417,1617085799999,31708.9765261,129,4.54818,9663.3315933,0
2021-03-30 06:30:00,2128.89,2133.9,2120.28,2131.19,32.91375,1617087599999,70042.2880732,287,15.80949,33653.0250847,0
2021-03-30 07:00:00,2131.77,2136.37,2128.41,2132.03,93.25928,1617089399999,198961.13707489998,438,30.66584000000001,65445.17286919999,0
2021-03-30 07:30:00,2129.57,2138.04,2120.83,2131.29,30.95106,1617091199999,65891.4926532,282,10.786019999999999,22976.1220731,0
2021-03-30 08:00:00,2133.46,2140.93,2124.4,2136.1,33.81858,1617092999999,72194.31947829999,250,18.30875,39096.438552900014,0
2021-03-30 08:30:00,2136.88,2138.58,2124.4,2126.08,48.22154000000001,1617094799999,102680.5200776,337,29.778940000000002,63401.4699074,0
2021-03-30 09:00:00,2127.82,2129.39,2122.0,2127.3,36.94141,1617096599999,78510.7380218,259,23.312089999999998,49550.004303300004,0
2021-03-30 09:30:00,2125.25,2142.0,2122.18,2140.99,43.347809999999996,1617098399999,92641.4364683,321,17.93467,38326.4245025,0
2021-03-30 10:00:00,2139.94,2167.51,2136.83,2144.61,127.57793000000001,1617100199999,274665.7519735,1527,73.70911,158725.56599449998,0
2021-03-30 10:30:00,2149.1,2167.5,2143.27,2148.18,44.0679,1617101999999,94894.0610967,521,18.04204,38853.2157078,0
2021-03-30 11:00:00,2144.59,2165.0,2143.77,2152.3,28.75978,1617103799999,61988.107639,494,17.061239999999998,36774.917759699994,0
2021-03-30 11:30:00,2152.3,2153.46,2142.24,2143.88,30.626690000000004,1617105599999,65775.9197813,382,12.12686,26051.854433700002,0
2021-03-30 12:00:00,2142.24,2154.47,2141.86,2149.55,39.84145,1617107399999,85588.83234439997,750,20.37284,43765.192886000004,0
2021-03-30 12:30:00,2152.09,2152.09,2137.62,2137.62,22.93185,1617109199999,49135.3987143,288,6.84975,14678.5568843,0
2021-03-30 13:00:00,2139.36,2142.1,2132.7,2138.92,26.34344,1617110999999,56297.8803204,573,10.70435,22884.8840035,0
2021-03-30 13:30:00,2137.38,2139.57,2131.75,2132.67,28.50168,1617112799999,60856.4299214,259,16.66923,35598.9753127,0
2021-03-30 14:00:00,2133.69,2137.79,2124.52,2135.17,30.2955,1617114599999,64561.98769249999,509,10.88626,23209.9925832,0
2021-03-30 14:30:00,2135.49,2140.27,2130.3,2134.74,10.71457,1617116399999,22870.4979158,150,5.0441199999999995,10765.764013400001,0
2021-03-30 15:00:00,2134.75,2138.11,2118.93,2122.2,44.1371,1617118199999,93879.1699966,348,20.71261,44082.235513199994,0
2021-03-30 15:30:00,2122.47,2129.74,2113.85,2120.86,22.8562,1617119999999,48506.2271418,252,10.79088,22911.306784200002,0
2021-03-30 16:00:00,2121.87,2129.48,2100.01,2107.28,170.26406,1617121799999,358586.8645717,1968,93.33541,196590.48946160002,0
2021-03-30 16:30:00,2105.72,2108.21,2099.55,2102.03,17.00106,1617123599999,35761.5804895,227,4.04356,8508.074637,0
2021-03-30 17:00:00,2101.14,2108.52,2098.56,2104.01,53.66855,1617125399999,112953.87328369998,419,21.83393,45957.936255,0
2021-03-30 17:30:00,2102.1,2105.44,2096.24,2099.42,33.90795,1617127199999,71206.8698659,259,10.661010000000001,22404.0885181,0
2021-03-30 18:00:00,2099.42,2105.87,2098.48,2103.54,38.18246,1617128999999,80261.2028505,251,17.914170000000006,37654.4765073,0
2021-03-30 18:30:00,2103.39,2103.69,2097.63,2100.46,19.21234,1617130799999,40361.1929494,121,4.20635,8835.709772600001,0
2021-03-30 19:00:00,2100.0,2101.1,2092.67,2096.48,36.92822,1617132599999,77425.9489362,323,18.17882,38132.0741267,0
2021-03-30 19:30:00,2098.05,2110.67,2096.55,2109.82,67.00199,1617134399999,140958.2616498,340,36.92972,77683.65018360001,0
2021-03-30 20:00:00,2109.06,2110.69,2085.9,2090.61,61.2433,1617136199999,128403.2584944,593,13.4839,28262.872495599997,0
2021-03-30 20:30:00,2090.45,2101.56,2088.08,2097.41,31.29342,1617137999999,65580.7118072,174,13.49806,28301.7309053,0
2021-03-30 21:00:00,2097.12,2103.17,2094.74,2097.22,8.11701,1617139799999,17036.0032462,75,3.8875699999999997,8161.129333,0
2021-03-30 21:30:00,2098.51,2102.75,2092.84,2102.07,8.95209,1617141599999,18787.4683801,113,4.328130000000002,9087.455553799999,0
2021-03-30 22:00:00,2100.14,2102.67,2097.34,2100.67,12.31483,1617143399999,25871.0101469,82,6.5551699999999995,13779.844639200002,0
2021-03-30 22:30:00,2100.11,2100.11,2084.44,2096.27,44.3073,1617145199999,92647.49973239999,354,25.804560000000002,53965.897396,0
2021-03-30 23:00:00,2094.32,2095.86,2088.7,2092.33,13.59685,1617146999999,28437.012496499996,90,6.86975,14366.4327613,0
2021-03-30 23:30:00,2092.01,2092.5,2083.57,2086.18,28.770940000000003,1617148799999,60046.38921360001,201,12.0447,25132.1790995,0
2021-03-31 00:00:00,2085.96,2100.0,2072.29,2075.48,54.06635,1617150599999,112760.47545080002,533,23.30636,48647.7639339,0
2021-03-31 00:30:00,2075.83,2094.3,2075.83,2093.72,10.39308,1617152399999,21697.443033300002,135,6.3821900000000005,13326.5045039,0
2021-03-31 01:00:00,2091.41,2098.14,2091.06,2093.07,14.229470000000001,1617154199999,29784.467804900003,91,3.65237,7647.6316303,0
2021-03-31 01:30:00,2091.42,2093.06,2086.33,2086.33,8.746360000000001,1617155999999,18281.3953102,117,2.91535,6094.5208407,0
2021-03-31 02:00:00,2085.74,2087.88,2074.42,2086.32,18.74534,1617157799999,39013.0723151,173,9.91811,20651.619163299998,0
2021-03-31 02:30:00,2085.56,2090.58,2083.0,2087.62,25.48975,1617159599999,53194.1751204,232,9.62237,20095.0116309,0
2021-03-31 03:00:00,2087.7,2095.7,2073.77,2081.55,128.6413,1617161399999,268100.3663213,548,20.350379999999998,42385.2950792,0
2021-03-31 03:30:00,2082.19,2086.29,2063.9,2077.64,34.76364,1617163199999,72074.68504430001,357,17.48163,36258.1745886,0
2021-03-31 04:00:00,2077.72,2085.58,2066.09,2077.95,13.0774,1617164999999,27148.1515315,138,7.16142,14879.4786035,0
2021-03-31 04:30:00,2076.22,2083.59,2072.91,2079.31,16.30858,1617166799999,33887.927079500005,142,6.9298100000000025,14404.8477458,0
2021-03-31 05:00:00,2080.13,2086.94,2074.06,2084.62,26.36798,1617168599999,54896.6560673,152,13.989020000000002,29121.9994254,0
2021-03-31 05:30:00,2084.42,2102.49,2082.0,2098.83,28.910220000000002,1617170399999,60532.7440041,221,14.47481,30321.1349453,0
2021-03-31 06:00:00,2096.97,2115.49,2093.21,2114.49,34.08228,1617172199999,71685.3212873,343,19.283079999999998,40565.4496056,0
2021-03-31 06:30:00,2111.66,2121.31,2109.66,2117.28,72.04905,1617173999999,152452.0395448,503,39.20855,82985.3392773,0
2021-03-31 07:00:00,2114.97,2121.99,2113.61,2116.47,16.93816,1617175799999,35872.270235,235,10.62017,22497.398142299997,0
2021-03-31 07:30:00,2116.34,2116.79,2064.0,2073.89,89.31599,1617177599999,185669.7309304,629,37.33136,77550.0756863,0
2021-03-31 08:00:00,2074.87,2077.45,2020.87,2047.76,138.52555,1617179399999,283178.7490039,1685,52.31158,106834.4812383,0
2021-03-31 08:30:00,2056.03,2061.02,2037.4,2057.06,72.42044,1617181199999,148189.744475,411,17.06384,34950.3752933,0
2021-03-31 09:00:00,2053.54,2064.94,2036.93,2059.53,63.253809999999994,1617182999999,129849.91468399999,369,31.19223,63970.0103219,0
2021-03-31 09:30:00,2055.38,2059.53,2044.46,2048.37,72.89237,1617184799999,149736.8320205,417,27.34817,56200.1285329,0
2021-03-31 10:00:00,2047.57,2060.62,2029.77,2035.01,51.11465,1617186599999,104699.84773139999,452,32.01798,65598.5253144,0
2021-03-31 10:30:00,2029.99,2047.67,2027.31,2045.49,74.5,1617188399999,151655.23427979994,451,49.23092000000001,100148.7737823,0
2021-03-31 11:00:00,2046.66,2064.38,2045.4,2064.2,19.223010000000002,1617190199999,39510.8180852,259,11.7859,24237.338630000002,0
2021-03-31 11:30:00,2062.57,2069.22,2060.32,2068.6,15.03549,1617191999999,31051.2918177,196,7.9545,16433.6140884,0
2021-03-31 12:00:00,2068.14,2076.19,2051.64,2065.29,27.534340000000004,1617193799999,56911.39296799999,282,15.270560000000001,31571.8515541,0
2021-03-31 12:30:00,2065.28,2068.26,2061.68,2063.89,8.69714,1617195599999,17958.2726118,106,3.2937800000000004,6803.669592199999,0
2021-03-31 13:00:00,2063.79,2077.15,2063.79,2074.33,26.518829999999998,1617197399999,54911.799206699994,221,13.3806,27718.776502499997,0
2021-03-31 13:30:00,2075.94,2085.33,2071.74,2076.6,31.32341,1617199199999,65138.6182852,300,16.16611,33616.2666663,0
2021-03-31 14:00:00,2079.15,2091.59,2072.07,2084.35,10.99566,1617200999999,22897.1030547,172,6.84887,14263.350445500002,0
2021-03-31 14:30:00,2083.39,2089.28,2076.44,2080.09,37.09003,1617202799999,77238.3033364,190,15.462829999999999,32197.2420241,0
2021-03-31 15:00:00,2080.81,2088.97,2077.35,2080.08,15.496870000000001,1617204599999,32297.915286699998,156,6.82153,14227.513755899998,0
2021-03-31 15:30:00,2082.27,2092.45,2071.85,2089.79,46.57498,1617206399999,97079.0127478,283,27.92963,58260.8510094,0
2021-03-31 16:00:00,2091.43,2108.0,2082.35,2096.93,52.117459999999994,1617208199999,109392.30671139999,559,23.954810000000002,50290.621763,0
2021-03-31 16:30:00,2101.37,2102.58,2075.43,2081.94,19.19904,1617209999999,40061.2286274,206,7.03465,14683.528470500001,0
2021-03-31 17:00:00,2083.54,2094.76,2078.49,2079.66,17.74373,1617211799999,37035.0047483,193,9.75031,20349.359121,0
2021-03-31 17:30:00,2079.36,2085.38,2074.99,2083.17,46.57702000000001,1617213599999,96874.8266567,179,22.38849,46578.41418969999,0
2021-03-31 18:00:00,2082.32,2088.83,2075.72,2087.0,23.24748,1617215399999,48441.39698580001,173,18.14049,37809.4554871,0
2021-03-31 18:30:00,2087.56,2113.95,2087.56,2101.57,88.36976999999996,1617217199999,186097.67149860002,612,38.51409,81137.24353080001,0
2021-03-31 19:00:00,2100.58,2118.14,2099.8,2113.33,32.7745,1617218999999,69260.9138298,394,13.148320000000002,27790.981158099996,0
2021-03-31 19:30:00,2114.87,2116.53,2087.58,2093.33,35.02681,1617220799999,73755.5479076,357,17.414279999999998,36679.9565251,0
2021-03-31 20:00:00,2091.9,2119.27,2088.65,2119.27,29.782359999999997,1617222599999,62676.897960199996,289,16.4234,34589.2714889,0
2021-03-31 20:30:00,2119.27,2127.62,2102.56,2127.58,74.33521999999998,1617224399999,157155.54350089998,562,30.648870000000002,64819.4663205,0
2021-03-31 21:00:00,2127.58,2141.37,2118.96,2129.98,124.66763,1617226199999,265814.4517013,950,73.29599,156404.3629089,0
2021-03-31 21:30:00,2129.98,2141.34,2123.1,2131.5,35.02818,1617227999999,74671.66671080001,273,21.6607,46186.6820677,0
2021-03-31 22:00:00,2131.5,2138.21,2121.57,2123.69,31.89276,1617229799999,67908.1950663,184,17.034010000000002,36267.167296499996,0
2021-03-31 22:30:00,2123.4,2128.4,2116.34,2118.15,28.70239,1617231599999,60913.66196830001,201,5.6938699999999995,12096.1903688,0
2021-03-31 23:00:00,2115.41,2125.0,2112.56,2123.71,30.71025,1617233399999,65030.888218800006,167,19.5564,41413.2248326,0
2021-03-31 23:30:00,2123.19,2126.85,2106.58,2111.4,36.09998,1617235199999,76367.141524,270,19.417270000000002,41122.5589959,0
2021-04-01 00:00:00,2111.86,2138.0,2111.86,2127.95,48.68042,1617236999999,103457.36310419999,391,37.42369,79514.7680204,0
2021-04-01 00:30:00,2130.01,2140.0,2124.05,2124.05,25.35097,1617238799999,54075.331578499994,274,12.123380000000001,25868.8341977,0
2021-04-01 01:00:00,2125.01,2126.8,2104.47,2109.51,44.9668,1617240599999,95128.8072243,337,18.14105,38357.4689574,0
2021-04-01 01:30:00,2110.4,2123.97,2105.65,2122.49,20.40991,1617242399999,43110.5152157,193,12.97935,27424.5759658,0
2021-04-01 02:00:00,2123.98,2133.65,2120.53,2132.78,21.646379999999997,1617244199999,46064.557688400004,277,12.518469999999999,26648.9407204,0
2021-04-01 02:30:00,2132.78,2139.99,2125.42,2128.51,36.72286,1617245999999,78322.8158128,313,25.84452000000001,55138.687330199995,0
2021-04-01 03:00:00,2127.36,2145.24,2121.4,2134.71,171.79565,1617247799999,367337.0959828,694,22.65172,48459.4452272,0
2021-04-01 03:30:00,2134.48,2161.8,2134.48,2160.23,239.24663999999999,1617249599999,515178.33497019997,1232,77.05859,165771.5767726,0
2021-04-01 04:00:00,2160.23,2174.54,2152.04,2169.6,182.98565,1617251399999,395702.4974476,1395,30.40365,65798.5536528,0
2021-04-01 04:30:00,2169.47,2256.08,2164.84,2238.65,554.87745,1617253199999,1227047.4532428999,3987,255.0892,565594.0622096999,0
2021-04-01 05:00:00,2238.68,2295.0,2235.36,2290.23,586.02313,1617254999999,1325582.032942,3202,170.57942,385558.85562479997,0
2021-04-01 05:30:00,2290.23,2300.98,2259.81,2295.01,254.02497999999997,1617256799999,580376.3872239001,1694,118.50296000000002,270719.3686839,0
2021-04-01 06:00:00,2295.01,2324.94,2295.0,2323.39,216.69927,1617258599999,500325.45224559994,1883,115.46631000000001,266632.33853189996,0
2021-04-01 06:30:00,2323.39,2333.81,2279.38,2293.36,137.74858999999998,1617260399999,317358.1218487,1330,59.46176,137025.2002314,0
2021-04-01 07:00:00,2290.54,2310.71,2278.61,2292.39,171.54156,1617262199999,393960.4510653,1090,92.77476999999999,212911.907825,0
2021-04-01 07:30:00,2293.49,2320.0,2285.4,2317.64,158.32086,1617263999999,365113.381787,879,104.90061999999999,241948.4970736,0
2021-04-01 08:00:00,2317.64,2346.45,2312.06,2339.65,158.12282,1617265799999,368245.04434009996,1465,103.28133000000001,240508.1064237,0
2021-04-01 08:30:00,2338.52,2342.84,2293.1,2313.24,54.38215,1617267599999,126149.04588080001,817,25.33024,58801.60663330001,0
2021-04-01 09:00:00,2313.37,2317.65,2293.1,2297.85,124.569,1617269399999,287197.1055289,824,80.32847,185233.34219129998,0
2021-04-01 09:30:00,2297.85,2306.0,2295.92,2299.67,39.19282000000001,1617271199999,90099.79327210001,473,22.41854,51549.9190951,0
2021-04-01 10:00:00,2299.84,2322.45,2296.17,2302.91,122.69495,1617272999999,283210.9375665,806,66.78668,154197.0326043,0
2021-04-01 10:30:00,2305.42,2312.16,2287.51,2301.65,143.17031,1617274799999,328969.3776001,995,72.51897,166622.8841143,0
2021-04-01 11:00:00,2303.42,2309.7,2279.98,2307.78,163.78708999999995,1617276599999,375942.52347119997,901,89.56204,205612.2861865,0
2021-04-01 11:30:00,2305.9,2357.05,2305.9,2344.7,181.02085,1617278399999,421316.1970676,1595,102.21929,238017.2425092,0
2021-04-01 12:00:00,2343.27,2382.0,2336.6,2349.35,405.21772000000004,1617280199999,956267.2266339001,2961,234.09617000000003,552335.9490405,0
2021-04-01 12:30:00,2350.92,2359.18,2333.0,2341.0,82.67206,1617281999999,194051.3196295,666,30.022409999999997,70505.0814658,0
2021-04-01 13:00:00,2342.09,2346.58,2333.0,2335.5,50.21881,1617283799999,117429.4120413,454,14.576139999999999,34090.4763637,0
2021-04-01 13:30:00,2335.55,2350.0,2327.61,2327.64,111.36386,1617285599999,260365.799636,724,43.58135,101980.1724189,0
2021-04-01 14:00:00,2327.61,2327.61,2307.0,2319.99,124.30611,1617287399999,288163.7275732,867,52.8011,122453.7002898,0
2021-04-01 14:30:00,2320.6,2321.02,2303.11,2304.97,39.43732,1617289199999,91119.5315871,649,22.213620000000002,51342.3717493,0
2021-04-01 15:00:00,2303.05,2323.08,2303.04,2316.3,76.35869,1617290999999,176534.6719799,698,52.2203,120711.0784208,0
2021-04-01 15:30:00,2314.05,2323.31,2303.6,2306.05,55.87667,1617292799999,129357.8961579,453,32.110409999999995,74386.8790745,0
2021-04-01 16:00:00,2305.93,2316.79,2298.02,2303.83,99.2515,1617294599999,228937.7945558,672,35.94509,82936.91745810001,0
2021-04-01 16:30:00,2303.83,2312.82,2284.51,2290.79,79.63224,1617296399999,182761.04789529997,848,35.03562,80382.09622569999,0
2021-04-01 17:00:00,2290.15,2295.87,2285.94,2287.84,30.91136,1617298199999,70778.89703250001,277,13.09223,29978.859197,0
2021-04-01 17:30:00,2289.65,2290.1,2230.64,2246.88,400.85434,1617299999999,903280.4017847,3339,154.79896000000005,348781.57820509997,0
2021-04-01 18:00:00,2248.24,2256.12,2211.19,2247.6,150.14959,1617301799999,334904.2508568,1247,79.08243,176546.10748829995,0
2021-04-01 18:30:00,2245.52,2258.88,2235.36,2253.63,92.17413,1617303599999,207253.978156,480,49.76988,111914.60751260002,0
2021-04-01 19:00:00,2256.53,2258.62,2244.81,2253.6,42.89711,1617305399999,96623.81994480001,352,20.75147,46752.8570943,0
2021-04-01 19:30:00,2255.36,2258.47,2246.86,2250.33,22.79109,1617307199999,51350.8973434,257,10.01419,22562.3549802,0
2021-04-01 20:00:00,2250.9,2266.12,2243.55,2263.23,52.00138,1617308999999,117217.4123868,464,27.4669,61943.1076903,0
2021-04-01 20:30:00,2264.68,2285.77,2264.02,2278.25,142.04998999999995,1617310799999,323009.5886295,822,82.40374,187435.62959020003,0
2021-04-01 21:00:00,2280.51,2289.06,2270.43,2288.15,80.31184,1617312599999,183066.21165129996,580,45.99106,104852.3673168,0
2021-04-01 21:30:00,2285.39,2290.45,2268.43,2281.71,50.06499,1617314399999,114229.32203269999,437,29.11714000000001,66475.086324,0
2021-04-01 22:00:00,2282.71,2294.86,2273.53,2292.33,23.7599,1617316199999,54233.36951310001,250,11.794789999999999,26946.032915099997,0
2021-04-01 22:30:00,2294.86,2303.38,2289.32,2289.32,57.12911,1617317999999,131276.451262,532,18.86555,43356.3263182,0
2021-04-01 23:00:00,2291.05,2307.44,2285.0,2301.88,36.2982,1617319799999,83300.9503655,355,18.88873,43323.0870688,0
2021-04-01 23:30:00,2300.27,2320.0,2281.09,2289.61,149.66375,1617321599999,345154.85166,1190,68.08691,157230.9355067,0
2021-04-02 00:00:00,2293.26,2299.84,2274.08,2280.94,103.57682,1617323399999,236700.15569229997,815,28.37404,64880.81983080001,0
2021-04-02 00:30:00,2279.98,2296.07,2271.42,2293.04,33.66101,1617325199999,76994.2609788,423,13.6421,31188.871780299996,0
2021-04-02 01:00:00,2293.26,2303.19,2284.83,2301.18,31.741559999999996,1617326999999,72775.6395082,342,12.20584,28005.959310799997,0
2021-04-02 01:30:00,2303.19,2327.34,2301.0,2326.28,35.74054,1617328799999,82721.7770099,472,22.45753,52014.589508,0
2021-04-02 02:00:00,2323.4,2327.29,2299.2,2304.08,85.64945,1617330599999,197831.3413167,1178,23.524160000000002,54349.1032475,0
2021-04-02 02:30:00,2304.65,2345.28,2303.18,2330.33,162.76193,1617332399999,377751.5116512,1541,60.82504,141092.97094770006,0
2021-04-02 03:00:00,2329.65,2369.0,2329.64,2349.97,85.2669,1617334199999,200578.1190262,1178,41.418820000000004,97445.3929591,0
2021-04-02 03:30:00,2350.58,2368.12,2339.87,2361.04,87.74961,1617335999999,206394.28192520002,652,50.72939,119354.5904079,0
2021-04-02 04:00:00,2362.72,2458.65,2356.08,2448.42,592.8996900000002,1617337799999,1430186.3932554,3519,183.36895,442956.7171085,0
2021-04-02 04:30:00,2449.69,2585.21,2447.78,2561.12,1544.2292300000001,1617339599999,3881257.0591733004,8163,628.9309400000002,1585357.8717962,0
2021-04-02 05:00:00,2560.0,2593.29,2525.18,2536.89,402.94511,1617341399999,1029054.4128341,3324,213.37107999999998,545019.1894256,0
2021-04-02 05:30:00,2536.9,2550.02,2519.34,2530.81,165.51924,1617343199999,419433.2880346,1405,86.17598000000002,218448.6609256,0
2021-04-02 06:00:00,2530.87,2544.37,2519.05,2530.03,97.8009,1617344999999,247294.3311204,890,53.40563,135024.9128087,0
2021-04-02 06:30:00,2531.68,2537.81,2515.78,2523.74,129.54629,1617346799999,327459.2650982001,807,69.89022,176742.6596531,0
2021-04-02 07:00:00,2523.74,2540.51,2516.28,2525.86,80.51906,1617348599999,203342.7381573,623,32.153220000000005,81214.70731469999,0
2021-04-02 07:30:00,2524.17,2537.92,2515.1,2527.98,108.79626,1617350399999,275131.4930905,560,68.82553,174134.6539939,0
2021-04-02 08:00:00,2527.46,2561.34,2525.04,2532.44,188.97506,1617352199999,480867.85313740006,1117,118.01778999999999,300199.8555235,0
2021-04-02 08:30:00,2531.93,2536.48,2512.8,2514.43,79.83952,1617353999999,201469.36942770003,632,39.24113,98984.1054247,0
2021-04-02 09:00:00,2516.46,2520.18,2484.09,2498.51,121.76503999999998,1617355799999,303882.8245566,1118,63.6287,158808.79155470006,0
2021-04-02 09:30:00,2496.66,2513.24,2493.34,2501.91,46.94084,1617357599999,117533.74192289998,359,26.783040000000003,67090.2680403,0
2021-04-02 10:00:00,2501.91,2503.39,2487.64,2491.46,29.92515,1617359399999,74731.21300339999,327,15.20933,37997.548589499995,0
2021-04-02 10:30:00,2491.07,2495.12,2469.61,2472.49,95.54413000000001,1617361199999,237065.24879820005,894,61.24374,151965.22651900002,0
2021-04-02 11:00:00,2472.63,2479.06,2451.94,2470.28,199.22258,1617362999999,491516.7557761,2150,90.70631,223844.86311029998,0
2021-04-02 11:30:00,2472.69,2478.81,2446.21,2455.39,118.89121000000002,1617364799999,292586.1775027,912,29.496029999999998,72490.94403,0
2021-04-02 12:00:00,2457.47,2466.16,2437.58,2449.18,134.62072,1617366599999,329770.12966070004,1401,77.88068,190830.14867670002,0
2021-04-02 12:30:00,2449.18,2457.79,2440.43,2442.83,69.52915,1617368399999,170119.5347836,383,40.522040000000004,99106.30559710001,0
2021-04-02 13:00:00,2442.86,2465.66,2411.71,2413.78,173.51485,1617370199999,422948.6341255,1356,94.14442,230147.87890429999,0
2021-04-02 13:30:00,2416.03,2420.34,2387.95,2404.03,120.99796,1617371999999,290585.7000302,1455,46.7875,112346.16891230001,0
2021-04-02 14:00:00,2405.94,2413.6,2393.31,2397.58,126.89923,1617373799999,304724.1186802,809,80.25485,192746.2142825,0
2021-04-02 14:30:00,2397.49,2409.6,2391.26,2406.75,61.81383,1617375599999,148450.4606932,499,28.698929999999997,68915.838097,0
2021-04-02 15:00:00,2406.43,2434.75,2406.16,2426.21,100.78005,1617377399999,244432.8882461,776,53.68741,130251.41596039999,0
2021-04-02 15:30:00,2428.2,2446.51,2426.18,2435.53,69.76089,1617379199999,169983.67719460002,694,32.94729,80318.8127345,0
2021-04-02 16:00:00,2435.96,2453.45,2419.84,2443.03,146.98543,1617380999999,357842.6261077,1155,55.07964000000001,134188.0532488,0
2021-04-02 16:30:00,2440.29,2448.47,2427.35,2434.06,76.73784,1617382799999,187137.4772799,548,32.987320000000004,80447.0042392,0
2021-04-02 17:00:00,2435.51,2447.81,2426.06,2444.6,58.24584,1617384599999,142065.9267158,523,33.195570000000004,80982.445708,0
2021-04-02 17:30:00,2442.24,2466.33,2428.12,2435.65,83.00036999999998,1617386399999,203201.928202,891,45.63223,111721.36042089999,0
2021-04-02 18:00:00,2435.0,2452.2,2428.15,2439.13,31.876759999999997,1617388199999,77750.81788510001,395,17.88131,43614.54332300001,0
2021-04-02 18:30:00,2437.42,2458.77,2421.4,2447.05,65.81694,1617389999999,160613.3503798,603,39.834720000000004,97212.1058098,0
2021-04-02 19:00:00,2445.05,2451.85,2402.21,2450.5,92.60968000000001,1617391799999,225002.81896810004,683,43.212709999999994,105103.31713719999,0
2021-04-02 19:30:00,2448.77,2458.25,2438.11,2445.45,62.71203000000001,1617393599999,153703.66963620007,487,23.71941,58122.39349330001,0
2021-04-02 20:00:00,2443.73,2464.89,2443.37,2460.35,55.7483,1617395399999,136979.4913488,489,31.70236,77897.8651683,0
2021-04-02 20:30:00,2461.05,2508.52,2445.95,2479.79,272.8707,1617397199999,677999.6542766,2046,144.26959,358589.6295243,0
2021-04-02 21:00:00,2479.79,2479.79,2449.11,2453.7,51.25185,1617398999999,126138.72122820001,477,21.20325,52179.4467712,0
2021-04-02 21:30:00,2453.0,2507.79,2451.71,2503.29,89.98782,1617400799999,224064.0131184,712,67.52976,168174.08397100001,0
2021-04-02 22:00:00,2503.73,2503.73,2469.81,2473.49,99.84382,1617402599999,247562.6784935,569,54.5595,135203.8321385,0
2021-04-02 22:30:00,2475.25,2506.73,2468.48,2496.28,58.10556,1617404399999,144231.4484074,436,30.054309999999997,74588.7775003,0
2021-04-02 23:00:00,2494.77,2508.0,2482.99,2503.4,54.25561,1617406199999,135639.3804307,471,19.333660000000002,48318.5924999,0
2021-04-02 23:30:00,2503.77,2507.99,2480.24,2483.58,47.495309999999996,1617407999999,118573.36883439998,628,20.08924,50182.5123406,0
2021-04-03 00:00:00,2485.78,2507.16,2474.34,2499.37,53.44166,1617409799999,133062.1804471,581,20.80892,51858.3339368,0
2021-04-03 00:30:00,2499.45,2548.36,2494.57,2548.3,378.43806,1617411599999,952270.3141695,2459,77.13235,194409.15533920002,0
2021-04-03 01:00:00,2546.7,2580.0,2526.04,2556.06,367.14162000000016,1617413399999,939149.0764615,2057,220.53274,565088.2973035,0
2021-04-03 01:30:00,2552.36,2570.22,2527.24,2552.71,91.07127,1617415199999,232312.06562920002,1016,49.94157,127386.83282839999,0
2021-04-03 02:00:00,2551.03,2554.08,2528.14,2551.92,34.02418,1617416999999,86430.3751807,374,17.35412,44057.628268,0
2021-04-03 02:30:00,2550.67,2575.84,2543.38,2574.19,67.8401,1617418799999,173574.7593216,578,48.70978,124596.93737890001,0
2021-04-03 03:00:00,2574.48,2575.0,2546.13,2572.82,34.258379999999995,1617420599999,87783.9132206,403,19.354039999999998,49642.2383775,0
2021-04-03 03:30:00,2572.76,2572.76,2536.67,2546.06,35.24488,1617422399999,89768.863581,443,13.170770000000001,33521.8015456,0
2021-04-03 04:00:00,2543.18,2543.74,2517.42,2523.09,122.08583999999999,1617424199999,308591.81907479995,874,55.09323000000001,139276.3932666,0
2021-04-03 04:30:00,2524.74,2528.66,2516.47,2521.72,22.63181,1617425999999,57078.1735642,271,10.811069999999999,27284.753183700002,0
2021-04-03 05:00:00,2521.72,2526.33,2511.89,2511.89,20.84252,1617427799999,52545.1850517,227,8.85792,22336.131416,0
2021-04-03 05:30:00,2511.89,2520.26,2508.09,2511.95,47.83032,1617429599999,120225.2716358,383,31.30783,78700.892962,0
2021-04-03 06:00:00,2512.34,2521.15,2506.52,2509.72,87.61988000000002,1617431399999,220169.8084828,459,52.664919999999995,132343.8644339,0
2021-04-03 06:30:00,2509.77,2520.66,2480.1,2480.1,157.59981000000005,1617433199999,394037.8345165,907,91.54571,228750.4015943,0
2021-04-03 07:00:00,2481.06,2481.68,2449.86,2453.1,155.27133,1617434999999,382161.158052,1115,70.70588000000002,174064.3310598,0
2021-04-03 07:30:00,2455.86,2464.4,2438.56,2439.6,89.24410999999998,1617436799999,218779.64697290002,782,36.60838,89828.1536864,0
2021-04-03 08:00:00,2442.59,2456.92,2429.49,2438.17,85.86301,1617438599999,209702.7006748,715,33.4792,81768.16765049999,0
2021-04-03 08:30:00,2438.23,2450.24,2415.38,2429.17,109.589,1617440399999,266566.5089333,750,63.94715,155377.6704002,0
2021-04-03 09:00:00,2430.03,2432.2,2401.0,2426.5,120.31873999999999,1617442199999,290813.17995879997,1035,74.10404,179114.4054421,0
2021-04-03 09:30:00,2426.5,2428.2,2401.0,2411.74,219.29271,1617443999999,528216.6627054,873,133.65885,321930.20082940004,0
2021-04-03 10:00:00,2411.62,2418.23,2382.0,2386.69,86.73236,1617445799999,208157.49607660001,713,34.19338,82149.07251010001,0
2021-04-03 10:30:00,2388.69,2397.22,2376.53,2387.51,78.60063000000002,1617447599999,187724.2773837,861,42.56398,101648.0094338,0
2021-04-03 11:00:00,2387.51,2403.96,2386.93,2400.97,55.436640000000004,1617449399999,132974.30421180002,490,31.148459999999996,74728.9896371,0
2021-04-03 11:30:00,2400.78,2416.59,2400.78,2414.56,69.93634,1617451199999,168484.8773506,460,31.536479999999997,75980.2735155,0
2021-04-03 12:00:00,2412.97,2436.96,2394.79,2422.78,182.77893999999998,1617452999999,442988.9872326001,1212,108.22256000000002,262336.5770725,0
2021-04-03 12:30:00,2421.73,2424.22,2406.9,2406.9,100.8848,1617454799999,243813.51387079997,503,61.417790000000004,148429.9945919,0
2021-04-03 13:00:00,2406.9,2409.43,2396.04,2403.68,26.68267,1617456599999,64121.197586300004,265,13.25557,31871.8023139,0
2021-04-03 13:30:00,2403.47,2410.14,2398.01,2405.31,19.44076,1617458399999,46727.03096690001,210,10.68028,25683.6103635,0
2021-04-03 14:00:00,2408.06,2410.7,2391.37,2404.98,45.373490000000004,1617460199999,108850.87027189998,315,22.495829999999998,53975.6468272,0
2021-04-03 14:30:00,2404.85,2410.93,2378.03,2381.92,57.30376,1617461999999,137200.675001,545,30.14275,72200.88141589999,0
2021-04-03 15:00:00,2381.01,2384.87,2358.05,2362.49,109.47515,1617463799999,259509.61735760001,984,57.48354000000001,136321.00399660002,0
2021-04-03 15:30:00,2360.13,2367.48,2326.31,2333.75,113.37813999999999,1617465599999,266337.1766935,1227,47.76072,112195.2050609,0
2021-04-03 16:00:00,2333.75,2359.0,2310.0,2352.01,159.62438999999995,1617467399999,372978.21436959994,1275,89.22695,208544.4295126,0
2021-04-03 16:30:00,2356.51,2358.77,2309.16,2324.09,127.75023,1617469199999,298058.7910449,760,71.19077,166019.05162910002,0
2021-04-03 17:00:00,2321.78,2323.37,2260.0,2277.07,299.18047,1617470999999,683540.0868916999,2548,151.85421000000005,346507.6583324,0
2021-04-03 17:30:00,2275.38,2290.17,2246.52,2250.84,172.46296999999996,1617472799999,391461.33235179994,1429,102.18155,232029.12034170004,0
2021-04-03 18:00:00,2247.91,2273.73,2214.66,2272.71,186.68117,1617474599999,418397.72088449995,1669,84.56866,189546.6962458,0
2021-04-03 18:30:00,2271.01,2281.37,2263.44,2281.23,55.2141,1617476399999,125574.22533639998,473,35.37994000000001,80520.8574377,0
2021-04-03 19:00:00,2281.37,2297.78,2274.52,2296.04,138.98502,1617478199999,318147.6302658,941,46.41988,106146.8566339,0
2021-04-03 19:30:00,2295.81,2310.18,2276.58,2303.36,78.03475999999998,1617479999999,178736.67844679995,676,43.25943,99058.7356383,0
2021-04-03 20:00:00,2306.28,2306.28,2269.11,2283.65,73.91193,1617481799999,168561.2930069,653,36.748329999999996,83786.36295339999,0
2021-04-03 20:30:00,2286.14,2293.22,2243.92,2258.32,103.31011,1617483599999,234378.89811950002,675,52.29367,118561.67238080001,0
2021-04-03 21:00:00,2256.68,2288.0,2246.67,2256.0,38.60192,1617485399999,87506.67203650001,493,22.09488,50151.0079629,0
2021-04-03 21:30:00,2256.0,2282.11,2228.06,2242.68,104.84158000000001,1617487199999,236105.8520855,841,46.23138,104238.9581132,0
2021-04-03 22:00:00,2238.24,2285.91,2222.68,2251.46,85.34937,1617488999999,192069.12836720003,934,40.2895,90870.2411745,0
2021-04-03 22:30:00,2254.73,2277.26,2242.85,2267.99,52.33048,1617490799999,118407.11837810001,544,28.0406,63464.65064400001,0
2021-04-03 23:00:00,2265.45,2288.68,2253.51,2276.97,45.12469,1617492599999,102679.4767921,464,26.36755,59967.0773715,0
2021-04-03 23:30:00,2276.71,2278.89,2229.0,2235.45,53.09454,1617494399999,119367.48159819999,468,21.34464,47968.071994699996,0
2021-04-04 00:00:00,2236.34,2276.77,2214.37,2269.47,94.13728,1617496199999,211130.07432120002,897,56.791419999999995,127392.92165710001,0
2021-04-04 00:30:00,2267.88,2270.91,2238.0,2238.19,25.80049,1617497999999,58174.4815753,318,12.80889,28874.962608200003,0
2021-04-04 01:00:00,2238.19,2262.47,2216.07,2259.5,59.23944,1617499799999,133002.137116,751,31.88737,71658.71446239999,0
2021-04-04 01:30:00,2258.1,2271.65,2242.69,2263.97,136.39038,1617501599999,307596.8587685,817,104.52362,235663.8690902,0
2021-04-04 02:00:00,2263.54,2284.71,2263.54,2278.58,82.56766,1617503399999,187694.7735069,655,26.39909,60067.051582500004,0
2021-04-04 02:30:00,2278.58,2288.99,2276.3,2287.63,44.376870000000004,1617505199999,101301.9179391,503,24.44991,55842.499722099994,0
2021-04-04 03:00:00,2287.63,2288.95,2271.67,2274.47,61.93124,1617506999999,141280.3969744,678,32.07349,73194.1780397,0
2021-04-04 03:30:00,2275.4,2294.41,2274.12,2289.45,62.6132,1617508799999,143053.8290892,421,38.612359999999995,88222.5828759,0
2021-04-04 04:00:00,2289.44,2293.2,2279.0,2286.63,33.54547,1617510599999,76750.3680185,191,10.09877,23073.9827273,0
2021-04-04 04:30:00,2287.08,2287.71,2268.09,2277.06,29.52685,1617512399999,67177.1538273,260,12.99514,29588.48320820001,0
2021-04-04 05:00:00,2277.02,2294.51,2271.43,2274.51,63.93188000000001,1617514199999,145836.142757,295,23.465989999999998,53496.4784726,0
2021-04-04 05:30:00,2270.22,2300.1,2262.44,2282.85,81.01744000000002,1617515999999,185230.9632847,694,52.956559999999996,121315.69976300001,0
2021-04-04 06:00:00,2280.96,2298.0,2261.12,2293.29,51.39698,1617517799999,117162.44733,499,21.34008,48704.9269965,0
2021-04-04 06:30:00,2293.46,2307.93,2283.95,2304.51,69.41606,1617519599999,159542.791779,591,44.34265,101934.6391209,0
2021-04-04 07:00:00,2301.98,2308.97,2295.61,2304.6,43.57022,1617521399999,100419.92515,319,27.98051,64504.8106263,0
2021-04-04 07:30:00,2306.55,2327.81,2296.93,2323.8,140.23812,1617523199999,324301.8793532,1054,76.04714,175955.81987029995,0
2021-04-04 08:00:00,2323.8,2327.93,2308.87,2321.93,67.87863,1617524999999,157347.9150839,462,17.74275,41122.8714155,0
2021-04-04 08:30:00,2321.87,2334.65,2318.99,2325.44,68.3761,1617526799999,159042.7017947,653,32.093579999999996,74716.54086180001,0
2021-04-04 09:00:00,2331.04,2344.52,2328.4,2341.84,61.98055,1617528599999,144843.4469735,354,35.89505,83874.598054,0
2021-04-04 09:30:00,2341.84,2346.59,2316.16,2316.16,204.09976,1617530399999,475870.62197420007,932,107.06067,249625.4998275,0
2021-04-04 10:00:00,2317.14,2327.39,2312.98,2323.2,46.92752,1617532199999,108917.1961312,431,25.34506,58834.7567719,0
2021-04-04 10:30:00,2321.29,2321.29,2305.22,2318.54,83.08286,1617533999999,192247.98527270003,450,53.98213000000001,124972.48990210002,0
2021-04-04 11:00:00,2315.72,2320.45,2281.33,2283.0,115.94355,1617535799999,266520.54572490003,743,65.70671999999999,151113.10006640002,0
2021-04-04 11:30:00,2284.61,2293.89,2241.56,2252.21,396.45689,1617537599999,898308.9401048998,2225,196.50384,445176.4424564,0
2021-04-04 12:00:00,2252.21,2280.17,2235.13,2272.3,116.28991,1617539399999,262765.0277347,997,77.67293000000002,175581.77843039998,0
2021-04-04 12:30:00,2272.95,2282.78,2269.23,2272.76,45.7794,1617541199999,104106.74523310001,374,23.79234,54120.23473709999,0
2021-04-04 13:00:00,2273.15,2280.87,2269.04,2272.35,22.380029999999998,1617542999999,50891.14194240001,245,11.535110000000001,26242.959335099997,0
2021-04-04 13:30:00,2272.35,2291.21,2271.73,2276.08,89.41473,1617544799999,204082.0090725,653,57.10799,130380.28618599998,0
2021-04-04 14:00:00,2278.42,2292.66,2278.42,2284.71,45.03982,1617546599999,102975.3775702,247,34.13046,78037.3437319,0
2021-04-04 14:30:00,2286.03,2290.64,2276.1,2280.08,18.143520000000002,1617548399999,41415.088071,190,9.55561,21812.9575228,0
2021-04-04 15:00:00,2280.17,2286.54,2274.09,2283.62,33.12469,1617550199999,75507.3296483,383,18.595579999999998,42405.1662894,0
2021-04-04 15:30:00,2284.72,2286.32,2266.48,2268.74,43.85937,1617551999999,99850.60626619999,439,19.97639,45461.294319199995,0
2021-04-04 16:00:00,2267.43,2296.45,2267.08,2280.0,87.30452,1617553799999,199006.5081225,647,56.176140000000004,127954.65937219998,0
2021-04-04 16:30:00,2277.66,2290.66,2272.39,2289.42,27.485709999999997,1617555599999,62688.8417028,272,15.3714,35081.4776855,0
2021-04-04 17:00:00,2288.83,2299.47,2287.86,2294.17,28.05129,1617557399999,64349.097680599996,375,12.92349,29655.0804339,0
2021-04-04 17:30:00,2298.23,2307.09,2294.67,2299.63,38.89628,1617559199999,89463.6300288,326,15.491010000000001,35642.3786704,0
2021-04-04 18:00:00,2298.18,2304.15,2291.45,2296.57,49.07786,1617560999999,112718.1118006,281,21.5463,49492.2905383,0
2021-04-04 18:30:00,2298.72,2303.56,2278.94,2285.36,41.82226,1617562799999,95773.0151337,389,11.99124,27476.32037070001,0
2021-04-04 19:00:00,2285.42,2288.13,2264.0,2268.9,57.64127,1617564599999,130977.5120428,388,14.3955,32719.2231772,0
2021-04-04 19:30:00,2271.43,2277.72,2265.45,2274.63,25.70882000000001,1617566399999,58384.328012599995,194,8.46758,19239.949075,0
2021-04-04 20:00:00,2274.44,2283.97,2265.51,2265.84,30.691159999999996,1617568199999,69766.8297744,238,13.05055,29682.8520454,0
2021-04-04 20:30:00,2264.0,2271.68,2261.16,2268.12,28.189429999999998,1617569999999,63848.72311980001,267,15.262020000000001,34573.0591267,0
2021-04-04 21:00:00,2268.47,2277.41,2264.84,2266.72,19.68593,1617571799999,44701.2417903,161,8.91825,20251.100938599997,0
2021-04-04 21:30:00,2266.97,2280.48,2260.86,2276.96,16.61081,1617573599999,37754.4370327,163,8.66388,19679.1562213,0
2021-04-04 22:00:00,2278.64,2298.99,2265.51,2295.16,41.0013,1617575399999,93797.3818408,407,23.87121,54617.5616146,0
2021-04-04 22:30:00,2295.16,2298.99,2285.7,2288.45,22.07884,1617577199999,50592.8939735,181,9.13963,20941.213327,0
2021-04-04 23:00:00,2287.78,2302.3,2287.3,2293.66,34.12758,1617578999999,78307.5479849,286,17.94434,41188.0213248,0
2021-04-04 23:30:00,2291.58,2314.99,2288.42,2307.01,56.990869999999994,1617580799999,131135.276878,585,39.10492,89932.31651880001,0
2021-04-05 00:00:00,2309.48,2323.0,2295.22,2309.9,73.92795,1617582599999,170850.9519508,743,46.27706,106995.7132547,0
2021-04-05 00:30:00,2309.92,2310.38,2291.04,2291.6,48.15177,1617584399999,110703.0309938,333,14.69295,33789.4501023,0
2021-04-05 01:00:00,2295.31,2322.38,2282.55,2319.43,55.54336,1617586199999,127930.9261725,472,31.77452000000001,73271.73180319999,0
2021-04-05 01:30:00,2320.09,2328.89,2313.73,2318.93,63.83501,1617587999999,148200.6221033,486,38.34111,89020.78436919997,0
2021-04-05 02:00:00,2318.93,2318.93,2296.51,2307.61,19.5519,1617589799999,45110.055711,250,9.579880000000001,22095.6451209,0
2021-04-05 02:30:00,2300.96,2321.98,2300.96,2310.51,44.30037,1617591599999,102333.83969760001,223,15.47001,35754.0266842,0
2021-04-05 03:00:00,2305.75,2318.75,2298.1,2306.91,28.243190000000002,1617593399999,65182.365560800004,204,8.44496,19495.7942473,0
2021-04-05 03:30:00,2309.28,2318.89,2297.95,2301.43,70.05694,1617595199999,161704.3148827,340,22.86209,52828.162854300004,0
2021-04-05 04:00:00,2299.21,2314.57,2288.7,2303.33,63.23647,1617596999999,145428.2113326,355,26.53678,61030.19883940001,0
2021-04-05 04:30:00,2300.16,2300.16,2254.31,2257.43,125.90473,1617598799999,285703.5072613,1005,52.06215,118149.7062211,0
2021-04-05 05:00:00,2256.11,2265.51,2236.4,2246.46,94.61848,1617600599999,212874.0481565,1035,47.27315,106351.9090705,0
2021-04-05 05:30:00,2246.18,2256.39,2204.58,2209.01,169.61647,1617602399999,377751.93870259996,1742,66.85609000000001,148856.32677589994,0
2021-04-05 06:00:00,2207.45,2220.17,2195.67,2215.78,110.56956000000001,1617604199999,243978.9526066,978,47.82549,105635.90591080001,0
2021-04-05 06:30:00,2215.77,2225.3,2198.01,2199.14,57.51383000000001,1617605999999,127182.2988421,613,24.540860000000002,54231.433037099996,0
2021-04-05 07:00:00,2200.0,2225.61,2191.64,2207.16,70.2851,1617607799999,154959.140849,801,32.56293,71877.8040587,0
2021-04-05 07:30:00,2207.15,2233.95,2201.35,2226.12,42.57524,1617609599999,94179.27402889999,354,25.919420000000002,57390.8608214,0
2021-04-05 08:00:00,2225.87,2235.01,2208.61,2214.95,29.312659999999997,1617611399999,65228.8685319,387,18.88316,42027.818400699995,0
2021-04-05 08:30:00,2220.49,2237.89,2214.98,2234.34,26.916859999999996,1617613199999,60001.2936176,323,12.20037,27202.327164599996,0
2021-04-05 09:00:00,2232.74,2242.22,2223.23,2239.65,14.388860000000001,1617614999999,32130.229365599997,198,6.07851,13570.326675400001,0
2021-04-05 09:30:00,2241.29,2253.36,2239.57,2249.66,38.05231,1617616799999,85537.74422380001,299,27.136509999999998,61017.9029868,0
2021-04-05 10:00:00,2247.66,2257.06,2247.26,2255.69,36.87623,1617618599999,83011.2274726,306,19.73473,44412.6142106,0
2021-04-05 10:30:00,2255.59,2265.87,2249.49,2260.24,54.69774,1617620399999,123426.73423069999,384,22.771060000000002,51429.658080400004,0
2021-04-05 11:00:00,2260.25,2276.0,2255.32,2275.59,69.67665,1617622199999,157930.6015823,516,27.40157,62083.8971676,0
2021-04-05 11:30:00,2272.49,2287.16,2270.54,2282.98,38.36428,1617623999999,87433.57523280001,430,19.12213,43591.259011300004,0
2021-04-05 12:00:00,2284.01,2294.32,2279.56,2280.65,40.552,1617625799999,92806.0756512,361,28.35108,64900.418179299995,0
2021-04-05 12:30:00,2280.64,2289.9,2270.23,2283.82,55.85909,1617627599999,127377.0945661,382,29.764329999999998,67899.5891303,0
2021-04-05 13:00:00,2283.82,2297.95,2256.48,2265.51,32.96825,1617629399999,75086.38778460001,394,13.470239999999999,30701.85509740001,0
2021-04-05 13:30:00,2267.03,2301.85,2266.43,2300.78,37.11269,1617631199999,84870.6322801,529,23.34375,53453.4889015,0
2021-04-05 14:00:00,2300.81,2317.04,2293.77,2314.73,69.70997,1617632999999,160840.8557768,776,40.08994000000001,92544.3348149,0
2021-04-05 14:30:00,2313.49,2321.0,2307.15,2317.44,42.63404,1617634799999,98706.1940117,521,22.31008,51684.1569872,0
2021-04-05 15:00:00,2318.56,2348.59,2305.93,2326.86,95.84604,1617636599999,222482.0066064,1027,40.523709999999994,94220.80418460001,0
2021-04-05 15:30:00,2329.65,2339.53,2318.85,2327.27,31.55239000000001,1617638399999,73461.5796391,475,16.88316,39309.767947099994,0
2021-04-05 16:00:00,2328.45,2340.78,2322.8,2334.48,70.06855,1617640199999,163568.4216989,487,47.67789000000001,111299.36182119999,0
2021-04-05 16:30:00,2337.94,2355.01,2334.37,2352.49,53.88084,1617641999999,126321.4438481,513,33.3208,78164.8521017,0
2021-04-05 17:00:00,2354.68,2355.39,2335.81,2340.79,85.42679,1617643799999,200238.4679666,584,32.81447,77027.6467,0
2021-04-05 17:30:00,2338.02,2348.39,2335.88,2345.0,51.76177,1617645599999,121194.8220042,400,18.32185,42952.4662742,0
2021-04-05 18:00:00,2345.0,2357.57,2343.24,2357.57,59.18216999999999,1617647399999,139158.0219897,448,24.98905,58744.1762353,0
2021-04-05 18:30:00,2357.68,2364.43,2351.13,2354.36,126.06527,1617649199999,296874.58852840005,609,77.61315,182765.36006170002,0
2021-04-05 19:00:00,2354.77,2360.76,2351.95,2357.37,56.39759,1617650999999,132884.92144789998,281,17.96248,42302.18621930001,0
2021-04-05 19:30:00,2355.42,2363.76,2352.21,2360.3,24.24706,1617652799999,57160.15933150001,251,14.680729999999999,34617.3678844,0
2021-04-05 20:00:00,2358.23,2370.3,2352.02,2355.05,68.6163,1617654599999,161912.8162681,611,22.64801,53450.6106883,0
2021-04-05 20:30:00,2355.04,2361.05,2349.61,2351.14,34.52851,1617656399999,81344.42926050001,310,19.05723,44920.1945651,0
2021-04-05 21:00:00,2350.8,2357.48,2335.68,2348.83,33.07367,1617658199999,77546.32693060001,449,18.98719,44518.49572119999,0
2021-04-05 21:30:00,2346.41,2346.41,2321.97,2325.15,66.68404,1617659999999,155476.413115,600,38.57965,89945.9846873,0
2021-04-05 22:00:00,2328.82,2338.25,2302.0,2303.76,50.03375,1617661799999,116145.44134589999,859,18.679270000000002,43402.5883816,0
2021-04-05 22:30:00,2305.4,2326.49,2304.98,2317.69,28.27442000000001,1617663599999,65474.64470490001,394,13.66024,31626.6362482,0
2021-04-05 23:00:00,2318.68,2333.83,2301.98,2333.83,25.209410000000002,1617665399999,58345.3821315,424,13.794189999999999,31953.4771463,0
2021-04-05 23:30:00,2333.83,2351.01,2311.3,2330.44,78.54663000000002,1617667199999,183185.60624720002,563,51.67489000000001,120553.09060190001,0
2021-04-06 00:00:00,2332.17,2352.79,2330.24,2335.97,35.87919,1617668999999,84025.59359810001,532,17.21097,40323.4056379,0
2021-04-06 00:30:00,2336.17,2349.06,2333.25,2339.86,31.76855,1617670799999,74337.75440060001,247,9.95508,23300.0187931,0
2021-04-06 01:00:00,2343.15,2350.05,2314.29,2327.86,66.24891,1617672599999,154417.5845826,574,29.95638,69848.6942866,0
2021-04-06 01:30:00,2328.41,2337.0,2314.14,2317.85,18.983439999999998,1617674399999,44235.8230352,191,12.066360000000001,28129.338510799997,0
2021-04-06 02:00:00,2318.76,2320.76,2304.83,2309.45,46.60743,1617676199999,107737.19482480001,320,9.36726,21651.778534099998,0
2021-04-06 02:30:00,2307.25,2321.29,2307.24,2316.36,17.06995,1617677999999,39530.1715234,136,8.28234,19183.236150200002,0
2021-04-06 03:00:00,2318.61,2337.49,2318.61,2335.92,19.1996,1617679799999,44692.0363201,208,13.711210000000001,31914.915131700003,0
2021-04-06 03:30:00,2332.81,2336.0,2314.92,2321.14,15.90608,1617681599999,36984.9971545,184,6.27915,14595.329575799999,0
2021-04-06 04:00:00,2321.13,2325.56,2312.74,2313.73,9.57442,1617683399999,22197.5568847,112,4.3402,10058.7318684,0
2021-04-06 04:30:00,2315.21,2320.0,2301.0,2304.81,71.89903000000002,1617685199999,165831.0233029,385,33.0858,76334.7955165,0
2021-04-06 05:00:00,2305.2,2325.7,2303.2,2321.97,20.08965,1617686999999,46603.7676415,217,15.128129999999999,35092.7471794,0
2021-04-06 05:30:00,2322.05,2341.86,2314.27,2330.21,23.31674,1617688799999,54318.95794959999,379,11.327860000000001,26383.180247599998,0
2021-04-06 06:00:00,2329.63,2330.44,2311.61,2322.92,37.664429999999996,1617690599999,87455.5691606,603,21.68072,50348.5826677,0
2021-04-06 06:30:00,2323.46,2340.41,2322.35,2334.69,27.09771,1617692399999,63251.316705,239,17.064510000000002,39829.7553988,0
2021-04-06 07:00:00,2336.66,2336.66,2310.0,2316.42,60.50212,1617694199999,140126.1254283,273,32.11173,74338.5971102,0
2021-04-06 07:30:00,2315.01,2316.14,2267.05,2283.15,260.3507,1617695999999,594320.9233636999,1818,159.76546000000005,364060.98396020004,0
2021-04-06 08:00:00,2283.35,2297.69,2266.58,2276.85,185.7629,1617697799999,423828.08852,1046,123.09545,281009.2296793,0
2021-04-06 08:30:00,2276.85,2276.85,2224.58,2227.48,398.69732999999997,1617699599999,893338.4976285,3038,271.87632,608822.7988560001,0
2021-04-06 09:00:00,2227.47,2251.98,2222.73,2249.43,45.84516,1617701399999,102578.7926136,555,31.616159999999997,70743.442034,0
2021-04-06 09:30:00,2249.0,2258.02,2246.54,2253.2,45.42927,1617703199999,102376.29916839999,378,19.60034,44171.8490035,0
2021-04-06 10:00:00,2250.05,2250.75,2231.23,2240.87,58.38892,1617704999999,130754.4418595,452,24.59933,55059.2635365,0
2021-04-06 10:30:00,2240.11,2252.05,2222.89,2223.53,62.73566999999999,1617706799999,140485.0532977,597,25.94641,58147.21962130001,0
2021-04-06 11:00:00,2225.49,2266.74,2225.2,2262.88,47.59458,1617708599999,106870.76085650001,644,27.661540000000002,62153.698409599994,0
2021-04-06 11:30:00,2263.95,2271.08,2250.0,2263.24,74.32673,1617710399999,167956.3990488,563,28.94363,65400.0588222,0
2021-04-06 12:00:00,2263.24,2275.24,2254.36,2273.77,54.672909999999995,1617712199999,123656.17674980001,408,34.92304,78978.9269591,0
2021-04-06 12:30:00,2273.2,2280.57,2261.47,2265.0,72.04431,1617713999999,163920.16216829998,556,45.37137,103264.0577691,0
2021-04-06 13:00:00,2264.48,2286.12,2264.42,2280.19,81.33055999999998,1617715799999,185182.3228779,417,48.93622,111450.6680698,0
2021-04-06 13:30:00,2280.17,2282.41,2248.91,2256.53,59.47978000000001,1617717599999,134578.0157322,496,27.025090000000002,61120.4601309,0
2021-04-06 14:00:00,2252.88,2260.39,2191.06,2200.48,188.76917,1617719399999,421259.6301553,1760,68.54772,153045.27433110002,0
2021-04-06 14:30:00,2198.3,2222.3,2186.52,2222.3,130.85076999999998,1617721199999,288326.0552537,859,62.66288,138174.6314292,0
2021-04-06 15:00:00,2216.75,2224.25,2200.21,2214.35,91.13513,1617722999999,201804.67175470002,614,27.30038,60479.0005136,0
2021-04-06 15:30:00,2212.51,2244.46,2197.41,2229.56,83.99494,1617724799999,186194.83573279998,692,35.17073,77950.6418007,0
2021-04-06 16:00:00,2233.2,2250.0,2226.31,2250.0,57.528209999999994,1617726599999,129082.73418289999,384,32.09707,72100.8952632,0
2021-04-06 16:30:00,2249.89,2263.1,2214.0,2218.07,433.4889,1617728399999,969112.2102650999,1977,238.13481000000002,532612.4727681,0
2021-04-06 17:00:00,2218.07,2225.65,2204.45,2220.88,120.75345,1617730199999,267618.1091647,908,64.16809,142258.11204429998,0
2021-04-06 17:30:00,2219.16,2233.5,2219.15,2228.62,32.054390000000005,1617731999999,71388.2314691,356,17.47995,38943.2136269,0
2021-04-06 18:00:00,2229.9,2240.0,2212.18,2237.75,141.59753999999995,1617733799999,315026.3308425,788,65.33239,145446.41338729998,0
2021-04-06 18:30:00,2239.6,2248.9,2223.45,2246.8,130.89177,1617735599999,292985.15284540004,681,53.314969999999995,119344.6997316,0
2021-04-06 19:00:00,2247.24,2256.78,2239.45,2242.93,52.15821,1617737399999,117234.87490439999,352,32.03846,72035.2967177,0
2021-04-06 19:30:00,2249.17,2256.39,2237.5,2253.76,45.68425,1617739199999,102703.8592326,361,16.92511,38058.1527576,0
2021-04-06 20:00:00,2252.75,2261.32,2246.46,2261.3,23.2013,1617740999999,52298.728782800004,301,13.9748,31507.017537800002,0
2021-04-06 20:30:00,2261.3,2271.35,2248.15,2259.33,26.07725,1617742799999,58951.0381492,311,16.434479999999994,37149.4143767,0
2021-04-06 21:00:00,2257.06,2259.96,2245.59,2256.59,55.59581,1617744599999,125038.7491141,449,15.95,35908.584941,0
2021-04-06 21:30:00,2253.97,2289.04,2233.88,2266.59,83.7717,1617746399999,190183.92494770003,829,43.31144000000001,98485.68345610001,0
2021-04-06 22:00:00,2266.48,2275.8,2244.78,2262.96,28.081640000000004,1617748199999,63473.198692,383,12.908539999999999,29152.981983599995,0
2021-04-06 22:30:00,2262.96,2274.18,2257.08,2269.32,23.45798,1617749999999,53238.6547129,186,16.18913,36738.4599081,0
2021-04-06 23:00:00,2267.65,2275.78,2260.06,2268.42,31.598390000000002,1617751799999,71724.7466134,205,21.40256,48604.4141427,0
2021-04-06 23:30:00,2269.1,2296.34,2267.15,2295.2,181.40694,1617753599999,414828.1996684,801,69.39219,158582.7102573,0
2021-04-07 00:00:00,2295.28,2312.11,2280.77,2311.61,325.43337,1617755399999,748780.8397903001,1373,131.77425,303109.3426187,0
2021-04-07 00:30:00,2309.97,2393.01,2298.08,2323.37,1082.09706,1617757199999,2535568.1021992997,3922,563.6777900000002,1323463.4629469998,0
2021-04-07 01:00:00,2321.7,2355.81,2312.58,2320.82,320.75397999999996,1617758999999,749335.3686001998,1617,158.11912,369403.1409417,0
2021-04-07 01:30:00,2321.83,2328.69,2306.75,2316.01,58.12729,1617760799999,134758.0867435,529,33.88791,78598.10399260001,0
2021-04-07 02:00:00,2316.01,2318.09,2306.67,2309.93,18.8821,1617762599999,43683.3398557,286,10.17465,23541.594829799997,0
2021-04-07 02:30:00,2310.11,2319.17,2305.52,2315.35,31.84846,1617764399999,73665.0812547,330,13.6478,31573.723290900005,0
2021-04-07 03:00:00,2318.76,2328.36,2309.66,2311.33,21.11037,1617766199999,48997.7549813,264,8.516919999999999,19771.704413099997,0
2021-04-07 03:30:00,2311.33,2335.4,2308.19,2313.18,88.25872,1617767999999,204637.99427470003,420,39.10689,90603.7012503,0
2021-04-07 04:00:00,2314.16,2323.38,2276.96,2279.87,140.80338999999995,1617769799999,324794.8516382,971,71.97332,166159.8744651,0
2021-04-07 04:30:00,2281.31,2308.52,2281.31,2300.07,27.72385,1617771599999,63613.8681347,280,10.9019,25026.3809412,0
2021-04-07 05:00:00,2304.74,2309.66,2289.33,2297.7,27.94796,1617773399999,64391.16005190001,232,16.4344,37865.2108477,0
2021-04-07 05:30:00,2299.18,2311.88,2282.45,2286.79,40.06785,1617775199999,92199.0819957,370,24.15258,55622.15660169999,0
2021-04-07 06:00:00,2284.88,2303.51,2275.0,2283.8,39.272059999999996,1617776999999,89720.6361231,384,26.446409999999997,60410.329568400004,0
2021-04-07 06:30:00,2289.91,2297.8,2268.12,2276.04,44.69742,1617778799999,102258.3997142,370,17.11123,39116.9237635,0
2021-04-07 07:00:00,2277.07,2280.32,2244.28,2273.49,80.04624,1617780599999,181156.53961920002,929,46.474579999999996,105243.37441810001,0
2021-04-07 07:30:00,2270.26,2282.24,2253.17,2270.78,23.29714,1617782399999,52799.0329573,306,13.8659,31420.5764398,0
2021-04-07 08:00:00,2271.76,2275.69,2238.55,2244.06,52.311679999999996,1617784199999,117977.75974619998,633,19.75733,44504.6988414,0
2021-04-07 08:30:00,2244.16,2250.05,2212.94,2212.94,185.11525,1617785999999,412222.1561384,994,116.85073999999999,260157.7388411,0
2021-04-07 09:00:00,2213.86,2223.56,2133.29,2164.39,304.06539,1617787799999,662402.301009,2368,139.14799,303472.6397516,0
2021-04-07 09:30:00,2160.48,2189.53,2150.0,2164.81,243.37582,1617789599999,525844.7282182,1086,133.43675,288005.6028094,0
2021-04-07 10:00:00,2164.74,2174.15,2123.55,2151.83,221.51235,1617791399999,475653.5579838,1253,102.88563,221591.22360640002,0
2021-04-07 10:30:00,2157.65,2160.36,2102.92,2117.82,145.42853,1617793199999,309906.10526020004,1437,72.59864,154697.4793092,0
2021-04-07 11:00:00,2114.26,2125.32,2057.57,2075.61,262.67389,1617794999999,551254.4905629001,1863,142.15517,298585.9117976,0
2021-04-07 11:30:00,2075.04,2079.89,2045.42,2078.82,143.37218000000001,1617796799999,295946.82608990005,1145,82.45721,170303.16306989998,0
2021-04-07 12:00:00,2075.65,2075.65,2017.34,2052.96,152.46278999999996,1617798599999,311823.8135654,1160,68.32229,139557.51823279998,0
2021-04-07 12:30:00,2053.98,2098.7,2053.98,2091.49,90.60836,1617800399999,188841.52233120002,964,53.23308000000001,110915.9407409,0
2021-04-07 13:00:00,2090.05,2124.28,2077.9,2118.16,91.61346999999999,1617802199999,193169.1860557,975,46.56857,98309.38677869999,0
2021-04-07 13:30:00,2118.16,2134.22,2112.83,2131.29,91.91771,1617803999999,195217.032463,666,46.656620000000004,99057.4612042,0
2021-04-07 14:00:00,2133.95,2145.75,2125.68,2141.75,49.14559000000001,1617805799999,105096.5870414,558,25.77291,55134.900406500004,0
2021-04-07 14:30:00,2141.59,2142.37,2100.48,2104.37,134.36862,1617807599999,285068.6886586,971,75.31756999999998,159745.3918479,0
2021-04-07 15:00:00,2102.52,2119.04,2097.75,2099.9,82.80458,1617809399999,174772.76823739999,830,51.08409,107804.9841757,0
2021-04-07 15:30:00,2100.09,2110.42,2078.21,2087.98,100.93923000000001,1617811199999,211258.00772720002,930,50.09923,104850.7622871,0
2021-04-07 16:00:00,2091.71,2114.17,2067.82,2089.61,190.2365,1617812999999,397987.5778751,1224,113.30336000000001,237081.88228470003,0
2021-04-07 16:30:00,2084.17,2124.16,2074.97,2120.98,125.27028999999999,1617814799999,263574.9238839,798,86.81645999999998,182656.23172610003,0
2021-04-07 17:00:00,2119.39,2119.39,2051.74,2054.42,93.97021,1617816599999,195128.07414220003,891,35.27789,73310.579805,0
2021-04-07 17:30:00,2055.1,2068.65,2047.13,2052.71,56.46343,1617818399999,116132.82369910002,483,29.715970000000002,61146.262807700004,0
2021-04-07 18:00:00,2051.55,2090.24,2045.14,2046.42,87.56405,1617820199999,181153.92317629998,776,47.68914,98656.7516151,0
2021-04-07 18:30:00,2046.42,2087.11,2046.42,2052.82,49.325179999999996,1617821999999,101889.1409344,534,25.99674,53660.870458699996,0
2021-04-07 19:00:00,2054.51,2077.9,2039.59,2070.51,98.14522,1617823799999,201359.6729668,1028,49.57488,101667.31516639999,0
2021-04-07 19:30:00,2073.48,2104.82,2057.32,2097.25,51.29017,1617825599999,106810.97093689999,634,27.20311,56651.8407916,0
2021-04-07 20:00:00,2095.88,2108.68,2068.61,2071.77,65.28796,1617827399999,136759.9877041,605,31.36468,65753.40728069999,0
2021-04-07 20:30:00,2071.5,2100.3,2066.72,2100.3,61.26266,1617829199999,127927.34336239999,564,31.60203,66001.5297834,0
2021-04-07 21:00:00,2100.16,2113.44,2087.87,2111.64,15.0346,1617830999999,31576.6841755,195,8.99784,18898.2288147,0
2021-04-07 21:30:00,2113.54,2120.11,2106.62,2111.2,17.29195,1617832799999,36554.0677082,202,8.08522,17097.2353915,0
2021-04-07 22:00:00,2107.4,2125.71,2101.59,2120.48,30.94895,1617834599999,65516.8473972,239,12.937999999999999,27395.7905048,0
2021-04-07 22:30:00,2120.0,2129.28,2118.12,2127.5,11.94617,1617836399999,25375.0103907,83,7.33865,15583.8298186,0
2021-04-07 23:00:00,2128.37,2133.27,2117.37,2119.86,27.14518,1617838199999,57670.7176715,174,8.95629,19032.527042200007,0
2021-04-07 23:30:00,2121.15,2125.91,2097.65,2106.48,23.78128,1617839999999,50211.9513863,234,11.93723,25192.532991099997,0
2021-04-08 00:00:00,2105.85,2128.56,2082.96,2117.85,51.89895,1617841799999,109320.5684777,597,22.094089999999998,46598.2565222,0
2021-04-08 00:30:00,2117.81,2139.02,2102.67,2125.63,33.227990000000005,1617843599999,70562.4654152,400,14.97461,31811.878221900013,0
2021-04-08 01:00:00,2130.66,2138.73,2110.83,2132.1,28.55129,1617845399999,60585.0151995,222,18.87739,40076.5599854,0
2021-04-08 01:30:00,2132.24,2138.29,2128.01,2132.1,19.00856,1617847199999,40539.3845476,171,7.40442,15798.4537053,0
2021-04-08 02:00:00,2132.88,2136.97,2115.08,2118.49,12.412469999999999,1617848999999,26353.530242200002,123,8.6518,18366.048546500002,0
2021-04-08 02:30:00,2116.35,2126.1,2108.42,2125.67,31.404090000000004,1617850799999,66458.81803689999,327,15.044210000000001,31875.878941299998,0
2021-04-08 03:00:00,2124.47,2131.58,2104.48,2124.68,27.34147,1617852599999,57908.97194219999,234,12.11192,25646.0540161,0
2021-04-08 03:30:00,2127.34,2200.3,2123.06,2141.97,188.63472,1617854399999,409172.7774176,2108,102.38249,222099.06870190002,0
2021-04-08 04:00:00,2145.24,2153.68,2139.81,2151.43,30.001829999999998,1617856199999,64439.178475099994,270,16.61458,35695.166134300016,0
2021-04-08 04:30:00,2152.17,2172.81,2151.06,2166.76,18.663529999999998,1617857999999,40286.5058425,246,8.22304,17759.1018691,0
2021-04-08 05:00:00,2167.3,2176.45,2163.49,2171.75,23.20322,1617859799999,50326.242858499994,207,14.26995,30946.918464,0
2021-04-08 05:30:00,2171.03,2176.09,2157.56,2168.67,30.64733,1617861599999,66455.9095199,294,13.28406,28818.524270700003,0
2021-04-08 06:00:00,2172.35,2176.24,2164.02,2171.3,17.42359,1617863399999,37807.9516056,156,9.72527,21106.3208876,0
2021-04-08 06:30:00,2171.61,2179.99,2164.67,2177.16,28.039209999999997,1617865199999,60966.256045099995,250,19.70534,42858.692415,0
2021-04-08 07:00:00,2178.12,2182.03,2162.19,2168.94,18.71969,1617866999999,40602.8515664,280,7.0888100000000005,15384.0982503,0
2021-04-08 07:30:00,2169.02,2174.0,2161.05,2167.65,27.96247,1617868799999,60608.0178665,289,9.67534,20975.2941997,0
2021-04-08 08:00:00,2165.34,2174.0,2161.27,2169.39,45.29143,1617870599999,98119.3943235,406,16.528879999999994,35829.927735900004,0
2021-04-08 08:30:00,2167.53,2170.61,2136.26,2151.93,47.99511,1617872399999,103304.8178825,567,17.88087,38470.6144965,0
2021-04-08 09:00:00,2152.19,2159.08,2126.81,2132.31,117.4606,1617874199999,251897.5530485,902,51.2297,109821.48088730001,0
2021-04-08 09:30:00,2136.05,2138.98,2082.85,2086.13,351.37145,1617875999999,739790.022763,2167,151.15469,318059.164206,0
2021-04-08 10:00:00,2084.85,2093.65,2071.86,2074.81,178.0696,1617877799999,370850.1324264,1388,86.69487,180607.268423,0
2021-04-08 10:30:00,2074.7,2094.24,2070.77,2091.88,69.8356,1617879599999,145361.80113270006,537,38.89675,80912.17121,0
2021-04-08 11:00:00,2091.0,2099.43,2079.46,2090.57,55.24215,1617881399999,115399.9175054,436,25.97597,54293.2158049,0
2021-04-08 11:30:00,2090.99,2108.84,2081.18,2095.04,105.74871999999999,1617883199999,221239.8893309,781,55.449169999999995,116027.9246547,0
2021-04-08 12:00:00,2095.04,2121.83,2087.27,2119.75,72.8481,1617884999999,153570.8055725,537,38.86538,81878.485438,0
2021-04-08 12:30:00,2119.66,2137.67,2115.82,2137.13,42.55065,1617886799999,90509.7324887,519,23.82634,50705.73039690001,0
2021-04-08 13:00:00,2137.31,2138.34,2119.19,2126.85,34.05467,1617888599999,72468.2411395,261,17.91687,38144.214510699996,0
2021-04-08 13:30:00,2126.19,2136.49,2125.91,2129.1,42.06961,1617890399999,89643.4949923,264,14.830879999999999,31602.637623900002,0
2021-04-08 14:00:00,2127.87,2152.13,2124.96,2145.95,39.24197,1617892199999,83950.5292378,514,24.25912000000001,51878.3598076,0
2021-04-08 14:30:00,2149.59,2160.67,2144.47,2157.86,69.42027,1617893999999,149394.1082822,606,30.82511,66340.5416989,0
2021-04-08 15:00:00,2160.0,2187.45,2159.54,2173.11,128.58256,1617895799999,279467.9344058,1036,69.5384,151125.8351956,0
2021-04-08 15:30:00,2173.11,2190.86,2173.11,2189.61,53.93418000000001,1617897599999,117651.19818730002,450,21.238570000000006,46330.7514893,0
2021-04-08 16:00:00,2189.62,2200.0,2182.39,2191.46,69.55601999999999,1617899399999,152538.4639276,648,47.1674,103495.6774114,0
2021-04-08 16:30:00,2192.83,2194.47,2183.79,2191.79,30.368340000000003,1617901199999,66457.7525443,366,15.915020000000002,34841.488916199996,0
2021-04-08 17:00:00,2190.55,2195.0,2183.64,2195.0,45.88324,1617902999999,100495.87983600001,299,23.86789,52298.5220436,0
2021-04-08 17:30:00,2195.0,2195.86,2178.35,2181.46,27.91568,1617904799999,61053.5424278,324,11.6074,25383.810062200002,0
2021-04-08 18:00:00,2181.0,2205.9,2179.29,2184.56,65.77776999999999,1617906599999,144151.51575010002,622,37.00195,81102.7325957,0
2021-04-08 18:30:00,2184.95,2206.0,2184.85,2200.84,67.97958,1617908399999,149419.9132191,579,41.02695,90177.059047,0
2021-04-08 19:00:00,2202.37,2224.26,2202.37,2218.0,67.26021999999999,1617910199999,148993.93901929999,796,31.44409000000001,69655.07193250001,0
2021-04-08 19:30:00,2218.99,2235.78,2213.13,2222.82,86.59929,1617911999999,192455.2064068,803,46.66424,103731.5681911,0
2021-04-08 20:00:00,2224.39,2235.76,2198.0,2199.17,77.53225,1617913799999,171306.7968756,683,41.512190000000004,91686.33159249999,0
2021-04-08 20:30:00,2201.0,2202.95,2178.73,2192.98,105.32605,1617915599999,230561.15875960002,851,36.66737,80281.9173997,0
2021-04-08 21:00:00,2193.58,2203.35,2176.87,2190.25,39.13509000000001,1617917399999,85713.07300820001,404,15.50635,33969.5179582,0
2021-04-08 21:30:00,2192.73,2200.0,2190.17,2198.18,17.17261,1617919199999,37699.6291454,220,10.421610000000001,22880.214868400002,0
2021-04-08 22:00:00,2197.55,2203.61,2190.0,2200.26,23.57621,1617920999999,51814.4351322,171,17.43729,38339.900892800004,0
2021-04-08 22:30:00,2202.33,2217.73,2192.45,2217.73,26.3419,1617922799999,57974.6282345,376,9.748489999999999,21487.4680762,0
2021-04-08 23:00:00,2218.77,2230.77,2206.52,2220.13,27.78929,1617924599999,61662.77752790001,410,12.85175,28545.268219,0
2021-04-08 23:30:00,2217.28,2221.18,2207.19,2208.29,19.29542,1617926399999,42719.9227422,227,8.52172,18867.247042,0
2021-04-09 00:00:00,2211.67,2221.42,2199.56,2218.71,36.587509999999995,1617928199999,80788.37551130001,410,18.75349,41439.473076300004,0
2021-04-09 00:30:00,2220.86,2234.79,2211.08,2228.19,24.27692,1617929999999,53937.2526665,352,9.958639999999999,22135.2794294,0
2021-04-09 01:00:00,2228.19,2248.33,2219.68,2234.44,55.54671999999999,1617931799999,124323.01952720001,703,34.505590000000005,77247.0192948,0
2021-04-09 01:30:00,2232.06,2236.67,2217.62,2222.88,15.1767,1617933599999,33791.3791817,242,7.49638,16695.3518807,0
2021-04-09 02:00:00,2222.87,2236.02,2214.44,2215.21,21.21946,1617935399999,47141.7360496,304,10.07361,22380.2865885,0
2021-04-09 02:30:00,2218.76,2229.0,2198.7,2200.89,179.54838999999996,1617937199999,397144.64725549996,809,48.74894000000001,107908.8292689,0
2021-04-09 03:00:00,2202.9,2204.09,2194.95,2196.15,15.67644,1617938999999,34483.2581898,219,8.84048,19452.9394311,0
2021-04-09 03:30:00,2195.43,2200.05,2188.19,2190.51,25.58595,1617940799999,56153.6662285,273,11.81759,25931.4156195,0
2021-04-09 04:00:00,2194.86,2197.23,2186.05,2189.64,7.51312,1617942599999,16461.631933599998,157,3.20332,7023.4907785999985,0
2021-04-09 04:30:00,2189.64,2190.87,2183.03,2189.69,15.438629999999998,1617944399999,33755.3494709,184,6.87268,15031.166145500001,0
2021-04-09 05:00:00,2192.47,2195.21,2183.04,2185.69,16.25127,1617946199999,35533.8701492,161,8.56851,18735.4134313,0
2021-04-09 05:30:00,2189.53,2191.0,2178.53,2179.84,26.09165,1617947999999,56953.5090723,227,6.61751,14459.6433338,0
2021-04-09 06:00:00,2181.16,2190.81,2180.22,2183.92,32.73964,1617949799999,71545.43716739997,509,22.965999999999998,50191.905454,0
2021-04-09 06:30:00,2183.92,2184.95,2178.18,2179.43,23.32047,1617951599999,50883.8192365,373,9.993960000000001,21813.3366059,0
2021-04-09 07:00:00,2179.39,2190.38,2172.63,2188.69,22.018079999999998,1617953399999,48010.2397766,412,12.711739999999999,27734.150925700003,0
2021-04-09 07:30:00,2190.81,2202.86,2188.15,2202.84,48.03305,1617955199999,105501.802281,388,30.62286,67266.2980429,0
2021-04-09 08:00:00,2201.08,2225.39,2193.05,2197.74,115.57972,1617956999999,255338.2164331,724,82.64065,182782.9430609,0
2021-04-09 08:30:00,2194.74,2198.27,2181.98,2184.39,37.934779999999996,1617958799999,83059.239359,374,19.382929999999998,42436.5032677,0
2021-04-09 09:00:00,2184.7,2191.17,2180.03,2186.03,112.93722,1617960599999,247029.67394590002,515,69.23316,151458.5881095,0
2021-04-09 09:30:00,2185.91,2219.67,2170.59,2217.43,314.62354,1617962399999,690243.3393191999,1259,115.62641,253806.75528520002,0
2021-04-09 10:00:00,2218.68,2218.69,2199.7,2209.35,137.12316,1617964199999,302706.9740422,634,72.80306,160713.4365533,0
2021-04-09 10:30:00,2209.34,2212.87,2199.33,2203.36,57.04753,1617965999999,125971.84735190001,500,30.204829999999998,66720.74342109999,0
2021-04-09 11:00:00,2206.19,2208.55,2193.38,2205.14,82.42081999999998,1617967799999,181433.05531179998,461,37.608779999999996,82778.3250128,0
2021-04-09 11:30:00,2207.45,2279.29,2202.51,2279.29,982.0704,1617969599999,2204695.6506543,4710,330.3932700000001,739954.6782326,0
2021-04-09 12:00:00,2279.35,2292.44,2239.84,2240.0,406.9804,1617971399999,923334.3356636,2498,165.66036,375906.53717479995,0
2021-04-09 12:30:00,2240.01,2242.86,2221.36,2241.62,161.31513,1617973199999,360089.7178899,994,91.21425,203695.9801195,0
2021-04-09 13:00:00,2241.52,2251.47,2225.85,2228.63,91.82315,1617974999999,205333.8853005,633,46.08171,102997.97085499999,0
2021-04-09 13:30:00,2228.37,2236.24,2218.99,2221.18,66.71916,1617976799999,148763.74923299998,487,41.854659999999996,93366.2051611,0
2021-04-09 14:00:00,2220.99,2230.15,2200.0,2200.07,84.06472,1617978599999,186003.2028717,628,39.873329999999996,88324.330719,0
2021-04-09 14:30:00,2200.88,2232.49,2195.45,2225.82,58.3773,1617980399999,129308.01989760001,568,32.5188,72003.0481362,0
2021-04-09 15:00:00,2225.02,2230.57,2214.52,2226.49,93.92879,1617982199999,208949.89488510002,654,35.145540000000004,78172.80770630001,0
2021-04-09 15:30:00,2223.92,2228.57,2210.89,2217.44,27.948009999999996,1617983999999,61944.79507590001,251,10.00998,22182.617392099997,0
2021-04-09 16:00:00,2215.56,2221.14,2193.25,2202.65,69.57092,1617985799999,153430.06080210002,642,32.3333,71323.4684156,0
2021-04-09 16:30:00,2204.46,2229.33,2200.79,2221.17,81.19564,1617987599999,179844.050036,545,46.66682,103377.0977848,0
2021-04-09 17:00:00,2225.46,2235.2,2218.21,2224.46,34.04105,1617989399999,75742.2586112,454,14.47825,32223.693734200002,0
2021-04-09 17:30:00,2224.06,2237.19,2224.04,2230.06,41.775079999999996,1617991199999,93226.65368860001,399,23.34901,52117.835618900004,0
2021-04-09 18:00:00,2229.46,2242.56,2225.56,2238.62,34.49324,1617992999999,77012.4486461,364,12.571480000000001,28078.2312589,0
2021-04-09 18:30:00,2237.49,2241.95,2228.18,2240.33,63.61595,1617994799999,142149.2656044,508,25.88765,57855.78866930001,0
2021-04-09 19:00:00,2240.31,2246.32,2232.79,2236.39,42.41458,1617996599999,94882.2523163,435,15.073210000000001,33718.616503900004,0
2021-04-09 19:30:00,2237.48,2245.56,2226.38,2228.97,50.66907,1617998399999,113211.37530050002,529,22.06185,49301.2585861,0
2021-04-09 20:00:00,2229.69,2230.6,2211.33,2211.33,20.47221,1618000199999,45512.1503613,381,7.012860000000001,15596.4654458,0
2021-04-09 20:30:00,2212.72,2217.93,2202.43,2207.72,35.93067,1618001999999,79375.6927247,386,19.98369,44152.4906014,0
2021-04-09 21:00:00,2205.88,2212.27,2203.02,2203.79,32.889590000000005,1618003799999,72564.2363918,313,21.392889999999998,47200.5177857,0
2021-04-09 21:30:00,2203.73,2207.45,2195.0,2205.81,123.97063,1618005599999,272437.6275381,557,86.46146999999998,189936.28476279997,0
2021-04-09 22:00:00,2203.99,2210.17,2196.12,2203.92,39.63129,1618007399999,87210.469972,277,11.897680000000001,26206.9706357,0
2021-04-09 22:30:00,2205.35,2211.04,2200.14,2205.11,16.81928,1618009199999,37103.0852055,157,6.03523,13314.9880006,0
2021-04-09 23:00:00,2202.12,2212.62,2197.28,2209.47,29.4522,1618010999999,64868.176200099995,232,10.355080000000001,22827.5652567,0
2021-04-09 23:30:00,2213.04,2227.16,2211.53,2222.82,19.45363,1618012799999,43219.7727676,321,12.47069,27713.911666500004,0
2021-04-10 00:00:00,2223.06,2228.38,2215.15,2222.98,60.17035,1618014599999,133816.6208298,447,35.75144,79554.41909489999,0
2021-04-10 00:30:00,2221.36,2224.87,2204.47,2208.32,28.4327,1618016399999,62892.0577128,259,12.102269999999999,26766.6850003,0
2021-04-10 01:00:00,2208.29,2226.49,2207.86,2219.97,40.15755,1618018199999,89160.2305789,332,24.22994,53782.7441399,0
2021-04-10 01:30:00,2220.45,2225.44,2215.78,2223.44,29.238590000000002,1618019999999,64907.96399680001,189,14.16345,31444.690532099998,0
2021-04-10 02:00:00,2223.7,2236.24,2220.13,2227.81,25.29893,1618021799999,56402.7732561,424,13.72246,30589.7286895,0
2021-04-10 02:30:00,2229.5,2240.42,2227.81,2236.04,26.73694,1618023599999,59749.372065400006,341,11.21999,25084.383357,0
2021-04-10 03:00:00,2234.74,2243.28,2231.35,2242.69,28.8067,1618025399999,64446.8925892,361,15.200820000000002,34018.1595667,0
2021-04-10 03:30:00,2242.71,2304.38,2240.61,2303.15,298.81781,1618027199999,679743.6146856999,2221,174.55587,397088.9917032,0
2021-04-10 04:00:00,2304.35,2327.08,2287.07,2315.57,331.0337600000001,1618028999999,763766.2918231,2791,175.34702,404646.97889629996,0
2021-04-10 04:30:00,2317.64,2325.57,2296.34,2313.47,119.60462,1618030799999,276557.9175302,1095,53.4615,123636.38202209999,0
2021-04-10 05:00:00,2313.46,2321.45,2302.2,2308.46,88.35061,1618032599999,204243.56686360002,731,33.827909999999996,78214.315043,0
2021-04-10 05:30:00,2307.2,2308.45,2291.59,2297.84,39.91835,1618034399999,91760.7957298,465,21.33605,49035.0094259,0
2021-04-10 06:00:00,2299.18,2317.17,2295.68,2313.82,67.22904,1618036199999,155005.6816933,565,31.47496,72569.89955080001,0
2021-04-10 06:30:00,2313.21,2330.0,2305.78,2308.99,150.11484,1618037999999,348613.3548502,1013,72.3379,167911.82497289998,0
2021-04-10 07:00:00,2309.0,2322.03,2302.81,2315.22,49.51851,1618039799999,114518.5447593,444,23.327170000000002,53950.9840589,0
2021-04-10 07:30:00,2315.23,2333.0,2314.92,2327.13,75.9133,1618041599999,176706.59468039995,764,32.829190000000004,76435.90486810001,0
2021-04-10 08:00:00,2327.14,2336.33,2320.0,2322.56,89.23595999999998,1618043399999,207676.8928256,714,40.31607,93879.1985593,0
2021-04-10 08:30:00,2320.77,2322.27,2309.92,2311.68,42.39462,1618045199999,98233.63079430001,481,16.445079999999994,38102.590282699995,0
2021-04-10 09:00:00,2312.17,2313.97,2301.23,2301.55,42.055479999999996,1618046999999,97111.8671179,524,18.72364,43242.8517023,0
2021-04-10 09:30:00,2303.94,2309.21,2302.28,2308.54,19.68345,1618048799999,45398.61575330001,177,11.15133,25718.0170476,0
2021-04-10 10:00:00,2308.54,2312.26,2301.43,2304.36,30.68778,1618050599999,70806.78240930001,325,17.41349,40190.2954914,0
2021-04-10 10:30:00,2305.8,2308.0,2292.81,2304.23,41.57128,1618052399999,95711.0912046,418,17.032970000000002,39256.2304884,0
2021-04-10 11:00:00,2305.54,2308.23,2299.22,2304.48,35.868829999999996,1618054199999,82650.86140349999,361,17.82463,41077.1176819,0
2021-04-10 11:30:00,2304.48,2308.16,2300.14,2301.89,28.98022000000001,1618055999999,66781.1968209,227,18.55213,42752.786919800004,0
2021-04-10 12:00:00,2301.53,2341.89,2299.4,2340.27,75.27497,1618057799999,174894.0058367,757,44.7414,103942.3209097,0
2021-04-10 12:30:00,2340.28,2342.45,2284.0,2291.28,130.48283999999998,1618059599999,302571.2294691,1195,52.50444,121822.8297427,0
2021-04-10 13:00:00,2291.46,2295.31,2281.01,2284.68,63.940169999999995,1618061399999,146286.7621683,470,30.49264,69791.3650984,0
2021-04-10 13:30:00,2284.69,2298.34,2284.14,2296.02,108.42527,1618063199999,248224.9538699,452,74.74419,171147.19784389998,0
2021-04-10 14:00:00,2297.25,2300.96,2293.16,2300.96,39.36573,1618064999999,90426.6140184,355,16.25754,37348.76672669999,0
2021-04-10 14:30:00,2300.96,2308.05,2293.57,2295.85,49.47564000000001,1618066799999,113846.5569987,411,22.74902,52350.7140232,0
2021-04-10 15:00:00,2295.33,2388.17,2269.62,2276.34,1262.45156,1618068599999,2941598.5788442013,7441,626.44251,1459993.7837085,0
2021-04-10 15:30:00,2276.34,2288.85,2250.0,2260.73,312.65899,1618070399999,708517.8888999,2545,156.91291,355159.27307399997,0
2021-04-10 16:00:00,2259.96,2266.71,2236.4,2239.33,118.21221000000001,1618072199999,266697.964068,1066,55.946909999999995,126302.80489619999,0
2021-04-10 16:30:00,2240.97,2252.41,2226.72,2230.79,129.95872,1618073999999,290732.3138622,1020,62.13456,139114.3283842,0
2021-04-10 17:00:00,2229.17,2232.73,2210.4,2217.77,100.33753,1618075799999,222880.93608759998,988,59.40084,131973.2389118,0
2021-04-10 17:30:00,2215.19,2228.75,2210.33,2223.38,90.48933000000001,1618077599999,200864.66818120002,757,46.350609999999996,102874.8165124,0
2021-04-10 18:00:00,2223.38,2225.84,2201.44,2217.06,149.56118,1618079399999,330767.4200751,1020,83.60757,184909.7037971,0
2021-04-10 18:30:00,2216.3,2226.23,2214.55,2224.67,34.38407,1618081199999,76308.07478380001,310,17.46736,38786.7840857,0
2021-04-10 19:00:00,2224.6,2231.52,2219.03,2231.52,32.8301,1618082999999,73028.8624725,325,20.666539999999998,45984.403490699995,0
2021-04-10 19:30:00,2229.37,2236.24,2225.63,2231.59,17.569760000000002,1618084799999,39210.6794075,292,8.081489999999999,18042.6208235,0
2021-04-10 20:00:00,2232.45,2245.07,2232.45,2245.07,41.942609999999995,1618086599999,93937.07844069999,469,21.61802,48432.7867993,0
2021-04-10 20:30:00,2244.82,2247.52,2176.93,2179.33,166.85294,1618088399999,367893.540393,1553,69.12793,152496.5237924,0
2021-04-10 21:00:00,2180.34,2211.39,2176.92,2209.67,79.88163,1618090199999,175294.4639685,657,40.03471,87900.0916632,0
2021-04-10 21:30:00,2211.65,2217.15,2204.1,2211.81,30.36699,1618091999999,67155.17000419999,232,16.36185,36168.0599142,0
2021-04-10 22:00:00,2212.33,2217.04,2210.68,2212.98,6.26357,1618093799999,13867.8254972,98,3.56206,7888.2324464,0
2021-04-10 22:30:00,2214.7,2221.51,2209.92,2212.49,24.32002,1618095599999,53895.104098,247,14.12295,31302.743579299997,0
2021-04-10 23:00:00,2212.49,2224.48,2212.49,2223.99,19.03792,1618097399999,42290.94684690001,129,7.66321,17018.91803,0
2021-04-10 23:30:00,2221.31,2234.51,2220.96,2232.09,14.80817,1618099199999,32998.4638271,178,7.962569999999999,17749.9412229,0
2021-04-11 00:00:00,2233.25,2237.42,2214.3,2217.24,201.11534,1618100999999,447166.9207141,692,129.20600000000002,287246.7849265,0
2021-04-11 00:30:00,2216.52,2225.98,2203.5,2222.48,182.11964,1618102799999,403058.2978353,674,100.91382,223323.22844489999,0
2021-04-11 01:00:00,2222.22,2234.64,2217.58,2232.21,35.11672,1618104599999,78220.9401621,286,17.89799,39878.3162629,0
2021-04-11 01:30:00,2232.77,2238.12,2224.44,2228.86,17.41827,1618106399999,38890.1386943,213,8.880289999999997,19838.519536,0
2021-04-11 02:00:00,2227.83,2227.83,2211.26,2214.57,27.879790000000003,1618108199999,61811.34366000001,218,9.532689999999999,21159.5327778,0
2021-04-11 02:30:00,2214.11,2225.35,2213.78,2222.27,21.802229999999998,1618109999999,48385.0641375,217,11.38978,25279.9138142,0
2021-04-11 03:00:00,2223.85,2233.89,2208.67,2209.75,86.49110999999998,1618111799999,192066.87514770002,458,48.342929999999996,107375.23434980001,0
2021-04-11 03:30:00,2209.75,2234.92,2209.75,2229.96,36.9882,1618113599999,82333.4860001,339,18.70722,41623.1025309,0
2021-04-11 04:00:00,2228.49,2228.99,2205.93,2208.44,80.04545999999998,1618115399999,177474.5534417,505,41.98573,93100.51040669999,0
2021-04-11 04:30:00,2208.44,2214.52,2200.6,2205.98,43.56648,1618117199999,96208.8196901,449,21.78281,48124.7112812,0
2021-04-11 05:00:00,2206.06,2216.01,2201.29,2205.65,23.75733,1618118999999,52501.3619914,278,15.28553,33781.2618428,0
2021-04-11 05:30:00,2206.15,2210.15,2193.22,2195.01,68.18052,1618120799999,149996.5338126,427,34.90507,76789.45453130001,0
2021-04-11 06:00:00,2196.07,2200.31,2182.75,2188.06,53.99243000000001,1618122599999,118283.16015780001,464,26.73357,58570.1450294,0
2021-04-11 06:30:00,2188.07,2202.0,2179.59,2197.71,55.02601,1618124399999,120424.57149980002,489,33.14678,72586.52981519999,0
2021-04-11 07:00:00,2197.72,2219.06,2190.82,2218.96,45.62679,1618126199999,100383.30844760001,471,25.6921,56505.21034570001,0
2021-04-11 07:30:00,2217.82,2231.7,2208.43,2231.33,35.5414,1618127999999,78917.16548360001,472,19.55409,43429.859536,0
2021-04-11 08:00:00,2231.69,2248.07,2226.39,2246.5,75.54576,1618129799999,169098.3050587,805,32.78654,73401.01576860003,0
2021-04-11 08:30:00,2246.5,2256.26,2241.46,2251.96,59.56665,1618131599999,133945.41454230002,709,28.30082,63661.5676722,0
2021-04-11 09:00:00,2251.97,2260.0,2234.46,2234.78,83.52554,1618133399999,187663.7085422,895,40.59946,91267.815275,0
2021-04-11 09:30:00,2234.78,2236.24,2214.29,2221.62,94.66320999999999,1618135199999,210383.5793592,692,67.53801999999999,150112.13897650002,0
2021-04-11 10:00:00,2221.49,2233.5,2210.26,2219.48,97.30067,1618136999999,216316.9374192,725,45.82045,101945.6217195,0
2021-04-11 10:30:00,2220.01,2228.02,2213.58,2218.48,28.857029999999998,1618138799999,64087.299650199995,287,15.388539999999999,34183.5017721,0
2021-04-11 11:00:00,2220.82,2232.93,2215.75,2223.26,38.42071,1618140599999,85400.8104232,327,22.68051,50391.91348919999,0
2021-04-11 11:30:00,2222.42,2236.53,2221.12,2236.15,20.11297,1618142399999,44858.5329571,340,10.54279,23522.85817140001,0
2021-04-11 12:00:00,2237.55,2241.66,2217.95,2227.19,48.3024,1618144199999,107746.6601552,527,22.209,49529.435252999996,0
2021-04-11 12:30:00,2228.17,2240.43,2226.2,2238.62,34.32682,1618145999999,76720.76215539999,315,17.74276,39654.63739619999,0
2021-04-11 13:00:00,2239.51,2255.13,2235.91,2237.5,90.97294000000001,1618147799999,204341.7953915,1005,41.35745,92945.5845063,0
2021-04-11 13:30:00,2238.96,2239.64,2211.62,2214.01,28.399929999999998,1618149599999,63132.6198217,442,12.63515,28100.607131299996,0
2021-04-11 14:00:00,2214.04,2225.16,2212.18,2222.48,12.01418,1618151399999,26661.5701247,153,6.9138399999999995,15340.048147799998,0
2021-04-11 14:30:00,2222.39,2233.47,2220.26,2232.98,25.35278,1618153199999,56486.95956819999,288,12.0544,26869.7136321,0
2021-04-11 15:00:00,2232.98,2251.04,2232.32,2237.41,40.83363,1618154999999,91516.4255201,516,23.5296,52746.780047500004,0
2021-04-11 15:30:00,2235.56,2241.38,2230.0,2231.83,23.1924,1618156799999,51813.2903601,219,12.49415,27914.855548000003,0
2021-04-11 16:00:00,2231.83,2236.09,2227.01,2231.49,26.377909999999996,1618158599999,58863.6953675,244,14.474470000000002,32320.727669,0
2021-04-11 16:30:00,2231.47,2247.44,2227.88,2236.97,63.34482,1618160399999,141870.0521445,418,28.20556,63165.582818099996,0
2021-04-11 17:00:00,2236.03,2237.81,2220.0,2233.92,66.35540999999999,1618162199999,147961.822125,510,22.43586,50036.1594755,0
2021-04-11 17:30:00,2233.41,2245.39,2233.22,2242.54,38.8604,1618163999999,87095.50109589999,384,21.40018,47973.4513807,0
2021-04-11 18:00:00,2242.63,2253.87,2239.54,2253.05,48.5587,1618165799999,109154.4509474,622,22.245279999999998,50013.8309876,0
2021-04-11 18:30:00,2253.14,2264.48,2251.01,2260.85,65.42585,1618167599999,147707.8821384,606,40.518570000000004,91508.65801469999,0
2021-04-11 19:00:00,2259.75,2300.0,2259.18,2298.62,196.85422,1618169399999,449260.37367059995,1740,120.22955,274461.4536215,0
2021-04-11 19:30:00,2295.39,2297.27,2280.95,2280.95,80.33596999999997,1618171199999,183850.87184829998,771,33.91192,77636.4224382,0
2021-04-11 20:00:00,2285.35,2307.02,2285.35,2292.73,105.56718000000001,1618172999999,242556.56525279998,909,39.754529999999995,91288.50116739998,0
2021-04-11 20:30:00,2292.73,2297.17,2274.07,2277.12,47.70701,1618174799999,109128.6824707,411,16.636329999999994,38088.738581800004,0
2021-04-11 21:00:00,2276.72,2276.92,2268.51,2271.71,23.54301,1618176599999,53518.996196,377,11.522839999999999,26202.2277517,0
2021-04-11 21:30:00,2271.71,2271.71,2257.93,2260.62,22.75763,1618178399999,51537.5083814,363,11.06188,25049.5331795,0
2021-04-11 22:00:00,2260.6,2266.64,2246.92,2257.4,30.81301,1618180199999,69406.13679650001,437,15.85615,35713.4653045,0
2021-04-11 22:30:00,2258.13,2261.91,2253.3,2261.91,18.559079999999998,1618181999999,41880.7168773,115,10.21151,23047.922614,0
2021-04-11 23:00:00,2262.16,2269.04,2257.65,2263.78,31.34722,1618183799999,70930.8947383,205,13.60258,30794.5168333,0
2021-04-11 23:30:00,2262.7,2280.44,2254.8,2275.2,33.94358,1618185599999,77092.7759006,334,17.75143,40355.4150049,0
2021-04-12 00:00:00,2276.97,2311.1,2272.82,2301.89,174.64023,1618187399999,400298.7466337,1549,100.58913000000001,230415.6526086,0
2021-04-12 00:30:00,2303.06,2310.0,2279.65,2301.87,79.50705,1618189199999,182428.42638279998,997,38.52102,88404.52664139998,0
2021-04-12 01:00:00,2301.38,2313.0,2301.2,2311.61,34.83442,1618190999999,80434.5493384,364,14.897070000000001,34407.7238333,0
2021-04-12 01:30:00,2310.17,2313.28,2299.48,2303.92,48.79972,1618192799999,112618.5586951,373,16.429270000000002,37920.6337102,0
2021-04-12 02:00:00,2304.8,2304.8,2283.75,2289.29,40.24548,1618194599999,92280.21403139998,395,15.72454,36044.59461930001,0
2021-04-12 02:30:00,2290.06,2295.46,2281.69,2285.99,35.07768,1618196399999,80241.28962360001,496,15.15451,34680.9505305,0
2021-04-12 03:00:00,2287.45,2315.7,2287.29,2313.17,268.25242000000003,1618198199999,618767.250339,1478,115.73427,266916.7153874,0
2021-04-12 03:30:00,2313.17,2328.33,2308.1,2322.16,114.13158,1618199999999,264615.7044998,1146,65.09869,150948.02588439998,0
2021-04-12 04:00:00,2324.39,2347.1,2310.72,2331.1,140.41714,1618201799999,326730.27143150003,1567,61.47721,143054.76028579994,0
2021-04-12 04:30:00,2332.13,2333.38,2308.79,2310.72,51.05919,1618203599999,118403.18649189999,582,24.38191,56565.1957204,0
2021-04-12 05:00:00,2309.97,2311.19,2300.39,2309.0,51.38828,1618205399999,118530.2820204,454,24.65332,56882.514719599996,0
2021-04-12 05:30:00,2309.51,2311.45,2300.0,2302.11,19.24164,1618207199999,44357.8685753,227,9.9345,22908.7423631,0
2021-04-12 06:00:00,2302.11,2307.97,2290.08,2297.71,71.43619,1618208999999,164166.5251468,615,30.06512,69086.3548626,0
2021-04-12 06:30:00,2296.83,2310.98,2292.83,2310.98,41.07112,1618210799999,94513.44337230001,333,18.03896,41533.2364399,0
2021-04-12 07:00:00,2310.98,2399.0,2310.76,2358.69,436.57045,1618212599999,1030345.2594870001,5453,241.60467999999997,570786.7646533,0
2021-04-12 07:30:00,2358.92,2362.29,2339.17,2340.75,71.60757,1618214399999,168342.20607000001,795,38.79734000000001,91199.585596,0
2021-04-12 08:00:00,2339.17,2349.59,2330.0,2342.89,76.78718,1618216199999,179514.9792644,680,42.73888,99922.268266,0
2021-04-12 08:30:00,2342.89,2346.79,2331.71,2333.89,66.95356,1618217999999,156475.4561001,631,28.35002,66256.8740042,0
2021-04-12 09:00:00,2336.3,2375.4,2332.48,2360.3,200.93885,1618219799999,474270.30302209995,1502,105.08027,248003.82567750002,0
2021-04-12 09:30:00,2361.54,2361.54,2307.79,2315.05,99.40155,1618221599999,231711.1892776,1187,43.09567,100491.2512267,0
2021-04-12 10:00:00,2314.13,2333.19,2311.54,2321.83,100.89506999999999,1618223399999,234343.7304511,564,53.93804,125343.5707543,0
2021-04-12 10:30:00,2323.23,2323.7,2291.2,2303.0,139.78257,1618225199999,321900.11729850003,871,70.15299,161581.6801788,0
2021-04-12 11:00:00,2304.75,2322.93,2302.71,2314.26,47.270720000000004,1618226999999,109363.06416570001,475,25.25388,58478.93229319999,0
2021-04-12 11:30:00,2315.5,2326.18,2307.26,2324.75,38.69093,1618228799999,89760.4355241,352,24.505329999999997,56867.785240799996,0
2021-04-12 12:00:00,2322.75,2326.24,2309.38,2310.27,24.65925,1618230599999,57143.37010160001,304,11.04924,25581.3752955,0
2021-04-12 12:30:00,2310.29,2321.54,2307.14,2309.83,26.017,1618232399999,60180.9476331,265,15.8044,36557.2273211,0
2021-04-12 13:00:00,2309.83,2311.06,2299.87,2307.04,20.893520000000002,1618234199999,48172.7577297,356,12.95135,29865.381058099996,0
2021-04-12 13:30:00,2307.6,2381.64,2303.85,2374.82,292.01445,1618235999999,689052.1187504,3100,199.73837,471485.2129198,0
2021-04-12 14:00:00,2370.5,2425.71,2364.03,2408.68,364.47677999999996,1618237799999,874609.6632126998,4006,235.46992000000003,565373.7354576,0
2021-04-12 14:30:00,2408.42,2445.0,2399.0,2444.99,283.45337,1618239599999,688138.1456198001,2281,163.52825,397024.97447340004,0
2021-04-12 15:00:00,2444.99,2480.0,2442.7,2451.38,604.27081,1618241399999,1489278.9720649999,4629,286.79204,706784.8135673,0
2021-04-12 15:30:00,2451.6,2463.73,2432.87,2456.0,194.50758000000002,1618243199999,475282.9862477,1776,72.73898,177808.53612520001,0
2021-04-12 16:00:00,2457.41,2467.0,2435.42,2462.05,217.66705,1618244999999,533716.6872465,1717,89.66091999999998,219902.46792660002,0
2021-04-12 16:30:00,2462.05,2483.23,2455.35,2461.0,266.36102999999997,1618246799999,657992.6897275,1743,113.68194,280999.9838208,0
2021-04-12 17:00:00,2460.99,2470.52,2447.29,2448.43,258.86309,1618248599999,635622.6444382,1946,94.31548000000001,231648.7185316,0
2021-04-12 17:30:00,2448.44,2479.65,2445.94,2477.63,176.25394,1618250399999,434609.3655025,1316,92.11078,227282.14518850003,0
2021-04-12 18:00:00,2477.64,2479.77,2457.92,2470.0,104.90377,1618252199999,258735.90671339998,832,45.735929999999996,112824.96867100001,0
2021-04-12 18:30:00,2470.0,2573.5,2470.0,2568.23,833.41835,1618253999999,2110617.8083685003,5751,448.80144,1135322.80749,0
2021-04-12 19:00:00,2568.19,2709.84,2559.96,2706.55,1933.3355199999999,1618255799999,5111265.218526902,14744,1126.24802,2979554.8047849,0
2021-04-12 19:30:00,2704.66,2708.4,2636.91,2658.94,952.8548800000001,1618257599999,2538225.8045031,6788,437.67078,1165878.3492622,0
2021-04-12 20:00:00,2657.54,2657.54,2605.14,2624.72,668.7837900000002,1618259399999,1753454.6714945,5114,366.68591000000004,961312.3408351,0
2021-04-12 20:30:00,2622.78,2653.29,2614.39,2634.0,251.71356,1618261199999,662294.9659211,1769,139.77034,367794.6953144,0
2021-04-12 21:00:00,2631.1,2657.02,2614.99,2620.96,194.7469,1618262999999,513607.8870117001,1345,97.57169,257296.62051849999,0
2021-04-12 21:30:00,2620.81,2672.07,2617.98,2656.84,220.1385,1618264799999,583166.5007638,1605,96.94614,256744.3378429,0
2021-04-12 22:00:00,2655.84,2669.89,2625.23,2625.23,201.42947,1618266599999,533464.8736873,1474,102.11118,270551.8349387,0
2021-04-12 22:30:00,2625.23,2650.71,2622.62,2632.93,161.61581999999999,1618268399999,426080.7840577,1345,86.94755,229219.22048010002,0
2021-04-12 23:00:00,2632.93,2685.68,2632.93,2648.73,180.84448,1618270199999,481295.4983602,2148,84.25076,224116.2968514,0
2021-04-12 23:30:00,2648.73,2719.6,2638.4,2687.79,328.88319,1618271999999,878804.7306160999,3697,183.24628,490184.35898769996,0
2021-04-13 00:00:00,2687.79,2764.03,2685.77,2732.54,776.74553,1618273799999,2117997.2003220003,9658,421.94485999999995,1150801.5063043998,0
2021-04-13 00:30:00,2732.54,2736.74,2667.09,2670.31,291.32973,1618275599999,782549.8299218002,2011,140.65396,377612.0615585,0
2021-04-13 01:00:00,2670.03,2685.33,2582.28,2600.63,484.19629000000003,1618277399999,1267147.1549196998,5022,182.07334,476020.3270693,0
2021-04-13 01:30:00,2600.64,2616.78,2587.89,2604.78,314.09695,1618279199999,817804.623797,2312,165.71993999999995,431822.55383409996,0
2021-04-13 02:00:00,2605.56,2613.09,2593.51,2602.67,89.11017,1618280999999,232159.81711180002,715,48.79033,127141.84809789999,0
2021-04-13 02:30:00,2604.56,2607.47,2588.59,2598.37,55.731669999999994,1618282799999,144736.3503723,743,27.73234,72031.29338019999,0
2021-04-13 03:00:00,2598.15,2611.69,2584.48,2586.9,63.81458000000001,1618284599999,165899.55808879994,576,40.352129999999995,104929.5505653,0
2021-04-13 03:30:00,2586.84,2611.28,2586.84,2605.74,43.42487,1618286399999,113054.8395766,419,26.9756,70240.7279285,0
2021-04-13 04:00:00,2605.26,2626.53,2551.21,2568.55,188.80598999999998,1618288199999,489295.85503390006,1590,108.71642,282332.7267212,0
2021-04-13 04:30:00,2568.52,2571.18,2556.87,2563.99,64.37755,1618289999999,165035.2845832,677,29.787740000000003,76391.9539407,0
2021-04-13 05:00:00,2563.99,2567.32,2529.95,2548.13,219.75327000000001,1618291799999,560146.9993745999,1522,98.45416999999999,251126.456734,0
2021-04-13 05:30:00,2546.91,2552.18,2490.0,2504.43,215.84072999999998,1618293599999,542481.5570198,2000,90.01937,226251.18403210002,0
2021-04-13 06:00:00,2504.34,2527.88,2499.6,2520.09,148.8895,1618295399999,374354.5352439,1119,77.96982,196156.6296791,0
2021-04-13 06:30:00,2517.94,2521.54,2484.17,2491.13,128.89606,1618297199999,322687.7472967,1006,65.31149,163456.64960970002,0
2021-04-13 07:00:00,2491.13,2502.18,2481.49,2483.47,108.39638000000001,1618298999999,269897.7133422,645,43.89174000000001,109360.03725950001,0
2021-04-13 07:30:00,2481.53,2494.74,2475.0,2480.97,187.50749,1618300799999,465797.1690851,1089,81.12822,201665.0492331,0
2021-04-13 08:00:00,2481.0,2531.15,2480.87,2515.46,240.38249,1618302599999,603176.9936811,1555,127.27368,319434.13233600004,0
2021-04-13 08:30:00,2515.21,2526.0,2484.75,2496.44,168.28624,1618304399999,421339.3237464,978,68.92465,172683.0922346,0
2021-04-13 09:00:00,2497.2,2497.2,2482.33,2482.41,63.28223000000001,1618306199999,157491.6458317,500,30.088440000000002,74915.84856989999,0
2021-04-13 09:30:00,2482.41,2492.87,2480.0,2487.33,71.11561,1618307999999,176822.619112,642,41.43642,103040.5663464,0
2021-04-13 10:00:00,2489.49,2493.67,2479.25,2492.37,79.37921,1618309799999,197429.7443402,691,33.69214,83816.8759644,0
2021-04-13 10:30:00,2492.35,2505.06,2489.5,2493.84,192.44226,1618311599999,480718.18001350004,1007,116.67545,291560.378555,0
2021-04-13 11:00:00,2496.44,2507.9,2494.5,2505.69,72.14035,1618313399999,180460.20655250002,549,49.56116,123969.10713860001,0
2021-04-13 11:30:00,2502.98,2509.06,2468.18,2473.17,134.63376,1618315199999,335458.8072773,1387,44.07079,109805.0875159,0
2021-04-13 12:00:00,2473.17,2474.79,2437.43,2450.85,362.57847999999996,1618316999999,888347.1571011,3095,145.21524,355512.6376095,0
2021-04-13 12:30:00,2450.84,2463.73,2446.22,2463.73,119.74071,1618318799999,293992.8250604,865,76.86315,188775.4325073,0
2021-04-13 13:00:00,2463.73,2476.67,2450.53,2469.32,189.58756,1618320599999,466418.16767770005,1033,131.22863999999998,322994.5825533,0
2021-04-13 13:30:00,2471.16,2498.34,2470.1,2495.19,188.58693,1618322399999,468946.23337250005,1335,130.2363,323993.7520106,0
2021-04-13 14:00:00,2495.22,2538.55,2493.82,2538.55,189.64288,1618324199999,477894.95341290004,1646,102.17581,257184.39274699998,0
2021-04-13 14:30:00,2537.13,2550.49,2516.5,2523.34,244.31277000000003,1618325999999,620298.8088720001,2185,112.08778999999998,284873.44318909995,0
2021-04-13 15:00:00,2523.0,2543.14,2519.36,2536.21,175.19651000000005,1618327799999,444120.3493177,982,97.09506,246315.4847847,0
2021-04-13 15:30:00,2537.65,2537.65,2514.18,2521.52,71.84727,1618329599999,181347.5620911,568,37.81387,95535.25848280001,0
2021-04-13 16:00:00,2521.7,2549.87,2516.19,2546.13,219.28616,1618331399999,554200.2868555001,1215,132.48545,334595.98782790004,0
2021-04-13 16:30:00,2546.13,2549.48,2534.68,2544.1,59.43895,1618333199999,151103.71428239995,412,32.55451,82734.5058165,0
2021-04-13 17:00:00,2544.82,2579.54,2542.33,2570.82,119.58423,1618334999999,306554.129449,1179,67.17219,172300.003049,0
2021-04-13 17:30:00,2570.83,2577.76,2560.01,2569.22,132.3097,1618336799999,339966.7575914,718,64.18675,164933.04697429994,0
2021-04-13 18:00:00,2570.82,2587.99,2567.83,2579.39,127.42468999999998,1618338599999,328157.0386412,824,66.78393,171946.6213651,0
2021-04-13 18:30:00,2578.23,2579.29,2516.28,2527.22,137.85203,1618340399999,351992.6086535,1059,64.3914,164559.82406400001,0
2021-04-13 19:00:00,2528.33,2544.81,2526.77,2529.42,110.68726000000001,1618342199999,280773.37916079996,658,61.87902,156993.90476510001,0
2021-04-13 19:30:00,2526.92,2580.32,2519.61,2570.42,85.89138,1618343999999,219094.6112003,835,50.55271,128863.9993026,0
2021-04-13 20:00:00,2569.26,2589.44,2554.27,2584.33,56.56759,1618345799999,145342.78696039994,653,28.33829,72783.3691498,0
2021-04-13 20:30:00,2585.42,2586.95,2553.05,2566.84,91.23955,1618347599999,234514.63819770003,696,45.75411,117588.8263272,0
2021-04-13 21:00:00,2566.83,2588.82,2565.01,2586.23,70.3553,1618349399999,181226.2457085,542,26.893179999999997,69287.1520808,0
2021-04-13 21:30:00,2586.23,2600.06,2568.44,2572.33,140.01621,1618351199999,362321.5581883,1122,82.35280999999998,213210.2967699,0
2021-04-13 22:00:00,2573.0,2582.37,2551.54,2566.88,75.79868,1618352999999,194245.7182434,684,43.25046,110837.2707612,0
2021-04-13 22:30:00,2568.0,2573.99,2559.5,2563.85,27.90895,1618354799999,71592.09111860003,246,17.54052,44986.1775368,0
2021-04-13 23:00:00,2561.29,2575.98,2561.29,2565.63,25.84013,1618356599999,66354.2482221,214,14.32879,36784.054602599994,0
2021-04-13 23:30:00,2568.03,2590.0,2565.87,2570.64,27.763,1618358399999,71557.8453535,332,12.08415,31154.0593816,0
2021-04-14 00:00:00,2573.21,2586.34,2547.73,2552.46,101.18867,1618360199999,258989.25125310002,687,70.88955,181332.59026139998,0
2021-04-14 00:30:00,2552.46,2560.6,2546.88,2557.82,58.38979000000001,1618361999999,149042.0108008,453,28.71715,73290.82165739997,0
2021-04-14 01:00:00,2559.34,2583.78,2559.34,2578.86,36.05587,1618363799999,92670.6176979,286,15.51581,39905.542641199994,0
2021-04-14 01:30:00,2578.56,2588.65,2566.34,2585.38,44.11802,1618365599999,113672.3777481,374,25.8004,66436.4390446,0
2021-04-14 02:00:00,2585.37,2605.64,2578.26,2583.21,136.15264,1618367399999,352671.2603014001,1053,91.78384,237744.6816919,0
2021-04-14 02:30:00,2579.69,2602.84,2573.99,2593.08,38.40417,1618369199999,99315.1496165,414,19.98404,51641.2911064,0
2021-04-14 03:00:00,2593.11,2616.0,2587.04,2609.31,181.33178,1618370999999,471779.2720691,1270,94.17181,245032.5962415,0
2021-04-14 03:30:00,2607.5,2643.45,2607.5,2620.64,184.83463999999998,1618372799999,485626.2364441,1986,88.46078,232430.52878120003,0
2021-04-14 04:00:00,2621.85,2646.52,2617.25,2618.82,82.96023000000002,1618374599999,218300.02549990002,795,43.62157,114818.87611730001,0
2021-04-14 04:30:00,2617.22,2646.35,2606.28,2622.68,104.8227,1618376399999,275186.2518815,965,52.21422000000001,137076.87105810002,0
2021-04-14 05:00:00,2624.38,2648.5,2611.76,2639.17,131.05285,1618378199999,344300.0684937,967,48.72217,128095.3123454,0
2021-04-14 05:30:00,2639.58,2646.47,2601.93,2609.34,123.04951000000001,1618379999999,323542.3167309,986,47.2256,124264.7793339,0
2021-04-14 06:00:00,2610.16,2622.16,2599.39,2619.34,81.66450999999998,1618381799999,213420.0784019,627,36.47712,95308.47252489999,0
2021-04-14 06:30:00,2619.42,2620.37,2602.05,2606.14,54.34335,1618383599999,141774.3913205,329,19.90515,51939.3638685,0
2021-04-14 07:00:00,2606.0,2622.25,2595.09,2596.94,85.78243,1618385399999,223651.6722554,622,37.005359999999996,96496.5141725,0
2021-04-14 07:30:00,2594.9,2603.95,2557.43,2560.9,175.75171,1618387199999,453935.49435059994,1528,96.87194000000001,250185.9135796,0
2021-04-14 08:00:00,2560.0,2582.27,2558.8,2578.32,162.82543,1618388999999,419151.42696540005,1123,103.34766,266034.9088405,0
2021-04-14 08:30:00,2578.3,2578.31,2529.44,2539.03,164.25298,1618390799999,418494.7384117,1532,72.6034,184852.0767531,0
2021-04-14 09:00:00,2539.02,2562.48,2491.31,2511.43,276.46291,1618392599999,698372.3052436,1985,140.45228999999998,354999.874725,0
2021-04-14 09:30:00,2511.77,2533.12,2489.18,2533.05,86.24048,1618394399999,217078.08605889996,821,52.08934,131126.54885969998,0
2021-04-14 10:00:00,2533.09,2683.86,2512.03,2615.26,825.67124,1618396199999,2147523.7149139,7246,376.49884,981001.1875014,0
2021-04-14 10:30:00,2615.06,2641.43,2597.39,2627.89,262.21519,1618397999999,686480.7498703001,2402,121.99581,319589.4905009,0
2021-04-14 11:00:00,2628.57,2628.59,2613.12,2626.96,38.91043,1618399799999,102066.2434715,576,18.108179999999997,47513.075591199995,0
2021-04-14 11:30:00,2625.43,2658.67,2621.41,2656.61,135.09309,1618401599999,356934.4467817,1980,55.15204,145777.8223379,0
2021-04-14 12:00:00,2656.06,2664.78,2630.51,2649.03,115.87042,1618403399999,306792.98602679995,1290,48.52306,128546.18782379999,0
2021-04-14 12:30:00,2652.12,2656.43,2600.64,2600.89,73.93231999999998,1618405199999,194634.5159565,907,29.66515,78099.580186,0
2021-04-14 13:00:00,2602.3,2620.15,2592.92,2598.14,108.40202,1618406999999,282503.37047679996,973,42.711209999999994,111361.26787449999,0
2021-04-14 13:30:00,2597.94,2609.93,2576.31,2603.16,163.18155,1618408799999,422804.93858929997,1285,59.58349000000001,154326.63588679998,0
2021-04-14 14:00:00,2599.56,2602.69,2535.66,2559.43,208.1453,1618410599999,535729.6460090999,2001,74.01326,190563.208889,0
2021-04-14 14:30:00,2563.62,2589.89,2552.38,2570.17,81.97546,1618412399999,211196.1496494,1017,34.95664,90062.8363918,0
2021-04-14 15:00:00,2568.12,2622.33,2554.43,2600.03,127.24576,1618414199999,330535.7356486,1416,60.18653000000001,156534.724591,0
2021-04-14 15:30:00,2600.0,2627.87,2579.79,2626.44,139.28356000000002,1618415999999,362803.47437440004,1153,90.44734,235848.66584489998,0
2021-04-14 16:00:00,2626.56,2668.96,2614.69,2652.82,221.99894,1618417799999,587524.0054547,3022,138.77912,367281.7386331,0
2021-04-14 16:30:00,2653.05,2669.02,2652.43,2659.92,85.42085,1618419599999,227382.6512185,1105,39.12994000000001,104180.3223507,0
2021-04-14 17:00:00,2656.58,2660.36,2635.38,2655.97,51.05093,1618421399999,135283.7316622,905,21.35415,56628.29583019999,0
2021-04-14 17:30:00,2656.65,2673.45,2598.91,2598.99,195.96888,1618423199999,515888.9172225,2223,96.96377,255976.3507598,0
2021-04-14 18:00:00,2598.99,2602.94,2554.31,2596.13,127.66991000000002,1618424999999,328805.0830601,1412,57.38332,147827.7709488,0
2021-04-14 18:30:00,2597.05,2600.0,2572.66,2576.39,39.64749000000001,1618426799999,102569.4402752,498,17.42784,45093.1371074,0
2021-04-14 19:00:00,2574.04,2594.55,2548.98,2553.66,93.69796,1618428599999,240981.7410761,925,35.03103,90105.4734052,0
2021-04-14 19:30:00,2551.96,2565.24,2524.66,2564.9,100.9244,1618430399999,256433.11525970002,1206,41.50394,105512.33623,0
2021-04-14 20:00:00,2563.93,2572.02,2541.51,2558.4,94.37793,1618432199999,241046.27528589996,1294,37.42785,95649.2052302,0
2021-04-14 20:30:00,2557.04,2577.92,2549.59,2575.32,32.415690000000005,1618433999999,83035.3781358,319,20.63945,52863.6738617,0
2021-04-14 21:00:00,2576.29,2605.13,2575.36,2604.96,52.94521999999999,1618435799999,137130.77796339995,600,27.44259000000001,71093.3406964,0
2021-04-14 21:30:00,2605.12,2629.51,2584.52,2629.51,91.5596,1618437599999,238558.0197386,807,31.69663,82793.89751,0
2021-04-14 22:00:00,2629.51,2657.9,2624.48,2654.45,68.25877,1618439399999,180420.8227248,1199,37.743809999999996,99831.3016427,0
2021-04-14 22:30:00,2651.01,2664.99,2647.18,2659.92,28.183840000000004,1618441199999,74909.22104169999,523,13.65657,36303.84470169999,0
2021-04-14 23:00:00,2659.92,2676.05,2658.65,2667.68,63.97282,1618442999999,170621.95632370005,1084,27.58205,73572.55496549999,0
2021-04-14 23:30:00,2668.4,2683.49,2661.02,2677.93,85.81513000000002,1618444799999,229633.0862703,1291,38.665009999999995,103453.73808069999,0
2021-04-15 00:00:00,2676.04,2800.0,2676.04,2757.96,539.6909,1618446599999,1474557.5303533,5615,322.01916,880612.8739099002,0
2021-04-15 00:30:00,2757.71,2783.78,2719.99,2734.68,313.4228,1618448399999,861211.3981257,3829,137.86737,378964.3386961,0
2021-04-15 01:00:00,2733.67,2782.62,2724.49,2774.51,148.01408999999995,1618450199999,408578.7456875,1806,70.02161,193330.86597629997,0
2021-04-15 01:30:00,2774.52,2792.65,2746.52,2770.56,144.70418999999995,1618451999999,401486.300081,2032,79.96509,221918.13603060003,0
2021-04-15 02:00:00,2767.69,2803.18,2758.25,2763.98,198.12757,1618453799999,552350.1704183001,1793,81.31558000000003,226513.49550500003,0
2021-04-15 02:30:00,2762.52,2831.29,2761.15,2804.25,252.7568,1618455599999,709505.9670382,2858,114.10533999999998,320388.2140616,0
2021-04-15 03:00:00,2804.25,2824.69,2769.44,2783.48,161.57096,1618457399999,451155.9448531,1237,69.80813,194977.5646254,0
2021-04-15 03:30:00,2783.4,2839.53,2783.4,2827.15,175.08037,1618459199999,494418.99700740003,1818,95.16450999999999,268915.3954854,0
2021-04-15 04:00:00,2827.14,2879.64,2826.75,2847.83,263.0617,1618460999999,750393.6236959002,4126,134.90973,384485.35738690005,0
2021-04-15 04:30:00,2847.83,2854.25,2808.59,2824.17,86.43334,1618462799999,244534.0769645,1302,42.18676,119415.5163665,0
2021-04-15 05:00:00,2823.54,2855.84,2793.48,2838.96,150.24535,1618464599999,424353.1688683,1637,61.477819999999994,173640.7656408,0
2021-04-15 05:30:00,2838.97,2914.8,2838.97,2897.16,353.67699,1618466399999,1021810.6634427,3496,176.80378000000005,510435.01135249995,0
2021-04-15 06:00:00,2900.78,2949.73,2898.58,2923.85,363.29375,1618468199999,1065350.1279577,3600,208.8272,612490.7703665999,0
2021-04-15 06:30:00,2923.85,2924.77,2887.63,2912.05,201.7151,1618469999999,586275.1964536,1546,109.3486,317968.83455679996,0
2021-04-15 07:00:00,2912.05,2974.73,2902.14,2961.26,344.50425,1618471799999,1017218.0546243,3004,200.12284,590897.3853141,0
2021-04-15 07:30:00,2960.05,2974.73,2918.47,2920.72,174.72369,1618473599999,515542.6981873,1955,75.68665,223384.665673,0
2021-04-15 08:00:00,2925.13,3008.97,2904.13,2995.89,490.76417000000004,1618475399999,1459044.7414562001,4718,304.75254,907257.9789892,0
2021-04-15 08:30:00,2995.93,3022.9,2979.56,3008.9,423.91877999999997,1618477199999,1274493.2276607,3110,246.94642000000002,742579.4721468,0
2021-04-15 09:00:00,3009.93,3087.99,3007.56,3060.82,723.66502,1618478999999,2209313.9390159003,7704,409.45952,1249975.7473139,0
2021-04-15 09:30:00,3065.05,3077.67,3014.89,3030.5,455.94212999999996,1618480799999,1389429.7596053998,3415,241.23993,735507.2166484002,0
2021-04-15 10:00:00,3033.55,3045.11,2991.18,3026.71,252.34448999999998,1618482599999,761409.1693357,2440,127.36793,384381.236892,0
2021-04-15 10:30:00,3025.91,3052.76,3000.0,3009.06,214.56365,1618484399999,648346.2478601999,1871,116.24213,351397.97606919997,0
2021-04-15 11:00:00,3006.53,3073.5,2994.91,3050.01,442.11145,1618486199999,1339545.2963639998,3476,231.90623,702187.4516750999,0
2021-04-15 11:30:00,3048.36,3175.91,3044.48,3165.01,913.49835,1618487999999,2850416.0973063,7947,483.19697,1507154.3781816002,0
2021-04-15 12:00:00,3165.01,3256.31,3163.77,3187.68,1395.31875,1618489799999,4484538.972660298,10009,784.06907,2520253.381957,0
2021-04-15 12:30:00,3191.96,3350.0,3175.0,3305.84,1292.50963,1618491599999,4244187.8856625,10238,634.07558,2083707.0405826,0
2021-04-15 13:00:00,3310.13,3390.0,3244.48,3369.79,921.2488199999999,1618493399999,3044233.7003982,7187,484.69394000000005,1603764.6432586,0
2021-04-15 13:30:00,3369.99,3425.28,3302.48,3324.87,1326.97806,1618495199999,4473930.457080902,9887,729.10554,2458663.606692,0
2021-04-15 14:00:00,3325.49,3346.58,3250.68,3259.87,588.72488,1618496999999,1937544.2786565,4604,304.65236,1002900.0663921,0
2021-04-15 14:30:00,3258.0,3314.74,3243.63,3261.63,462.48655,1618498799999,1512232.5756956998,3997,237.05174,775157.1102048,0
2021-04-15 15:00:00,3261.87,3364.39,3261.87,3319.98,596.58458,1618500599999,1986170.7327307,5094,326.24773,1086398.745891,0
2021-04-15 15:30:00,3323.64,3584.97,3271.5,3581.6,1574.32505,1618502399999,5451334.9216912985,12904,671.1388599999998,2316963.5119831003,0
2021-04-15 16:00:00,3576.97,3904.0,3529.24,3829.02,4154.63057,1618504199999,15379848.452397598,36012,2470.3263,9144289.0196877,0
2021-04-15 16:30:00,3829.14,3978.99,3737.77,3795.05,4157.92678,1618505999999,16009426.712862,31061,2242.7059600000002,8646328.7374642,0
2021-04-15 17:00:00,3795.05,3945.0,3671.78,3870.95,2835.53065,1618507799999,10769292.990048101,25221,1420.50405,5405613.1366748,0
2021-04-15 17:30:00,3867.58,4096.57,3846.92,3870.0,3995.22115,1618509599999,15867100.023945002,30090,2075.09464,8238302.1569953,0
2021-04-15 18:00:00,3870.0,3961.78,3778.43,3854.57,1609.3429199999994,1618511399999,6231113.3144724015,15354,857.4051099999997,3321068.2236502008,0
2021-04-15 18:30:00,3854.57,3896.67,3753.99,3797.63,874.4269699999999,1618513199999,3337139.4314026,9781,402.85812999999996,1538284.456453,0
2021-04-15 19:00:00,3795.23,3819.13,3702.67,3735.08,843.52745,1618514999999,3159528.6361956,13982,451.56074,1691323.0393596,0
2021-04-15 19:30:00,3735.08,3827.59,3670.89,3770.98,870.38501,1618516799999,3256605.9722352,10799,431.63728,1615418.685047,0
2021-04-15 20:00:00,3766.82,3820.0,3673.01,3686.12,491.69048,1618518599999,1839439.2383303002,5743,265.18506,992715.3532346,0
2021-04-15 20:30:00,3684.77,3727.24,3633.92,3644.73,369.45657,1618520399999,1356449.9208915,4998,183.36883999999998,673952.3019801,0
2021-04-15 21:00:00,3644.69,3742.89,3616.45,3693.5,562.39459,1618522199999,2061817.8685021,6587,295.00095,1081914.1627129999,0
2021-04-15 21:30:00,3699.99,3774.37,3668.01,3768.34,392.56856,1618523999999,1457562.1613005,4499,266.34545,989362.9391358,0
2021-04-15 22:00:00,3759.41,3938.08,3759.41,3898.05,1520.12824,1618525799999,5865326.560042597,14893,813.15603,3139275.2682826,0
2021-04-15 22:30:00,3899.45,3935.99,3792.1,3803.32,758.0422,1618527599999,2926058.399458,6917,338.17194,1305655.5343771002,0
2021-04-15 23:00:00,3807.08,3882.13,3741.18,3800.0,528.91715,1618529399999,2012337.9154741,5526,278.80237,1061651.8787301,0
2021-04-15 23:30:00,3800.0,3813.61,3738.65,3751.61,442.82552000000004,1618531199999,1670766.5736393,4413,210.33848999999998,793811.5214356999,0
2021-04-16 00:00:00,3754.85,3831.82,3714.56,3817.76,605.56632,1618532999999,2296408.4832003997,6831,329.39738,1250373.7718518998,0
2021-04-16 00:30:00,3815.84,3817.75,3670.0,3680.43,619.93259,1618534799999,2317374.6207351,4982,305.05266,1138458.7531156999,0
2021-04-16 01:00:00,3679.87,3692.39,3627.25,3682.48,511.83375,1618536599999,1871648.2716897,4230,280.73248,1026635.4582956999,0
2021-04-16 01:30:00,3677.33,3708.05,3622.0,3675.0,492.13627,1618538399999,1804441.8127501,3589,259.0434,950154.6072472,0
2021-04-16 02:00:00,3670.58,3748.98,3651.3,3745.06,442.77815,1618540199999,1643608.5053613004,3491,232.92257,864728.9197634001,0
2021-04-16 02:30:00,3743.32,3776.36,3628.04,3654.34,364.72292999999996,1618541999999,1354245.633078,2836,142.81091999999995,530664.4921807001,0
2021-04-16 03:00:00,3654.35,3661.77,3575.1,3590.99,485.14119000000005,1618543799999,1748600.6844493,4454,232.22562000000002,836814.2069488001,0
2021-04-16 03:30:00,3591.25,3697.57,3589.25,3679.34,662.4105599999998,1618545599999,2416918.8429032997,3522,272.58387999999997,994772.164784,0
2021-04-16 04:00:00,3680.72,3680.72,3541.82,3545.89,574.0002,1618547399999,2062451.912097,4138,352.36562000000015,1265525.6781807,0
2021-04-16 04:30:00,3547.13,3575.39,3466.68,3467.69,530.09743,1618549199999,1860945.5328156003,6882,270.46365,950616.3340233,0
2021-04-16 05:00:00,3467.69,3575.14,3460.0,3520.92,450.8507,1618550999999,1589948.6510658,3687,201.70693,709940.8371643,0
2021-04-16 05:30:00,3520.24,3532.04,3459.71,3483.12,257.96289,1618552799999,902260.0285525,2552,129.04381999999998,451674.24170310004,0
2021-04-16 06:00:00,3483.12,3524.15,3437.03,3459.46,452.91824,1618554599999,1573133.2905953,3414,225.67382999999998,783589.7255336,0
2021-04-16 06:30:00,3459.33,3518.45,3397.08,3471.09,400.65688,1618556399999,1386461.8059995,3986,166.41533,577237.5704861,0
2021-04-16 07:00:00,3466.82,3469.3,3414.65,3454.35,266.92829,1618558199999,919213.6117620001,1871,131.7492,453838.7254107,0
2021-04-16 07:30:00,3454.35,3500.0,3453.04,3474.81,211.02835,1618559999999,735861.9872287,1853,116.45261,406062.191821,0
2021-04-16 08:00:00,3478.0,3547.5,3456.79,3540.49,307.64057,1618561799999,1077791.6958304,2687,167.22848,585847.8630002,0
2021-04-16 08:30:00,3540.45,3604.0,3498.09,3502.93,536.80558,1618563599999,1907071.1351913998,3996,273.41003,971403.0216671999,0
2021-04-16 09:00:00,3503.68,3524.6,3442.09,3458.27,324.74317,1618565399999,1132208.3630289,2686,167.63426,584377.0896669001,0
2021-04-16 09:30:00,3464.1,3466.02,3373.38,3384.22,346.04572,1618567199999,1178079.3664908002,2867,156.36541,532588.9296854,0
2021-04-16 10:00:00,3385.98,3426.51,3360.22,3417.54,196.74048,1618568999999,667664.4252777,1871,93.25066,316710.6314097,0
2021-04-16 10:30:00,3420.18,3434.79,3201.8,3330.75,783.4739,1618570799999,2634216.635963,5913,320.24408999999997,1081175.4581969,0
2021-04-16 11:00:00,3328.77,3366.11,3269.45,3344.87,393.97835,1618572599999,1304597.553612,3312,226.1352,748310.3539819,0
2021-04-16 11:30:00,3342.33,3393.12,3332.83,3367.34,262.70214,1618574399999,883501.5359745001,2242,141.07695,474607.4587684,0
2021-04-16 12:00:00,3365.91,3365.91,3285.3,3329.45,319.05955,1618576199999,1056492.5651161,1929,126.08527,417289.6089848,0
2021-04-16 12:30:00,3325.18,3367.23,3318.72,3334.77,163.57689,1618577999999,547601.6009224,1378,83.63121,279961.200405,0
2021-04-16 13:00:00,3334.7,3335.69,3276.07,3330.89,238.39772999999997,1618579799999,789381.392156,1840,117.77967,389922.0619634001,0
2021-04-16 13:30:00,3334.62,3358.37,3206.04,3232.7,339.08305,1618581599999,1107952.6432225,2679,179.22721,584837.6659446,0
2021-04-16 14:00:00,3231.95,3346.38,3225.17,3339.93,225.24663999999999,1618583399999,743637.6528069,1815,118.47465,391521.00521659997,0
2021-04-16 14:30:00,3339.73,3356.03,3330.41,3346.1,184.60446000000002,1618585199999,617093.152077,1030,84.38359,282053.44885549997,0
2021-04-16 15:00:00,3345.95,3473.16,3345.19,3382.67,1109.61293,1618586999999,3769844.3134219013,5544,585.6150299999998,1990997.2409378998,0
2021-04-16 15:30:00,3383.85,3473.64,3375.81,3462.31,631.14333,1618588799999,2166978.1765845004,3355,308.3504200000001,1058367.7551133002,0
2021-04-16 16:00:00,3462.24,3480.53,3378.89,3381.35,401.15487,1618590599999,1371112.9882388,2949,192.78135,658488.4667566,0
2021-04-16 16:30:00,3381.45,3466.34,3374.22,3466.34,254.10553,1618592399999,865988.2238326998,2211,132.54082,451491.4501663,0
2021-04-16 17:00:00,3464.31,3519.03,3443.08,3510.42,259.5739,1618594199999,904485.3366173999,2684,128.4199,447684.1951687,0
2021-04-16 17:30:00,3512.89,3581.04,3501.54,3559.04,487.45758,1618595999999,1724552.7359641003,4812,280.62705,992733.2311080999,0
2021-04-16 18:00:00,3564.16,3579.45,3458.43,3459.01,336.61765,1618597799999,1185900.9089296998,2887,180.79664,637141.8466101,0
2021-04-16 18:30:00,3462.99,3503.52,3435.3,3492.26,151.65673999999999,1618599599999,526746.8859378,1472,76.59857,266197.2420168,0
2021-04-16 19:00:00,3492.21,3507.91,3414.36,3429.34,214.14006,1618601399999,741742.7139696998,1961,112.89773000000001,391445.64701709995,0
2021-04-16 19:30:00,3429.17,3457.9,3424.18,3432.66,148.27048,1618603199999,509523.7689727,1283,95.66506,328691.6223916,0
2021-04-16 20:00:00,3435.93,3463.04,3410.64,3427.23,95.19275999999999,1618604999999,327014.72474970005,776,31.57977,108723.7507606,0
2021-04-16 20:30:00,3427.23,3465.0,3426.95,3464.98,91.37106999999999,1618606799999,315013.7914443,1318,47.5484,163925.5223092,0
2021-04-16 21:00:00,3465.0,3479.69,3447.36,3473.43,110.03256,1618608599999,381399.3848288,1012,67.50674000000001,234027.76369510003,0
2021-04-16 21:30:00,3479.29,3508.21,3441.72,3460.83,129.60453,1618610399999,449447.83253879996,1545,73.68398,255757.1759566,0
2021-04-16 22:00:00,3462.57,3502.56,3447.26,3502.16,133.17700000000002,1618612199999,461802.35635089997,1054,90.38939,313494.26726540003,0
2021-04-16 22:30:00,3495.42,3523.56,3422.31,3425.12,77.29339,1618613999999,269034.627137,1137,36.4874,127090.3965925,0
2021-04-16 23:00:00,3428.53,3428.96,3397.75,3401.04,112.87945,1618615799999,385390.5488012,971,54.14443000000001,184934.3133474,0
2021-04-16 23:30:00,3397.44,3413.29,3364.19,3371.01,162.92941000000005,1618617599999,551289.1544955,1583,92.72153,313749.0762358,0
2021-04-17 00:00:00,3369.74,3482.81,3365.95,3477.99,197.57241000000002,1618619399999,673559.9628618,1766,100.35467,342558.0122319,0
2021-04-17 00:30:00,3479.37,3537.48,3442.55,3478.77,244.8223,1618621199999,852382.9999809,2193,130.18854,453462.3565874001,0
2021-04-17 01:00:00,3478.77,3535.79,3453.01,3523.21,247.8391,1618622999999,866412.3227508002,2567,159.49903,557214.2371473,0
2021-04-17 01:30:00,3523.21,3539.49,3506.88,3519.99,135.9492,1618624799999,478929.4646158,1189,76.59782,269838.4551413,0
2021-04-17 02:00:00,3519.89,3589.93,3504.89,3548.54,330.43785,1618626599999,1169159.0654707,3335,198.75756,703321.7993,0
2021-04-17 02:30:00,3545.71,3609.75,3535.0,3588.16,293.8887,1618628399999,1051777.2369765,3070,141.57991,506536.5920908,0
2021-04-17 03:00:00,3590.15,3610.35,3533.49,3543.19,173.35103999999995,1618630199999,620291.2117138001,1799,70.13331,251081.3426724,0
2021-04-17 03:30:00,3543.28,3622.41,3541.06,3618.15,200.52514,1618631999999,718900.3288441,2003,118.48485,425009.9038023,0
2021-04-17 04:00:00,3618.17,3622.4,3570.19,3570.2,161.687,1618633799999,581947.1168459001,1431,67.71330999999999,243588.07681799997,0
2021-04-17 04:30:00,3574.69,3627.18,3569.63,3602.15,175.79029,1618635599999,632411.2915458,1254,94.8027,341066.02112790005,0
2021-04-17 05:00:00,3600.24,3618.98,3557.7,3567.25,170.27709,1618637399999,610281.1179983001,1082,73.1471,262657.23376020003,0
2021-04-17 05:30:00,3567.4,3575.24,3546.13,3568.61,106.11971000000001,1618639199999,377373.9000607,797,35.45225999999999,126158.85294489999,0
2021-04-17 06:00:00,3574.26,3592.32,3539.29,3577.88,93.5026,1618640999999,333303.65870170004,932,47.513040000000004,169371.92255279998,0
2021-04-17 06:30:00,3574.91,3629.33,3574.9,3604.05,188.66419,1618642799999,680582.7400165999,1746,101.66405999999999,366897.01487390004,0
2021-04-17 07:00:00,3604.05,3633.12,3549.12,3559.23,186.47448,1618644599999,670602.0310075,1439,101.25236,364317.50062390004,0
2021-04-17 07:30:00,3557.93,3571.18,3529.99,3531.21,66.64463,1618646399999,236995.87267479996,881,27.6673,98431.4378914,0
2021-04-17 08:00:00,3533.99,3572.55,3529.79,3562.01,83.88628,1618648199999,298369.84416479996,785,40.402190000000004,143699.3108143,0
2021-04-17 08:30:00,3566.25,3628.34,3562.0,3614.12,130.54117,1618649999999,469903.1279741,1406,73.86994,265924.1339882,0
2021-04-17 09:00:00,3613.73,3670.68,3514.49,3549.26,351.47161,1618651799999,1266842.4648161002,3222,197.1599,713287.7921175,0
2021-04-17 09:30:00,3549.07,3564.85,3500.0,3512.97,207.88508000000002,1618653599999,732444.87839,1136,64.10670999999999,226706.18030739998,0
2021-04-17 10:00:00,3516.01,3543.65,3490.65,3510.13,265.84862999999996,1618655399999,932133.8528028,1403,124.61867,437138.2836086,0
2021-04-17 10:30:00,3505.7,3530.0,3479.12,3498.67,84.52773,1618657199999,296307.42214509996,801,31.621090000000002,110838.38335839998,0
2021-04-17 11:00:00,3497.98,3500.87,3446.48,3448.72,78.03971,1618658999999,271044.6390755,1011,33.73317,117259.53929860001,0
2021-04-17 11:30:00,3447.14,3484.82,3419.46,3457.14,150.47126,1618660799999,518879.3399565,1478,68.05171,234645.38614910003,0
2021-04-17 12:00:00,3454.73,3473.46,3412.85,3444.54,71.57733,1618662599999,246751.2814822,699,36.69891,126629.0804083,0
2021-04-17 12:30:00,3443.87,3475.0,3428.71,3458.93,50.40787,1618664399999,173942.4653026,573,24.91212,85976.0913908,0
2021-04-17 13:00:00,3461.84,3461.84,3400.0,3439.55,67.3933,1618666199999,231403.83683470002,754,30.43583,104569.23049860001,0
2021-04-17 13:30:00,3432.47,3484.66,3432.47,3484.47,98.52871999999999,1618667999999,341567.9979711,659,56.84473000000001,197089.27580270002,0
2021-04-17 14:00:00,3477.21,3495.25,3452.66,3485.99,66.12377,1618669799999,229949.36353550002,652,38.300309999999996,133238.9569022,0
2021-04-17 14:30:00,3481.48,3501.47,3454.71,3464.94,82.77449,1618671599999,287779.7143158,655,37.82792,131528.1085017,0
2021-04-17 15:00:00,3465.44,3481.63,3385.72,3406.61,184.02618999999999,1618673399999,631300.7070696,1342,93.60795,320922.90585650003,0
2021-04-17 15:30:00,3406.61,3413.82,3333.05,3342.85,145.89417,1618675199999,490546.3526059,1500,70.10347,235793.44055220005,0
2021-04-17 16:00:00,3344.48,3382.65,3282.99,3376.94,294.38085,1618676999999,982853.2594060999,1870,167.01695,558702.2436331,0
2021-04-17 16:30:00,3379.22,3404.05,3367.43,3390.4,165.68303999999995,1618678799999,561483.6783854,958,84.97665,287970.45977609995,0
2021-04-17 17:00:00,3386.4,3463.18,3380.48,3451.38,174.35476,1618680599999,596867.7541135,1291,80.23937,274618.9948702,0
2021-04-17 17:30:00,3454.83,3490.55,3371.79,3375.65,206.02881000000002,1618682399999,708641.2884469,1475,105.36885,362410.47198659997,0
2021-04-17 18:00:00,3376.21,3485.0,3353.17,3462.7,142.4076,1618684199999,488366.5560425,1325,76.48948,262273.5134833,0
2021-04-17 18:30:00,3459.26,3468.58,3407.06,3414.69,60.2591,1618685999999,207113.4651162,708,30.442259999999997,104742.2047459,0
2021-04-17 19:00:00,3414.69,3449.67,3406.47,3420.35,75.92943000000002,1618687799999,260389.57187010002,762,39.601009999999995,135810.1052582,0
2021-04-17 19:30:00,3422.7,3440.79,3412.96,3428.81,40.04931,1618689599999,137211.0984459,573,21.47361,73551.7310107,0
2021-04-17 20:00:00,3432.65,3481.51,3405.12,3475.88,73.78367,1618691399999,254297.4074764,837,45.92089,158328.8600032,0
2021-04-17 20:30:00,3470.88,3474.52,3436.37,3450.51,49.46335,1618693199999,170534.9855582,679,25.12671,86588.8395711,0
2021-04-17 21:00:00,3450.51,3461.61,3424.47,3434.13,111.6066,1618694999999,383921.39557540003,881,40.68547,140027.9817829,0
2021-04-17 21:30:00,3430.84,3437.09,3412.72,3423.63,46.99033,1618696799999,160864.5950167,418,13.55362,46407.8390267,0
2021-04-17 22:00:00,3423.62,3445.36,3411.83,3411.99,41.90524,1618698599999,143513.2832135,593,14.65921,50229.0082606,0
2021-04-17 22:30:00,3415.42,3423.48,3389.65,3400.61,35.74494,1618700399999,121717.4556769,502,15.3217,52236.8920745,0
2021-04-17 23:00:00,3407.8,3420.57,3330.06,3351.39,73.49011999999998,1618702199999,247718.235869,889,21.13598,71633.4306009,0
2021-04-17 23:30:00,3353.17,3363.34,3297.12,3308.18,55.25473,1618703999999,184046.150589,919,27.19261,90633.6478925,0
2021-04-18 00:00:00,3309.27,3334.65,3240.32,3248.56,138.45608000000001,1618705799999,456383.3554047,1699,73.03687,241060.60498260002,0
2021-04-18 00:30:00,3244.47,3277.73,3214.54,3236.14,140.88537,1618707599999,457183.7019157001,1490,68.04254,221043.8551151,0
2021-04-18 01:00:00,3234.69,3260.7,3178.8,3227.55,192.51143000000002,1618709399999,619541.9746543,2028,109.85083,354022.695542,0
2021-04-18 01:30:00,3224.68,3251.46,3198.19,3211.0,86.8493,1618711199999,280078.7618013,1072,41.89928,135158.7138227,0
2021-04-18 02:00:00,3209.1,3231.85,3156.15,3217.12,135.16814,1618712999999,431418.4685618,1431,69.57257,222363.9896782,0
2021-04-18 02:30:00,3221.24,3225.56,3150.0,3167.77,124.9744,1618714799999,397991.4270794,1010,42.83412,136607.31201310002,0
2021-04-18 03:00:00,3163.01,3199.27,2964.96,3021.84,336.27951,1618716599999,1033060.5509153,3673,118.0451,362281.7048452,0
2021-04-18 03:30:00,3021.85,3024.68,2687.54,2946.98,551.4227,1618718399999,1587071.1335415004,6160,238.34016,687246.1069768,0
2021-04-18 04:00:00,2946.98,3066.01,2927.75,3037.95,330.5752,1618720199999,992471.3789103001,3227,190.9128,573080.0921608001,0
2021-04-18 04:30:00,3038.1,3115.23,2971.13,2996.64,266.60339,1618721999999,811139.1525576,2229,132.11802,403327.264368,0
2021-04-18 05:00:00,2996.64,3066.19,2982.53,3060.42,122.75469,1618723799999,372723.6514219,1215,68.39814,207678.143168,0
2021-04-18 05:30:00,3056.12,3072.79,3011.2,3051.05,188.61216000000002,1618725599999,573930.3021883001,1522,94.94405,288889.7144592,0
2021-04-18 06:00:00,3051.0,3107.37,3033.96,3094.62,131.97728,1618727399999,405841.93819159997,1184,72.03702,221518.201329,0
2021-04-18 06:30:00,3094.5,3101.78,3017.47,3058.47,169.89996000000005,1618729199999,518042.4170257999,1133,73.73980999999998,225020.6321223,0
2021-04-18 07:00:00,3062.61,3171.84,3057.91,3171.72,188.11156,1618730999999,587818.5350077,1609,98.4872,307710.1737539,0
2021-04-18 07:30:00,3168.37,3187.18,3131.99,3143.43,142.18938,1618732799999,449467.04313620005,1364,79.77960999999998,252233.13727610002,0
2021-04-18 08:00:00,3148.98,3167.24,3094.8,3130.57,170.47191,1618734599999,533510.0759978,1363,89.3256,279487.26313490013,0
2021-04-18 08:30:00,3128.39,3144.85,3046.94,3064.54,171.84378999999996,1618736399999,531465.0047073,1525,90.99939,281443.9683063,0
2021-04-18 09:00:00,3064.79,3091.25,2988.03,2999.03,204.09374,1618738199999,621386.3050988001,1711,103.96167,316527.91397640004,0
2021-04-18 09:30:00,2998.73,3035.07,2960.61,2992.36,195.50578000000002,1618739999999,585163.0010911999,1769,95.52587,285927.3681951,0
2021-04-18 10:00:00,2989.91,3030.89,2973.46,3003.75,119.94382,1618741799999,360555.5175205,1165,61.31867,184356.8724046,0
2021-04-18 10:30:00,3001.39,3060.39,2997.52,3020.39,77.2316,1618743599999,234055.88954089998,774,33.85607,102644.95306160001,0
2021-04-18 11:00:00,3016.25,3069.77,3006.44,3008.0,95.9014,1618745399999,291482.4014429,936,44.07486,134206.26004589998,0
2021-04-18 11:30:00,3016.79,3022.54,2888.44,2903.01,209.1012,1618747199999,614845.945965,1762,104.48442,307230.55656409997,0
2021-04-18 12:00:00,2908.76,2972.11,2908.57,2957.61,157.16563,1618748999999,462912.70432540006,1454,75.29354000000002,222030.3108455,0
2021-04-18 12:30:00,2952.57,2975.77,2936.03,2962.71,232.605,1618750799999,688010.2915580999,1308,90.95598000000001,269201.4338693,0
2021-04-18 13:00:00,2959.37,3011.43,2933.0,3008.75,111.80548999999999,1618752599999,332779.76671440003,787,54.998219999999996,163918.8895838,0
2021-04-18 13:30:00,3004.35,3058.31,2997.95,3046.15,88.70597,1618754399999,268306.3808276,768,52.658609999999996,159352.60690699998,0
2021-04-18 14:00:00,3049.37,3113.36,3041.66,3089.72,68.68472,1618756199999,210844.7489671,807,36.19424,111176.352437,0
2021-04-18 14:30:00,3092.99,3117.46,3080.0,3107.61,56.11983000000001,1618757999999,174263.7301963,582,18.536189999999998,57570.0710461,0
2021-04-18 15:00:00,3106.14,3145.45,3088.16,3121.53,81.96285,1618759799999,255869.306418,700,41.66644,130116.56384360002,0
2021-04-18 15:30:00,3122.25,3161.7,3085.58,3145.01,50.18933,1618761599999,156610.5994601,556,27.626659999999998,86300.0732603,0
2021-04-18 16:00:00,3145.83,3173.0,3127.32,3173.0,81.67159000000002,1618763399999,257229.73660570002,617,53.03508000000001,167099.8369936,0
2021-04-18 16:30:00,3165.87,3168.92,3103.92,3119.98,86.97774,1618765199999,272969.00374370004,613,54.79365,172058.36977529994,0
2021-04-18 17:00:00,3119.32,3125.81,3082.2,3122.27,65.87473,1618766999999,204770.20904520003,633,36.76603,114322.86668699999,0
2021-04-18 17:30:00,3121.85,3125.17,3060.32,3072.65,83.67661,1618768799999,258496.5365009,697,41.72586,129006.48757019998,0
2021-04-18 18:00:00,3075.92,3105.66,3070.39,3080.88,58.136540000000004,1618770599999,179466.38073489995,587,24.1876,74673.0848776,0
2021-04-18 18:30:00,3079.47,3141.17,3076.37,3116.58,60.54349000000001,1618772399999,188401.4939546,808,38.24039000000001,118990.58589809999,0
2021-04-18 19:00:00,3122.12,3158.0,3103.74,3144.74,50.20085,1618774199999,157187.90340399998,618,21.37655,66958.2977388,0
2021-04-18 19:30:00,3148.65,3194.51,3125.38,3179.49,107.13383999999999,1618775999999,338818.43441229995,1016,62.6098,198189.4131062,0
2021-04-18 20:00:00,3183.46,3249.62,3182.55,3212.86,168.96042,1618777799999,543383.8232698,2281,86.86353000000004,279496.01747859997,0
2021-04-18 20:30:00,3215.73,3249.73,3195.83,3243.42,115.22062,1618779599999,372835.7845074,1100,54.46321,176219.4011405,0
2021-04-18 21:00:00,3241.84,3291.14,3219.46,3284.26,96.10351999999999,1618781399999,312945.83673850005,1384,57.08684,186087.4291014,0
2021-04-18 21:30:00,3285.67,3290.14,3189.35,3249.92,125.63453999999999,1618783199999,405290.66811309993,1523,57.40369000000001,185223.3782938,0
2021-04-18 22:00:00,3254.56,3259.2,3217.08,3219.83,53.40354,1618784999999,172811.56839200002,591,21.82647,70654.46648660001,0
2021-04-18 22:30:00,3219.83,3275.69,3219.83,3253.01,47.42736,1618786799999,154400.862623,968,21.75065,70822.0399251,0
2021-04-18 23:00:00,3259.68,3259.68,3220.66,3233.26,38.393359999999994,1618788599999,124231.756308,582,18.02394,58340.85973609999,0
2021-04-18 23:30:00,3233.26,3275.69,3220.0,3251.32,72.9111,1618790399999,236845.2934305,826,34.19216,111311.2495665,0
2021-04-19 00:00:00,3243.51,3254.72,3157.02,3225.3,154.56271999999996,1618792199999,494273.5594896,1535,91.05485,291027.2870805,0
2021-04-19 00:30:00,3230.79,3309.98,3213.03,3305.95,184.58988,1618793999999,605073.3400361,1874,108.52441,356356.552977,0
2021-04-19 01:00:00,3310.06,3394.71,3294.22,3372.86,382.73242999999997,1618795799999,1285438.4654237,2976,150.97908999999999,505177.4005216,0
2021-04-19 01:30:00,3378.6,3555.0,3367.9,3489.45,903.28024,1618797599999,3109744.8897735,8264,435.78087,1499354.6289022,0
2021-04-19 02:00:00,3489.44,3642.63,3458.74,3627.89,523.98724,1618799399999,1862613.0746237,6273,301.95187999999996,1073626.9065691,0
2021-04-19 02:30:00,3621.96,3745.1,3606.27,3654.92,681.88478,1618801199999,2503381.6862083,7135,404.78175,1486636.4384815001,0
2021-04-19 03:00:00,3653.07,3665.1,3551.94,3557.95,455.01212999999996,1618802999999,1637654.1699017999,4179,182.59067,657320.5261878,0
2021-04-19 03:30:00,3563.27,3600.0,3553.92,3560.84,186.04124,1618804799999,664361.5547735,1728,108.56381999999999,387851.79858209996,0
2021-04-19 04:00:00,3568.27,3604.39,3557.89,3584.12,133.67672,1618806599999,477992.07800320006,1189,85.17706,304645.368073,0
2021-04-19 04:30:00,3587.04,3605.1,3514.18,3544.23,167.90044,1618808399999,594525.1805965999,1494,85.43324,302807.08132670005,0
2021-04-19 05:00:00,3543.93,3599.98,3520.53,3534.41,161.27366999999995,1618810199999,573920.3858522,1141,108.07614,384984.01089740003,0
2021-04-19 05:30:00,3537.38,3578.65,3518.54,3550.74,91.94173,1618811999999,326861.548908,899,56.94531,202565.8442814,0
2021-04-19 06:00:00,3552.0,3583.52,3507.03,3581.85,86.79715,1618813799999,307737.2774197,981,48.23369,171099.7018623,0
2021-04-19 06:30:00,3581.85,3590.22,3516.48,3580.65,115.25136,1618815599999,409710.87242840003,1111,50.93593,181017.4565316,0
2021-04-19 07:00:00,3577.09,3621.79,3575.73,3594.99,156.72236999999996,1618817399999,564241.1456109,1510,88.80545,319796.050954,0
2021-04-19 07:30:00,3592.09,3608.73,3553.94,3583.4,94.07105,1618819199999,336940.0102984,941,61.28434,219580.12477189998,0
2021-04-19 08:00:00,3591.59,3625.82,3510.41,3537.0,196.20498,1618820999999,699353.9712418,1680,94.21736999999999,336709.9512586,0
2021-04-19 08:30:00,3541.07,3572.54,3515.28,3523.51,128.35938000000002,1618822799999,456251.2192201,961,57.55921,204750.3638619,0
2021-04-19 09:00:00,3523.51,3542.72,3470.38,3497.83,134.31638999999998,1618824599999,469654.6370305001,1201,51.21671,179072.18281379997,0
2021-04-19 09:30:00,3502.08,3556.29,3485.45,3488.79,44.89198,1618826399999,158096.1242576,707,21.68442000000001,76387.9422836,0
2021-04-19 10:00:00,3487.42,3503.35,3406.36,3440.63,164.42606999999995,1618828199999,565591.3605672,1991,76.25846,262442.8115314,0
2021-04-19 10:30:00,3439.1,3448.7,3388.0,3423.39,100.16771999999999,1618829999999,342319.7286703,1086,45.43926,155403.62587979998,0
2021-04-19 11:00:00,3428.1,3471.12,3399.01,3463.73,108.85072,1618831799999,375917.3091762,977,51.98444,179614.6389325,0
2021-04-19 11:30:00,3463.73,3536.73,3459.82,3526.88,98.75038,1618833599999,344964.42182790005,1078,59.97235,209398.5184671,0
2021-04-19 12:00:00,3529.8,3545.89,3501.57,3535.95,102.41283,1618835399999,360884.55723209993,1279,52.939409999999995,186542.6463655,0
2021-04-19 12:30:00,3532.88,3566.73,3495.48,3496.08,167.07295,1618837199999,589689.2904174,1472,110.4838,389947.92471409997,0
2021-04-19 13:00:00,3499.9,3564.3,3434.26,3451.5,130.20889,1618838999999,454861.5598792,1496,42.58382,148931.87873520007,0
2021-04-19 13:30:00,3443.27,3503.04,3420.57,3496.38,105.8758,1618840799999,366546.7047496,1082,35.29059,122330.91703669999,0
2021-04-19 14:00:00,3491.53,3529.55,3426.93,3426.93,170.66685,1618842599999,594464.4338565,1322,86.45464,302090.7562221,0
2021-04-19 14:30:00,3424.37,3447.03,3293.88,3323.16,304.0399,1618844399999,1021215.0643560999,2458,144.64258,485003.55569350003,0
2021-04-19 15:00:00,3327.1,3373.98,3222.94,3356.13,266.59918999999996,1618846199999,878658.3516489002,2556,114.19058000000001,376979.05082600005,0
2021-04-19 15:30:00,3352.41,3358.18,3270.22,3290.0,137.71318,1618847999999,454877.489145,1400,43.295359999999995,143112.0432274,0
2021-04-19 16:00:00,3296.24,3420.24,3258.07,3400.0,186.67987,1618849799999,625286.1060095,1761,88.211,296459.4924637,0
2021-04-19 16:30:00,3401.15,3426.46,3337.44,3348.4,273.02617000000004,1618851599999,921351.650973,1392,149.87098999999995,505238.73408390005,0
2021-04-19 17:00:00,3347.01,3459.17,3340.98,3439.13,177.08238,1618853399999,601071.8836568,1758,109.76786000000001,371500.6521857,0
2021-04-19 17:30:00,3442.32,3579.73,3411.86,3565.1,278.67123,1618855199999,979170.0383321999,3693,132.61494,466562.46419370006,0
2021-04-19 18:00:00,3566.65,3675.0,3561.21,3658.86,492.08610999999996,1618856999999,1782717.3847832,7524,236.80315,857753.2238723,0
2021-04-19 18:30:00,3653.6,3826.22,3639.48,3785.99,1156.67552,1618858799999,4311198.0584643,10361,640.85972,2389309.7570365,0
2021-04-19 19:00:00,3787.52,3871.39,3711.91,3756.93,1194.22597,1618860599999,4517873.0673835,10041,564.94385,2137369.5209748,0
2021-04-19 19:30:00,3752.19,3752.19,3680.9,3710.68,457.06275999999997,1618862399999,1697908.9746343,3799,228.6927,850207.9429316998,0
2021-04-19 20:00:00,3710.68,3729.99,3667.59,3695.7,276.84525,1618864199999,1023889.0115084999,2708,134.37784,497181.4185298,0
2021-04-19 20:30:00,3695.7,3782.69,3689.13,3720.1,330.92696,1618865999999,1237075.7523993,2814,173.23025,648198.0782787,0
2021-04-19 21:00:00,3720.11,3773.95,3633.67,3635.3,266.4184,1618867799999,988421.1343472,2475,122.79936000000001,454730.73787770007,0
2021-04-19 21:30:00,3641.67,3689.36,3632.22,3665.64,99.20809,1618869599999,363283.65055859997,1215,53.711240000000004,196786.07130279997,0
2021-04-19 22:00:00,3657.11,3665.79,3618.64,3633.92,112.62803999999998,1618871399999,409838.95077640004,1558,54.80345,199476.1077708,0
2021-04-19 22:30:00,3634.81,3684.71,3616.0,3645.83,125.86448,1618873199999,458725.8772922,1485,58.7698,214272.16881479998,0
2021-04-19 23:00:00,3645.82,3662.88,3517.55,3547.66,229.58648,1618874999999,821752.0364173,2705,76.18191999999998,272873.81706729997,0
2021-04-19 23:30:00,3543.13,3558.41,3480.3,3514.64,149.47468999999995,1618876799999,526359.8008904001,1462,72.71721,256625.861863,0
2021-04-20 00:00:00,3508.6,3537.46,3370.71,3370.71,581.29453,1618878599999,1994471.286039,3855,360.99992000000003,1236141.1295272,0
2021-04-20 00:30:00,3370.51,3397.98,3231.0,3337.2,399.90025,1618880399999,1327615.9575698,3377,176.87714,587224.2028947,0
2021-04-20 01:00:00,3333.05,3427.19,3326.83,3384.35,239.6394,1618882199999,811930.6054333,1613,111.17936999999999,376829.5928408,0
2021-04-20 01:30:00,3381.64,3386.22,3324.66,3348.82,182.75189,1618883999999,612637.8095560999,1230,94.91563000000001,318195.79970309994,0
2021-04-20 04:30:00,3324.87,3456.37,3285.75,3410.22,230.29355,1618894799999,783855.3823585,1539,94.50811999999999,321899.8754316,0
2021-04-20 05:00:00,3410.21,3422.81,3340.92,3357.39,129.74305,1618896599999,438053.01631120004,1120,44.78662,151390.7085354,0
2021-04-20 05:30:00,3361.03,3375.92,3328.07,3338.03,87.40396,1618898399999,292609.70953770005,818,42.44692,142123.05468610002,0
2021-04-20 06:00:00,3338.03,3377.06,3301.3,3305.17,92.83834,1618900199999,310677.7246488,815,45.04607,150912.26514089998,0
2021-04-20 06:30:00,3301.29,3327.83,3192.36,3205.65,328.55397999999997,1618901999999,1065117.0325356,2389,122.92884,398365.9674348,0
2021-04-20 07:00:00,3210.07,3249.89,3170.09,3216.0,129.58706999999998,1618903799999,415972.0023521,1231,65.17566,209329.2603082,0
2021-04-20 07:30:00,3216.16,3260.41,3174.53,3249.52,115.31493,1618905599999,371351.4706852,1071,47.701209999999996,153429.2018445,0
2021-04-20 08:00:00,3245.54,3331.98,3238.55,3319.57,117.22743,1618907399999,385937.4475286,1130,59.53655,196138.35013510002,0
2021-04-20 08:30:00,3317.96,3340.09,3275.88,3327.91,100.27971,1618909199999,331899.2059658,894,34.53521,114415.555789,0
2021-04-20 09:00:00,3332.15,3373.42,3323.84,3365.03,76.21856,1618910999999,254872.9419493,793,40.031,133891.7205569,0
2021-04-20 09:30:00,3371.19,3381.04,3320.05,3347.42,85.15459,1618912799999,285644.9272472,659,46.34786,155536.43007779995,0
2021-04-20 10:00:00,3342.63,3396.97,3310.45,3394.77,123.83944,1618914599999,415157.6174965,854,47.75849,160633.1816712,0
2021-04-20 10:30:00,3398.23,3497.66,3393.27,3488.25,415.11202000000003,1618916399999,1436903.6480172,2347,158.68236000000005,548315.1889368,0
2021-04-20 11:00:00,3488.25,3666.64,3486.66,3605.72,607.4123599999998,1618918199999,2178262.2349119,6322,330.47008999999997,1184693.5995118,0
2021-04-20 11:30:00,3598.5,3607.84,3491.83,3503.74,431.49807999999996,1618919999999,1529868.1051753,3244,239.67001000000002,850391.7693182,0
2021-04-20 12:00:00,3500.0,3511.16,3461.37,3461.37,165.5204,1618921799999,578368.5222153001,1508,87.25509,305092.64031159994,0
2021-04-20 12:30:00,3462.71,3489.89,3445.3,3445.34,100.01384,1618923599999,346460.15198200004,1033,56.843619999999994,197006.1235971,0
2021-04-20 13:00:00,3449.17,3464.57,3419.27,3440.38,139.65964,1618925399999,480840.3955941,1431,71.58063,246538.9842677,0
2021-04-20 13:30:00,3441.62,3483.02,3416.67,3450.87,183.35674,1618927199999,631926.603734,1540,102.26248000000001,352515.3765684,0
2021-04-20 14:00:00,3457.95,3490.87,3453.06,3483.08,143.84951999999996,1618928999999,499856.376604,1225,77.90937,270878.8675038,0
2021-04-20 14:30:00,3479.95,3484.27,3331.33,3353.56,313.33203,1618930799999,1063164.6061491,2507,112.15101999999999,381530.5122189,0
2021-04-20 15:00:00,3352.05,3398.5,3294.61,3299.01,249.20596,1618932599999,833846.1031289,1920,108.31087,363073.1450137,0
2021-04-20 15:30:00,3302.0,3386.6,3290.82,3383.96,115.46586,1618934399999,383806.5541269,1069,68.01992,226289.718525,0
2021-04-20 16:00:00,3377.92,3398.73,3341.83,3363.1,108.68241,1618936199999,366498.68070799997,1031,54.33578000000001,183225.0591195,0
2021-04-20 16:30:00,3359.3,3408.66,3322.44,3402.3,101.65616,1618937999999,342216.75059829996,932,52.212070000000004,175793.52429600002,0
2021-04-20 17:00:00,3408.24,3412.0,3385.27,3406.36,91.97273,1618939799999,312706.2318441,812,41.86739,142413.1679765,0
2021-04-20 17:30:00,3402.46,3454.5,3393.74,3443.89,79.99409,1618941599999,273953.4064004,824,52.10202,178526.31232650005,0
2021-04-20 18:00:00,3440.16,3475.0,3416.54,3471.63,107.97778999999998,1618943399999,371943.6483817,1133,61.959019999999995,213495.3696392,0
2021-04-20 18:30:00,3470.47,3474.86,3418.37,3434.06,98.26796,1618945199999,338388.17791890004,855,53.83356,185570.0762881,0
2021-04-20 19:00:00,3438.79,3467.98,3415.07,3436.01,123.25253000000001,1618946999999,423706.111668,934,74.91543,257482.14996840002,0
2021-04-20 19:30:00,3433.51,3553.6,3433.51,3543.0,227.067,1618948799999,796639.7692861998,2450,125.27715,439096.6870953,0
2021-04-20 20:00:00,3538.6,3545.94,3481.52,3491.14,87.01546,1618950599999,304919.51415380003,1037,42.97914,150657.0153563,0
2021-04-20 20:30:00,3489.08,3510.53,3461.97,3467.14,50.86075,1618952399999,177061.4488647,602,21.957179999999997,76498.5419114,0
2021-04-20 21:00:00,3467.14,3493.06,3461.16,3469.32,195.44805,1618954199999,678667.1897154,1127,74.05948000000002,257367.56296279997,0
2021-04-20 21:30:00,3468.92,3491.53,3466.15,3480.94,106.59966999999999,1618955999999,370613.4429507,718,37.76759000000001,131325.9336487,0
2021-04-20 22:00:00,3475.51,3515.39,3442.12,3442.15,271.2118,1618957799999,939491.9355489,1458,175.92218,608798.1620951,0
2021-04-20 22:30:00,3442.34,3487.44,3440.81,3481.03,124.97507,1618959599999,431985.97271049995,960,63.30225,218992.31573200002,0
2021-04-20 23:00:00,3481.03,3500.0,3432.41,3451.02,110.29567,1618961399999,382961.1053217,1249,54.86605,190813.9065552,0
2021-04-20 23:30:00,3455.8,3466.53,3426.55,3453.48,42.73654000000001,1618963199999,147193.4626718,540,18.26568,62990.1351964,0
2021-04-21 00:00:00,3453.47,3641.1,3445.8,3607.72,432.55200999999994,1618964999999,1535621.450254,4824,233.35969,826886.2110683002,0
2021-04-21 00:30:00,3608.04,3620.33,3446.27,3450.23,174.72599,1618966799999,619651.946151,1924,74.0112,262638.6576598,0
2021-04-21 01:00:00,3445.78,3561.35,3434.16,3550.97,131.25633,1618968599999,460045.6515620999,1505,57.23335,200742.399444,0
2021-04-21 01:30:00,3547.05,3554.52,3515.1,3527.76,74.76035,1618970399999,264359.6590664,930,37.03854000000001,130922.3306263,0
2021-04-21 02:00:00,3527.78,3590.56,3517.07,3544.52,73.82562,1618972199999,262912.8773749,1385,42.89351,152745.6721809,0
2021-04-21 02:30:00,3545.09,3598.83,3534.14,3585.11,65.08769000000001,1618973999999,232149.75047230002,1012,32.31453,115297.97267610002,0
2021-04-21 03:00:00,3591.76,3602.64,3529.21,3548.01,88.19311,1618975799999,315595.9739086,1056,43.16191,154539.961961,0
2021-04-21 03:30:00,3553.85,3567.07,3502.72,3517.37,64.01795,1618977599999,226197.2621799,704,23.645139999999998,83626.9009343,0
2021-04-21 04:00:00,3521.83,3597.97,3500.09,3593.12,85.71171,1618979399999,304275.23836809996,1212,41.92001,148947.3696573,0
2021-04-21 04:30:00,3593.26,3652.39,3572.81,3640.56,135.31752,1618981199999,488982.2123823,2206,79.45149,287132.3943702,0
2021-04-21 05:00:00,3640.56,3644.46,3555.06,3604.41,155.09666,1618982999999,559116.5151901,1654,78.09425999999998,281441.4110861,0
2021-04-21 05:30:00,3602.47,3625.5,3555.47,3616.57,181.94097,1618984799999,653895.9330363001,1526,112.42647,404437.4963257,0
2021-04-21 06:00:00,3612.57,3643.4,3565.31,3618.12,175.85316,1618986599999,634688.4297505999,1875,82.6952,298822.8344561,0
2021-04-21 06:30:00,3615.9,3635.4,3583.82,3612.84,141.28105,1618988399999,510417.7523071,1283,75.59984,273133.6964431,0
2021-04-21 07:00:00,3609.76,3616.15,3535.92,3543.38,138.88914,1618990199999,497255.82838140003,1969,71.18425,254997.49093109998,0
2021-04-21 07:30:00,3543.38,3571.21,3514.55,3552.37,203.00755,1618991999999,719787.5880662,1322,79.71435,282629.1981567,0
2021-04-21 08:00:00,3546.13,3581.82,3510.01,3538.61,254.52426,1618993799999,902185.2019907,1705,110.58238,391623.0530205,0
2021-04-21 08:30:00,3530.35,3606.27,3513.3,3563.63,122.97348000000001,1618995599999,438204.40259320004,1952,75.12346,267869.4293119,0
2021-04-21 09:00:00,3563.57,3616.06,3526.29,3591.73,154.77578,1618997399999,551093.3801135999,2485,81.93133,291846.73877640005,0
2021-04-21 09:30:00,3592.23,3593.42,3534.33,3539.97,91.59685999999999,1618999199999,326050.66963609995,1350,52.16888,185733.5994158,0
2021-04-21 10:00:00,3543.17,3543.17,3482.99,3498.05,147.54357,1619000999999,517734.64549399994,2139,56.003780000000006,196650.3731306,0
2021-04-21 10:30:00,3496.23,3503.25,3414.56,3440.85,146.81868,1619002799999,507230.5518532001,2185,65.20028,225620.14565420002,0
2021-04-21 11:00:00,3437.08,3478.34,3378.97,3391.43,333.19513,1619004599999,1140517.921539,2853,184.39414,631230.4496263,0
2021-04-21 11:30:00,3395.03,3442.06,3366.25,3426.27,125.43881999999999,1619006399999,426477.1458104,1811,60.527190000000004,205881.65065310002,0
2021-04-21 12:00:00,3430.82,3578.0,3422.62,3572.18,243.44515,1619008199999,851668.8148211,3232,134.16976,470752.6345955,0
2021-04-21 12:30:00,3572.18,3615.01,3547.05,3601.24,155.92806000000004,1619009999999,559669.5795491,2717,81.13776999999997,291502.9641143,0
2021-04-21 13:00:00,3598.37,3605.7,3569.11,3587.92,95.25009,1619011799999,341817.30211359996,1342,49.76266,178667.00225710004,0
2021-04-21 13:30:00,3588.1,3762.36,3588.1,3749.2,539.18011,1619013599999,1988468.7260195,6942,305.57074,1126528.2787152,0
2021-04-21 14:00:00,3745.25,3769.77,3708.54,3732.88,423.21012,1619015399999,1583998.2705328998,3790,183.68777,687760.8231713,0
2021-04-21 14:30:00,3730.37,3851.0,3730.12,3834.34,443.78972999999996,1619017199999,1683042.4453206996,5063,243.68781,924943.2090191,0
2021-04-21 15:00:00,3834.32,3947.26,3813.36,3840.85,731.99083,1619018999999,2837682.2365997,6868,368.96808,1431748.4920993,0
2021-04-21 15:30:00,3847.31,3922.33,3792.69,3818.67,486.74054,1619020799999,1872705.2416888,3776,246.70117000000002,949865.1385870001,0
2021-04-21 16:00:00,3818.71,3930.0,3803.06,3930.0,395.91404,1619022599999,1535902.7149933998,4135,210.53964,816178.9363696,0
2021-04-21 16:30:00,3929.99,3940.66,3855.48,3896.63,272.9095,1619024399999,1065780.6812600999,2624,133.55105,521700.3767261,0
2021-04-21 17:00:00,3896.66,3964.41,3853.96,3900.67,327.23585,1619026199999,1280671.006689,3743,165.53573,648269.5355447,0
2021-04-21 17:30:00,3897.24,4212.83,3889.98,4163.06,1982.09649,1619027999999,8029885.8417137,17166,1051.40768,4256386.0654121,0
2021-04-21 18:00:00,4168.14,4269.64,4073.48,4111.17,1413.92406,1619029799999,5902922.9954613,11278,737.44426,3078888.1894984,0
2021-04-21 18:30:00,4111.35,4134.78,4013.73,4067.31,570.50893,1619031599999,2324725.107485,6007,255.11889,1040600.061414,0
2021-04-21 19:00:00,4067.31,4179.88,4067.31,4170.83,448.63327000000004,1619033399999,1852984.5867465,4977,245.12402999999998,1013409.2547640998,0
2021-04-21 19:30:00,4170.63,4189.57,4100.0,4118.08,486.09079,1619035199999,2008637.0343243,4701,237.50437999999997,981654.852121,0
2021-04-21 20:00:00,4118.07,4131.68,4009.37,4019.94,320.29393,1619036999999,1301566.5198344,3842,160.19162,650562.455005,0
2021-04-21 20:30:00,4019.94,4089.7,3966.86,4020.93,438.77369000000004,1619038799999,1767362.2747220001,4272,239.85912000000002,965529.8512586,0
2021-04-21 21:00:00,4020.93,4065.16,3965.18,3983.28,322.21258,1619040599999,1295264.2633001,3238,160.86786,646386.0838958,0
2021-04-21 21:30:00,3982.17,4029.56,3943.16,3950.15,183.11268,1619042399999,729765.4186388,2505,109.03371000000001,434896.8296445,0
2021-04-21 22:00:00,3950.16,4073.83,3944.55,3993.48,249.62062999999998,1619044199999,1002540.4769529,3409,113.14018999999999,455104.685908,0
2021-04-21 22:30:00,3993.99,4073.83,3865.47,3921.29,404.48579,1619045999999,1599370.7636683998,3478,202.57084,802327.6647903002,0
2021-04-21 23:00:00,3927.03,3980.31,3863.0,3910.24,274.99421,1619047799999,1078344.4181845,2157,119.58653999999999,469481.3343156,0
2021-04-21 23:30:00,3921.11,4062.37,3907.32,4046.96,259.89691,1619049599999,1040318.7109177,1934,146.95762,588891.7038072,0
2021-04-22 00:00:00,4045.99,4300.0,4000.0,4270.1,2455.02989,1619051399999,10183784.184603699,18932,1476.56824,6119468.646925401,0
2021-04-22 00:30:00,4273.84,4386.79,4216.66,4319.02,1584.6781,1619053199999,6832867.5335885985,12425,779.37172,3359571.7974475,0
2021-04-22 01:00:00,4319.03,4421.68,4283.62,4321.46,869.86806,1619054999999,3791412.3162526,8678,436.83794000000006,1902953.8848299,0
2021-04-22 01:30:00,4330.37,4543.79,4320.91,4500.15,1346.2311,1619056799999,5975760.0977973,12543,649.0081,2881628.9027701,0
2021-04-22 02:00:00,4500.15,4528.85,4213.4,4348.8,1454.656,1619058599999,6311895.8741687015,9767,710.71412,3083093.7710112007,0
2021-04-22 02:30:00,4348.5,4422.56,4309.91,4352.26,604.25548,1619060399999,2641974.1686531003,4979,286.94121,1254897.2583898,0
2021-04-22 03:00:00,4352.5,4422.97,4280.96,4318.94,560.99944,1619062199999,2435334.1926844,5317,251.60796000000002,1092789.0880268,0
2021-04-22 03:30:00,4314.03,4335.18,4151.0,4183.99,710.22815,1619063999999,2995130.1272591,5181,390.85735,1648734.9719346,0
2021-04-22 04:00:00,4178.95,4355.41,4176.43,4336.5,433.43445,1619065799999,1853879.4095029999,4413,248.17283999999998,1060640.0216542,0
2021-04-22 04:30:00,4339.81,4384.72,4250.26,4356.38,328.07841,1619067599999,1418602.2496523,3906,143.1333,619059.3660895,0
2021-04-22 05:00:00,4357.38,4490.88,4357.07,4420.09,485.67087999999995,1619069399999,2147974.3065406,6452,260.24638,1151081.6586275,0
2021-04-22 05:30:00,4414.23,4739.0,4386.28,4733.7,1332.6466599999999,1619071199999,6118248.166664,13309,695.8179299999997,3193987.5199566013,0
2021-04-22 06:00:00,4729.96,4898.0,4646.87,4715.95,2913.51921,1619072999999,13959834.0093871,20303,1499.03303,7184351.055752499,0
2021-04-22 06:30:00,4718.89,4873.56,4714.51,4849.23,1232.67284,1619074799999,5891813.1381749,10615,649.23914,3104132.8395523997,0
2021-04-22 07:00:00,4855.71,4979.59,4790.0,4797.3,2474.62489,1619076599999,12120440.643612301,19389,1213.64025,5952463.5511127,0
2021-04-22 07:30:00,4797.3,4887.37,4585.98,4601.25,2102.60949,1619078399999,9892298.3511494,19287,1153.00033,5426491.6414427,0
2021-04-22 08:00:00,4608.33,4657.09,4524.66,4568.68,1320.29501,1619080199999,6049537.3841281,11783,708.75504,3249229.9622828998,0
2021-04-22 08:30:00,4567.86,4635.27,4487.08,4571.98,908.2524400000001,1619081999999,4143014.3238713997,8926,453.29089000000016,2068057.7357026,0
2021-04-22 09:00:00,4571.98,4660.0,4511.2,4575.0,912.2913199999999,1619083799999,4191256.5306532006,7819,488.19154000000003,2243803.2105267,0
2021-04-22 09:30:00,4573.26,4811.82,4551.72,4740.85,1257.15669,1619085599999,5899966.1004884,10606,645.00615,3027254.0128241,0
2021-04-22 10:00:00,4744.72,4823.13,4690.75,4811.88,834.76335,1619087399999,3969346.3813613,9410,434.5132,2066407.8166706,0
2021-04-22 10:30:00,4808.61,4930.7,4755.23,4895.04,1315.26468,1619089199999,6391137.6391832,14219,625.39505,3038217.2503076,0
2021-04-22 11:00:00,4898.97,4938.51,4720.0,4786.0,1447.61771,1619090999999,6945857.4124793,11712,731.8849799999997,3513519.2807279998,0
2021-04-22 11:30:00,4782.23,4787.75,4609.44,4667.1,967.02718,1619092799999,4521794.0294583,9959,493.70653,2308201.2378621004,0
2021-04-22 12:00:00,4667.1,4743.79,4637.73,4702.0,608.8212900000002,1619094599999,2854346.3530703,7034,323.44141,1517450.8700956001,0
2021-04-22 12:30:00,4702.0,4778.25,4552.75,4559.09,1000.14526,1619096399999,4658299.4258914,9623,471.05385,2201428.5479977997,0
2021-04-22 13:00:00,4557.69,4641.24,4515.41,4611.98,826.31598,1619098199999,3787462.61635,7864,367.78704,1684736.9537218001,0
2021-04-22 13:30:00,4611.98,4618.43,4418.3,4430.23,787.2169,1619099999999,3550479.2420813995,7785,402.47104,1815163.1534459998,0
2021-04-22 14:00:00,4430.12,4519.89,4404.67,4422.73,888.75935,1619101799999,3965860.0948482,9711,503.55030999999997,2247752.991663,0
2021-04-22 14:30:00,4423.09,4582.17,4402.14,4535.0,778.79992,1619103599999,3505791.7565574,7598,406.7747,1832633.5602819,0
2021-04-22 15:00:00,4534.84,4584.75,4432.72,4503.84,796.41314,1619105399999,3587492.1980813993,7892,392.45099999999996,1767908.2050007996,0
2021-04-22 15:30:00,4503.84,4534.96,4413.15,4496.66,444.53884000000005,1619107199999,1992622.8679688,4616,208.65933,936065.7865597999,0
2021-04-22 16:00:00,4501.41,4608.0,4466.12,4579.71,576.46681,1619108999999,2622548.3779333998,5263,325.21062,1480183.9519056003,0
2021-04-22 16:30:00,4579.79,4586.97,4448.45,4453.55,408.36095,1619110799999,1842048.7014568,4566,187.61213999999998,846625.5153073001,0
2021-04-22 17:00:00,4456.54,4456.78,4338.34,4374.77,814.3729400000003,1619112599999,3576054.7024852005,6859,391.03009,1717829.4959728997,0
2021-04-22 17:30:00,4374.77,4383.47,4238.89,4256.54,641.36207,1619114399999,2755450.9396831,6573,325.1708799999999,1396260.7830743,0
2021-04-22 18:00:00,4252.89,4327.5,4210.11,4285.06,862.3055,1619116199999,3687640.6454234,6478,407.95875,1745254.5333093002,0
2021-04-22 18:30:00,4288.87,4375.64,4262.41,4350.35,448.13507999999996,1619117999999,1941944.3268900001,4390,247.76391,1073777.548917,0
2021-04-22 19:00:00,4350.35,4350.35,4178.8,4258.26,422.53011,1619119799999,1793872.5030533,4442,220.50449,936008.6255937,0
2021-04-22 19:30:00,4259.9,4345.8,4258.82,4296.41,268.74213,1619121599999,1155993.1655271002,2814,120.08333,516766.95407090004,0
2021-04-22 20:00:00,4295.14,4300.4,4124.0,4183.56,397.03643999999997,1619123399999,1672345.5859893996,4027,187.37545,790388.9241257,0
2021-04-22 20:30:00,4186.53,4205.71,4034.02,4053.32,556.5472,1619125199999,2284731.0559506,4766,308.11588,1265590.6140143,0
2021-04-22 21:00:00,4053.31,4138.95,3822.32,4120.62,868.7304,1619126999999,3468850.8134652,8466,416.33724,1667447.6310171,0
2021-04-22 21:30:00,4123.06,4168.1,4030.5,4126.46,443.48868,1619128799999,1821689.8333313998,4661,251.36227999999997,1033774.1355808,0
2021-04-22 22:00:00,4130.75,4283.36,4087.71,4173.32,730.9133,1619130599999,3079737.2810436008,7881,388.5478,1636340.2397892,0
2021-04-22 22:30:00,4176.0,4210.41,4049.28,4100.66,536.4521900000002,1619132399999,2211155.4211287997,4211,323.94847999999996,1333986.7414197,0
2021-04-22 23:00:00,4100.66,4214.99,4062.94,4184.41,411.10155,1619134199999,1709690.2358573999,4068,209.09745,869759.4353482,0
2021-04-22 23:30:00,4180.84,4185.56,4008.08,4023.17,428.84329,1619135999999,1753779.3368347,4665,176.61355,722821.6301204,0
2021-04-23 00:00:00,4018.78,4582.13,3980.74,4462.07,3391.19519,1619137799999,14636402.133334601,30224,1985.4045600000002,8555648.6018627,0
2021-04-23 00:30:00,4462.06,4513.72,4298.75,4318.01,1294.4474699999996,1619139599999,5719423.3114064,14519,663.84745,2935761.982557,0
2021-04-23 01:00:00,4318.01,4407.35,4113.59,4243.49,952.30806,1619141399999,4041854.6205509,8743,449.27200999999997,1912029.6948340998,0
2021-04-23 01:30:00,4238.36,4270.51,3902.15,4080.25,1233.44314,1619143199999,5071038.180405,9557,722.74271,2969695.9619764,0
2021-04-23 02:00:00,4085.93,4120.0,3480.0,3575.87,2202.06277,1619144999999,8248720.9232847,14087,1343.5280300000004,5041685.217581402,0
2021-04-23 02:30:00,3563.97,3773.06,3504.92,3769.55,1920.10443,1619146799999,7006331.7163246,12187,1271.69592,4636667.7910574,0
2021-04-23 03:00:00,3761.29,3836.04,3680.19,3709.77,1583.72191,1619148599999,5931019.8546487,11268,1061.8424400000001,3975760.7236596,0
2021-04-23 03:30:00,3709.1,3765.33,3689.88,3709.16,1252.47799,1619150399999,4656869.7477145,11349,837.1610099999997,3112877.5429357,0
2021-04-23 04:00:00,3706.35,3712.05,3565.0,3615.98,1583.65782,1619152199999,5725547.027425401,8946,1031.40707,3725261.3949447,0
2021-04-23 04:30:00,3613.9,3639.83,3362.62,3432.51,1279.06158,1619153999999,4488884.8028613,9242,795.58518,2792249.4623247003,0
2021-04-23 05:00:00,3432.51,3486.36,3274.64,3383.86,1667.5372,1619155799999,5624553.9694802,9317,1180.9652199999996,3986076.723159,0
2021-04-23 05:30:00,3382.37,3531.7,3377.2,3463.4,1363.3432400000004,1619157599999,4712955.699831502,8288,766.14911,2647374.1233782,0
2021-04-23 06:00:00,3463.64,3464.82,3279.02,3308.52,1574.67495,1619159399999,5278464.3564083,7721,959.18652,3216306.5457733995,0
2021-04-23 06:30:00,3297.75,3373.44,3242.62,3353.73,1796.89597,1619161199999,5917664.850949,10364,1209.704,3984915.2639662996,0
2021-04-23 07:00:00,3358.48,3502.97,3329.87,3458.56,796.2149400000003,1619162999999,2732179.1463805,7149,364.68906,1253301.2512271001,0
2021-04-23 07:30:00,3463.26,3465.04,3300.02,3319.96,795.73919,1619164799999,2677607.5694787996,6425,364.99935,1229008.2653553998,0
2021-04-23 08:00:00,3317.51,3485.49,3306.96,3476.37,505.89309000000003,1619166599999,1717814.6980081,4622,248.87312999999997,845889.0902093,0
2021-04-23 08:30:00,3474.26,3690.15,3465.36,3589.41,705.4019599999997,1619168399999,2500431.920584,5984,407.37178,1446752.4513816002,0
2021-04-23 09:00:00,3595.92,3600.0,3501.1,3509.56,614.31188,1619170199999,2192791.7648213003,4806,314.89057,1124693.8113968,0
2021-04-23 09:30:00,3515.62,3588.29,3497.86,3575.18,258.67562000000004,1619171999999,916708.033287,2198,147.40157,522624.55101779994,0
2021-04-23 10:00:00,3570.01,3750.23,3544.97,3684.93,703.9684599999997,1619173799999,2575494.5567961005,5682,400.85594,1469675.85222,0
2021-04-23 10:30:00,3678.1,4041.0,3671.93,3976.41,1437.69689,1619175599999,5535384.889492598,10124,620.19672,2384962.2612023996,0
2021-04-23 11:00:00,3977.15,4184.39,3911.5,4156.13,938.6410199999999,1619177399999,3791808.0691547995,8917,485.44299,1960724.9369891002,0
2021-04-23 11:30:00,4155.0,4274.98,4025.13,4173.24,878.52759,1619179199999,3655921.9449603,8517,461.84626,1923533.330793,0
2021-04-23 12:00:00,4175.44,4229.68,3973.21,4032.9,648.2839799999998,1619180999999,2653699.0443747,5359,336.97393999999997,1379248.5833338,0
2021-04-23 12:30:00,4031.44,4075.57,3892.47,3917.55,520.69953,1619182799999,2079920.0833637002,3994,275.57723,1102308.1793064,0
2021-04-23 13:00:00,3905.47,3976.41,3827.76,3896.89,477.96430999999995,1619184599999,1864021.2815130001,3861,244.97204,956153.1821187,0
2021-04-23 13:30:00,3883.55,3911.02,3755.82,3865.25,385.73875,1619186399999,1480330.0169505,2756,159.50128999999995,612555.5770694,0
2021-04-23 14:00:00,3864.03,4053.71,3810.61,4025.84,431.14385,1619188199999,1701780.464048,3512,214.09073999999998,845890.3390724,0
2021-04-23 14:30:00,4032.73,4200.0,3980.79,4057.0,614.03728,1619189999999,2501622.2614492998,6658,291.5180299999999,1190284.5926643,0
2021-04-23 15:00:00,4055.19,4091.59,3951.26,4022.92,296.17611,1619191799999,1187615.2179495,2320,174.05913,698214.8694033001,0
2021-04-23 15:30:00,4020.86,4281.18,4020.86,4249.98,474.76565999999997,1619193599999,1984734.7009816002,6105,220.72644,924393.0598232,0
2021-04-23 16:00:00,4238.99,4250.0,4064.49,4089.46,580.57534,1619195399999,2433692.7995538996,4112,357.94016,1502091.8911259,0
2021-04-23 16:30:00,4090.95,4205.5,4058.38,4130.0,261.45851,1619197199999,1078778.0837075,2276,150.41225,622264.8415358,0
2021-04-23 17:00:00,4122.03,4132.38,3996.71,4067.9,227.46932,1619198999999,922454.5962791,2076,121.88316999999999,494534.3820124001,0
2021-04-23 17:30:00,4067.9,4097.91,3944.41,4005.98,225.10789,1619200799999,902881.2430488,1773,95.47693000000001,383712.81692270003,0
2021-04-23 18:00:00,4003.34,4198.58,3971.68,4143.2,326.6409700000001,1619202599999,1330113.5000175,2906,203.82154,831718.7219162,0
2021-04-23 18:30:00,4134.07,4213.58,4090.38,4154.09,231.39332000000002,1619204399999,958283.08834,2342,133.52928,553632.0353002,0
2021-04-23 19:00:00,4154.09,4166.78,4072.36,4105.8,235.49712999999997,1619206199999,967922.2976624001,1500,147.76766,607552.8804330999,0
2021-04-23 19:30:00,4097.95,4178.0,4097.95,4131.31,163.06508,1619207999999,675368.8902635999,1532,103.90668000000001,430497.5754991,0
2021-04-23 20:00:00,4131.31,4245.45,4130.0,4245.44,240.11667999999997,1619209799999,1007469.6904140998,2946,143.39183,601872.6809057,0
2021-04-23 20:30:00,4245.4,4271.53,4040.98,4068.63,463.91348,1619211599999,1928706.7118651,3622,275.68551,1150122.5268491001,0
2021-04-23 21:00:00,4068.63,4189.93,4061.08,4132.66,179.91382,1619213399999,743624.5029558,1916,111.07118,459072.98344,0
2021-04-23 21:30:00,4132.66,4145.72,4014.76,4019.95,149.30336,1619215199999,606108.5569359,1392,67.24468,273406.1252051,0
2021-04-23 22:00:00,4020.0,4048.88,3965.62,4010.84,338.44854,1619216999999,1355136.1586821,1946,175.52188999999996,702984.5325136,0
2021-04-23 22:30:00,4011.88,4026.61,3978.13,3997.11,88.29677,1619218799999,353719.6679939,550,46.6344,186892.2235224,0
2021-04-23 23:00:00,3997.06,4060.0,3997.06,4045.74,94.56692,1619220599999,381624.2765911,725,50.76273,204858.49166320002,0
2021-04-23 23:30:00,4045.76,4093.64,4022.59,4056.86,142.92468,1619222399999,580471.8285627,1160,73.06085999999998,296861.1439433,0
2021-04-24 00:00:00,4056.88,4078.77,3917.66,3923.88,678.05331,1619224199999,2722222.1265328997,4346,345.85077,1389494.5194345,0
2021-04-24 00:30:00,3923.88,3932.96,3775.0,3822.43,502.56839,1619225999999,1938852.8480511003,3161,240.20812,926701.0871531001,0
2021-04-24 01:00:00,3822.94,3880.52,3812.21,3857.7,203.33604,1619227799999,782655.2294704,1264,92.32989,355456.0849554001,0
2021-04-24 01:30:00,3862.64,3914.86,3836.36,3848.0,141.78044,1619229599999,549936.0423309,1338,82.19076,318929.787015,0
2021-04-24 02:00:00,3848.56,3860.15,3751.48,3855.42,318.00856,1619231399999,1209119.446581,2087,170.92286000000001,649886.0496895,0
2021-04-24 02:30:00,3856.43,3922.68,3854.47,3888.29,185.44226,1619233199999,720310.1644595,1442,93.73976,364106.3560996,0
2021-04-24 03:00:00,3884.32,3955.89,3884.32,3941.63,126.09126,1619234999999,495619.80768719997,1354,54.999269999999996,216372.33955089998,0
2021-04-24 03:30:00,3941.64,3985.38,3909.16,3931.5,132.89109,1619236799999,525289.2111712,1703,67.95551999999999,268706.4971839,0
2021-04-24 04:00:00,3933.61,3986.96,3888.98,3955.31,188.49181000000002,1619238599999,742278.0204956,1851,104.45239000000001,410966.0896324,0
2021-04-24 04:30:00,3948.36,3996.16,3930.0,3963.84,146.66901000000001,1619240399999,581578.2884937,1382,64.71547,256508.3528653,0
2021-04-24 05:00:00,3966.82,3979.35,3922.72,3941.52,139.2859,1619242199999,549526.2277389,1474,66.78613,263673.2889265,0
2021-04-24 05:30:00,3942.53,3976.75,3921.93,3967.09,104.29201,1619243999999,411908.2511709,854,48.6361,192033.8797875,0
2021-04-24 06:00:00,3973.09,3980.32,3921.86,3956.0,93.1941,1619245799999,367839.3694444,788,49.50582,195538.17731220002,0
2021-04-24 06:30:00,3952.46,3963.62,3841.68,3858.16,222.79146,1619247599999,864745.3826546,1526,85.45393,332165.18035820004,0
2021-04-24 07:00:00,3864.66,3866.15,3800.0,3853.41,247.53236,1619249399999,949247.5729226,2570,144.7954,555589.7479446001,0
2021-04-24 07:30:00,3853.41,3925.0,3850.61,3898.42,161.35667,1619251199999,627455.6596771,1992,100.83077,392064.0608842,0
2021-04-24 08:00:00,3902.03,3961.92,3870.99,3909.48,159.13527,1619252999999,624696.6035099,1408,93.9729,368988.0615133,0
2021-04-24 08:30:00,3907.75,3923.02,3843.35,3856.44,122.3656,1619254799999,475682.37015509995,1230,47.74371,185728.8558276,0
2021-04-24 09:00:00,3850.77,3851.01,3773.13,3802.97,344.59477000000015,1619256599999,1311894.6391198998,3052,153.72845,585483.1724271999,0
2021-04-24 09:30:00,3802.98,3886.49,3800.29,3819.5,182.33661999999998,1619258399999,701145.0748874,1761,82.98109000000002,318656.7179592,0
2021-04-24 10:00:00,3819.06,3829.4,3741.03,3750.1,220.06384,1619260199999,832068.195128,2358,103.03735999999999,389744.56234,0
2021-04-24 10:30:00,3745.42,3779.3,3645.47,3650.0,347.87402000000014,1619261999999,1290919.3427408,2678,132.28023000000002,491481.9488738,0
2021-04-24 11:00:00,3650.0,3742.85,3602.0,3717.94,266.37339,1619263799999,975160.3888538,2676,113.60628,416195.8847777,0
2021-04-24 11:30:00,3717.92,3749.41,3610.0,3655.74,151.84157,1619265599999,556907.1615829001,2447,74.76609,274639.2650832,0
2021-04-24 12:00:00,3651.97,3748.47,3624.84,3739.62,120.92331000000001,1619267399999,446375.94181429996,1294,69.12674,255378.7132922,0
2021-04-24 12:30:00,3735.0,3778.5,3724.66,3749.77,79.66032,1619269199999,299215.5698307,1046,29.75337,111742.32845210002,0
2021-04-24 13:00:00,3757.06,3799.58,3712.35,3788.59,63.453759999999996,1619270999999,238660.0217816,877,41.16932,154891.0501344,0
2021-04-24 13:30:00,3788.61,3799.99,3750.01,3768.71,69.2406,1619272799999,261592.8880745,965,33.10374,125124.2739878,0
2021-04-24 14:00:00,3768.71,3769.63,3665.0,3694.92,175.63506999999996,1619274599999,651245.7739273001,1442,97.94582,363078.16596929997,0
2021-04-24 14:30:00,3694.92,3840.0,3691.8,3786.6,261.03436,1619276399999,983328.1739956998,2579,126.55996999999999,476812.6469196,0
2021-04-24 15:00:00,3782.16,3873.64,3699.26,3873.64,198.84195,1619278199999,751959.6689281998,2148,106.68579,403663.7066606,0
2021-04-24 15:30:00,3874.0,3933.04,3854.86,3866.0,143.30084,1619279999999,557521.2066705,1731,74.20286,288892.2894477,0
2021-04-24 16:00:00,3870.02,3889.82,3829.19,3859.67,84.36533,1619281799999,325799.2871078,887,35.34196,136560.8442544,0
2021-04-24 16:30:00,3858.66,3908.99,3813.17,3830.46,117.45893999999998,1619283599999,452077.53641209996,1062,39.47219000000001,152073.03823039998,0
2021-04-24 17:00:00,3833.06,3856.68,3797.89,3835.0,74.82929,1619285399999,285985.0724223,750,39.28599000000001,150154.76286339998,0
2021-04-24 17:30:00,3832.23,3909.0,3802.13,3908.81,81.85594,1619287199999,315874.7150116,797,52.67793,203399.93146400002,0
2021-04-24 18:00:00,3908.8,3959.58,3871.16,3926.17,136.46663999999998,1619288999999,534216.4879697,1569,76.63809,300159.0090304,0
2021-04-24 18:30:00,3937.41,3937.41,3876.09,3878.01,72.70398,1619290799999,284284.11558790004,740,27.71469,108547.5180966,0
2021-04-24 19:00:00,3880.12,3921.05,3869.06,3921.05,96.09626999999999,1619292599999,374247.4248928,829,39.46428,153711.891833,0
2021-04-24 19:30:00,3916.58,3944.71,3897.95,3919.11,126.89329,1619294399999,497676.24012790003,795,60.34656999999999,236648.25114960002,0
2021-04-24 20:00:00,3916.31,3944.49,3866.45,3904.11,78.66114,1619296199999,306978.39515059994,686,40.70914000000001,159021.0506557,0
2021-04-24 20:30:00,3909.9,3997.77,3896.31,3997.77,149.27528,1619297999999,589414.3945885999,2085,77.93408000000002,308061.2714593,0
2021-04-24 21:00:00,3997.58,3998.99,3915.14,3922.97,147.17498,1619299799999,583410.168061,1244,62.94406,248696.8527644,0
2021-04-24 21:30:00,3917.52,4185.75,3917.52,4118.32,757.58483,1619301599999,3102736.2689742,6845,394.76603,1616582.3158602,0
2021-04-24 22:00:00,4118.35,4164.94,4036.71,4054.96,317.08627,1619303399999,1296340.4672052,2557,160.95129,657581.8365595001,0
2021-04-24 22:30:00,4054.91,4170.49,4033.39,4037.54,194.02992,1619305199999,795207.6881435,1727,116.35513,476710.2272687,0
2021-04-24 23:00:00,4053.76,4139.77,4051.52,4092.93,215.51596,1619306999999,882906.001669,1861,113.92693,466850.05084619997,0
2021-04-24 23:30:00,4093.08,4131.83,3963.78,4022.24,301.20582,1619308799999,1220513.2734988001,2118,154.08931,625211.5483869,0
2021-04-25 00:00:00,4009.03,4125.0,3960.76,4092.06,636.48782,1619310599999,2589979.9091383,4628,349.60537999999997,1422992.3607764,0
2021-04-25 00:30:00,4099.5,4099.51,3984.12,3995.3,283.05711,1619312399999,1141766.6286892,2097,134.65143999999998,543509.7905147,0
2021-04-25 01:00:00,4004.75,4133.56,4002.38,4117.21,285.98537999999996,1619314199999,1169368.922095,2279,150.13076,614215.4650947,0
2021-04-25 01:30:00,4126.77,4140.65,4078.68,4100.82,144.40617,1619315999999,593916.4537066,1288,58.58094000000001,241151.94565110002,0
2021-04-25 02:00:00,4100.82,4125.0,4091.86,4093.76,100.93638,1619317799999,415148.4325376,873,51.45479,211674.56912529998,0
2021-04-25 02:30:00,4097.3,4100.18,3918.12,3942.52,359.14607,1619319599999,1430664.8144464,4699,104.82512,418407.7553952,0
2021-04-25 03:00:00,3951.4,3965.33,3870.0,3896.53,517.52214,1619321399999,2028343.1868819,3629,278.30984,1089958.5734202,0
2021-04-25 03:30:00,3900.0,3914.86,3816.12,3832.03,157.11504,1619323199999,605857.7053193001,1514,78.20254,301671.7070506,0
2021-04-25 04:00:00,3827.94,3850.94,3827.04,3849.54,6.0392,1619323260468,23198.707551299998,42,5.02471,19310.7162739,0
2021-04-25 08:30:00,3843.61,3900.12,3822.52,3883.54,131.67948,1619341199999,510917.7477158,1110,40.98693,158789.527778,0
2021-04-25 09:00:00,3880.7,3902.78,3767.99,3775.47,310.63543,1619342999999,1193474.6437803002,2864,139.32629,535469.2020774,0
2021-04-25 09:30:00,3774.58,3857.51,3764.04,3852.39,146.61355,1619344799999,557222.5153963,1537,74.80378,284356.1723933,0
2021-04-25 10:00:00,3852.37,3907.52,3815.2,3904.0,168.29345,1619346599999,650898.7765808001,1539,90.40689,349811.4444259,0
2021-04-25 10:30:00,3904.0,3956.17,3887.68,3949.13,194.15702,1619348399999,760474.9337082,1939,85.95831,336818.2975339,0
2021-04-25 11:00:00,3949.13,3976.9,3924.63,3966.31,180.38631999999998,1619350199999,712685.2714466999,1509,98.26038,388506.917834,0
2021-04-25 11:30:00,3966.5,3974.65,3942.26,3958.26,112.70416999999999,1619351999999,445718.4208597,1103,48.63572,192453.06584320002,0
2021-04-25 12:00:00,3959.31,3993.92,3955.87,3987.76,81.95555,1619353799999,325893.9781215,943,44.64519,177427.83349340004,0
2021-04-25 12:30:00,3991.01,4045.86,3985.43,4022.74,215.61539,1619355599999,867410.3990424,2410,120.67241999999999,485370.3758705,0
2021-04-25 13:00:00,4024.56,4037.54,3971.89,3985.7,180.98271,1619357399999,725727.7840106,1207,104.72019,420042.7533226,0
2021-04-25 13:30:00,3985.68,4037.8,3966.7,4024.1,172.62188999999995,1619359199999,690757.5650716999,1472,81.51212,326278.8563165,0
2021-04-25 14:00:00,4028.0,4032.85,3996.45,4008.43,117.5655,1619360999999,471865.3050681,808,63.761269999999996,255980.70469960003,0
2021-04-25 14:30:00,4010.96,4038.37,3977.82,4016.53,378.7438,1619362799999,1516124.5699878,2043,221.49141,887155.6810955,0
2021-04-25 15:00:00,4019.32,4032.48,3967.62,3974.98,160.22065,1619364599999,639816.9842606,1203,58.67702,234301.7642993,0
2021-04-25 15:30:00,3974.98,3993.66,3951.49,3956.85,111.38191,1619366399999,441712.1655019,960,56.96484,225860.5269775,0
2021-04-25 16:00:00,3960.8,3971.34,3892.85,3938.34,155.93761,1619368199999,612484.6756574999,1693,66.3247,260558.2995941,0
2021-04-25 16:30:00,3942.18,3952.17,3900.66,3924.38,92.63569,1619369999999,363646.977879,641,51.41195,201965.05678359998,0
2021-04-25 17:00:00,3927.48,3927.76,3865.86,3873.15,169.99545,1619371799999,662005.0647283001,1310,77.1705,300616.16524979996,0
2021-04-25 17:30:00,3870.41,3888.14,3861.08,3878.24,204.84628999999998,1619373599999,793298.5725452,1050,131.66644,509900.90872209996,0
2021-04-25 18:00:00,3881.15,3881.16,3814.0,3814.0,211.111,1619375399999,811318.2702859,1813,98.51937,378912.9525749,0
2021-04-25 18:30:00,3814.0,3865.0,3801.35,3849.01,166.91767,1619377199999,638993.6251942,1303,113.74816000000001,435518.55774899997,0
2021-04-25 19:00:00,3845.99,3875.88,3819.0,3823.94,107.23647,1619378999999,412622.0696067,858,45.75996,176374.8075072,0
2021-04-25 19:30:00,3823.95,3855.68,3797.22,3809.33,105.16215,1619380799999,401490.0148557,905,54.33396,207462.03278110002,0
2021-04-25 20:00:00,3809.72,3850.0,3796.77,3849.12,54.251580000000004,1619382599999,207559.035358,656,27.50065,105251.5813887,0
2021-04-25 20:30:00,3843.0,3871.6,3673.0,3687.49,351.78527,1619384399999,1317535.8683403,2918,146.71254,549807.7225613,0
2021-04-25 21:00:00,3700.65,3766.46,3632.69,3667.21,419.33446000000004,1619386199999,1546124.0611533998,2487,165.24522,609944.7459117,0
2021-04-25 21:30:00,3669.87,3672.85,3568.0,3631.13,347.78342999999984,1619387999999,1257884.6805945,2344,146.10199,528915.6426197,0
2021-04-25 22:00:00,3630.67,3754.6,3597.84,3736.31,245.64834,1619389799999,907757.9625185999,1880,129.95926,479888.63675209996,0
2021-04-25 22:30:00,3738.07,3819.77,3689.91,3799.91,191.93777,1619391599999,723225.8051859002,1443,91.35558,344445.1464871,0
2021-04-25 23:00:00,3802.17,3840.28,3768.75,3839.16,97.92815,1619393399999,372188.0044102,734,50.69467,192958.29459479998,0
2021-04-25 23:30:00,3837.55,3849.69,3811.51,3819.83,117.95938999999998,1619395199999,451649.0832027,795,60.12634,230362.7281319,0
2021-04-26 00:00:00,3819.84,3940.53,3728.53,3915.65,781.16075,1619396999999,2998359.5107012996,5794,346.92914,1336219.6388237,0
2021-04-26 00:30:00,3909.84,3970.99,3901.64,3950.0,260.28697,1619398799999,1026484.2138581999,2346,149.35615,589542.4566651,0
2021-04-26 01:00:00,3950.0,3991.54,3928.12,3950.69,142.45277,1619400599999,563806.5379548001,1532,80.54444000000002,319094.6985553,0
2021-04-26 01:30:00,3957.04,4024.68,3957.04,3999.38,241.15037999999998,1619402399999,963116.7333126,2095,115.98198000000001,463715.9482326,0
2021-04-26 02:00:00,4000.57,4050.0,3934.31,3972.91,243.58993999999998,1619404199999,971510.7982620001,2695,141.87753,565913.1622219,0
2021-04-26 02:30:00,3969.18,3993.09,3934.43,3970.02,120.11341000000002,1619405999999,476242.61559119995,747,52.28907,207336.4399342,0
2021-04-26 03:00:00,3978.92,3993.32,3965.46,3965.97,64.38094,1619407799999,256061.8958017,599,25.429660000000002,101223.4026227,0
2021-04-26 03:30:00,3969.22,4012.14,3950.77,3982.63,243.70531,1619409599999,970111.1422701001,1344,131.94721,525253.3509349,0
2021-04-26 04:00:00,3982.63,4003.0,3950.47,3973.49,162.83413000000004,1619411399999,646625.3262735,1074,76.05717,301929.09255109995,0
2021-04-26 04:30:00,3969.47,3986.85,3950.23,3962.23,86.99599,1619413199999,345334.03248600004,699,39.65858,157474.5654985,0
2021-04-26 05:00:00,3962.35,4003.65,3940.24,4003.65,97.38559000000001,1619414999999,386502.5094961,889,60.2565,239190.0557886,0
2021-04-26 05:30:00,4004.15,4126.43,3994.73,4114.97,268.00106,1619416799999,1089848.7739243,3589,168.91563,686938.5322276,0
2021-04-26 06:00:00,4115.85,4150.34,4082.76,4094.61,237.84413999999998,1619418599999,979364.1145913999,2367,104.95893999999998,432515.0532245999,0
2021-04-26 06:30:00,4093.41,4124.72,4062.89,4062.89,176.98818,1619420399999,723930.9365114998,1334,86.27266,353083.2098894,0
2021-04-26 07:00:00,4066.36,4076.22,3975.77,4017.58,189.45574,1619422199999,760427.641618,1971,105.61286000000001,423852.5722409,0
2021-04-26 07:30:00,4023.4,4046.12,3980.25,4009.98,168.3477,1619423999999,676491.989043,1310,81.96585,329493.9734835,0
2021-04-26 08:00:00,4010.41,4035.0,3957.04,4001.04,210.48805,1619425799999,839583.0794223001,1272,86.97547,347443.86863529996,0
2021-04-26 08:30:00,4001.11,4026.6,3957.33,3970.42,115.29928000000001,1619427599999,460015.01941709995,1061,61.37209,244973.7199599,0
2021-04-26 09:00:00,3972.67,3991.46,3934.31,3956.1,133.74091,1619429399999,529372.0456164001,1053,78.55296,311073.18043959996,0
2021-04-26 09:30:00,3956.95,4069.72,3954.7,4066.48,193.17092,1619431199999,777507.9803337,1270,122.96021999999999,494658.75785859994,0
2021-04-26 10:00:00,4069.72,4100.0,4035.06,4086.18,229.95233,1619432999999,937642.4160263999,1799,126.93907,517926.2370965,0
2021-04-26 10:30:00,4086.18,4099.56,4019.99,4034.07,147.79721,1619434799999,599889.2783255,1542,59.44746,241287.9404053,0
2021-04-26 11:00:00,4042.62,4130.24,4033.19,4107.04,143.70345,1619436599999,588656.23708,1976,75.91751,311010.54570829996,0
2021-04-26 11:30:00,4100.85,4112.82,4071.0,4090.03,91.23501999999999,1619438399999,373242.62361149996,975,40.185559999999995,164369.44851760002,0
2021-04-26 12:00:00,4086.56,4089.72,4018.4,4055.12,219.28746,1619440199999,889828.2760216,1762,60.6805,245464.08433060002,0
2021-04-26 12:30:00,4058.73,4067.7,3967.02,3972.06,190.91908999999998,1619441999999,764803.3222979,2069,84.73866,339134.9968368,0
2021-04-26 13:00:00,3971.14,4015.47,3943.84,4015.23,184.91239,1619443799999,736787.2055352,1859,114.46651000000001,456385.2645319,0
2021-04-26 13:30:00,4015.0,4033.48,3973.28,3983.84,125.5181,1619445599999,501781.7734040999,1393,56.801140000000004,227081.9383434,0
2021-04-26 14:00:00,3989.97,4009.97,3950.27,3970.93,114.04315,1619447399999,453622.9902722,1136,44.8545,178466.3948549,0
2021-04-26 14:30:00,3970.93,3989.1,3955.0,3966.34,87.75901,1619449199999,348451.61715059995,745,43.85455,174184.11509429998,0
2021-04-26 15:00:00,3969.77,3986.14,3946.69,3969.2,85.60596,1619450999999,339227.9048377,751,37.18651,147426.5240301,0
2021-04-26 15:30:00,3969.2,3975.88,3949.66,3974.5,83.68844,1619452799999,331541.6312225,640,39.80269000000001,157761.10673539998,0
2021-04-26 16:00:00,3974.5,3999.03,3885.0,3890.82,206.46098999999998,1619454599999,816257.0734649,1838,95.30646,377547.11053609994,0
2021-04-26 16:30:00,3889.54,3944.74,3873.41,3936.77,87.22733000000002,1619456399999,341554.75557800004,965,56.62151,221690.53874629998,0
2021-04-26 17:00:00,3938.83,4027.04,3937.77,4021.44,78.47714,1619458199999,313385.2530138,1030,36.87725,147277.5288437,0
2021-04-26 17:30:00,4023.76,4045.84,3998.19,4018.32,121.88655,1619459999999,490011.7819774,1271,50.79585,204327.4290234,0
2021-04-26 18:00:00,4018.32,4018.32,3977.3,3988.0,63.8361,1619461799999,254808.6169052,646,27.491590000000002,109788.3679407,0
2021-04-26 18:30:00,3991.98,4039.53,3988.37,4038.62,107.67618,1619463599999,431529.8396665,734,62.030359999999995,248675.40915110003,0
2021-04-26 19:00:00,4035.18,4039.84,3988.0,3993.81,68.84435,1619465399999,275935.72285509994,952,31.531029999999998,126360.9061335,0
2021-04-26 19:30:00,3990.98,4015.57,3961.0,3991.83,82.24641,1619467199999,327663.5125568,792,41.24584,164473.4079512,0
2021-04-26 20:00:00,3988.3,3992.71,3910.84,3920.04,90.34073000000001,1619468999999,357311.47487240005,853,39.69467,156979.9627532,0
2021-04-26 20:30:00,3922.87,3961.74,3900.56,3900.77,109.20798,1619470799999,429059.8657265,845,47.163059999999994,185259.1397925,0
2021-04-26 21:00:00,3900.77,3902.56,3843.37,3857.73,117.54371,1619472599999,454404.8514771,1298,50.10244,193804.7242534,0
2021-04-26 21:30:00,3854.97,3949.93,3854.94,3944.18,70.38586,1619474399999,275723.23007070005,756,32.78642,128429.403841,0
2021-04-26 22:00:00,3939.19,3987.11,3892.03,3950.69,107.34825,1619476199999,424095.2060527,1422,50.96611,201428.7590315,0
2021-04-26 22:30:00,3948.19,3986.91,3932.26,3969.29,58.78464,1619477999999,232856.60469110002,606,22.30815,88483.8410198,0
2021-04-26 23:00:00,3965.88,4003.25,3947.77,3994.37,96.91693000000001,1619479799999,385995.1927914,777,50.84393,202287.5126889,0
2021-04-26 23:30:00,3988.04,4030.46,3986.66,4022.05,87.48518,1619481599999,351229.4581264,1061,44.93097,180430.7660116,0
2021-04-27 00:00:00,4021.58,4099.99,4000.38,4027.03,529.38801,1619483399999,2149130.263814,5304,291.05171,1182244.1633817,0
2021-04-27 00:30:00,4032.15,4100.0,4029.29,4084.81,163.44481000000005,1619485199999,666157.4739166,1430,101.87496,415334.4825647,0
2021-04-27 01:00:00,4084.81,4135.35,4075.0,4131.62,263.41463999999996,1619486999999,1081629.3477681,2386,100.88277,414211.2437169,0
2021-04-27 01:30:00,4131.62,4196.47,4122.0,4185.75,231.65301000000002,1619488799999,964404.9443402999,2984,108.22523999999999,450727.2712244,0
2021-04-27 02:00:00,4185.75,4270.0,4174.02,4215.66,306.66393,1619490599999,1296408.5394633,4299,163.80615,692359.2523644,0
2021-04-27 02:30:00,4217.27,4263.98,4215.38,4242.04,134.70768999999999,1619492399999,571936.575388,1217,68.48765999999999,290859.0239134,0
2021-04-27 03:00:00,4236.16,4252.48,4136.93,4157.0,197.25316999999998,1619494199999,825446.5988521,2453,71.9214,301241.040876,0
2021-04-27 03:30:00,4159.99,4218.03,4154.34,4187.22,68.14933,1619495999999,285326.45749179996,807,42.49535,177965.88422550005,0
2021-04-27 04:00:00,4184.62,4226.37,4160.63,4214.04,123.52835,1619497799999,518812.0123495,997,58.870290000000004,247152.8563475,0
2021-04-27 04:30:00,4210.9,4226.77,4171.15,4202.03,63.21405,1619499599999,265548.4561465,782,32.51898,136673.6921902,0
2021-04-27 05:00:00,4206.81,4367.5,4190.12,4322.69,629.62314,1619501399999,2710853.772733,6997,274.33821,1180636.4193187,0
2021-04-27 05:30:00,4321.05,4367.91,4269.78,4330.31,309.72205,1619503199999,1338173.3059795,2487,123.21708999999998,531501.6459895001,0
2021-04-27 06:00:00,4325.08,4363.28,4291.88,4330.01,128.01029,1619504999999,553588.4360221999,1302,65.07,281665.0795758,0
2021-04-27 06:30:00,4330.92,4345.39,4290.73,4303.78,89.68290999999998,1619506799999,386772.7999947,1018,43.59772,188213.16856179998,0
2021-04-27 07:00:00,4303.77,4439.7,4303.77,4353.03,474.96997999999996,1619508599999,2083838.3733162,4747,241.84853999999999,1059137.565258,0
2021-04-27 07:30:00,4352.2,4440.0,4340.19,4413.74,275.17014,1619510399999,1210059.082796,2349,145.16885,637953.5560239,0
2021-04-27 08:00:00,4414.9,4516.82,4410.0,4471.51,367.45455,1619512199999,1643713.3161462,3804,202.18278,904795.5333530001,0
2021-04-27 08:30:00,4470.19,4504.98,4424.88,4482.19,233.58406000000002,1619513999999,1044270.9599991,1974,98.92608,442161.68254390004,0
2021-04-27 09:00:00,4479.11,4531.0,4456.56,4479.91,316.71043,1619515799999,1424552.3932131,2602,169.10485,760520.7197413,0
2021-04-27 09:30:00,4479.1,4533.11,4412.95,4423.46,197.67051999999998,1619517599999,884323.5437570999,1954,91.83134,411239.4070511,0
2021-04-27 10:00:00,4423.45,4480.92,4413.32,4458.41,143.40561,1619519399999,638123.6684507,1812,83.68018000000002,372629.3060427,0
2021-04-27 10:30:00,4463.06,4515.94,4451.73,4505.0,135.88658,1619521199999,610171.3767934,1750,70.20810999999999,315576.9518424,0
2021-04-27 11:00:00,4505.0,4514.47,4427.27,4471.33,88.65961999999998,1619522999999,397464.12299,1285,39.01769,174990.1942442,0
2021-04-27 11:30:00,4471.71,4504.34,4465.68,4467.51,96.50296999999999,1619524799999,433382.9550184,1080,51.23543,230176.35468970003,0
2021-04-27 12:00:00,4467.96,4500.0,4415.38,4425.25,146.95366,1619526599999,654959.3805724,1483,65.47383,291513.6243493,0
2021-04-27 12:30:00,4427.1,4448.59,4378.43,4391.68,108.10225,1619528399999,476465.28242109995,1512,51.20944,225684.31307059998,0
2021-04-27 13:00:00,4391.68,4449.25,4391.68,4413.95,91.96925,1619530199999,406850.28751500003,1096,47.25135,208928.3948095,0
2021-04-27 13:30:00,4417.2,4473.08,4334.97,4376.21,311.00392999999997,1619531999999,1364056.2271236,3718,159.15725,698288.5259348,0
2021-04-27 14:00:00,4374.08,4404.47,4265.15,4404.47,276.07482999999996,1619533799999,1192949.8814366001,2295,122.47081999999999,529073.7086228,0
2021-04-27 14:30:00,4405.4,4485.0,4378.25,4484.98,226.49472000000003,1619535599999,1005433.8940888001,2719,111.91332,497158.31484659994,0
2021-04-27 15:00:00,4484.98,4495.55,4426.42,4426.42,128.12344,1619537399999,571568.7371977,1169,66.35836,296049.0404493,0
2021-04-27 15:30:00,4428.0,4537.68,4423.95,4524.66,210.12052999999997,1619539199999,944044.2982282,2678,114.78133999999999,515441.4585366,0
2021-04-27 16:00:00,4530.33,4540.0,4462.42,4480.0,115.82018000000001,1619540999999,522534.5998703,1468,60.665369999999996,273894.7298615,0
2021-04-27 16:30:00,4475.32,4516.2,4429.31,4459.85,84.1976,1619542799999,375725.2478644,1047,40.37023,180130.318914,0
2021-04-27 17:00:00,4459.16,4481.11,4403.38,4467.87,95.30319,1619544599999,423366.405908,1163,43.32297,192543.7606211,0
2021-04-27 17:30:00,4458.77,4481.6,4410.33,4454.07,50.141909999999996,1619546399999,222982.87820869999,628,18.010479999999994,80081.11636799999,0
2021-04-27 18:00:00,4457.02,4461.25,4414.9,4423.0,63.6182,1619548199999,282181.85457140004,635,25.19506,111705.631151,0
2021-04-27 18:30:00,4423.0,4437.26,4373.71,4410.28,188.76258,1619549999999,830462.1635783,1578,72.45255,318964.0867241,0
2021-04-27 19:00:00,4402.73,4416.42,4322.02,4342.79,150.03739,1619551799999,656196.9415757,1546,53.243140000000004,232603.32688449998,0
2021-04-27 19:30:00,4335.48,4426.17,4322.54,4418.42,135.11905,1619553599999,591595.5639554,1333,73.9419,324020.59360990004,0
2021-04-27 20:00:00,4415.95,4488.11,4390.13,4455.26,121.91193,1619555399999,540669.9108657001,1498,43.14514000000001,191485.2000888,0
2021-04-27 20:30:00,4459.67,4490.62,4443.83,4465.39,167.47012,1619557199999,748286.4661614002,1275,102.48042,457991.48880129994,0
2021-04-27 21:00:00,4463.09,4576.19,4448.6,4576.19,188.39096999999998,1619558999999,846782.4770987,2903,109.23901000000001,491648.153967,0
2021-04-27 21:30:00,4576.72,4600.0,4524.13,4545.04,213.9484,1619560799999,977562.6774429001,3259,106.42399999999999,486702.0185209001,0
2021-04-27 22:00:00,4545.04,4546.69,4471.03,4487.35,92.98138,1619562599999,419484.3794732,1194,34.18168,154256.92976139998,0
2021-04-27 22:30:00,4487.2,4536.62,4480.01,4487.86,88.08694,1619564399999,397327.75924259995,665,43.64333,196951.16493579998,0
2021-04-27 23:00:00,4482.28,4551.72,4465.65,4526.46,68.39028,1619566199999,309533.66675940005,754,31.57651,142947.8538901,0
2021-04-27 23:30:00,4526.46,4564.71,4491.5,4556.83,101.87716,1619567999999,461353.1459465,877,58.821169999999995,266500.5814065,0
2021-04-28 00:00:00,4559.58,4662.24,4558.95,4639.5,654.90169,1619569799999,3021829.8641926013,6935,348.38824,1607563.5082491,0
2021-04-28 00:30:00,4643.66,4654.7,4553.73,4560.61,120.90462,1619571599999,556499.6966468,1366,55.00552,253360.3230074,0
2021-04-28 01:00:00,4566.32,4592.83,4551.73,4565.32,80.47246,1619573399999,367685.1594307,874,39.56644,180754.1680649,0
2021-04-28 01:30:00,4559.39,4591.27,4559.39,4561.71,101.03313,1619575199999,461960.32724490005,836,38.45173,175827.5574708,0
2021-04-28 02:00:00,4561.88,4563.19,4507.28,4509.29,109.38478,1619576999999,495895.9014446,1244,53.36792,241876.44278710004,0
2021-04-28 02:30:00,4513.87,4529.65,4452.48,4455.63,245.15471000000002,1619578799999,1096879.7137831,1775,157.96501999999995,706441.3173138001,0
2021-04-28 03:00:00,4452.49,4468.96,4408.74,4438.58,188.76937,1619580599999,837528.557208,1678,76.75798,340717.2729914,0
2021-04-28 03:30:00,4433.49,4433.5,4372.5,4375.4,149.48061,1619582399999,658343.3026365,1393,64.59009,284417.16710679996,0
2021-04-28 04:00:00,4372.51,4427.27,4362.74,4417.58,131.86272,1619584199999,580358.1730020001,904,45.03284,198399.7446598,0
2021-04-28 04:30:00,4417.12,4424.88,4354.59,4383.63,102.10296,1619585999999,448361.05626290006,895,51.63375,226796.1423534,0
2021-04-28 05:00:00,4383.64,4415.92,4351.0,4366.19,94.0013,1619587799999,411709.2856542,917,40.840090000000004,178851.69632750005,0
2021-04-28 05:30:00,4360.79,4372.6,4299.06,4359.67,257.85696,1619589599999,1118246.8262622,1949,95.28912,412569.9156912,0
2021-04-28 06:00:00,4362.62,4369.21,4176.54,4193.77,362.61347,1619591399999,1538081.6024631,3491,177.64427,752466.4850380998,0
2021-04-28 06:30:00,4193.17,4239.39,4133.33,4222.48,197.44451,1619593199999,828259.9250821,1909,92.88069,390115.6405347,0
2021-04-28 07:00:00,4217.8,4280.27,4196.23,4275.86,101.27571,1619594999999,430902.7103943,1233,47.39689,201828.2104407,0
2021-04-28 07:30:00,4275.85,4287.88,4257.06,4273.94,57.69518000000001,1619596799999,246500.8084988,937,26.8391,114716.2685246,0
2021-04-28 08:00:00,4267.3,4293.51,4234.03,4287.57,63.38819,1619598599999,270668.6570658,802,26.28404,112366.55329089999,0
2021-04-28 08:30:00,4287.56,4293.05,4241.45,4247.18,55.771280000000004,1619600399999,238334.8957541,584,22.55086,96434.160154,0
2021-04-28 09:00:00,4241.38,4271.75,4181.89,4186.34,74.74425,1619602199999,316291.59812,844,27.973029999999998,118498.64810680001,0
2021-04-28 09:30:00,4183.18,4275.23,4178.15,4229.85,63.752069999999996,1619603999999,270354.3173021,689,33.86022,143609.81575150002,0
2021-04-28 10:00:00,4229.14,4295.49,4209.56,4259.06,54.63672,1619605799999,233040.8303919,719,27.458890000000004,117131.4632382,0
2021-04-28 10:30:00,4258.46,4298.83,4250.77,4294.02,42.81804,1619607599999,183128.64931560002,437,18.430410000000002,78811.75414389999,0
2021-04-28 11:00:00,4294.02,4382.72,4293.95,4376.93,163.47021,1619609399999,709651.0010584,2042,76.38954,331930.1094026,0
2021-04-28 11:30:00,4376.93,4409.67,4346.08,4346.2,102.35692,1619611199999,448566.82293699996,1082,48.44238,212590.71288210002,0
2021-04-28 12:00:00,4347.33,4418.29,4326.52,4412.62,168.81958,1619612999999,739031.1034361002,1469,79.78614,349312.5438277,0
2021-04-28 12:30:00,4412.62,4413.99,4358.74,4381.68,52.73031999999999,1619614799999,231038.35175869998,601,24.48685,107335.36221549999,0
2021-04-28 13:00:00,4382.79,4382.88,4271.27,4326.49,123.42343000000001,1619616599999,534163.0839866,978,58.1067,251460.6167872,0
2021-04-28 13:30:00,4328.68,4369.12,4310.63,4365.29,66.02627,1619618399999,286375.3453729,583,32.608259999999994,141481.7952158,0
2021-04-28 14:00:00,4367.38,4394.0,4344.76,4373.45,79.73638000000003,1619620199999,348823.48931740003,914,34.39611,150386.22853670001,0
2021-04-28 14:30:00,4376.76,4420.76,4353.15,4399.16,58.302519999999994,1619621999999,256222.3018519,801,26.94037,118375.21560550001,0
2021-04-28 15:00:00,4399.16,4415.38,4297.5,4339.73,138.6375,1619623799999,602993.2227945,1227,68.29689,296584.642951,0
2021-04-28 15:30:00,4335.12,4379.65,4303.5,4339.54,100.30542,1619625599999,435249.67668120004,1029,43.512190000000004,188949.90878139998,0
2021-04-28 16:00:00,4341.71,4369.98,4295.93,4339.84,74.75731999999998,1619627399999,324184.4418081,861,36.54869,158680.4080819,0
2021-04-28 16:30:00,4343.77,4464.29,4340.69,4450.07,146.92035,1619629199999,648831.1644938,2313,86.59573,382510.13294209994,0
2021-04-28 17:00:00,4450.07,4490.63,4398.99,4489.37,161.88045,1619630999999,719484.6417222,2109,84.40258,375594.3988517,0
2021-04-28 17:30:00,4490.63,4509.87,4466.75,4493.61,122.47823999999999,1619632799999,549611.8544125999,1604,55.74315,250288.49899579998,0
2021-04-28 18:00:00,4499.77,4524.68,4484.87,4502.99,102.19543,1619634599999,460427.54997749993,1287,50.175709999999995,226171.15867479995,0
2021-04-28 18:30:00,4508.35,4537.81,4487.47,4510.0,84.51915,1619636399999,381285.1377392,1229,43.21407,195039.85761120002,0
2021-04-28 19:00:00,4517.26,4530.21,4484.83,4509.24,85.15347,1619638199999,383729.1256302,775,38.450759999999995,173399.821702,0
2021-04-28 19:30:00,4514.77,4562.62,4511.53,4549.99,91.542,1619639999999,415472.5897613,1398,54.548519999999996,247671.9393606,0
2021-04-28 20:00:00,4549.96,4577.34,4392.17,4473.74,261.05002,1619641799999,1169447.282649,2508,119.23312,535037.9924279001,0
2021-04-28 20:30:00,4475.59,4505.29,4400.87,4444.3,119.68293999999999,1619643599999,533910.1377718999,1416,63.71711,284561.14497920003,0
2021-04-28 21:00:00,4441.54,4477.09,4393.8,4473.32,86.02750999999998,1619645399999,381395.9379505,1014,40.17293,178389.7413166,0
2021-04-28 21:30:00,4473.32,4505.5,4469.78,4496.5,51.23388,1619647199999,230309.6803988,678,30.789379999999998,138410.0184132,0
2021-04-28 22:00:00,4496.5,4503.4,4424.44,4449.76,65.16165,1619648999999,291263.66032220004,606,28.99646,129659.1241984,0
2021-04-28 22:30:00,4453.1,4461.78,4400.0,4419.58,61.36322,1619650799999,272203.188345,1150,30.091759999999997,133571.464465,0
2021-04-28 23:00:00,4408.58,4441.36,4385.07,4385.24,52.71225,1619652599999,232524.9331495,775,15.83484,69694.17333250001,0
2021-04-28 23:30:00,4385.82,4423.87,4375.35,4408.2,80.74741999999998,1619654399999,355001.098052,989,37.35404000000001,164399.9423025,0
2021-04-29 00:00:00,4415.66,4415.66,4276.96,4322.9,921.91262,1619656199999,3993991.8723907005,7436,283.76189,1230122.6775828002,0
2021-04-29 00:30:00,4324.13,4331.19,4279.21,4290.84,179.4902,1619657999999,772504.9365681999,1517,68.49305,294810.60028169997,0
2021-04-29 01:00:00,4293.79,4314.4,4244.83,4268.63,235.93582999999998,1619659799999,1009578.5506744,2268,116.93421000000001,500711.16181190003,0
2021-04-29 01:30:00,4268.5,4309.47,4221.12,4234.68,602.97649,1619661599999,2571480.2695612004,3001,427.71072000000004,1823454.1701805,0
2021-04-29 02:00:00,4231.09,4278.32,4178.56,4224.78,351.27571,1619663399999,1483256.6061506001,2559,178.29283999999996,752192.3671628,0
2021-04-29 02:30:00,4224.77,4239.91,4190.86,4234.94,122.96503999999999,1619665199999,518562.7432373,1220,64.39673,271585.68454499997,0
2021-04-29 03:00:00,4236.82,4244.43,4202.64,4206.63,134.55026999999998,1619666999999,568352.73977,1116,60.18434,254251.6758028,0
2021-04-29 03:30:00,4205.38,4212.51,4153.59,4201.51,155.98719,1619668799999,652278.9230655,1332,72.03092,301069.67435580003,0
2021-04-29 04:00:00,4201.5,4203.11,4165.51,4201.44,89.69179,1619670599999,375291.1651284,936,45.91291,192143.0314876,0
2021-04-29 04:30:00,4200.48,4224.72,4162.16,4190.01,158.3963,1619672399999,664152.8646205999,1345,85.14768000000002,356940.2814942,0
2021-04-29 05:00:00,4189.21,4259.55,4182.74,4246.2,113.57745,1619674199999,480944.1386333,1410,54.55455,231005.9721929,0
2021-04-29 05:30:00,4245.91,4266.78,4213.15,4265.66,97.306,1619675999999,412550.06612320006,594,37.26146,158128.09135129998,0
2021-04-29 06:00:00,4263.12,4336.54,4258.03,4308.18,204.65255,1619677799999,880341.7404371002,2521,95.41391999999999,410459.5110203,0
2021-04-29 06:30:00,4306.96,4354.34,4284.78,4351.22,99.77082,1619679599999,430804.0479451,1242,58.185069999999996,251396.91512579998,0
2021-04-29 07:00:00,4351.22,4354.99,4311.93,4323.31,95.42756,1619681399999,413379.1779831,792,32.17696,139532.25048579994,0
2021-04-29 07:30:00,4324.06,4346.95,4308.63,4346.92,57.84457,1619683199999,250488.070743,479,30.218840000000004,130900.6125058,0
2021-04-29 08:00:00,4343.88,4346.98,4283.56,4318.88,100.97214,1619684999999,435874.34467200004,894,37.48883,161760.8126719,0
2021-04-29 08:30:00,4314.51,4321.02,4291.93,4310.53,85.37815,1619686799999,367590.0139706,567,42.1735,181605.5490915,0
2021-04-29 09:00:00,4308.99,4372.75,4278.79,4360.41,140.56222,1619688599999,610668.5545773001,1310,73.686,320491.6387348,0
2021-04-29 09:30:00,4363.21,4380.54,4350.07,4370.71,108.1934,1619690399999,472258.38653719996,961,52.029090000000004,227246.69536670003,0
2021-04-29 10:00:00,4370.26,4375.75,4349.98,4354.98,58.82814000000001,1619692199999,256658.236208,742,20.56999,89794.22957339998,0
2021-04-29 10:30:00,4354.98,4359.89,4340.01,4351.53,52.14931,1619693999999,226884.4919703,507,22.31615,97121.46960610001,0
2021-04-29 11:00:00,4355.0,4356.0,4312.14,4330.18,67.93141,1619695799999,294698.2833295,622,32.83563,142422.6578778,0
2021-04-29 11:30:00,4326.51,4331.31,4289.54,4297.16,371.91105,1619697599999,1602588.7225693997,1858,186.32425,802758.8536141998,0
2021-04-29 12:00:00,4297.57,4322.53,4273.23,4313.86,326.52391,1619699399999,1400612.4247506,2048,116.90748,501889.63486209995,0
2021-04-29 12:30:00,4313.86,4322.68,4299.75,4311.05,62.117490000000004,1619701199999,267767.7488036,644,23.520120000000002,101374.6769607,0
2021-04-29 13:00:00,4311.05,4320.35,4267.47,4288.97,89.50803,1619702999999,384324.0762372,699,40.33243,173228.1858696,0
2021-04-29 13:30:00,4287.79,4305.42,4234.08,4234.08,88.27866,1619704799999,377806.5611275,916,34.827909999999996,149132.8271417,0
2021-04-29 14:00:00,4240.27,4310.0,4231.75,4304.06,89.47793,1619706599999,383030.5029896,888,42.14568,180348.0338696,0
2021-04-29 14:30:00,4304.99,4327.99,4283.04,4313.54,97.45633000000001,1619708399999,419907.5956726,876,47.07204,202879.4477326,0
2021-04-29 15:00:00,4307.99,4342.47,4257.19,4322.98,118.68043999999999,1619710199999,510666.2072426,1017,53.442,230028.75420429997,0
2021-04-29 15:30:00,4322.16,4349.23,4291.98,4315.83,96.32934,1619711999999,416902.9117961,1051,43.364329999999995,187774.6017841,0
2021-04-29 16:00:00,4317.24,4329.44,4261.72,4269.18,69.55495,1619713799999,298517.1834983,989,35.3639,151818.73504260002,0
2021-04-29 16:30:00,4263.99,4290.6,4168.8,4174.3,135.01373999999998,1619715599999,570059.5204124,1347,45.63695,192965.2276875,0
2021-04-29 17:00:00,4168.87,4244.47,4150.06,4236.12,150.88615,1619717399999,632443.8290844,1510,75.79565,317706.3383025,0
2021-04-29 17:30:00,4231.88,4249.99,4177.38,4182.9,56.58179000000001,1619719199999,238531.30784609998,678,25.15905,106129.2076009,0
2021-04-29 18:00:00,4184.52,4191.49,4136.01,4164.0,162.90513,1619720999999,678092.4894008001,1456,81.20473,338111.55293400004,0
2021-04-29 18:30:00,4165.0,4226.55,4145.0,4213.48,61.702059999999996,1619722799999,258078.55262119998,654,35.68906,149491.2118357,0
2021-04-29 19:00:00,4213.68,4214.45,4143.95,4173.82,98.18515,1619724599999,410396.8648071,827,56.95358,238237.64393639998,0
2021-04-29 19:30:00,4168.33,4174.81,4146.36,4146.44,93.32551,1619726399999,388501.1539628,750,44.98919,187317.57948820002,0
2021-04-29 20:00:00,4142.48,4194.02,4063.06,4179.19,501.81318,1619728199999,2067826.7179834,3669,260.46979,1072491.4660282,0
2021-04-29 20:30:00,4189.99,4200.0,4131.37,4153.07,86.94914,1619729999999,362720.4135532,1016,46.4477,194149.10347610002,0
2021-04-29 21:00:00,4158.8,4184.44,4137.87,4166.05,65.3006,1619731799999,271722.6745324,759,33.48321,139284.288925,0
2021-04-29 21:30:00,4165.24,4200.0,4157.25,4200.0,50.20936,1619733599999,210003.48451729998,436,32.0588,134284.989344,0
2021-04-29 22:00:00,4195.32,4236.15,4192.64,4230.47,87.27471,1619735399999,367608.2464737,853,40.60464,170937.1926749,0
2021-04-29 22:30:00,4231.01,4269.37,4219.87,4262.33,101.22700999999999,1619737199999,430014.2022427,793,44.24135,187988.6300789,0
2021-04-29 23:00:00,4269.28,4269.76,4239.89,4256.41,34.48695,1619738999999,146726.1176481,344,16.79833,71476.3844018,0
2021-04-29 23:30:00,4258.18,4278.44,4252.04,4261.47,43.54342000000001,1619740799999,185534.6240658,391,20.425829999999998,87049.03274380001,0
2021-04-30 00:00:00,4261.48,4270.4,4072.88,4136.65,1363.0369,1619742599999,5658344.7344217,9504,430.59196,1786082.1478564998,0
2021-04-30 00:30:00,4136.52,4149.04,4084.61,4113.69,226.26148999999998,1619744399999,931307.0544214001,1988,97.92309,402923.5256061,0
2021-04-30 01:00:00,4116.17,4124.12,4088.61,4115.62,121.99628,1619746199999,501068.592735,1141,51.955870000000004,213446.9332515,0
2021-04-30 01:30:00,4117.59,4172.39,4107.32,4150.68,117.22195,1619747999999,486485.6597413,1007,58.8464,244170.9030469,0
2021-04-30 02:00:00,4151.61,4152.2,4126.12,4130.06,69.97858000000001,1619749799999,289498.841894,543,28.89385,119548.0402145,0
2021-04-30 02:30:00,4134.14,4153.16,4116.41,4140.7,88.9152,1619751599999,367701.1696645,794,42.57559000000001,176075.6901449,0
2021-04-30 03:00:00,4137.18,4176.32,4124.95,4173.25,51.21499,1619753399999,212704.7984131,475,28.39667,117974.3012746,0
2021-04-30 03:30:00,4169.09,4169.87,4130.73,4139.27,126.28015,1619755199999,523528.9612882,930,52.02106,215628.23012,0
2021-04-30 04:00:00,4136.89,4173.58,4129.52,4170.72,80.70826,1619756999999,335280.5296704,705,46.10795,191581.63163620004,0
2021-04-30 04:30:00,4174.2,4197.82,4169.87,4191.86,114.26297,1619758799999,478398.7595858,804,58.970169999999996,246979.77147079998,0
2021-04-30 05:00:00,4191.99,4235.28,4190.2,4204.85,162.08956,1619760599999,682233.7868088001,1459,95.5533,402328.3560062,0
2021-04-30 05:30:00,4204.9,4239.59,4185.41,4237.1,154.55335,1619762399999,649545.7060936,1061,71.64219,301169.1913144,0
2021-04-30 06:00:00,4239.59,4240.71,4189.02,4197.96,63.33101,1619764199999,266662.2587282,752,25.91597,109110.4039464,0
2021-04-30 06:30:00,4201.08,4214.79,4189.71,4208.17,65.33523000000001,1619765999999,274694.2634111,516,30.42326,127936.55842100001,0
2021-04-30 07:00:00,4208.17,4218.75,4196.05,4201.18,64.60356,1619767799999,271929.09903929994,471,30.71097,129267.49109760001,0
2021-04-30 07:30:00,4201.19,4210.69,4185.1,4206.81,81.75264,1619769599999,343360.3568558,564,38.94839,163669.5762479,0
2021-04-30 08:00:00,4201.2,4222.04,4173.37,4218.42,74.72658,1619771399999,313803.8727289,569,32.16697,135120.3512652,0
2021-04-30 08:30:00,4221.02,4267.09,4201.21,4245.28,102.79523,1619773199999,436082.7492559,1057,56.493730000000006,239618.58953520004,0
2021-04-30 09:00:00,4247.57,4289.99,4247.57,4270.53,112.50833999999999,1619774999999,480935.8504927,990,62.25424,266118.9795038,0
2021-04-30 09:30:00,4271.94,4277.72,4228.44,4232.18,57.61701,1619776799999,245079.6465712,565,31.28815,133147.2233863,0
2021-04-30 10:00:00,4228.48,4254.59,4225.99,4235.55,56.22188000000001,1619778599999,238451.3769079,428,30.35032,128685.43133780001,0
2021-04-30 10:30:00,4239.1,4260.6,4223.45,4243.96,88.91738000000002,1619780399999,377245.39206429996,681,48.1679,204347.88654389998,0
2021-04-30 11:00:00,4243.92,4248.87,4205.64,4215.24,86.25925,1619782199999,364145.24032529996,682,40.83504,172310.6832998,0
2021-04-30 11:30:00,4215.14,4220.85,4189.81,4204.45,61.69065,1619783999999,259384.66094050003,534,26.313109999999998,110650.48849579999,0
2021-04-30 12:00:00,4201.87,4248.25,4198.05,4234.78,94.98026999999999,1619785799999,401480.8207535,731,46.63354,197103.46409770002,0
2021-04-30 12:30:00,4237.37,4260.54,4229.61,4256.18,76.76983,1619787599999,326046.174325,628,36.94419,156959.209674,0
2021-04-30 13:00:00,4251.84,4254.49,4202.99,4232.28,63.85097,1619789399999,270373.5871831,630,32.57929,137936.4931707,0
2021-04-30 13:30:00,4237.92,4249.0,4229.58,4239.1,79.94554000000002,1619791199999,338959.2788156,735,41.49991,175977.5853513,0
2021-04-30 14:00:00,4242.66,4261.99,4221.21,4261.99,114.02436000000002,1619792999999,483851.4841507999,977,58.47094,248187.9822592,0
2021-04-30 14:30:00,4262.05,4278.21,4235.83,4242.45,117.05928,1619794799999,499256.68341779994,1197,55.09321,235038.68675500003,0
2021-04-30 15:00:00,4243.44,4275.86,4239.6,4268.91,71.11593,1619796599999,302871.7762411,713,37.40954,159334.12101360006,0
2021-04-30 15:30:00,4267.16,4273.56,4243.02,4250.33,80.91238,1619798399999,344708.057165,631,45.64239,194472.3587835,0
2021-04-30 16:00:00,4250.33,4256.24,4222.77,4231.25,99.89657,1619800199999,423120.8023008,882,46.81351,198280.8412426,0
2021-04-30 16:30:00,4231.25,4276.89,4229.58,4274.91,98.95813000000001,1619801999999,421234.7719702,884,61.363580000000006,261221.1035526,0
2021-04-30 17:00:00,4274.91,4274.91,4238.81,4245.14,86.14341999999998,1619803799999,367235.3667961,741,40.70182,173538.73059129994,0
2021-04-30 17:30:00,4246.11,4270.84,4243.47,4260.92,83.27561,1619805599999,354590.1685819,581,41.743759999999995,177743.2841304,0
2021-04-30 18:00:00,4259.62,4269.17,4232.54,4246.15,87.17727,1619807399999,370547.312219,760,41.122,174812.5926705,0
2021-04-30 18:30:00,4245.11,4346.22,4235.41,4334.77,245.31728999999999,1619809199999,1054392.7060629,2770,146.83331,631037.3203304,0
2021-04-30 19:00:00,4335.71,4344.99,4306.47,4324.45,141.03355,1619810999999,610456.8022127,1558,51.8299,224342.56347290002,0
2021-04-30 19:30:00,4328.85,4329.95,4300.0,4309.2,43.19487,1619812799999,186228.7693053,448,13.29222,57316.891129799995,0
2021-04-30 20:00:00,4308.63,4309.87,4254.95,4286.91,77.18741999999997,1619814599999,330821.96736540005,964,36.95267,158453.74793979994,0
2021-04-30 20:30:00,4283.08,4330.84,4281.13,4318.95,94.12245,1619816399999,405469.6737088,772,47.81135,206060.80101079997,0
2021-04-30 21:00:00,4324.6,4334.97,4296.11,4319.82,86.14604,1619818199999,372247.0595638,798,21.9226,94710.1219005,0
2021-04-30 21:30:00,4322.25,4338.23,4294.05,4305.69,117.54631,1619819999999,507952.2254714001,758,40.412440000000004,174637.1131071,0
2021-04-30 22:00:00,4306.39,4310.94,4284.56,4295.45,31.51861,1619821799999,135382.6775955,377,10.52902,45254.7434181,0
2021-04-30 22:30:00,4295.13,4303.7,4290.0,4296.27,38.84241,1619823599999,166872.79838179998,292,19.78406,85015.5294137,0
2021-04-30 23:00:00,4296.39,4302.78,4289.46,4299.14,32.04513,1619825399999,137682.15833620002,243,17.57166,75523.41144910001,0
2021-04-30 23:30:00,4301.02,4361.7,4292.72,4344.19,115.88951999999999,1619827199999,502670.0094595,1315,71.33239,309660.9967963,0
2021-05-01 00:00:00,4344.87,4351.03,4291.54,4326.74,139.49308,1619828999999,601307.3194815,1361,73.96653,318627.2733179,0
2021-05-01 00:30:00,4326.74,4410.6,4313.12,4344.72,498.10454000000004,1619830799999,2173691.6010419,4401,253.55912,1107144.6960604999,0
2021-05-01 01:00:00,4341.41,4349.19,4300.04,4347.1,110.52718999999999,1619832599999,478004.7399437,930,42.74716,184921.56641360003,0
2021-05-01 01:30:00,4350.09,4404.27,4347.11,4400.0,96.75712,1619834399999,423702.2257831,1430,52.58733,230290.30775029998,0
2021-05-01 02:00:00,4396.69,4436.12,4388.0,4410.26,101.83776999999999,1619836199999,449639.8402457,2246,59.668859999999995,263517.9246115,0
2021-05-01 02:30:00,4413.84,4418.0,4378.93,4390.84,75.2815,1619837999999,331330.2780163,1217,29.40173,129431.8105569,0
2021-05-01 03:00:00,4390.68,4400.0,4381.21,4393.98,28.409440000000004,1619839799999,124718.76986089999,502,11.67045,51251.0375503,0
2021-05-01 03:30:00,4390.5,4431.42,4386.77,4422.04,72.20801,1619841599999,318306.7606413,899,37.4775,165215.53876529998,0
2021-05-01 04:00:00,4421.92,4461.01,4407.6,4420.35,163.04641999999996,1619843399999,723718.706442,1971,66.87778,296739.62174629996,0
2021-05-01 04:30:00,4422.13,4477.59,4404.35,4451.89,149.31996,1619845199999,664629.2112915,1952,56.68173,252086.2458006,0
2021-05-01 05:00:00,4453.01,4497.85,4425.27,4464.71,148.97848,1619846999999,665878.2962034,1982,92.82981,414990.2396682,0
2021-05-01 05:30:00,4466.52,4488.72,4442.97,4452.41,51.10583,1619848799999,228336.5676428,747,26.13262000000001,116781.7892348,0
2021-05-01 06:00:00,4448.79,4478.78,4415.6,4473.11,93.22243,1619850599999,414014.25717929995,1180,38.43866,170734.7052886,0
2021-05-01 06:30:00,4478.73,4489.36,4444.99,4462.25,63.11051,1619852399999,281904.53056590003,767,28.79135,128599.6891984,0
2021-05-01 07:00:00,4465.28,4531.98,4450.71,4510.52,176.64966,1619854199999,795473.6888021,2634,84.79212,381805.0773665,0
2021-05-01 07:30:00,4517.86,4535.71,4482.15,4497.45,124.48584,1619855999999,561179.1223505,1433,57.27758000000001,258343.2245665,0
2021-05-01 08:00:00,4499.05,4556.0,4496.81,4537.66,137.44734,1619857799999,622251.6980821,1899,80.23437,363137.5324374,0
2021-05-01 08:30:00,4536.3,4543.48,4470.83,4509.46,158.63413,1619859599999,713855.2590271998,1742,78.72329,353925.5462023,0
2021-05-01 09:00:00,4507.76,4544.51,4454.49,4540.75,373.40085,1619861399999,1678777.1322308998,7393,226.84734,1020082.7034610001,0
2021-05-01 09:30:00,4539.43,4610.0,4536.53,4606.26,433.92424000000005,1619863199999,1985388.9197901,8327,233.05335,1066418.0054555,0
2021-05-01 10:00:00,4606.03,4635.0,4577.54,4614.98,270.80188,1619864999999,1248864.0407144,3204,147.90868,682350.200354,0
2021-05-01 10:30:00,4613.99,4708.0,4601.49,4704.47,310.1324,1619866799999,1440405.2594868,4143,158.40373,735974.2385335,0
2021-05-01 11:00:00,4699.06,4718.0,4626.11,4697.68,297.51501,1619868599999,1391281.5607833,4823,152.16932,711680.5416706,0
2021-05-01 11:30:00,4691.19,4750.88,4687.8,4715.61,404.00091000000003,1619870399999,1909292.8644431,3980,222.76244,1053326.7246669,0
2021-05-01 12:00:00,4715.61,4785.0,4700.62,4770.43,345.98416000000014,1619872199999,1641947.5732638,3618,187.73139,890818.1611903,0
2021-05-01 12:30:00,4770.45,4775.0,4705.37,4720.33,264.78987,1619873999999,1255182.4478797,2544,136.97124,649093.8414005,0
2021-05-01 13:00:00,4717.29,4774.99,4697.0,4752.38,260.0199,1619875799999,1228174.2655858998,3323,124.91503,590204.9674782,0
2021-05-01 13:30:00,4747.97,4789.07,4729.28,4775.0,194.22782,1619877599999,925302.4760363001,2094,98.65078000000001,470118.0362822001,0
2021-05-01 14:00:00,4775.04,4787.21,4670.0,4676.68,322.89621,1619879399999,1527079.8548546,3364,156.19053,738629.6065623,0
2021-05-01 14:30:00,4676.67,4716.1,4627.04,4650.15,241.47883,1619881199999,1127493.8128698,2862,129.67433,606076.485091,0
2021-05-01 15:00:00,4648.94,4722.96,4645.49,4696.6,418.94442000000004,1619882999999,1960630.8285466,3666,135.45936,633823.2668487,0
2021-05-01 15:30:00,4696.21,4854.19,4691.52,4837.63,667.57065,1619884799999,3195554.3077107,6675,254.93301,1220785.0798328998,0
2021-05-01 16:00:00,4837.62,4925.29,4833.97,4915.73,648.8596299999998,1619886599999,3167295.9122018,5713,261.56678999999997,1277394.2017365,0
2021-05-01 16:30:00,4920.24,4950.0,4889.13,4920.71,514.24673,1619888399999,2532353.1220935,5105,275.1452,1355222.3249836,0
2021-05-01 17:00:00,4920.71,4962.51,4895.14,4905.26,242.50503999999998,1619890199999,1194707.0225908998,2763,122.44426000000001,603409.1775913,0
2021-05-01 17:30:00,4907.33,4951.52,4902.16,4924.27,144.42112,1619891999999,711638.5809782,1751,70.37143,346773.495401,0
2021-05-01 18:00:00,4925.97,4943.75,4901.46,4929.57,234.18153999999998,1619893799999,1152200.735909,1877,124.29248999999999,611701.3130951,0
2021-05-01 18:30:00,4928.63,4998.0,4924.93,4993.96,312.09033,1619895599999,1550665.8431615,3224,180.19499,895184.1863906998,0
2021-05-01 19:00:00,4994.09,4998.99,4923.64,4929.76,312.52308,1619897399999,1550152.3738893,3199,153.17502,759837.2849936,0
2021-05-01 19:30:00,4930.97,4975.37,4914.98,4939.09,277.88308,1619899199999,1375132.4403360002,2124,174.43549,863422.6537563,0
2021-05-01 20:00:00,4943.37,4958.38,4864.09,4877.55,233.38352000000003,1619900999999,1143063.9274942,2856,119.52042,585539.2179753,0
2021-05-01 20:30:00,4871.38,4925.0,4860.25,4880.98,206.8768,1619902799999,1010485.5541263,3094,116.86433000000001,570924.2182614,0
2021-05-01 21:00:00,4877.74,4885.47,4786.99,4797.0,389.15159,1619904599999,1880075.1688481998,4156,199.94635,966102.0250129,0
2021-05-01 21:30:00,4796.99,4807.87,4754.82,4771.15,142.32178000000005,1619906399999,680780.4968252,2179,72.22425,345614.393623,0
2021-05-01 22:00:00,4770.73,4870.18,4767.2,4845.24,196.56978999999998,1619908199999,948808.1071599001,1933,108.36271,523056.28835320007,0
2021-05-01 22:30:00,4845.33,4877.35,4817.96,4822.8,162.61002,1619909999999,788798.4440354,1605,70.05763,340028.89241729997,0
2021-05-01 23:00:00,4816.4,4830.55,4780.17,4794.05,116.02898,1619911799999,557298.5806981,1844,53.811859999999996,258587.0319987,0
2021-05-01 23:30:00,4795.22,4825.33,4770.0,4786.41,124.60643999999999,1619913599999,596697.2563862,974,66.07162,316236.13081149996,0
2021-05-02 00:00:00,4788.57,4856.01,4778.29,4826.94,387.72789,1619915399999,1869527.1828388001,3658,218.22835,1052768.7504627,0
2021-05-02 00:30:00,4822.44,4822.45,4756.39,4773.07,129.80568,1619917199999,620507.7064010999,1838,61.00368,291692.85656630003,0
2021-05-02 01:00:00,4771.03,4771.93,4710.5,4720.93,170.99156000000005,1619918999999,809086.3047704,1722,76.0461,359740.0903164,0
2021-05-02 01:30:00,4723.39,4724.81,4672.94,4690.92,149.16988999999995,1619920799999,700625.8367089,1509,76.83308000000002,360535.33697959996,0
2021-05-02 02:00:00,4692.01,4722.12,4688.96,4701.53,59.1795,1619922599999,278552.04271919996,561,28.40101,133706.288189,0
2021-05-02 02:30:00,4704.71,4718.41,4677.86,4713.22,81.21518,1619924399999,381442.2358491,558,48.95281,229930.37705029998,0
2021-05-02 03:00:00,4713.22,4718.26,4651.0,4661.18,74.75277,1619926199999,350084.5531052,1129,33.75499,158107.15984749998,0
2021-05-02 03:30:00,4661.18,4670.03,4562.0,4571.52,287.62958,1619927999999,1323578.0676698,3433,129.33605,595160.9412797,0
2021-05-02 04:00:00,4571.16,4660.13,4517.83,4630.99,246.69796000000002,1619929799999,1131836.0219463,2236,111.17976999999999,510641.85228369996,0
2021-05-02 04:30:00,4635.34,4709.84,4635.34,4708.64,122.8056,1619931599999,573966.1890781,1183,58.42278,273070.3566927,0
2021-05-02 05:00:00,4708.67,4710.4,4642.68,4676.64,110.3232,1619933399999,516795.5731213,976,43.77998,205129.31019679998,0
2021-05-02 05:30:00,4677.87,4702.09,4651.28,4675.59,67.40368000000001,1619935199999,315212.26306309993,742,36.959559999999996,172863.96426120002,0
2021-05-02 06:00:00,4675.79,4692.8,4623.68,4633.36,48.55536,1619936999999,226138.73128660003,685,21.6365,100863.84981130001,0
2021-05-02 06:30:00,4629.95,4643.78,4600.0,4620.0,102.27447,1619938799999,472735.7695064,1233,58.27229000000001,269386.96457789995,0
2021-05-02 07:00:00,4618.86,4975.48,4601.62,4948.13,744.55653,1619940599999,3591314.104682,10951,349.27841,1687353.5632136,0
2021-05-02 07:30:00,4942.33,5114.52,4920.95,4984.4,1071.68945,1619942399999,5373064.8494058,13193,599.20796,3003478.0302214,0
2021-05-02 08:00:00,4979.6,5049.14,4858.14,4869.95,526.571,1619944199999,2610613.5291166,5074,243.91905,1210721.2899894,0
2021-05-02 08:30:00,4875.76,4939.2,4871.66,4914.82,334.88298,1619945999999,1641841.6920524999,2850,193.44365,948512.6229541,0
2021-05-02 09:00:00,4918.81,4918.84,4821.38,4826.54,307.57175,1619947799999,1496473.65849,4170,134.5465,654671.413085,0
2021-05-02 09:30:00,4822.54,4908.59,4818.06,4906.97,109.72313,1619949599999,532613.3440991,2141,61.5246,298868.47791559994,0
2021-05-02 10:00:00,4906.52,4974.57,4888.01,4938.11,126.94878,1619951399999,626351.8784051,2058,64.9266,320385.4247667,0
2021-05-02 10:30:00,4934.56,4945.0,4871.41,4877.11,125.46866000000001,1619953199999,615367.9011608001,2209,50.37558,247145.33557320005,0
2021-05-02 11:00:00,4877.11,4922.77,4863.99,4908.89,115.59603999999999,1619954999999,564749.6584331,1632,68.98868,337015.9078513,0
2021-05-02 11:30:00,4908.75,4914.44,4850.77,4892.59,90.32396,1619956799999,441120.5753437,1398,53.192719999999994,259816.09335500002,0
2021-05-02 12:00:00,4894.99,4956.49,4891.89,4932.58,171.56059,1619958599999,845688.7449516,1940,70.47516999999998,347107.17529559997,0
2021-05-02 12:30:00,4932.74,4950.0,4882.0,4882.98,72.39952,1619960399999,355479.7378651,857,28.2573,138960.7490539,0
2021-05-02 13:00:00,4883.11,4964.21,4882.39,4930.5,129.5273,1619962199999,638335.3259258,1544,69.1716,341030.8739311,0
2021-05-02 13:30:00,4929.47,4943.33,4845.42,4887.18,165.74742,1619963999999,808428.3624446,1524,73.9841,360523.6122744,0
2021-05-02 14:00:00,4891.9,4949.36,4862.06,4928.71,118.50868999999999,1619965799999,582904.4983811999,1363,61.28314,301511.28939540003,0
2021-05-02 14:30:00,4926.17,4970.0,4904.04,4933.34,155.38383000000005,1619967599999,767652.5230086,1525,65.8613,325504.63583590003,0
2021-05-02 15:00:00,4933.4,4979.58,4900.64,4938.66,140.79105,1619969399999,695881.2057806,1626,60.505990000000004,299354.5174159,0
2021-05-02 15:30:00,4941.05,5090.5,4941.05,5074.88,373.38326,1619971199999,1876079.3414683,4092,215.60487,1083411.0326758001,0
2021-05-02 16:00:00,5075.6,5087.68,4997.07,4997.07,319.78652,1619972999999,1614811.8188105,2563,138.37256000000002,699317.4344891,0
2021-05-02 16:30:00,4998.73,5028.45,4990.3,5007.01,164.32724,1619974799999,822925.2764277,1293,63.92100000000001,320283.0186984,0
2021-05-02 17:00:00,5009.36,5052.53,4974.46,5029.75,298.22725,1619976599999,1494333.9718566001,2022,117.83726000000001,590865.6325362,0
2021-05-02 17:30:00,5028.68,5045.15,4940.0,4964.89,155.69661000000005,1619978399999,775453.6646639,1793,63.91631999999999,318403.93831959995,0
2021-05-02 18:00:00,4968.56,4973.86,4891.48,4907.76,284.44554,1619980199999,1399022.9043594,2580,139.44463000000002,685852.7071293,0
2021-05-02 18:30:00,4907.78,4929.3,4863.39,4883.14,106.3131,1619981999999,520141.5399108,1450,41.42599000000001,202898.6678835,0
2021-05-02 19:00:00,4890.03,4897.71,4870.87,4886.31,65.3134,1619983799999,319004.797259,820,33.411590000000004,163263.9507174,0
2021-05-02 19:30:00,4886.62,4935.0,4881.95,4923.57,96.73244,1619985599999,474755.5101297,1036,53.16963000000001,261056.04379489998,0
2021-05-02 20:00:00,4930.5,4935.43,4893.0,4914.84,82.58655,1619987399999,405745.3202426,843,36.92602,181425.4365139,0
2021-05-02 20:30:00,4919.84,4919.84,4864.53,4905.89,103.35394000000001,1619989199999,505999.3918011,698,53.48262,261859.9959368,0
2021-05-02 21:00:00,4903.22,4923.28,4880.07,4909.75,59.07645,1619990999999,289460.1956991,871,38.70563,189766.70548129998,0
2021-05-02 21:30:00,4908.82,4915.13,4869.73,4881.48,76.7974,1619992799999,375179.73594579997,686,32.82036,160328.4126018,0
2021-05-02 22:00:00,4881.47,4965.96,4876.25,4937.22,166.5979,1619994599999,820734.2481896,1730,83.91216999999997,413516.845282,0
2021-05-02 22:30:00,4940.8,4970.79,4887.22,4940.44,106.76194,1619996399999,526338.5190033,1042,59.37981,292833.441423,0
2021-05-02 23:00:00,4941.31,4949.06,4900.99,4914.85,58.72255,1619998199999,289154.98154709995,594,26.42571,130125.4008842,0
2021-05-02 23:30:00,4916.56,4916.56,4885.18,4906.94,63.63294000000001,1619999999999,311815.3842166,701,44.24836,216780.04882679996,0
2021-05-03 00:00:00,4911.17,5199.15,4911.17,5193.17,1592.80387,1620001799999,8145499.290331597,14338,1049.67814,5367055.287054401,0
2021-05-03 00:30:00,5188.21,5194.13,5132.09,5151.92,333.32366,1620003599999,1720801.5072478,3203,172.2975,889624.2480634,0
2021-05-03 01:00:00,5148.76,5165.0,5113.43,5164.16,161.24095,1620005399999,828995.1564918,2419,87.31546,449146.1763347,0
2021-05-03 01:30:00,5163.83,5286.79,5156.76,5243.65,646.61241,1620007199999,3381291.6426329,7838,314.16361,1642289.4841592,0
2021-05-03 02:00:00,5246.78,5440.49,5215.07,5400.27,615.7638,1620008999999,3292241.8278245,8159,318.21231,1700712.212288,0
2021-05-03 02:30:00,5400.5,5487.95,5388.03,5432.75,562.08625,1620010799999,3064533.9547003997,6908,288.4321700000001,1573122.1709895001,0
2021-05-03 03:00:00,5435.98,5484.46,5388.78,5471.96,258.48118999999997,1620012599999,1401150.3460358,3051,155.13329,840817.8414133,0
2021-05-03 03:30:00,5469.48,5500.0,5411.34,5451.54,198.12661,1620014399999,1082685.3628612,2332,93.44445999999999,511082.4301713,0
2021-05-03 04:00:00,5451.54,5500.0,5426.95,5456.77,152.37729,1620016199999,832962.2205949002,2349,81.61706,446068.566551,0
2021-05-03 04:30:00,5454.64,5566.32,5454.58,5564.99,266.70212000000004,1620017999999,1472471.9977433004,3340,158.6225,875314.8629931,0
2021-05-03 05:00:00,5560.68,5576.58,5505.93,5542.89,425.59395,1620019799999,2354240.8727926,3248,266.02204,1471795.9395752,0
2021-05-03 05:30:00,5541.93,5665.75,5519.66,5652.62,501.00853,1620021599999,2800177.7461197004,5336,308.22846,1721377.3965332,0
2021-05-03 06:00:00,5650.5,5669.89,5520.01,5534.58,438.35410999999993,1620023399999,2453169.9225034,4845,195.29363,1092543.8804310998,0
2021-05-03 06:30:00,5536.12,5584.45,5500.31,5541.46,296.65786,1620025199999,1640410.5657859,2868,144.56185,799396.2465821998,0
2021-05-03 07:00:00,5541.46,5568.96,5447.34,5533.47,317.158,1620026999999,1741835.2559085,2883,160.31338,881384.3524749002,0
2021-05-03 07:30:00,5538.37,5538.37,5466.78,5485.09,260.94551,1620028799999,1435905.3229888,1663,127.05618999999999,699059.2623383,0
2021-05-03 08:00:00,5484.32,5566.46,5470.39,5525.15,196.32947,1620030599999,1081976.8546366,2378,106.46153999999999,586874.5655511,0
2021-05-03 08:30:00,5521.08,5582.27,5504.65,5559.54,175.55948,1620032399999,973866.9682319,1728,87.28087,484163.40722299996,0
2021-05-03 09:00:00,5559.54,5593.78,5481.66,5493.32,161.42565,1620034199999,891641.7235127,1812,83.04941,458811.2937077,0
2021-05-03 09:30:00,5487.93,5540.86,5478.47,5515.01,144.03265,1620035999999,793241.4751626998,2357,91.54276999999999,504212.41228290007,0
2021-05-03 10:00:00,5515.01,5543.46,5478.45,5509.24,156.9836,1620037799999,864433.2990758001,2157,79.46217,437671.9985144,0
2021-05-03 10:30:00,5512.66,5524.8,5441.83,5469.44,261.31341000000003,1620039599999,1428113.5725198,2972,148.72101999999995,812363.5813041,0
2021-05-03 11:00:00,5470.2,5500.0,5439.62,5444.1,201.79906,1620041399999,1102005.601532,2586,105.69004,577396.0506003001,0
2021-05-03 11:30:00,5444.1,5459.99,5406.32,5433.93,226.72808999999998,1620043199999,1231245.8198145,3196,111.90673000000001,607887.0231845999,0
2021-05-03 12:00:00,5435.1,5485.71,5413.2,5417.15,125.99322,1620044999999,686922.7492986,1704,63.92769000000001,348528.55326300004,0
2021-05-03 12:30:00,5416.05,5418.68,5324.32,5334.15,236.29735,1620046799999,1266912.2054054,3489,126.9331,680286.7571554,0
2021-05-03 13:00:00,5334.15,5338.0,5254.0,5269.36,353.84386,1620048599999,1870672.3909915,3968,190.29322,1005067.9757782,0
2021-05-03 13:30:00,5269.35,5354.73,5269.25,5349.82,441.72995,1620050399999,2346631.6709732004,3557,224.64047999999997,1194448.1713498998,0
2021-05-03 14:00:00,5349.84,5487.93,5336.07,5472.72,490.58392000000003,1620052199999,2662745.8691415,4942,236.331,1282635.4671256,0
2021-05-03 14:30:00,5476.41,5690.0,5445.87,5577.93,1259.41607,1620053999999,7042599.818467,11862,596.10961,3328555.0506389,0
2021-05-03 15:00:00,5577.93,5600.0,5511.29,5540.05,479.01948,1620055799999,2660327.9433712,4363,234.72832000000002,1303702.5628793002,0
2021-05-03 15:30:00,5539.8,5580.26,5509.09,5539.27,229.5745,1620057599999,1272907.2891453002,2482,98.37148,545868.8500669,0
2021-05-03 16:00:00,5538.85,5550.37,5471.3,5539.62,164.14937,1620059399999,905042.3020883001,2201,82.35112,454246.8419856,0
2021-05-03 16:30:00,5534.08,5685.44,5500.56,5665.17,536.92055,1620061199999,3024656.4164723,5054,214.29767999999999,1207057.9692472,0
2021-05-03 17:00:00,5660.45,5750.0,5605.07,5738.47,415.14592999999996,1620062999999,2358617.7336653,4682,231.57273999999998,1316963.2779083,0
2021-05-03 17:30:00,5741.01,5746.68,5637.7,5670.17,281.13282000000004,1620064799999,1596075.9611008004,3545,117.52344,667487.5764936,0
2021-05-03 18:00:00,5670.15,5670.15,5627.32,5655.73,154.9127,1620066599999,874639.1505812,1488,74.26446,419328.18191190006,0
2021-05-03 18:30:00,5652.63,5777.91,5645.23,5753.82,333.7415299999999,1620068399999,1901787.0333945,3435,234.95836,1338460.3614123,0
2021-05-03 19:00:00,5752.5,5753.73,5700.32,5723.71,287.66025,1620070199999,1644953.9288293002,2363,173.60714,993157.439881,0
2021-05-03 19:30:00,5720.09,5780.77,5705.01,5780.69,295.53065,1620071999999,1696327.5460101003,2821,161.49327,926968.5984265999,0
2021-05-03 20:00:00,5779.82,5782.0,5709.76,5739.0,242.4879,1620073799999,1393487.9726583,2662,131.61275,756590.815294,0
2021-05-03 20:30:00,5732.72,5990.0,5705.74,5989.03,946.21265,1620075599999,5551925.4982980015,10009,483.87190999999996,2834743.3175595,0
2021-05-03 21:00:00,5989.02,6266.68,5918.83,6248.36,2985.2397899999996,1620077399999,18115155.3040838,27980,1700.8000399999999,10312062.771694198,0
2021-05-03 21:30:00,6245.15,6347.94,6177.0,6227.23,1760.5113199999994,1620079199999,11030828.8975788,17840,930.76505,5832304.102237903,0
2021-05-03 22:00:00,6225.26,6274.45,5959.43,6029.41,2311.88992,1620080999999,14012142.8826049,18009,1338.56734,8112257.760704401,0
2021-05-03 22:30:00,6029.95,6034.05,5898.53,5947.43,738.04497,1620082799999,4403874.438358099,7607,407.79591,2432703.5418348997,0
2021-05-03 23:00:00,5949.54,6128.55,5918.67,6115.87,671.94978,1620084599999,4056202.2617827994,7235,355.87584,2147999.44945,0
2021-05-03 23:30:00,6115.87,6124.99,5957.04,5981.71,734.14711,1620086399999,4446571.142133901,6845,405.73541,2455919.5183602003,0
2021-05-04 00:00:00,5979.03,6023.0,5721.77,5732.91,1990.1347399999997,1620088199999,11654186.537369099,13815,1298.15281,7598557.210533299,0
2021-05-04 00:30:00,5739.26,5778.83,5344.39,5486.63,1988.94773,1620089999999,11169032.7702947,16004,1371.68089,7712263.1149486,0
2021-05-04 01:00:00,5477.75,5673.58,5464.0,5560.45,1720.24143,1620091799999,9574566.9046019,10192,1080.1577,6009062.011744401,0
2021-05-04 01:30:00,5560.06,5578.87,5413.13,5420.02,1292.01556,1620093599999,7093876.9560266975,12297,913.6434300000001,5017062.018903402,0
2021-05-04 02:00:00,5420.01,5475.33,5330.22,5425.94,926.00405,1620095399999,5023636.0387862,6285,575.61516,3126160.4862772007,0
2021-05-04 02:30:00,5426.08,5490.34,5403.83,5455.21,358.15385,1620097199999,1954098.6685674998,3079,163.98353999999995,894703.7592374,0
2021-05-04 03:00:00,5450.0,5500.0,5365.98,5488.0,293.59103,1620098999999,1595835.2060062,3161,130.92649,711914.7577529,0
2021-05-04 03:30:00,5483.88,5489.01,5365.0,5426.5,252.23824,1620100799999,1368263.3545507,2996,93.29652,505976.7308872,0
2021-05-04 04:00:00,5428.01,5638.68,5403.06,5629.88,401.43034,1620102599999,2222552.9187617996,4058,207.06633,1147276.4714003,0
2021-05-04 04:30:00,5636.85,5699.97,5600.65,5698.52,312.87113999999997,1620104399999,1763144.9393796,3792,162.56564,916858.9296003999,0
2021-05-04 05:00:00,5690.27,5864.58,5676.84,5849.41,745.25933,1620106199999,4299088.1123403,9333,385.87134,2225291.1500473,0
2021-05-04 05:30:00,5849.41,5886.8,5771.58,5876.34,314.9408200000001,1620107999999,1836491.2857078,4093,163.0953,951381.7513347,0
2021-05-04 06:00:00,5875.94,5935.86,5750.98,5820.64,291.0908,1620109799999,1699593.8044946,4766,155.52595,908974.0820099001,0
2021-05-04 06:30:00,5819.21,5834.56,5692.39,5738.6,265.01874,1620111599999,1523373.3808295,3573,121.25281000000001,698151.5131649,0
2021-05-04 07:00:00,5742.79,5786.42,5719.35,5735.86,109.27405,1620113399999,628323.0410471999,1545,57.08529,328443.13377079996,0
2021-05-04 07:30:00,5734.46,5759.44,5628.62,5671.8,195.5404,1620115199999,1111552.9168702,2423,87.05957,494642.86902509996,0
2021-05-04 08:00:00,5677.32,5724.56,5562.69,5599.74,230.85826,1620116999999,1297735.0227216005,2688,114.13322,641829.9545843999,0
2021-05-04 08:30:00,5593.98,5658.93,5540.0,5642.45,236.80891,1620118799999,1324252.6802531,2318,118.56513000000001,662907.9339693001,0
2021-05-04 09:00:00,5642.46,5810.0,5642.46,5774.38,361.03382,1620120599999,2072865.1659197,3871,215.45407999999998,1238499.6577633002,0
2021-05-04 09:30:00,5775.31,5856.71,5767.51,5793.31,261.57666,1620122399999,1521420.7554141001,2756,101.4078,590206.1035869,0
2021-05-04 10:00:00,5791.06,5979.95,5786.31,5975.43,439.19869000000006,1620124199999,2583963.1115268,4476,229.98541,1353991.9375513,0
2021-05-04 10:30:00,5970.48,5977.46,5881.17,5914.93,368.50563999999997,1620125999999,2183362.4783393997,3359,165.50445,980913.4581174,0
2021-05-04 11:00:00,5914.88,5930.0,5768.32,5869.35,229.69307,1620127799999,1344609.3577699,2674,107.91458,631594.7012853001,0
2021-05-04 11:30:00,5870.05,5887.79,5821.57,5839.45,241.24276,1620129599999,1413404.3994736,2383,120.17768000000001,704249.1194303002,0
2021-05-04 12:00:00,5839.37,5843.45,5696.97,5712.69,370.63051,1620131399999,2138056.0859611,3607,169.66891,979179.9962491,0
2021-05-04 12:30:00,5712.69,5948.91,5703.89,5860.9,683.99933,1620133199999,4006429.7444796,5464,339.80576,1988285.8263038,0
2021-05-04 13:00:00,5868.01,5871.71,5788.12,5869.84,246.80181000000002,1620134999999,1438976.5389305,3279,120.79298999999999,704373.2862236998,0
2021-05-04 13:30:00,5864.61,5871.71,5700.0,5727.73,334.14434,1620136799999,1931296.8152293998,3358,143.88465,830946.2838089,0
2021-05-04 14:00:00,5728.21,5761.18,5531.35,5611.02,547.10186,1620138599999,3071380.0252992995,4685,304.6812,1711062.8255651004,0
2021-05-04 14:30:00,5611.09,5622.9,5437.96,5437.96,814.03931,1620140399999,4488299.8910743,5822,455.94332,2513345.7193877003,0
2021-05-04 15:00:00,5437.96,5488.84,5145.12,5277.36,1079.4474699999996,1620142199999,5728175.0980112,8699,578.48302,3067764.0175432004,0
2021-05-04 15:30:00,5280.07,5422.0,5188.89,5204.34,875.48146,1620143999999,4671017.9440876,5899,480.96470999999997,2565599.5128296004,0
2021-05-04 16:00:00,5197.82,5356.63,5163.49,5322.29,464.2551,1620145799999,2451572.36248,3641,243.90891000000002,1288411.938543,0
2021-05-04 16:30:00,5316.26,5316.26,5093.05,5256.6,528.86909,1620147599999,2746119.5876573,4628,254.26516,1320521.0231104998,0
2021-05-04 17:00:00,5251.67,5350.0,5246.91,5321.7,371.61042000000003,1620149399999,1973130.5337104,2882,177.09396,940313.4570018,0
2021-05-04 17:30:00,5328.55,5364.35,5303.33,5357.58,376.28115,1620151199999,2010170.6340073997,2534,199.48426,1066045.3210826,0
2021-05-04 18:00:00,5358.24,5365.19,5300.02,5324.33,214.47217999999998,1620152999999,1145753.7180868,1375,107.50287,574471.3034547,0
2021-05-04 18:30:00,5324.69,5462.74,5291.83,5460.0,383.64108999999996,1620154799999,2072938.3158518998,2671,164.99485,891574.8271687998,0
2021-05-04 19:00:00,5460.01,5505.96,5429.31,5470.9,420.98860999999994,1620156599999,2304096.1245421004,4807,167.60076999999995,917710.6746546999,0
2021-05-04 19:30:00,5472.99,5549.17,5445.24,5541.79,331.04438999999996,1620158399999,1819535.4979231998,3341,143.54321000000004,789254.3247771999,0
2021-05-04 20:00:00,5542.65,5562.13,5424.25,5432.74,492.23924000000005,1620160199999,2703602.6730742995,3444,228.13494,1251635.5329551,0
2021-05-04 20:30:00,5425.24,5586.94,5408.49,5566.97,324.75539,1620161999999,1791406.3399417,2127,156.67921,864073.9147525,0
2021-05-04 21:00:00,5566.97,5586.93,5471.26,5482.4,240.75907999999998,1620163799999,1329175.756357,1394,82.43573,454800.2121515001,0
2021-05-04 21:30:00,5472.74,5482.58,5390.33,5398.39,103.48045,1620165599999,561582.9475387,1260,55.788169999999994,302907.4896412,0
2021-05-04 22:00:00,5391.78,5410.24,5313.01,5313.01,149.25898,1620167399999,800059.0258133,1387,78.3526,420049.0086608,0
2021-05-04 22:30:00,5315.24,5388.13,5258.71,5378.0,135.46746000000002,1620169199999,718315.3753947,1356,71.3004,378152.15288059996,0
2021-05-04 23:00:00,5386.21,5394.28,5296.38,5376.62,86.37903,1620170999999,462981.8605399,926,38.59198,206855.50237950002,0
2021-05-04 23:30:00,5379.69,5420.48,5207.85,5237.08,143.58265,1620172799999,760647.8572040999,1462,58.98033,312486.7246392,0
2021-05-05 00:00:00,5241.29,5287.66,5150.22,5279.91,1373.93632,1620174599999,7183101.4594285,7954,491.88336,2576300.6966619,0
2021-05-05 00:30:00,5275.51,5351.79,5275.42,5347.23,266.62091000000004,1620176399999,1420412.804795,2091,143.35253,763931.7042425,0
2021-05-05 01:00:00,5347.2,5473.68,5341.44,5402.8,321.47482,1620178199999,1740342.7033893003,2929,145.38568999999995,787036.5780663,0
2021-05-05 01:30:00,5401.1,5428.74,5356.84,5388.85,173.71057,1620179999999,936662.2663631,1541,96.03171999999999,517975.2039349,0
2021-05-05 02:00:00,5388.88,5397.87,5337.0,5358.39,205.01783999999998,1620181799999,1100384.8087986999,1579,104.47926,561026.9012106999,0
2021-05-05 02:30:00,5351.01,5354.65,5293.62,5319.18,166.67871,1620183599999,886461.0239893,1621,85.26196999999998,453633.3779112001,0
2021-05-05 03:00:00,5320.74,5338.42,5293.98,5305.95,172.23909,1620185399999,915082.2832573999,1295,89.82158000000004,477305.8373288,0
2021-05-05 03:30:00,5309.42,5331.89,5250.05,5293.03,160.33273,1620187199999,848388.6578996,1201,81.30112,430220.90561350004,0
2021-05-05 04:00:00,5303.27,5347.27,5285.37,5309.14,145.22787,1620188999999,771999.5809333,1255,82.67185,439455.3897071,0
2021-05-05 04:30:00,5312.41,5373.64,5193.08,5206.6,231.14203999999998,1620190799999,1220059.4107391,1982,118.93314,628339.4737544,0
2021-05-05 05:00:00,5208.22,5246.77,5175.19,5238.25,164.10979,1620192599999,853854.8468723,1215,90.97346999999999,473291.3457983,0
2021-05-05 05:30:00,5239.35,5306.39,5186.96,5235.48,222.29925,1620194399999,1168340.4574129998,1748,111.41063,585576.9019691,0
2021-05-05 06:00:00,5235.65,5237.15,5108.79,5184.41,267.03369,1620196199999,1379499.9218074,2236,116.89809,603252.5884000999,0
2021-05-05 06:30:00,5186.53,5206.13,5123.51,5204.97,202.21333,1620197999999,1046995.7821899,1708,83.39516,431890.3846318,0
2021-05-05 07:00:00,5204.0,5290.61,5173.69,5284.98,190.43371000000002,1620199799999,994139.9266143,1425,100.43341,524162.51264010003,0
2021-05-05 07:30:00,5288.85,5342.43,5274.42,5296.1,309.05499,1620201599999,1639026.7976301,2122,176.68408,936557.4793855998,0
2021-05-05 08:00:00,5296.1,5316.87,5239.92,5310.01,230.27163,1620203399999,1216107.4980905,1616,112.94825,596733.1800606,0
2021-05-05 08:30:00,5308.06,5361.63,5307.63,5342.31,157.20468,1620205199999,839230.2704708,1374,84.0461,448729.4053774,0
2021-05-05 09:00:00,5339.0,5359.54,5280.58,5297.16,201.07073,1620206999999,1069391.1009176,1481,125.56536000000001,667781.9220428,0
2021-05-05 09:30:00,5304.24,5429.71,5304.24,5420.52,260.39355,1620208799999,1397628.6497591,2077,130.46631000000002,700630.6850266,0
2021-05-05 10:00:00,5420.68,5463.0,5365.59,5374.9,235.02159,1620210599999,1272308.6128288,2261,122.38095,662508.5109404001,0
2021-05-05 10:30:00,5378.41,5455.66,5365.47,5455.43,258.143,1620212399999,1395216.7272269,2030,156.24861,844396.6501609,0
2021-05-05 11:00:00,5455.57,5470.0,5385.43,5432.56,281.94068,1620214199999,1530792.6467869,2294,163.31599,886697.4943953,0
2021-05-05 11:30:00,5428.8,5445.0,5326.37,5355.51,233.31752000000003,1620215999999,1257430.2823748002,1924,124.29315,669842.0278715,0
2021-05-05 12:00:00,5355.51,5462.61,5333.45,5422.07,273.17156,1620217799999,1477231.2938497,2157,154.18839,833660.1251334002,0
2021-05-05 12:30:00,5422.71,5443.56,5321.27,5354.71,272.74858,1620219599999,1465496.3726833,2277,144.21353,774881.8784752,0
2021-05-05 13:00:00,5352.83,5408.49,5340.79,5371.28,169.94619,1620221399999,913627.4167206999,1610,96.74786999999999,520302.5667816,0
2021-05-05 13:30:00,5370.84,5378.29,5341.31,5364.1,223.25022,1620223199999,1196864.1829472,1994,120.19911,644659.9461368,0
2021-05-05 14:00:00,5372.18,5385.62,5239.74,5275.48,319.7478200000001,1620224999999,1694657.6734392,3230,181.16859,960956.7267632,0
2021-05-05 14:30:00,5268.82,5375.0,5268.82,5356.18,230.42969,1620226799999,1228340.9314816005,1841,139.88533999999999,745907.9733420998,0
2021-05-05 15:00:00,5366.34,5389.55,5322.2,5342.42,263.98873,1620228599999,1417052.6763812,1794,147.06239,789412.8358941,0
2021-05-05 15:30:00,5338.82,5383.91,5285.78,5293.69,186.7184,1620230399999,993843.8933938,1896,107.55726999999999,572869.3855715999,0
2021-05-05 16:00:00,5293.68,5400.0,5256.61,5394.13,282.27512,1620232199999,1498451.6140931996,2568,166.13003999999995,881889.1645584998,0
2021-05-05 16:30:00,5398.71,5448.72,5361.94,5448.72,249.6659,1620233999999,1349879.5024861,2434,132.11296000000002,714561.5672105,0
2021-05-05 17:00:00,5448.75,5450.0,5376.9,5387.45,187.96249,1620235799999,1018351.1373698,2073,92.65089,501740.2908256,0
2021-05-05 17:30:00,5387.81,5400.0,5338.59,5344.1,128.65389,1620237599999,689144.5552363001,1655,73.86306,395686.78504499997,0
2021-05-05 18:00:00,5340.22,5417.95,5340.22,5365.67,157.00427,1620239399999,845524.5694523002,1504,83.71638,450775.95399899996,0
2021-05-05 18:30:00,5365.67,5440.0,5355.99,5420.42,517.0461,1620241199999,2797271.5187857,3002,332.47168,1798977.2212528,0
2021-05-05 19:00:00,5420.36,5440.53,5374.98,5383.51,122.58323999999999,1620242999999,662282.2222579999,1142,73.91376,399393.2904312,0
2021-05-05 19:30:00,5382.0,5427.23,5374.94,5415.79,131.13637,1620244799999,708138.6176612,1003,57.3409,309638.1688282,0
2021-05-05 20:00:00,5414.57,5417.87,5252.28,5258.89,289.9829299999999,1620246599999,1545429.0775897,2413,146.0201,778485.194571,0
2021-05-05 20:30:00,5267.99,5318.94,5263.79,5303.45,173.66071000000005,1620248399999,919672.3242748001,1527,87.34916,462648.26471570006,0
2021-05-05 21:00:00,5304.79,5320.63,5262.43,5309.91,142.16806,1620250199999,752452.3163444998,1116,74.09102,392471.1349191,0
2021-05-05 21:30:00,5302.88,5312.54,5264.68,5271.81,107.76488,1620251999999,569852.419228,841,63.21349,334160.92955229996,0
2021-05-05 22:00:00,5272.26,5404.16,5268.41,5401.16,181.37171999999998,1620253799999,967184.7770725001,1492,105.55951999999999,563108.859192,0
2021-05-05 22:30:00,5395.04,5528.13,5377.83,5418.7,628.83632,1620255599999,3431639.0628688,5326,338.0763100000001,1843653.3932973,0
2021-05-05 23:00:00,5422.28,5433.68,5357.71,5418.03,318.1364700000001,1620257399999,1719040.3102025,2361,159.85841000000005,863631.2099193,0
2021-05-05 23:30:00,5415.37,5438.89,5376.05,5416.4,144.39862,1620259199999,780737.0466141,1199,72.50848,392110.0474747,0
2021-05-06 00:00:00,5411.53,5439.83,5276.2,5324.78,391.69572,1620260999999,2102142.7010075003,3089,216.04752000000002,1159911.4221684,0
2021-05-06 00:30:00,5320.63,5362.16,5272.28,5342.02,312.54994,1620262799999,1662988.8559065,2086,162.38458,864335.9283987,0
2021-05-06 01:00:00,5339.71,5352.21,5271.0,5327.86,175.85981,1620264599999,933361.9109819001,1454,88.9308,472048.05368479993,0
2021-05-06 01:30:00,5324.5,5365.97,5311.7,5335.83,114.2569,1620266399999,610388.7871585999,1437,65.38554,349357.6695298,0
2021-05-06 02:00:00,5333.3,5375.42,5302.76,5358.86,140.51252,1620268199999,750906.6208798002,1564,75.32992,402582.5984053,0
2021-05-06 02:30:00,5354.52,5380.35,5333.74,5365.29,91.07506,1620269999999,488623.92082090006,1065,53.49803000000001,287079.8229344001,0
2021-05-06 03:00:00,5363.19,5371.61,5276.48,5289.1,125.70646,1620271799999,668011.5731898,1360,64.41944000000001,342521.1386005,0
2021-05-06 03:30:00,5290.28,5302.5,5250.06,5292.77,272.80699,1620273599999,1440906.9258116996,3028,130.93356,691537.0828261999,0
2021-05-06 04:00:00,5287.64,5346.46,5259.24,5325.16,172.40847,1620275399999,917253.3316176,1428,95.26011,506866.7959493,0
2021-05-06 04:30:00,5321.54,5344.65,5239.75,5269.16,178.23084,1620277199999,941339.7077184,1558,98.02832,517776.67303670006,0
2021-05-06 05:00:00,5269.16,5325.7,5223.75,5312.93,156.85651000000001,1620278999999,826673.5759020002,1569,76.83946,405019.5447479,0
2021-05-06 05:30:00,5314.93,5334.04,5266.62,5286.91,209.86008999999999,1620280799999,1112251.7898361,1359,115.78331000000001,613802.6085689,0
2021-05-06 06:00:00,5286.72,5299.72,5242.05,5253.78,280.83943999999997,1620282599999,1477875.0725175,1998,142.26774,748864.2658257,0
2021-05-06 06:30:00,5258.46,5258.89,5163.62,5186.33,269.72725,1620284399999,1405585.7312023002,2517,144.72685,754096.6818298,0
2021-05-06 07:00:00,5185.68,5246.99,5142.88,5243.31,249.27139,1620286199999,1297880.3829833,1814,100.74732,524593.2019881,0
2021-05-06 07:30:00,5245.93,5274.42,5197.7,5198.2,201.72618,1620287999999,1055144.0067428001,1787,107.17798,560348.1241891999,0
2021-05-06 08:00:00,5198.21,5229.88,5145.18,5158.86,332.50982999999997,1620289799999,1720641.8340708,2795,178.28923999999995,922530.4898191,0
2021-05-06 08:30:00,5160.23,5215.83,5116.99,5127.21,344.79278999999997,1620291599999,1780036.8037338,3067,187.72046,969528.8202365999,0
2021-05-06 09:00:00,5127.23,5146.75,5075.1,5086.97,435.3489,1620293399999,2222629.8034624,3639,245.25047,1252096.3957822,0
2021-05-06 09:30:00,5086.97,5201.51,5081.95,5096.95,374.12032999999997,1620295199999,1916493.2142091999,2648,224.67826000000002,1151766.5349537,0
2021-05-06 10:00:00,5099.96,5132.77,5075.0,5130.69,475.58874000000003,1620296999999,2424882.7898113,2715,209.00713000000002,1066449.4059793002,0
2021-05-06 10:30:00,5130.69,5169.62,5128.01,5167.35,281.59976,1620298799999,1449705.834187,2273,130.87077,673798.9022591,0
2021-05-06 11:00:00,5168.3,5212.86,5142.12,5199.07,192.04616000000001,1620300599999,994614.9124796999,2035,95.07825,492421.9857517,0
2021-05-06 11:30:00,5199.07,5239.66,5185.0,5239.66,202.93871000000001,1620302399999,1057151.6758415,1730,116.55696999999999,607038.3768488001,0
2021-05-06 12:00:00,5236.91,5242.65,5174.96,5195.98,189.24656000000002,1620304199999,986396.4368023,1358,95.20484,496162.5551958,0
2021-05-06 12:30:00,5197.84,5233.83,5177.22,5233.67,165.90108,1620305999999,863425.5118232998,1161,92.64986999999999,482071.0648117001,0
2021-05-06 13:00:00,5226.85,5234.99,5155.0,5178.67,133.70355,1620307799999,694479.4186964001,1092,58.17625,302057.0850129,0
2021-05-06 13:30:00,5180.73,5238.78,5156.36,5194.04,191.01811,1620309599999,991972.8993316999,1338,102.80570999999999,534021.6977043,0
2021-05-06 14:00:00,5199.94,5228.5,5142.63,5205.02,194.0268,1620311399999,1008403.4181185999,1365,82.6321,429788.2966941,0
2021-05-06 14:30:00,5203.92,5228.74,5190.7,5220.04,119.18293,1620313199999,620919.5910288,963,65.23418000000001,339897.6438129,0
2021-05-06 15:00:00,5220.09,5256.35,5199.39,5253.04,93.78090999999999,1620314999999,490144.7762897,1334,48.87697,255568.9567597,0
2021-05-06 15:30:00,5255.52,5271.22,5172.08,5238.94,136.54117,1620316799999,714435.7753265002,1545,71.46935,374275.52816529997,0
2021-05-06 16:00:00,5239.33,5275.83,5209.13,5250.72,147.53502,1620318599999,774991.9506809,1272,73.97131,388548.9070395,0
2021-05-06 16:30:00,5250.72,5260.0,5166.78,5200.0,176.07859,1620320399999,918637.5738902,1640,89.43048,466498.6746458,0
2021-05-06 17:00:00,5195.54,5243.18,5195.54,5233.61,100.10372,1620322199999,522794.378167,777,56.75288000000001,296522.88687509997,0
2021-05-06 17:30:00,5233.61,5252.0,5172.26,5172.26,74.01003,1620323999999,386176.0234868,791,38.46308,200750.40993579998,0
2021-05-06 18:00:00,5171.08,5197.79,5115.46,5122.42,141.88136,1620325799999,731027.1332823002,1297,72.75908000000003,374999.0003504,0
2021-05-06 18:30:00,5118.7,5124.43,4880.87,5047.02,573.9735900000002,1620327599999,2875427.8270988,6633,253.22518,1268189.1017037,0
2021-05-06 19:00:00,5038.06,5069.42,4932.93,4995.82,272.54703,1620329399999,1362550.1747101005,2027,177.32833,887604.567428,0
2021-05-06 19:30:00,5001.0,5101.27,4991.91,5097.01,221.95486,1620331199999,1124504.4837109,1652,91.60685,462852.8320827,0
2021-05-06 20:00:00,5092.15,5107.32,5027.32,5049.41,138.25312,1620332999999,700255.2512665,1071,78.86719000000002,398818.7376494,0
2021-05-06 20:30:00,5045.83,5061.77,4991.34,5032.27,75.98142,1620334799999,381472.4515957,873,45.9996,230845.9539243,0
2021-05-06 21:00:00,5032.59,5104.99,5032.59,5084.11,69.81751,1620336599999,354473.1307907001,765,32.43875,164780.9729095,0
2021-05-06 21:30:00,5086.63,5148.17,5076.82,5130.7,64.81971999999999,1620338399999,331803.43877440004,843,39.3119,201138.2276388,0
2021-05-06 22:00:00,5125.36,5176.66,5104.19,5115.01,132.3569,1620340199999,681179.8680008,993,100.07268,515025.8639368,0
2021-05-06 22:30:00,5122.18,5290.01,5115.2,5152.81,141.01912,1620341999999,731794.0928845,1887,87.4267,454664.85440209997,0
2021-05-06 23:00:00,5149.98,5149.98,5018.0,5042.14,122.21855,1620343799999,619904.3318525,1507,61.23121999999999,310646.62852070003,0
2021-05-06 23:30:00,5044.27,5066.16,5022.03,5054.97,50.41717,1620345599999,254391.4726809,591,27.80642000000001,140406.216475,0
2021-05-07 00:00:00,5054.79,5175.19,5009.39,5169.96,184.50426000000002,1620347399999,941060.1814011,1910,117.95521000000001,601743.1949455999,0
2021-05-07 00:30:00,5169.83,5175.16,5079.88,5085.55,117.61603999999998,1620349199999,603916.5186311,1349,64.72138000000001,332382.17771350004,0
2021-05-07 01:00:00,5088.13,5113.01,5013.41,5071.98,71.9102,1620350999999,363563.603825,770,38.81539,196286.4642856,0
2021-05-07 01:30:00,5068.7,5077.86,5033.43,5061.28,88.09514,1620352799999,445523.69087279995,642,46.2183,233800.6800718,0
2021-05-07 02:00:00,5061.63,5085.24,4974.95,4974.95,105.09938999999999,1620354599999,528245.2665447,1230,46.31595,232901.94183239999,0
2021-05-07 02:30:00,4974.15,5005.85,4908.86,4943.45,152.01894,1620356399999,753286.8239936,1533,66.67763000000001,330711.92548800004,0
2021-05-07 03:00:00,4937.2,5099.3,4905.12,4938.33,333.69892999999996,1620358199999,1663065.6058493,4115,205.49468000000002,1023838.153097,0
2021-05-07 03:30:00,4937.32,5033.0,4919.19,4991.39,107.45488,1620359999999,536586.1904885999,886,53.41073000000001,266748.6749226,0
2021-05-07 04:00:00,4986.54,4991.38,4900.0,4903.82,120.62783999999999,1620361799999,595782.695582,1324,65.12963,321803.68217670004,0
2021-05-07 04:30:00,4903.81,4998.07,4864.86,4995.91,128.24736000000001,1620363599999,631627.9945066,1479,67.6981,333736.70088529994,0
2021-05-07 05:00:00,4995.61,4995.61,4886.85,4961.32,198.52765,1620365399999,980702.1016657,1385,67.61905,334499.0359048,0
2021-05-07 05:30:00,4964.01,4982.82,4952.07,4968.07,54.48126,1620367199999,270627.9688692,583,21.94855,109053.61028369999,0
2021-05-07 06:00:00,4961.12,5020.03,4925.67,5006.83,79.27516999999997,1620368999999,395181.43320559995,867,47.28525,235718.72206149998,0
2021-05-07 06:30:00,5006.83,5042.24,5002.01,5035.01,84.00757,1620370799999,421952.92990940006,592,31.90878,160362.76565570006,0
2021-05-07 07:00:00,5035.01,5090.0,4988.01,5081.73,131.08887,1620372599999,660770.8945653001,1258,73.76083,371786.29411170003,0
2021-05-07 07:30:00,5085.22,5086.64,5021.06,5031.7,45.23615,1620374399999,228309.40688770002,508,27.12762,136970.16975980002,0
2021-05-07 08:00:00,5028.86,5062.44,4989.15,5025.49,82.52454,1620376199999,414906.1650865,815,49.18098,247222.5326093,0
2021-05-07 08:30:00,5025.94,5065.0,4988.31,5044.41,50.868109999999994,1620377999999,255490.6189362,685,27.60527,138676.71351429998,0
2021-05-07 09:00:00,5044.91,5077.99,5044.19,5070.27,38.05545,1620379799999,192624.8551518,799,19.60298,99234.3199708,0
2021-05-07 09:30:00,5066.59,5099.3,5052.16,5076.95,53.428909999999995,1620381599999,271380.2031098,922,26.94995,136942.090921,0
2021-05-07 10:00:00,5077.37,5087.52,5043.55,5057.38,89.08498,1620383399999,451550.1958432,776,38.83602,196819.5230425,0
2021-05-07 10:30:00,5058.29,5081.95,5038.28,5045.83,56.21288000000001,1620385199999,284520.621439,697,34.68306,175537.83656020006,0
2021-05-07 11:00:00,5050.75,5069.63,5012.5,5052.38,71.63624,1620386999999,361365.33622040006,1068,44.472159999999995,224264.99353920002,0
2021-05-07 11:30:00,5055.28,5059.98,5024.48,5031.13,51.76827,1620388799999,261038.97967529998,654,26.13683,131791.5547368,0
2021-05-07 12:00:00,5035.0,5050.98,4985.81,5015.69,73.82098,1620390599999,370279.6706535,827,28.277859999999997,141901.5350403,0
2021-05-07 12:30:00,5016.51,5100.2,5012.09,5087.62,98.44825,1620392399999,499676.61652469996,1309,54.27691,275295.3105002,0
2021-05-07 13:00:00,5097.19,5105.96,5050.01,5064.35,64.99735,1620394199999,330124.2177512,1002,30.920609999999996,157048.76366670002,0
2021-05-07 13:30:00,5064.95,5085.94,5036.72,5051.46,59.410169999999994,1620395999999,301079.935278,660,19.84502,100508.9533818,0
2021-05-07 14:00:00,5059.18,5068.53,4996.22,5028.03,79.82032,1620397799999,401038.37448040006,1383,39.5055,198543.6660011,0
2021-05-07 14:30:00,5032.88,5068.18,5016.23,5063.61,39.50456,1620399599999,199278.70521820002,555,20.76986,104832.42638139999,0
2021-05-07 15:00:00,5060.31,5146.08,5053.54,5115.02,231.54046,1620401399999,1180419.1582,1919,123.97611,631993.7770912,0
2021-05-07 15:30:00,5115.01,5150.0,5084.2,5149.26,69.67229,1620403199999,356292.70925059996,882,32.696020000000004,167230.83532460002,0
2021-05-07 16:00:00,5149.96,5215.32,5084.98,5108.6,242.66412999999997,1620404999999,1250944.4538963998,3074,117.75856,607425.9165669001,0
2021-05-07 16:30:00,5104.2,5134.36,5087.31,5099.87,60.260580000000004,1620406799999,307717.9885072,781,29.70791,151700.02738379998,0
2021-05-07 17:00:00,5099.87,5160.31,5099.87,5158.04,47.577459999999995,1620408599999,243854.7193157,640,24.37622,124954.4309122,0
2021-05-07 17:30:00,5154.32,5171.45,5123.88,5142.0,38.180859999999996,1620410399999,196546.3222421,530,25.36506,130613.13080239999,0
2021-05-07 18:00:00,5142.39,5142.76,5050.77,5062.68,62.85848000000001,1620412199999,319681.4785504,1126,26.13954,132923.8936507,0
2021-05-07 18:30:00,5058.51,5198.99,5039.43,5166.12,287.35924,1620413999999,1472173.0439712,3194,198.18448,1015964.4008868,0
2021-05-07 19:00:00,5172.63,5365.14,5160.46,5354.43,712.82257,1620415799999,3760157.4212774,7852,420.43855999999994,2218202.7253015,0
2021-05-07 19:30:00,5360.67,5367.57,5236.57,5270.39,304.32264,1620417599999,1614263.9558026001,3683,151.89967,806490.3866213,0
2021-05-07 20:00:00,5263.93,5294.69,5207.72,5221.29,128.55532,1620419399999,673455.7649184,1749,61.12183,320236.352451,0
2021-05-07 20:30:00,5218.67,5297.73,5182.97,5223.23,136.33558,1620421199999,712603.7586163002,1650,70.23668,367687.3575735,0
2021-05-07 21:00:00,5224.46,5224.47,5085.0,5121.95,151.35484,1620422999999,775926.3423999002,1802,78.29946,401155.66044829995,0
2021-05-07 21:30:00,5121.76,5153.35,5084.35,5105.79,81.71432,1620424799999,418556.60726109997,784,34.9808,179328.8814404,0
2021-05-07 22:00:00,5098.76,5133.67,5020.18,5038.11,117.58756000000001,1620426599999,597399.316875,1228,50.37784,256133.18622279997,0
2021-05-07 22:30:00,5032.7,5059.66,4969.47,5031.99,99.88176999999999,1620428399999,500632.10948199994,1100,41.42634,207726.8487405,0
2021-05-07 23:00:00,5027.99,5071.27,5017.17,5049.96,52.440169999999995,1620430199999,264756.7605632,487,26.824579999999997,135445.72665899998,0
2021-05-07 23:30:00,5052.16,5105.76,5041.47,5078.03,43.20329,1620431999999,219215.3436907,550,18.77647,95156.7664217,0
2021-05-08 00:00:00,5080.18,5094.11,5000.35,5078.83,108.10485,1620433799999,545839.2436958001,922,46.90103,236922.49928340001,0
2021-05-08 00:30:00,5082.8,5113.02,5051.87,5081.31,57.352509999999995,1620435599999,291344.479042,582,30.05888,152749.93644910006,0
2021-05-08 01:00:00,5083.37,5131.56,5072.09,5124.72,33.39158,1620437399999,170504.4187025,442,16.80569,85828.3391881,0
2021-05-08 01:30:00,5124.73,5173.27,5104.1,5139.6,80.7519,1620439199999,415051.0036335,964,39.26571,201928.0116083,0
2021-05-08 02:00:00,5138.99,5209.7,5130.24,5166.81,105.98253000000001,1620440999999,548677.0595559,1247,54.978030000000004,284663.7622703,0
2021-05-08 02:30:00,5164.39,5228.6,5150.67,5176.96,86.54285,1620442799999,448353.6217701,999,55.313869999999994,286572.30502679996,0
2021-05-08 03:00:00,5177.34,5253.95,5153.76,5214.01,148.42883999999995,1620444599999,771898.4870576,1876,85.53841,444775.347194,0
2021-05-08 03:30:00,5216.48,5249.39,5170.37,5229.89,57.43671,1620446399999,299124.1377963,866,36.20967,188580.2451526,0
2021-05-08 04:00:00,5230.19,5335.56,5204.96,5315.95,164.38046,1620448199999,868988.3477865,2886,78.57883000000002,415134.1169934,0
2021-05-08 04:30:00,5315.91,5329.97,5224.8,5241.23,100.71566999999999,1620449999999,530355.9486273,1176,51.07365,268859.9449245,0
2021-05-08 05:00:00,5243.6,5248.56,5190.33,5210.55,71.77073,1620451799999,374488.5652889001,892,31.19874,162734.7992325,0
2021-05-08 05:30:00,5210.55,5217.08,5176.92,5190.19,60.04529,1620453599999,312173.62714059994,735,34.9666,181837.75811479997,0
2021-05-08 06:00:00,5191.83,5197.01,5149.54,5153.14,46.168929999999996,1620455399999,239086.66232220002,800,25.426029999999997,131792.6540073,0
2021-05-08 06:30:00,5153.13,5197.46,5141.39,5185.29,49.07269,1620457199999,253719.69637420002,789,29.253809999999998,151164.24858010001,0
2021-05-08 07:00:00,5183.44,5248.54,5162.85,5220.11,85.4041,1620458999999,445062.7488514,1108,47.96852,249999.98924710002,0
2021-05-08 07:30:00,5220.1,5297.5,5209.02,5256.67,130.64244,1620460799999,688642.6123771,1633,75.68996,398854.8167896,0
2021-05-08 08:00:00,5256.58,5309.73,5240.4,5299.1,120.76144,1620462599999,637720.4561033001,1346,72.86763,384908.8145798,0
2021-05-08 08:30:00,5299.09,5340.67,5252.72,5259.77,125.9776,1620464399999,667780.9094060999,1728,68.01899,360757.53268299997,0
2021-05-08 09:00:00,5260.38,5267.0,5210.95,5244.79,67.842,1620466199999,354917.551172,770,28.78362000000001,150583.1236698,0
2021-05-08 09:30:00,5244.79,5330.0,5241.06,5314.89,150.09572,1620467999999,795921.8627391,1701,85.50029,453589.2004995999,0
2021-05-08 10:00:00,5314.77,5318.68,5251.38,5264.98,62.50719,1620469799999,330635.3128946,766,25.0252,132496.49838769998,0
2021-05-08 10:30:00,5264.88,5280.38,5230.48,5258.16,61.73359,1620471599999,324541.1966806,684,24.53499,128983.28979289999,0
2021-05-08 11:00:00,5266.67,5298.14,5233.0,5256.15,51.6986,1620473399999,272501.73663410003,653,25.44002,134143.5623747,0
2021-05-08 11:30:00,5265.48,5295.42,5242.11,5288.2,83.62541999999998,1620475199999,441356.19517540006,734,38.88498,205245.07232349998,0
2021-05-08 12:00:00,5288.33,5342.08,5242.22,5340.0,165.27646000000001,1620476999999,878320.169698,2066,91.9888,488875.6083712,0
2021-05-08 12:30:00,5339.99,5418.41,5301.18,5391.98,394.15725,1620478799999,2115705.5783512,4634,204.10974,1096632.530348,0
2021-05-08 13:00:00,5391.96,5452.42,5362.37,5412.74,330.30223,1620480599999,1788666.4608766998,3532,158.71256,860215.0491954002,0
2021-05-08 13:30:00,5410.24,5500.0,5389.0,5464.36,394.62234,1620482399999,2158015.5591973998,4786,177.07646,968805.3169549999,0
2021-05-08 14:00:00,5467.87,5613.25,5462.47,5600.18,693.14332,1620484199999,3852137.0994036,7583,310.04982,1724742.6984503998,0
2021-05-08 14:30:00,5604.39,5799.99,5579.03,5784.49,823.88822,1620485999999,4674200.2356294,9763,421.04902000000004,2390446.2177097,0
2021-05-08 15:00:00,5784.46,5873.92,5610.5,5681.05,1424.0282300000001,1620487799999,8178731.143159101,12887,726.1978,4174944.8133632997,0
2021-05-08 15:30:00,5681.02,5686.26,5337.58,5444.17,890.95299,1620489599999,4929243.2171276,9006,413.52346,2290573.3251619,0
2021-05-08 16:00:00,5444.17,5608.3,5439.16,5527.15,496.90909000000005,1620491399999,2758254.3629344,4387,264.53607999999997,1468289.0189492,0
2021-05-08 16:30:00,5534.39,5761.38,5522.02,5693.11,617.08735,1620493199999,3475785.8483777,6590,344.93947000000014,1943356.2832425,0
2021-05-08 17:00:00,5693.11,5869.71,5620.08,5778.73,953.7507199999999,1620494999999,5514195.5312584005,10274,542.01173,3134302.4580844,0
2021-05-08 17:30:00,5778.74,5800.0,5689.8,5740.3,479.28320999999994,1620496799999,2750568.0366459,4598,236.15684,1355870.1342718,0
2021-05-08 18:00:00,5737.68,5798.33,5603.4,5651.41,435.44345,1620498599999,2477843.3640229,4848,191.14958000000001,1088639.1711188,0
2021-05-08 18:30:00,5651.42,5750.0,5620.98,5657.85,259.04897,1620500399999,1466480.1454106001,3039,157.38279,891434.4732336,0
2021-05-08 19:00:00,5656.87,5719.98,5643.31,5666.93,146.61039,1620502199999,833462.9889907,1955,79.71414,453239.7858808,0
2021-05-08 19:30:00,5666.47,5699.97,5608.26,5630.14,158.0274,1620503999999,892666.6779292,1820,84.75648000000002,479099.41272849997,0
2021-05-08 20:00:00,5622.01,5700.0,5615.29,5688.98,181.76633,1620505799999,1028859.1145908001,1962,92.91731999999999,525743.8083869,0
2021-05-08 20:30:00,5683.42,5692.55,5597.13,5600.0,112.01615,1620507599999,631327.1893781,1337,40.30614,227553.9005739,0
2021-05-08 21:00:00,5600.0,5658.02,5585.0,5622.04,157.38831000000005,1620509399999,884113.6991289,1450,62.250859999999996,350035.85403449996,0
2021-05-08 21:30:00,5619.72,5664.95,5571.64,5587.81,151.14812,1620511199999,850121.1441906998,1731,75.51335999999998,424568.8057052,0
2021-05-08 22:00:00,5587.83,5721.84,5582.21,5596.14,173.9916,1620512999999,983549.6979886,2601,85.29156,482501.0742599,0
2021-05-08 22:30:00,5591.1,5598.69,5500.0,5519.57,291.95955,1620514799999,1618316.2199433998,3097,104.22917,577611.4966580999,0
2021-05-08 23:00:00,5528.56,5579.85,5518.23,5571.33,90.32231999999999,1620516599999,501971.30932229996,1349,40.574459999999995,225622.4351902,0
2021-05-08 23:30:00,5577.05,5669.33,5530.01,5640.47,113.06298000000001,1620518399999,633047.2959185,1286,66.39636,371701.8879615,0
2021-05-09 00:00:00,5638.17,5700.07,5580.72,5593.75,341.58783999999997,1620520199999,1925654.8428987,2812,220.84852999999998,1245656.0739512,0
2021-05-09 00:30:00,5591.23,5623.43,5520.07,5520.07,115.52882,1620521999999,642389.3143724,1093,74.58005,414648.6314113,0
2021-05-09 01:00:00,5521.22,5642.67,5488.08,5542.67,172.68813,1620523799999,957480.8253452,1594,71.11424,395462.0150289,0
2021-05-09 01:30:00,5541.94,5608.16,5534.08,5597.28,56.27052,1620525599999,313988.009451,607,30.47832,170004.627606,0
2021-05-09 02:00:00,5592.44,5598.05,5495.35,5495.85,93.73609,1620527399999,517789.39651630004,1142,36.61544,202183.31391720002,0
2021-05-09 02:30:00,5495.9,5545.31,5460.0,5541.67,120.58333999999999,1620529199999,662273.6002641,1594,54.50304000000001,299611.19629179995,0
2021-05-09 03:00:00,5538.46,5565.11,5511.93,5511.93,79.0978,1620530999999,438057.3867897,819,38.955690000000004,215774.41730809998,0
2021-05-09 03:30:00,5511.93,5575.18,5441.88,5450.66,188.38959,1620532799999,1034261.2289524999,2150,86.34206999999998,474577.80177540006,0
2021-05-09 04:00:00,5452.36,5484.54,5332.42,5426.51,341.47386,1620534599999,1844330.4006804002,3637,149.14416,805793.0482879,0
2021-05-09 04:30:00,5426.51,5526.43,5393.45,5518.57,151.34589,1620536399999,825362.9041524,1807,86.29301,471137.73444870004,0
2021-05-09 05:00:00,5518.57,5529.26,5471.59,5478.57,77.96101999999998,1620538199999,428444.9316103,694,40.92084000000001,224831.1760261,0
2021-05-09 05:30:00,5478.58,5497.84,5452.62,5479.64,105.23005,1620539999999,576197.6256096,722,37.78657000000001,206954.6028967,0
2021-05-09 06:00:00,5483.99,5491.62,5435.12,5488.91,57.16173000000001,1620541799999,312200.7765241,593,21.0967,115337.22472410002,0
2021-05-09 06:30:00,5486.92,5497.16,5457.93,5462.78,113.43216000000001,1620543599999,621293.799977,764,64.30422,352303.2529494001,0
2021-05-09 07:00:00,5461.94,5480.86,5408.94,5455.78,74.06126,1620545399999,403170.3625021,823,32.0229,174399.650025,0
2021-05-09 07:30:00,5447.9,5447.9,5369.38,5372.04,106.7087,1620547199999,576589.9554245999,993,45.42913,245272.9020481,0
2021-05-09 08:00:00,5372.04,5442.64,5372.04,5426.23,94.65179,1620548999999,511553.17705279996,827,46.42114,250990.2868907,0
2021-05-09 08:30:00,5433.85,5487.17,5431.1,5456.27,109.79186000000001,1620550799999,600285.5806019,1082,45.37435,248006.3018612,0
2021-05-09 09:00:00,5450.97,5477.81,5388.29,5405.81,106.32668000000001,1620552599999,578200.4207721999,1320,62.33651,338989.3611635,0
2021-05-09 09:30:00,5408.77,5408.77,5292.57,5358.55,197.18219,1620554399999,1054059.5423239,2516,85.89647,459496.86748179997,0
2021-05-09 10:00:00,5349.88,5349.88,5275.54,5306.1,129.82979,1620556199999,688622.9345902,1766,66.50882,352816.3738081,0
2021-05-09 10:30:00,5306.09,5380.39,5295.96,5372.65,96.44876,1620557999999,515546.50942629995,1123,53.26703000000001,284807.5943791,0
2021-05-09 11:00:00,5372.66,5378.04,5285.88,5295.38,169.25005,1620559799999,902100.0271726999,1931,53.40639,284923.0726399,0
2021-05-09 11:30:00,5294.32,5319.67,5232.89,5237.06,88.74682,1620561599999,468517.7445942001,1242,28.072709999999997,148394.8976224,0
2021-05-09 12:00:00,5240.77,5255.55,5111.14,5136.89,259.07083,1620563399999,1340582.3272591,3564,121.14976000000001,626996.2432095,0
2021-05-09 12:30:00,5136.89,5205.49,5032.61,5053.16,365.04962,1620565199999,1873743.6804156997,2892,135.67504,697048.2507914001,0
2021-05-09 13:00:00,5054.47,5146.1,5054.47,5101.8,141.69456,1620566999999,724227.3859364998,1274,60.409240000000004,308655.5758706,0
2021-05-09 13:30:00,5101.65,5189.0,5084.95,5180.19,161.89654,1620568799999,835228.9803624002,1264,95.26115,491709.6789543,0
2021-05-09 14:00:00,5180.17,5250.06,5158.31,5228.06,170.43067,1620570599999,887651.8612632,1617,88.08279,458984.9040306,0
2021-05-09 14:30:00,5228.06,5279.28,5216.31,5238.99,78.39089,1620572399999,411295.0322713,865,29.39436,154254.79939089998,0
2021-05-09 15:00:00,5237.93,5267.29,5200.0,5254.88,146.87972,1620574199999,768047.3220459,1071,69.71334,364634.04688509996,0
2021-05-09 15:30:00,5256.41,5326.1,5250.89,5324.85,69.1163,1620575999999,365897.5250963,994,36.64983,193971.4630681,0
2021-05-09 16:00:00,5324.82,5366.59,5291.41,5325.83,177.74348,1620577799999,949369.9969577,1503,75.25437,402373.16020940006,0
2021-05-09 16:30:00,5326.5,5368.14,5309.74,5326.08,115.49372,1620579599999,615812.3788067,1081,48.61215,259328.52990609998,0
2021-05-09 17:00:00,5326.08,5335.36,5237.06,5284.73,92.75161,1620581399999,490331.60518280003,1084,44.62296,235813.13181879997,0
2021-05-09 17:30:00,5283.56,5346.7,5258.94,5343.02,148.68816999999999,1620583199999,787470.3402729002,1072,77.94795,413235.2122798,0
2021-05-09 18:00:00,5345.31,5347.64,5260.99,5302.05,85.31629000000002,1620584999999,452458.41456779995,800,43.94833,233260.7847874,0
2021-05-09 18:30:00,5302.06,5325.63,5240.92,5314.82,57.54629,1620586799999,303948.4249646,740,32.2267,170355.0683133,0
2021-05-09 19:00:00,5312.04,5315.25,5185.25,5206.38,112.32048999999999,1620588599999,587923.2225023,1141,31.707459999999998,166162.56829579998,0
2021-05-09 19:30:00,5202.89,5277.78,5193.99,5246.41,40.85197,1620590399999,214082.3464001,580,19.9733,104619.43711089999,0
2021-05-09 20:00:00,5241.02,5395.68,5224.28,5299.01,105.95906000000001,1620592199999,564394.3006621,1627,56.99234000000001,303869.28785100003,0
2021-05-09 20:30:00,5299.01,5339.02,5294.74,5324.78,28.41594000000001,1620593999999,151096.41770810002,383,16.57414,88127.32071480002,0
2021-05-09 21:00:00,5314.44,5390.5,5311.96,5346.26,58.60858,1620595799999,313970.25847199996,643,31.41819000000001,168394.53623599999,0
2021-05-09 21:30:00,5345.16,5354.91,5304.22,5313.81,48.73792,1620597599999,259865.5647098,510,20.14559,107427.2903799,0
2021-05-09 22:00:00,5313.82,5330.34,5283.82,5290.34,25.28402,1620599399999,134163.9413293,459,11.16103,59232.8691209,0
2021-05-09 22:30:00,5290.35,5298.9,5250.01,5263.37,30.36683,1620601199999,160075.96039189998,990,13.865479999999998,73061.40423480001,0
2021-05-09 23:00:00,5264.6,5289.29,5240.54,5259.89,36.69044,1620602999999,193191.948798,377,19.26396,101499.13024,0
2021-05-09 23:30:00,5266.8,5285.33,5249.49,5276.77,45.46025,1620604799999,239482.4300579,472,22.3878,118031.02213320001,0
2021-05-10 00:00:00,5279.72,5283.68,5198.66,5258.58,265.3528,1620606599999,1389650.2760896005,1847,117.49973,616357.6549022,0
2021-05-10 00:30:00,5258.69,5287.99,5244.08,5247.95,133.16631,1620608399999,702759.1399186,849,25.20361,133034.54999119998,0
2021-05-10 01:00:00,5247.62,5297.92,5238.28,5289.52,65.16928,1620610199999,343694.99061229994,1108,41.58782,219331.78942989997,0
2021-05-10 01:30:00,5292.41,5373.62,5289.2,5327.02,93.02203,1620611999999,495888.6956882,1414,42.34209,225648.6764729,0
2021-05-10 02:00:00,5327.02,5356.0,5308.0,5335.37,44.20775,1620613799999,235732.28126029996,456,20.66705,110261.96917910001,0
2021-05-10 02:30:00,5333.06,5352.84,5281.36,5337.98,69.65398,1620615599999,369590.7734275,561,29.32201,155612.7546607,0
2021-05-10 03:00:00,5345.66,5401.03,5342.09,5355.19,107.27501000000001,1620617399999,576503.4990992,1354,50.06733,269109.0657597,0
2021-05-10 03:30:00,5354.79,5398.23,5350.9,5356.15,92.83655999999999,1620619199999,498515.4053521,720,38.3776,206249.6749407,0
2021-05-10 04:00:00,5362.37,5416.25,5296.99,5383.65,194.06713,1620620999999,1040101.9797114,1885,80.48214,431961.501121,0
2021-05-10 04:30:00,5382.23,5414.79,5355.66,5398.63,64.28209,1620622799999,346121.0421856,634,41.1756,221682.00309359998,0
2021-05-10 05:00:00,5397.39,5429.62,5338.86,5373.44,94.84786,1620624599999,511806.08113979996,1288,36.60174,197537.3818858,0
2021-05-10 05:30:00,5376.87,5450.0,5358.22,5440.57,128.74758,1620626399999,696563.0472106,1442,68.16344000000001,369015.299566,0
2021-05-10 06:00:00,5436.61,5449.29,5371.75,5390.89,67.875,1620628199999,366612.02825,807,26.66821,144149.6538655,0
2021-05-10 06:30:00,5391.59,5396.85,5367.63,5386.25,60.06304,1620629999999,323274.3982489,681,31.81992,171305.86051300002,0
2021-05-10 07:00:00,5382.43,5443.39,5372.74,5390.26,81.83691,1620631799999,442205.58850939997,950,40.1452,216891.0555541,0
2021-05-10 07:30:00,5393.22,5441.33,5346.47,5352.91,60.550909999999995,1620633599999,326536.7951489,808,27.62299,148938.71051720006,0
2021-05-10 08:00:00,5347.96,5358.46,5287.38,5343.49,76.2743,1620635399999,406013.053791,1085,39.63241,211093.9177706,0
2021-05-10 08:30:00,5343.83,5397.72,5337.73,5394.23,87.64556,1620637199999,470499.17092490004,825,39.01362,209470.91174389998,0
2021-05-10 09:00:00,5394.24,5417.44,5314.86,5316.21,110.05793,1620638999999,591057.3531324001,1202,60.54316,325276.63540509995,0
2021-05-10 09:30:00,5324.72,5327.69,5284.38,5310.61,44.52738,1620640799999,236405.3045468,546,20.83601,110657.77194,0
2021-05-10 10:00:00,5308.24,5320.58,5276.66,5314.97,52.60476,1620642599999,278688.2483294,593,26.8393,142222.1735221,0
2021-05-10 10:30:00,5316.99,5316.99,5194.64,5226.38,127.32213,1620644399999,666794.5661336,1371,64.84449000000001,339252.1282524,0
2021-05-10 11:00:00,5226.59,5238.97,5147.35,5216.35,98.76526,1620646199999,512710.4439212,1270,40.504129999999996,210523.41340720002,0
2021-05-10 11:30:00,5222.22,5285.58,5211.5,5246.65,97.16844,1620647999999,510622.6208997,936,53.27699000000001,280041.0719242,0
2021-05-10 12:00:00,5246.65,5301.1,5214.59,5271.26,98.96266999999999,1620649799999,520849.3854620999,859,46.47929,244425.4941867,0
2021-05-10 12:30:00,5268.48,5417.44,5245.44,5402.95,149.71267,1620651599999,799063.7239489,1882,70.50841,376906.4657404,0
2021-05-10 13:00:00,5413.86,5446.14,5330.31,5341.24,175.79367,1620653399999,949190.5186399999,2114,76.44516999999998,412931.532946,0
2021-05-10 13:30:00,5341.23,5400.0,5313.94,5332.08,75.91582,1620655199999,406661.99114,892,29.72415,159240.65040129994,0
2021-05-10 14:00:00,5329.12,5337.85,5253.73,5259.94,94.24342,1620656999999,498779.1010092999,1050,60.28015,319170.8264637,0
2021-05-10 14:30:00,5262.74,5300.22,5200.0,5200.0,67.79513,1620658799999,356247.7672823,796,29.00507,152541.5621796,0
2021-05-10 15:00:00,5201.35,5274.34,5172.05,5270.76,170.25008,1620660599999,887565.254524,1361,105.56857,550085.0175898001,0
2021-05-10 15:30:00,5267.29,5397.49,5265.15,5374.84,116.99568000000001,1620662399999,625610.2442763001,1252,70.30293,375653.07597320003,0
2021-05-10 16:00:00,5376.45,5392.7,5288.71,5342.73,160.07238,1620664199999,856534.209537,1748,88.83566,475363.6585609,0
2021-05-10 16:30:00,5343.0,5358.17,5271.0,5271.0,57.04609,1620665999999,304142.8354193,831,30.71371,163875.5713891,0
2021-05-10 17:00:00,5270.48,5369.25,5260.0,5276.42,109.99088,1620667799999,583480.3682929,921,66.20014,351535.6883369,0
2021-05-10 17:30:00,5266.53,5284.58,5200.0,5213.85,83.16797,1620669599999,435862.7667393,1057,33.86547,177472.9519395,0
2021-05-10 18:00:00,5209.28,5233.07,5174.76,5208.41,74.22449,1620671399999,385815.19394120004,855,24.91732,129661.84472850001,0
2021-05-10 18:30:00,5207.14,5254.68,5172.15,5200.99,71.63054,1620673199999,372957.1244766,872,30.37855,158351.35411770002,0
2021-05-10 19:00:00,5200.98,5262.05,5173.36,5200.53,118.63918999999999,1620674999999,618541.1390803,1067,60.00026,312792.1746972,0
2021-05-10 19:30:00,5196.05,5208.63,4859.8,4975.62,410.36638,1620676799999,2063047.9835534,4200,148.47669,748705.2369721,0
2021-05-10 20:00:00,4971.46,4978.22,4620.0,4928.92,593.55711,1620678599999,2850844.9065066013,5639,281.80203,1353891.6652487,0
2021-05-10 20:30:00,4929.45,5030.56,4763.05,4931.53,345.19428,1620680399999,1700664.9173207,3205,153.61333,755752.816434,0
2021-05-10 21:00:00,4928.28,4969.75,4876.09,4937.88,127.56738999999999,1620682199999,629393.5343568,1231,67.81331999999999,334791.26040629996,0
2021-05-10 21:30:00,4938.55,5049.26,4933.42,5046.11,107.24878000000001,1620683999999,534672.9789869001,1101,57.05281,284495.5213043,0
2021-05-10 22:00:00,5039.58,5110.5,5000.03,5034.18,126.5618,1620685799999,640140.8464095,1482,58.07206,293934.2287856,0
2021-05-10 22:30:00,5027.49,5106.24,4944.16,5093.57,147.60107,1620687599999,741502.6155329002,1358,69.09043,347207.9314996,0
2021-05-10 23:00:00,5093.56,5098.14,4784.13,4939.22,220.2481,1620689399999,1092090.7625837,2170,106.24439,527694.4879277,0
2021-05-10 23:30:00,4931.29,5019.54,4889.18,4982.78,129.69438,1620691199999,642779.3323439,1236,62.8069,311459.55278190004,0
2021-05-11 00:00:00,4982.75,5098.04,4905.96,5081.24,148.99595,1620692999999,745720.823991,1734,92.66443000000001,464961.9085193,0
2021-05-11 00:30:00,5074.41,5097.41,4862.57,4866.37,155.35693,1620694799999,771952.4871368,1447,69.35374,344754.5170163,0
2021-05-11 01:00:00,4862.83,4932.23,4780.23,4842.66,183.51458,1620696599999,890137.8474487,1478,85.76771,416387.8004353,0
2021-05-11 01:30:00,4841.52,4943.82,4825.32,4930.55,87.12435,1620698399999,427305.77559970005,773,57.811519999999994,283772.516821,0
2021-05-11 02:00:00,4924.42,4933.47,4869.45,4912.22,56.73319,1620700199999,278560.587401,556,33.74957,165794.9699011,0
2021-05-11 02:30:00,4912.94,4917.16,4731.51,4751.73,197.38298,1620701999999,945154.9745589001,1598,83.02126,397972.0617384,0
2021-05-11 03:00:00,4757.75,4823.41,4735.81,4746.73,270.72101000000004,1620703799999,1294649.7641652,1966,121.43619,580807.5317058001,0
2021-05-11 03:30:00,4746.64,4851.49,4734.16,4788.0,105.82166000000001,1620705599999,507038.3726397,1055,55.462709999999994,265479.04015089996,0
2021-05-11 04:00:00,4790.59,4893.15,4754.27,4877.68,70.25898000000001,1620707399999,339724.08504619997,807,40.26354,194506.5580728,0
2021-05-11 04:30:00,4874.27,4912.01,4840.94,4890.0,67.07307,1620709199999,327615.3150794,703,28.075229999999998,137152.6500229,0
2021-05-11 05:00:00,4891.98,4950.85,4864.99,4883.91,66.25824,1620710999999,324714.5662052,787,37.01254,181525.3841776,0
2021-05-11 05:30:00,4884.81,4900.48,4760.01,4827.71,112.48201,1620712799999,543477.3105504,1164,71.95355,347727.7008658,0
2021-05-11 06:00:00,4824.78,4962.47,4806.36,4931.48,67.90777,1620714599999,332971.2490201,799,35.40805,173539.6528746,0
2021-05-11 06:30:00,4931.36,4963.03,4924.4,4945.08,48.318020000000004,1620716399999,238915.4409302,530,30.857670000000002,152590.02993679998,0
2021-05-11 07:00:00,4944.85,4984.46,4938.06,4944.22,47.805659999999996,1620718199999,237142.5335832,560,26.47585,131353.45764860002,0
2021-05-11 07:30:00,4943.4,4989.87,4909.9,4985.69,62.55249,1620719999999,309147.8516174,777,37.1001,183346.423812,0
2021-05-11 08:00:00,4988.29,5000.0,4877.5,4884.72,82.80763,1620721799999,408041.2823689,937,38.68978,190758.8091283,0
2021-05-11 08:30:00,4886.01,4939.78,4858.1,4893.45,106.40851,1620723599999,520523.28168769996,946,47.8775,234187.3414219,0
2021-05-11 09:00:00,4895.42,4989.89,4887.18,4946.55,59.91848,1620725399999,296451.89804229996,843,33.46797,165739.75542,0
2021-05-11 09:30:00,4943.43,4999.74,4932.8,4992.57,49.08078,1620727199999,243374.41288639998,520,25.98459,128898.1820797,0
2021-05-11 10:00:00,4998.63,5068.54,4996.49,5043.73,111.73413000000001,1620728999999,561903.0719377,1181,52.81273,265410.7346733,0
2021-05-11 10:30:00,5043.73,5065.34,5015.89,5033.01,63.44432,1620730799999,319665.007931,629,32.472609999999996,163680.911522,0
2021-05-11 11:00:00,5030.93,5077.99,4993.12,5076.8,51.71802,1620732599999,260366.7211805,610,28.7593,144967.225448,0
2021-05-11 11:30:00,5076.8,5082.63,4936.3,4958.75,67.67456,1620734399999,339731.7312858,950,39.38442,198101.8624385,0
2021-05-11 12:00:00,4958.76,4969.24,4848.06,4857.18,131.39469,1620736199999,643267.7408939999,1067,45.48152,223041.5486279,0
2021-05-11 12:30:00,4852.78,4961.3,4823.22,4961.3,94.53374000000001,1620737999999,462120.0079989,913,37.58235,183519.50477410003,0
2021-05-11 13:00:00,4963.71,5014.09,4874.9,4894.26,130.65383,1620739799999,647662.4993677,1274,67.01319000000001,332090.7482124,0
2021-05-11 13:30:00,4885.57,5032.62,4855.79,5020.56,117.86697,1620741599999,581228.1718704001,1286,58.2665,288384.7877664,0
2021-05-11 14:00:00,5019.73,5044.53,4972.46,5039.58,98.68536999999999,1620743399999,495042.8031769,939,66.43825,333273.82591759996,0
2021-05-11 14:30:00,5035.42,5043.45,4953.4,5030.31,189.76123,1620745199999,950796.6476217,1430,98.68479,494642.5606026,0
2021-05-11 15:00:00,5029.86,5083.13,5017.06,5064.66,114.94469,1620746999999,581068.355926,1194,49.28403,249113.4530329,0
2021-05-11 15:30:00,5068.48,5100.0,5052.58,5085.2,89.08263000000002,1620748799999,452735.9471151,845,59.08749,300309.7132516,0
2021-05-11 16:00:00,5083.91,5150.0,5069.02,5136.32,204.52086,1620750599999,1043563.1666999001,1460,118.41683,604086.5747634,0
2021-05-11 16:30:00,5136.32,5151.12,5091.92,5132.22,131.70827,1620752399999,674412.8509001,996,66.35738,339932.3649983,0
2021-05-11 17:00:00,5126.64,5152.08,5106.73,5119.71,78.6316,1620754199999,403312.6486167,836,45.962379999999996,235747.05843889999,0
2021-05-11 17:30:00,5119.58,5172.73,5091.35,5159.91,94.32288,1620755999999,483419.08642059995,955,52.03768,266921.36870349996,0
2021-05-11 18:00:00,5164.78,5282.14,5163.47,5276.16,243.6329,1620757799999,1271111.5647187,3569,134.51415,701989.9838770999,0
2021-05-11 18:30:00,5282.44,5317.53,5228.86,5244.2,294.6944,1620759599999,1556156.934432,3217,158.13448,835659.7578104,0
2021-05-11 19:00:00,5238.1,5305.64,5230.39,5254.39,101.36683000000001,1620761399999,533533.1915722,1279,63.13779,332401.85988520004,0
2021-05-11 19:30:00,5252.2,5285.13,5210.0,5232.84,86.98078000000002,1620763199999,456072.7316731,1060,45.79161,240127.64028979998,0
2021-05-11 20:00:00,5232.84,5270.01,5209.4,5220.25,83.25846,1620764999999,435848.57142670004,840,44.71175,234047.8962947,0
2021-05-11 20:30:00,5220.42,5300.0,5209.53,5253.67,94.66666,1620766799999,497218.6122208,1003,54.80075,287736.7518626,0
2021-05-11 21:00:00,5254.87,5363.0,5244.01,5305.53,172.57965,1620768599999,916191.0221613001,2294,109.54614,581505.7159766,0
2021-05-11 21:30:00,5301.04,5327.07,5267.01,5306.47,82.33905,1620770399999,436420.9270595,906,45.19233,239590.4291606,0
2021-05-11 22:00:00,5305.98,5365.72,5279.71,5347.25,130.53957,1620772199999,696703.4202875999,1330,69.39690999999999,370317.2152475,0
2021-05-11 22:30:00,5345.0,5370.0,5336.29,5363.84,68.14269,1620773999999,364683.5251478,910,38.26574,204773.4726529,0
2021-05-11 23:00:00,5360.51,5409.94,5297.88,5307.46,140.1513,1620775799999,750240.3958678,2107,64.70581999999999,346790.7350382,0
2021-05-11 23:30:00,5309.98,5409.11,5294.29,5368.7,100.58318,1620777599999,538649.1372612,1771,55.05202,294608.20021190005,0
2021-05-12 00:00:00,5368.68,5500.0,5348.71,5438.94,271.54677000000004,1620779399999,1473349.0391666,3759,175.49815,952630.1401179001,0
2021-05-12 00:30:00,5438.92,5447.16,5344.12,5384.36,133.60307,1620781199999,719706.0365332,1691,68.73673000000001,370317.61304709996,0
2021-05-12 01:00:00,5392.02,5495.12,5350.01,5415.38,134.92424,1620782999999,732789.3902098001,2114,66.24494,359488.1651242,0
2021-05-12 01:30:00,5415.0,5550.0,5412.82,5542.84,247.52976,1620784799999,1361508.9948322999,2740,104.18284,572626.8369811,0
2021-05-12 02:00:00,5545.67,5750.01,5525.6,5740.7,689.12774,1620786599999,3887556.6293856003,7403,344.32639,1945201.0126695998,0
2021-05-12 02:30:00,5749.13,5974.54,5709.5,5896.59,1158.41148,1620788399999,6806408.554821401,11045,493.87662,2899409.2666761,0
2021-05-12 03:00:00,5890.09,6110.0,5800.13,5811.4,1151.93548,1620790199999,6853928.476279,11135,572.9406799999998,3407735.3383105,0
2021-05-12 03:30:00,5803.62,5885.86,5738.82,5738.82,530.32576,1620791999999,3080620.5330098,5086,256.7033,1492096.8253885,0
2021-05-12 04:00:00,5746.46,5766.79,5719.73,5741.76,323.1580600000001,1620793799999,1854532.4150371999,7506,165.92667,952525.0836605,0
2021-05-12 04:30:00,5738.22,5741.77,5620.09,5650.52,337.8599,1620795599999,1916250.7941398,8132,169.82854,963141.4082819,0
2021-05-12 05:00:00,5650.52,5673.58,5604.94,5652.1,225.31977999999998,1620797399999,1271933.0234616,3053,96.17257,543161.5460226,0
2021-05-12 05:30:00,5652.02,5747.98,5617.15,5717.88,356.2846,1620799199999,2024503.7979125,3414,191.8741,1091742.1108116,0
2021-05-12 06:00:00,5717.88,5729.99,5552.63,5615.31,404.51087,1620800999999,2273072.3407111,3344,223.36212999999998,1254088.0818238,0
2021-05-12 06:30:00,5617.55,5681.9,5588.24,5630.13,157.16045,1620802799999,885824.8054312002,1906,79.71714,449394.26370600006,0
2021-05-12 07:00:00,5629.49,5691.99,5581.07,5636.05,108.44221999999999,1620804599999,611157.4899154,1572,50.902029999999996,286989.0955952,0
2021-05-12 07:30:00,5634.25,5652.3,5564.5,5610.2,118.99027,1620806399999,667404.6078156,1591,68.48873,384005.9021905,0
2021-05-12 08:00:00,5609.1,5664.71,5557.7,5564.53,168.61025,1620808199999,945966.8595171999,2177,76.5544,430107.5894519,0
2021-05-12 08:30:00,5568.2,5659.71,5564.73,5638.63,181.67871,1620809999999,1022526.4911359001,2445,81.23714,457348.2560333,0
2021-05-12 09:00:00,5639.31,5670.04,5592.79,5647.59,138.59492,1620811799999,780111.1006747,1338,81.14453,456849.3047184,0
2021-05-12 09:30:00,5647.56,5696.78,5601.64,5689.12,159.33192,1620813599999,900426.1565014998,1524,73.23906,414037.548779,0
2021-05-12 10:00:00,5685.5,5689.1,5530.08,5541.89,283.52259,1620815399999,1583664.1942808,2500,124.05684,693301.7816236,0
2021-05-12 10:30:00,5544.16,5558.81,5449.63,5470.92,177.93102,1620817199999,977841.7152161,2813,91.08746,500369.4930613,0
2021-05-12 11:00:00,5473.89,5591.93,5457.13,5564.28,134.88635,1620818999999,746322.6665096,1360,66.7694,369797.016507,0
2021-05-12 11:30:00,5568.21,5639.99,5534.07,5589.13,114.07586,1620820799999,637788.5688136,1279,54.94795,307588.89432849997,0
2021-05-12 12:00:00,5592.58,5655.98,5556.71,5617.92,153.86479,1620822599999,862712.4994269002,1828,78.74843,441689.6130493,0
2021-05-12 12:30:00,5618.27,5623.97,5518.31,5550.48,145.94613,1620824399999,811578.5898484,1547,74.24525,412649.3386545,0
2021-05-12 13:00:00,5547.51,5554.22,5422.16,5446.99,154.5617,1620826199999,848103.8955811,2102,70.71651999999997,388108.2415779,0
2021-05-12 13:30:00,5437.69,5794.21,5426.73,5654.49,1035.6729699999999,1620827999999,5822215.638236099,8579,599.48173,3364605.4306056,0
2021-05-12 14:00:00,5651.0,5828.59,5595.02,5788.86,500.83575999999994,1620829799999,2872423.4528421,5815,261.63432,1499278.6670521004,0
2021-05-12 14:30:00,5789.71,5864.77,5693.29,5724.79,627.93831,1620831599999,3634113.5994477007,5614,330.7754700000001,1912199.7610493,0
2021-05-12 15:00:00,5733.48,5733.48,5521.75,5575.47,300.78525,1620833399999,1683499.8925287,3605,119.10908,666927.9149432,0
2021-05-12 15:30:00,5581.58,5600.0,5457.14,5485.78,241.67855,1620835199999,1332852.4537943,2445,106.3312,586747.3441207,0
2021-05-12 16:00:00,5486.66,5568.15,5364.44,5437.18,314.03621,1620836999999,1712371.6660028999,3731,139.82272,763138.6873996998,0
2021-05-12 16:30:00,5444.91,5533.67,5292.09,5510.0,389.43995,1620838799999,2104317.3986557997,4556,193.4996,1046958.5102115,0
2021-05-12 17:00:00,5513.63,5682.03,5502.39,5643.56,464.36715999999996,1620840599999,2605729.351521,5247,265.53538,1489550.3694177,0
2021-05-12 17:30:00,5643.56,5739.6,5603.84,5646.76,238.4805,1620842399999,1352517.3800938,3697,123.88911,703151.6605834,0
2021-05-12 18:00:00,5650.65,5753.15,5400.0,5430.07,381.99516,1620844199999,2118529.7228706,4661,177.14445,983066.3351980998,0
2021-05-12 18:30:00,5434.13,5434.13,5247.61,5361.39,370.22628,1620845999999,1983137.6935758998,3762,188.02804,1007978.1623765,0
2021-05-12 19:00:00,5349.97,5397.94,5218.06,5375.54,268.26755,1620847799999,1424238.4938723,2864,126.55291000000001,671819.6561374001,0
2021-05-12 19:30:00,5359.89,5432.1,5293.05,5414.19,174.63605,1620849599999,938477.2470802,1777,94.7456,509315.4244658,0
2021-05-12 20:00:00,5410.29,5500.01,5395.4,5428.99,121.10548999999999,1620851399999,660872.0481175,1454,67.53358,368745.7730122,0
2021-05-12 20:30:00,5429.25,5501.84,5426.52,5495.72,156.45948,1620853199999,855338.0604380999,1965,80.78572,441873.978467,0
2021-05-12 21:00:00,5489.25,5578.02,5464.23,5569.48,110.22848,1620854999999,607878.7642965,1911,59.91476,330766.04556759994,0
2021-05-12 21:30:00,5577.95,5625.68,5555.68,5606.05,122.35278999999998,1620856799999,683941.4087186999,1860,51.87442,290150.9810939,0
2021-05-12 22:00:00,5613.55,5682.51,5283.84,5395.32,461.47621,1620858599999,2522204.7714166,5413,224.92192000000003,1231227.7790576,0
2021-05-12 22:30:00,5397.71,5479.53,5241.44,5471.59,300.49516,1620860399999,1604440.0494428002,3153,133.65301000000002,713617.9867876,0
2021-05-12 23:00:00,5469.89,5479.92,5216.39,5245.36,268.56369,1620862199999,1436218.0167588,2521,131.89456,704462.9120582,0
2021-05-12 23:30:00,5245.36,5302.87,4830.0,4934.45,539.95823,1620863999999,2757403.2159415,6028,236.50116,1208914.4040700002,0
2021-05-13 00:00:00,4933.44,5170.6,4553.04,5074.6,940.29429,1620865799999,4593587.5344227,8200,458.58200999999997,2255284.2423525,0
2021-05-13 00:30:00,5066.34,5155.22,4970.83,4975.1,464.42982,1620867599999,2350443.6212837,3940,262.89759,1330163.9129763,0
2021-05-13 01:00:00,4977.55,5128.99,4953.77,5122.07,323.3749200000001,1620869399999,1632348.6237609,2661,184.43292,930496.9112528999,0
2021-05-13 01:30:00,5126.31,5210.77,5031.66,5184.26,338.87145,1620871199999,1743770.6077811,3204,185.61276999999998,955637.4176063,0
2021-05-13 02:00:00,5188.16,5241.32,5122.6,5140.8,203.51546000000002,1620872999999,1052229.4070962,1850,108.61174,561872.1046503,0
2021-05-13 02:30:00,5135.74,5192.29,5088.86,5104.82,190.58538000000001,1620874799999,977620.1525504,1612,95.48379,489923.51443529996,0
2021-05-13 03:00:00,5098.38,5098.38,4992.27,4999.96,239.08891,1620876599999,1204801.2483178002,2005,125.49479,632523.7753942,0
2021-05-13 03:30:00,4998.02,5135.47,4974.73,5128.24,158.02038000000005,1620878399999,795434.2982128002,1566,89.55937,451198.7618783,0
2021-05-13 04:00:00,5119.69,5229.77,5119.68,5198.45,146.96918,1620880199999,762147.406387,1916,71.21172,369285.5656434,0
2021-05-13 04:30:00,5195.47,5200.68,5106.52,5142.33,111.54508,1620881999999,574031.9323045999,958,51.533770000000004,265266.0173463,0
2021-05-13 05:00:00,5143.73,5263.49,5143.73,5252.33,133.81651000000002,1620883799999,696047.9887824,1521,71.8077,373837.9888855,0
2021-05-13 05:30:00,5250.37,5256.24,5203.1,5215.03,64.92294,1620885599999,339662.6534108,747,35.89660999999999,187815.35116079997,0
2021-05-13 06:00:00,5216.02,5254.99,5158.34,5186.58,194.82994,1620887399999,1013702.6965437001,1662,115.49626,600995.6745531999,0
2021-05-13 06:30:00,5184.07,5306.45,5157.06,5300.63,175.03605,1620889199999,918219.7200302,1884,104.37139,548024.4046777,0
2021-05-13 07:00:00,5300.65,5305.63,5230.42,5230.42,102.67690999999999,1620890999999,541790.1542939,1097,42.605259999999994,224833.1403797,0
2021-05-13 07:30:00,5233.96,5246.62,5160.0,5174.43,102.65646,1620892799999,532899.9435807,1435,58.98044,306174.79341020004,0
2021-05-13 08:00:00,5179.65,5218.45,5069.78,5121.97,257.67976,1620894599999,1322842.9650586,2353,137.51461,706128.5793341999,0
2021-05-13 08:30:00,5120.24,5159.65,4946.68,4946.68,388.3943,1620896399999,1958774.8303736,3650,206.99346,1043830.9578318001,0
2021-05-13 09:00:00,4951.0,5005.02,4861.64,4862.77,241.9755,1620898199999,1195211.0954769,2488,134.46724,664387.0830624001,0
2021-05-13 09:30:00,4866.84,4950.77,4710.81,4772.58,421.90207000000004,1620899999999,2038224.9910378999,3612,210.27265,1015213.1854464001,0
2021-05-13 10:00:00,4772.57,4965.36,4769.07,4838.84,304.91091,1620901799999,1487965.1115978996,3088,160.10679,781512.1919344,0
2021-05-13 10:30:00,4833.54,4841.67,4590.3,4636.68,745.20042,1620903599999,3510624.3771693,6944,472.98209,2228874.2699831002,0
2021-05-13 11:00:00,4628.42,4701.53,4555.0,4671.49,1040.2931,1620905399999,4823523.0031135,9275,764.09284,3544825.6181811006,0
2021-05-13 11:30:00,4667.02,4728.79,4651.11,4659.11,758.19003,1620907199999,3548779.8496611,6986,541.73477,2535427.7778131003,0
2021-05-13 12:00:00,4659.11,4785.76,4615.25,4764.21,771.53913,1620908999999,3626207.6117021013,7726,533.3720400000002,2506712.4895067997,0
2021-05-13 12:30:00,4770.82,4945.8,4688.09,4734.44,876.62196,1620910799999,4171529.8479982005,8015,579.36952,2759151.4554714,0
2021-05-13 13:00:00,4734.44,4791.95,4637.01,4685.32,513.2557099999998,1620912599999,2422614.1961983,3952,363.45951,1716177.341333,0
2021-05-13 13:30:00,4685.49,4815.0,4685.49,4794.3,500.79889000000003,1620914399999,2382691.4221012997,4344,369.63486,1758656.2887499,0
2021-05-13 14:00:00,4793.38,4950.0,4780.01,4838.44,630.2685,1620916199999,3054920.6961956,4267,421.32198,2043523.4624073997,0
2021-05-13 14:30:00,4838.54,4869.03,4789.44,4797.29,524.25184,1620917999999,2527297.6705732998,2953,351.16685,1693006.0354746,0
2021-05-13 15:00:00,4796.69,4802.84,4662.71,4669.03,544.88639,1620919799999,2574804.2061139,3745,387.0388,1829069.0856937,0
2021-05-13 15:30:00,4668.81,4717.89,4623.08,4689.59,424.19794,1620921599999,1984654.6244384,3513,244.79598,1145402.2379700001,0
2021-05-13 16:00:00,4684.23,4830.43,4682.53,4817.96,224.00852000000003,1620923399999,1066023.0192978,2668,104.91264,499623.46104519995,0
2021-05-13 16:30:00,4819.63,4849.78,4559.0,4573.9,551.72743,1620925199999,2579643.1880145,6516,291.30491,1367004.6576162,0
2021-05-13 17:00:00,4584.95,4616.86,4472.39,4496.25,498.1769,1620926999999,2262610.1607151,6289,236.22011,1073402.6629396998,0
2021-05-13 17:30:00,4492.05,4691.12,4439.66,4622.47,389.39586,1620928799999,1772097.5154031997,3645,192.68371000000002,877576.1729597,0
2021-05-13 18:00:00,4616.36,4681.87,4571.31,4620.45,180.82176,1620930599999,835570.9409906998,1735,87.72941,405846.4248761,0
2021-05-13 18:30:00,4625.65,4682.5,4475.44,4501.37,348.63853,1620932399999,1586306.6645894,3049,141.26631,643920.27012,0
2021-05-13 19:00:00,4489.51,4662.85,4489.51,4647.58,183.95967,1620934199999,844391.4353734,1908,91.78990999999999,422228.4236936,0
2021-05-13 19:30:00,4652.27,4688.79,4584.79,4588.41,92.45708,1620935999999,429603.34390760004,1609,46.09234,214291.53963379998,0
2021-05-13 20:00:00,4585.9,4709.72,4550.02,4660.0,142.01885,1620937799999,659401.9149411999,1759,70.82608,329114.2045113,0
2021-05-13 20:30:00,4662.48,4722.5,4610.72,4659.96,279.0647,1620939599999,1303774.8094921,1784,184.03041000000002,861567.7689013,0
2021-05-13 21:00:00,4654.48,4733.74,4639.91,4708.52,158.00857,1620941399999,742078.2310538,1521,95.20515999999999,447401.4562288,0
2021-05-13 21:30:00,4706.51,4720.0,4619.29,4695.24,148.21805,1620943199999,695618.8440034001,1439,68.62591,322675.3527223,0
2021-05-13 22:00:00,4691.06,4699.65,4658.87,4679.63,157.99982,1620944999999,738423.0269832,1537,42.16915,197196.72817020002,0
2021-05-13 22:30:00,4679.63,4793.12,4654.49,4656.79,350.63607,1620946799999,1661334.9816045,4149,110.90945,525316.7915381,0
2021-05-13 23:00:00,4656.79,4684.33,4550.0,4656.03,105.11725,1620948599999,485825.19301829993,1855,58.54603,270754.085897,0
2021-05-13 23:30:00,4656.15,4796.63,4631.75,4761.75,132.55518999999998,1620950399999,627172.280789,1457,70.12751999999999,332177.6280429001,0
2021-05-14 00:00:00,4763.37,4834.27,4714.54,4802.9,202.65243999999998,1620952199999,970568.1161645,1940,126.08363999999999,603803.6329528001,0
2021-05-14 00:30:00,4805.72,4903.08,4795.0,4865.56,221.67519,1620953999999,1074319.6163736,2154,130.45955,631987.2988898001,0
2021-05-14 01:00:00,4865.73,4924.72,4833.81,4902.86,179.08286,1620955799999,875823.9358358,2025,74.01473,361888.0184516,0
2021-05-14 01:30:00,4902.86,4918.79,4861.1,4902.76,62.4277,1620957599999,305584.829654,652,29.4029,143960.9723914,0
2021-05-14 02:00:00,4907.9,4916.32,4834.95,4854.41,119.89667,1620959399999,582826.2757429,899,71.89905999999998,349439.8746769,0
2021-05-14 02:30:00,4853.76,4939.68,4841.94,4848.24,156.3102,1620961199999,764806.6931564,1467,75.7762,370755.002959,0
2021-05-14 03:00:00,4848.59,4927.22,4842.93,4921.67,97.25445,1620962999999,473923.2334309,958,42.8005,208716.4788447,0
2021-05-14 03:30:00,4921.46,4927.8,4827.01,4858.28,91.97981,1620964799999,447827.73490890005,874,34.447540000000004,167614.22734629994,0
2021-05-14 04:00:00,4862.3,4905.6,4821.0,4830.16,77.58751,1620966599999,377088.4192843,785,32.41897,157573.26886729998,0
2021-05-14 04:30:00,4827.27,4880.02,4790.01,4846.28,115.02955,1620968399999,555527.8548284001,1289,50.80692,245538.48776490003,0
2021-05-14 05:00:00,4839.66,4893.43,4812.14,4838.3,60.32301,1620970199999,292686.2490014,792,36.67966,178058.6660702,0
2021-05-14 05:30:00,4835.21,4943.01,4826.61,4928.01,71.8205,1620971999999,352023.08558109996,813,40.42015,198316.7469274,0
2021-05-14 06:00:00,4921.52,4942.13,4801.51,4816.83,90.95345999999999,1620973799999,441694.0784222,881,40.37851,195881.52204749998,0
2021-05-14 06:30:00,4817.48,4881.98,4799.0,4854.03,146.08791000000005,1620975599999,707476.0686575,1029,76.81472,372069.86809520004,0
2021-05-14 07:00:00,4855.56,4973.11,4855.56,4933.98,153.81874,1620977399999,758633.8306167,1710,90.46301,445995.10745989997,0
2021-05-14 07:30:00,4930.74,4992.44,4915.29,4940.16,127.13144,1620979199999,628173.4024111,989,80.41593,397445.62450740003,0
2021-05-14 08:00:00,4950.87,4964.07,4930.06,4950.13,110.03773000000001,1620980999999,545128.5035573,676,68.4133,339119.7109174,0
2021-05-14 08:30:00,4951.38,5020.0,4939.97,5012.99,147.51163,1620982799999,735610.086234,1305,101.36697,505716.665262,0
2021-05-14 09:00:00,5015.81,5020.0,4987.35,5010.0,140.32285,1620984599999,702292.7999845999,1060,70.07425,350665.6392812,0
2021-05-14 09:30:00,5005.65,5073.41,5004.37,5054.93,146.19798,1620986399999,737700.8481723,1390,86.49625999999998,436019.9138858,0
2021-05-14 10:00:00,5060.86,5069.98,5028.69,5057.51,81.50242,1620988199999,411679.1775297,671,40.64325,205386.329251,0
2021-05-14 10:30:00,5053.28,5096.85,5043.99,5094.49,77.19445,1620989999999,391478.0031282,806,57.54654,291846.6991419,0
2021-05-14 11:00:00,5089.01,5120.1,5066.18,5114.86,90.75434,1620991799999,462784.42330799997,1019,51.19684,261099.76229349998,0
2021-05-14 11:30:00,5114.84,5150.63,5086.76,5135.8,107.96941000000001,1620993599999,553231.1192071,1242,60.87534,312099.2050435,0
2021-05-14 12:00:00,5151.52,5157.93,5028.81,5043.8,139.93722,1620995399999,712715.2279551,1406,79.90399000000002,407040.69168329996,0
2021-05-14 12:30:00,5037.87,5104.29,5037.86,5073.61,75.10096999999998,1620997199999,380854.8394891,710,33.62928,170675.6945935,0
2021-05-14 13:00:00,5064.71,5078.75,4978.72,5030.96,236.66055,1620998999999,1186408.1496181001,1607,136.27133999999998,682830.5608928001,0
2021-05-14 13:30:00,5035.33,5170.85,5032.77,5165.89,112.11028999999999,1621000799999,572853.0257979999,1614,56.749430000000004,290498.04568770004,0
2021-05-14 14:00:00,5169.63,5170.68,5078.1,5133.25,114.76543999999998,1621002599999,588945.0858533,1147,60.1937,309180.0254225,0
2021-05-14 14:30:00,5131.09,5199.64,5104.12,5183.56,78.19341999999997,1621004399999,403291.09396599996,1302,44.37295,228990.85037729997,0
2021-05-14 15:00:00,5183.41,5266.38,5168.0,5239.26,146.85209,1621006199999,765770.6423446,2111,77.15881,402240.13414979994,0
2021-05-14 15:30:00,5248.31,5267.22,5184.81,5256.83,66.81014,1621007999999,349794.26328490005,810,34.64626,181366.0563659,0
2021-05-14 16:00:00,5256.83,5281.04,5221.46,5273.96,97.47322,1621009799999,512461.81913220003,1183,49.89542,262480.93053270003,0
2021-05-14 16:30:00,5275.91,5350.0,5180.7,5203.48,287.51284,1621011599999,1518062.2142168996,3559,134.99032,712362.4548812,0
2021-05-14 17:00:00,5198.8,5264.98,5185.26,5185.26,93.95689,1621013399999,490696.8104250999,808,38.589040000000004,201561.847877,0
2021-05-14 17:30:00,5185.29,5230.48,5151.92,5179.9,59.1776,1621015199999,307497.8886449001,763,31.46395,163568.0848633,0
2021-05-14 18:00:00,5184.49,5200.25,5088.94,5089.26,90.29307,1621016999999,464825.0913839001,1159,46.81122,241140.94675429998,0
2021-05-14 18:30:00,5093.25,5146.5,5088.78,5109.99,71.9575,1621018799999,367745.05505029997,601,36.33473,185782.75607570002,0
2021-05-14 19:00:00,5108.1,5109.29,5023.65,5040.74,62.45973000000001,1621020599999,315976.7646329001,997,29.341690000000003,148519.5537286,0
2021-05-14 19:30:00,5042.87,5053.58,4973.98,4985.8,112.52853,1621022399999,563225.9075154,1177,60.06035,300608.4620651,0
2021-05-14 20:00:00,4982.9,5003.64,4903.99,4913.15,204.69493,1621024199999,1014747.7126239999,2160,87.51434,433882.721909,0
2021-05-14 20:30:00,4913.73,4954.85,4858.9,4885.27,170.41852,1621025999999,836121.8895281,1838,68.48799,336186.244703,0
2021-05-14 21:00:00,4891.42,4971.88,4866.22,4965.01,114.30473,1621027799999,563753.8607898001,932,60.493019999999994,298040.600042,0
2021-05-14 21:30:00,4963.63,4971.16,4938.57,4963.49,51.70735,1621029599999,256275.77519400002,556,21.78171,107979.3289139,0
2021-05-14 22:00:00,4963.5,4971.62,4926.89,4963.91,50.66815,1621031399999,250997.60323829998,562,25.94688,128492.59236600001,0
2021-05-14 22:30:00,4969.47,5040.19,4955.02,4966.89,99.03411,1621033199999,495535.3189901,1186,43.22054,216441.5347238,0
2021-05-14 23:00:00,4966.89,5015.93,4961.66,5015.93,46.27753,1621034999999,230694.79859229998,478,26.18265,130584.05892030001,0
2021-05-14 23:30:00,5011.23,5038.55,5001.09,5005.06,29.052090000000003,1621036799999,145869.28138889998,329,14.108889999999999,70859.1514777,0
2021-05-15 00:00:00,5005.06,5073.28,4927.16,4983.3,77.72476999999998,1621038599999,389931.1058844,1400,34.06435,170939.6485216,0
2021-05-15 00:30:00,4988.66,5034.68,4904.37,4916.2,96.74736999999999,1621040399999,480236.1714016,1031,49.235820000000004,244873.9534068,0
2021-05-15 01:00:00,4916.2,5110.33,4905.59,5099.15,111.93893,1621042199999,563294.7395059,1376,65.73541,331810.2564201,0
2021-05-15 01:30:00,5086.86,5120.21,5078.87,5091.43,86.51189000000002,1621043999999,441012.3238271,1163,41.017179999999996,209171.248753,0
2021-05-15 02:00:00,5080.23,5136.77,5055.14,5103.47,81.7962,1621045799999,417106.59060540004,973,41.972390000000004,213997.137327,0
2021-05-15 02:30:00,5111.0,5138.29,5052.82,5055.67,68.23879000000001,1621047599999,347135.45806750003,557,48.09384,244714.8145919,0
2021-05-15 03:00:00,5053.53,5068.23,4984.92,4992.2,47.52706,1621049399999,238721.34321420002,637,28.35271,142488.9454908,0
2021-05-15 03:30:00,4991.75,5004.24,4972.01,4977.7,44.19789,1621051199999,220491.45189250002,448,18.586129999999997,92751.69243200001,0
2021-05-15 04:00:00,4976.86,5013.82,4965.4,5009.4,34.70104,1621052999999,173181.5824107,370,21.27358,106177.8024713,0
2021-05-15 04:30:00,5005.8,5036.26,4938.01,4949.12,60.03041999999999,1621054799999,299551.1540314,550,31.25215,156051.15300279998,0
2021-05-15 05:00:00,4956.07,4979.38,4903.59,4938.34,87.15616999999996,1621056599999,430904.45418100007,794,49.09509,242950.83542339999,0
2021-05-15 05:30:00,4938.6,4980.75,4904.8,4978.8,53.112109999999994,1621058399999,262720.5908243,505,23.3133,115379.9531467,0
2021-05-15 06:00:00,4971.71,4977.33,4861.23,4920.71,89.97973,1621060199999,441559.630715,1121,40.9031,200823.39979189998,0
2021-05-15 06:30:00,4919.33,4946.18,4833.96,4888.13,122.49306000000001,1621061999999,598044.119707,1298,49.7471,243120.85876009997,0
2021-05-15 07:00:00,4879.42,4893.17,4819.87,4876.41,59.63515,1621063799999,289204.83869229996,578,32.32539000000001,156872.5314037,0
2021-05-15 07:30:00,4875.06,4919.95,4824.97,4837.26,46.44444,1621065599999,226580.8824134,540,23.707910000000002,115693.1699279,0
2021-05-15 08:00:00,4838.83,4891.11,4806.6,4863.6,73.49449,1621067399999,356388.35189820005,822,37.52707,182073.40952370001,0
2021-05-15 08:30:00,4871.58,4895.67,4800.0,4857.16,79.16481999999998,1621069199999,383949.46344290004,811,39.09098,189895.2485339,0
2021-05-15 09:00:00,4855.38,4944.57,4822.95,4837.87,90.19275999999999,1621070999999,441288.7342675,846,40.55569000000001,198198.82907550002,0
2021-05-15 09:30:00,4837.4,4902.99,4830.97,4888.5,72.63335,1621072799999,353520.46189679997,756,50.47112,245765.1516488,0
2021-05-15 10:00:00,4891.13,4891.13,4780.0,4787.75,123.87163999999999,1621074599999,595522.4307648,1084,38.77055,186780.03882129997,0
2021-05-15 10:30:00,4789.36,4840.33,4764.32,4818.32,78.39465,1621076399999,376509.6000058,827,40.99855,196986.6128822,0
2021-05-15 11:00:00,4822.74,4888.09,4821.01,4853.1,51.55831,1621078199999,250415.8072146,506,32.88881,159721.88652670002,0
2021-05-15 11:30:00,4857.23,4896.12,4812.31,4892.77,56.71238,1621079999999,274930.93074,725,32.5881,157959.40708,0
2021-05-15 12:00:00,4892.77,4905.92,4853.8,4878.33,44.06532,1621081799999,215272.23901490003,410,21.69083,105962.60167660001,0
2021-05-15 12:30:00,4883.57,4946.56,4876.77,4899.06,95.09899,1621083599999,467449.6818139,982,61.60106999999999,302808.70862279995,0
2021-05-15 13:00:00,4898.06,4936.23,4881.47,4899.42,81.47806,1621085399999,400186.0430066,896,35.36613,173744.6020059,0
2021-05-15 13:30:00,4902.44,4925.29,4833.94,4868.0,66.24613000000001,1621087199999,323206.5519967,662,34.64873,169093.40418339998,0
2021-05-15 14:00:00,4868.01,4924.66,4821.58,4821.97,55.93783000000001,1621088999999,272531.891731,601,32.85026,160107.65131179994,0
2021-05-15 14:30:00,4821.83,4933.17,4811.27,4914.55,86.70363,1621090799999,421903.0812004,952,46.417629999999996,225771.54586220003,0
2021-05-15 15:00:00,4910.87,4937.79,4866.0,4875.34,63.03494,1621092599999,308692.7663353,566,32.88315,161104.8593956,0
2021-05-15 15:30:00,4875.61,4878.33,4800.48,4832.62,100.39869,1621094399999,485465.26155929995,830,56.04374,270889.3122918,0
2021-05-15 16:00:00,4832.62,4832.62,4693.69,4696.91,185.08536,1621096199999,880256.0928674,1885,88.04126,418788.7175149,0
2021-05-15 16:30:00,4704.49,4744.65,4667.86,4722.93,149.37415,1621097999999,703783.6977641998,1340,70.04016,330041.4815179,0
2021-05-15 17:00:00,4729.0,4735.24,4666.3,4688.36,118.72126000000002,1621099799999,557361.8763693001,871,62.376619999999996,292975.8276532,0
2021-05-15 17:30:00,4678.05,4741.32,4672.57,4690.94,104.28439,1621101599999,491030.4332404001,798,49.35568,232664.5753265,0
2021-05-15 18:00:00,4689.47,4737.16,4651.69,4737.16,130.96931999999998,1621103399999,614171.0769785,1110,66.32727,311038.2773674,0
2021-05-15 18:30:00,4736.81,4736.81,4677.08,4698.31,55.24613000000001,1621105199999,259728.1934447,431,29.9921,140950.128209,0
2021-05-15 19:00:00,4692.17,4713.93,4590.22,4617.11,146.5759,1621106999999,680141.799436,1488,75.13219000000002,348614.2677973,0
2021-05-15 19:30:00,4617.08,4722.74,4583.26,4722.74,92.81067,1621108799999,432105.7827802,954,48.74387,227101.4208052,0
2021-05-15 20:00:00,4718.58,4746.12,4700.27,4737.53,101.66745999999999,1621110599999,480482.28137790004,620,50.95111,240986.24577139996,0
2021-05-15 20:30:00,4737.42,4748.73,4725.34,4742.01,29.35196,1621112399999,139177.6509907,287,17.58091,83386.232893,0
2021-05-15 21:00:00,4748.48,4768.99,4735.72,4768.19,34.04914,1621114199999,161969.6350429,382,17.81898,84811.51817839999,0
2021-05-15 21:30:00,4767.32,4784.36,4750.09,4780.93,28.66078,1621115999999,136705.4204106,331,14.0788,67176.1312352,0
2021-05-15 22:00:00,4784.7,4801.39,4766.95,4769.06,34.67548,1621117799999,165733.0609222,301,15.72401,75213.3656719,0
2021-05-15 22:30:00,4768.84,4783.19,4683.57,4730.43,90.89612,1621119599999,429977.80576470005,683,34.19623,161933.20907349998,0
2021-05-15 23:00:00,4731.07,4740.92,4628.91,4636.85,63.05761999999999,1621121399999,294934.18905620003,644,31.18934,145803.1162491,0
2021-05-15 23:30:00,4643.85,4655.61,4580.0,4603.61,138.37739,1621123199999,638456.2139609,976,72.3239,333575.9615387,0
2021-05-16 00:00:00,4603.38,4756.98,4567.16,4715.26,179.83324,1621124999999,838898.2937299,1537,81.43356999999997,379688.5607828,0
2021-05-16 00:30:00,4708.29,4730.26,4617.51,4675.96,76.73089,1621126799999,358837.6029239,839,33.8095,158046.2227826,0
2021-05-16 01:00:00,4676.51,4768.86,4676.51,4732.3,74.12040999999998,1621128599999,351351.88928609993,607,49.18662,233354.89671350003,0
2021-05-16 01:30:00,4731.88,4772.59,4693.23,4761.76,36.67776,1621130399999,173595.4230457,392,12.80622,60646.053292,0
2021-05-16 02:00:00,4762.73,4781.14,4754.08,4776.94,39.04122,1621132199999,186129.3777784,342,13.1541,62719.9808221,0
2021-05-16 02:30:00,4777.91,4779.05,4756.05,4769.09,27.865029999999997,1621133999999,132874.1650093,191,9.499989999999999,45302.9691242,0
2021-05-16 03:00:00,4774.88,4800.82,4736.53,4742.2,37.969159999999995,1621135799999,181381.5926914,383,21.31972,101838.527394,0
2021-05-16 03:30:00,4739.92,4763.07,4722.86,4763.07,28.46599,1621137599999,135038.797275,274,17.03132,80818.9644622,0
2021-05-16 04:00:00,4765.74,4789.91,4739.81,4783.94,23.83468,1621139399999,113640.23970539999,287,16.2286,77390.66159260001,0
2021-05-16 04:30:00,4784.24,4784.24,4737.73,4745.87,15.79335,1621141199999,75171.9961233,179,7.23495,34437.3942547,0
2021-05-16 05:00:00,4745.87,4789.24,4734.2,4754.31,26.368909999999996,1621142999999,125510.3221568,258,13.80846,65752.9109739,0
2021-05-16 05:30:00,4754.1,4780.51,4725.19,4738.68,25.4299,1621144799999,120804.59770439999,341,15.18849,72189.34308600001,0
2021-05-16 06:00:00,4741.86,4868.39,4727.97,4825.88,109.59778999999999,1621146599999,526940.6258942999,1149,62.63459,301193.37026109995,0
2021-05-16 06:30:00,4830.43,4852.9,4821.36,4840.38,57.09992,1621148399999,276129.52389979997,356,40.03682,193627.6701025,0
2021-05-16 07:00:00,4834.8,4839.04,4799.18,4809.22,69.47773000000001,1621150199999,334686.5549314,503,43.052459999999996,207385.1759047,0
2021-05-16 07:30:00,4801.71,4854.97,4795.89,4850.84,56.506,1621151999999,272516.5125987,411,31.22,150593.82865739998,0
2021-05-16 08:00:00,4854.9,4856.99,4790.66,4795.0,51.69931,1621153799999,249178.8516512,463,28.19078,135897.36623359998,0
2021-05-16 08:30:00,4795.03,4799.99,4758.44,4778.46,60.60581,1621155599999,289854.84301209997,535,31.72167,151748.32929549998,0
2021-05-16 09:00:00,4776.85,4812.7,4776.85,4808.15,27.662779999999998,1621157399999,132567.1947435,321,15.83354,75901.12796649999,0
2021-05-16 09:30:00,4810.16,4855.58,4807.53,4843.46,106.10483,1621159199999,512571.4582557,761,64.71688,312526.7222355,0
2021-05-16 10:00:00,4841.98,4855.26,4825.52,4828.81,74.70224,1621160999999,361825.3826348,625,38.300959999999996,185547.6187786,0
2021-05-16 10:30:00,4826.06,4925.0,4822.85,4922.24,89.85252,1621162799999,437326.6781524,1224,54.9406,267631.40208649996,0
2021-05-16 11:00:00,4924.36,4925.52,4851.23,4854.68,103.20603,1621164599999,504822.0999198,895,51.51264000000001,251804.53113070002,0
2021-05-16 11:30:00,4851.24,4855.57,4796.75,4804.6,68.78233,1621166399999,331819.67303390004,678,36.87035,177897.4436097,0
2021-05-16 12:00:00,4809.63,4826.24,4785.18,4807.48,28.742829999999998,1621168199999,138101.5592129,430,14.99117,72055.471137,0
2021-05-16 12:30:00,4799.14,4804.03,4733.08,4738.03,68.61797,1621169999999,326485.0549639001,694,28.26744,134506.14519460002,0
2021-05-16 13:00:00,4738.76,4764.85,4735.27,4745.41,41.31254000000001,1621171799999,196247.56654829998,349,23.02296,109378.28897850002,0
2021-05-16 13:30:00,4738.71,4757.99,4722.76,4742.57,101.3251,1621173599999,480261.6544058,729,46.15855,218870.7426008,0
2021-05-16 14:00:00,4740.94,4766.49,4679.9,4679.9,91.40038,1621175399999,431740.4327365,983,46.12376,217960.75216739997,0
2021-05-16 14:30:00,4679.9,4741.6,4668.06,4698.09,101.53733000000001,1621177199999,477104.34082010004,968,49.83656,234386.17528729996,0
2021-05-16 15:00:00,4689.85,4697.79,4630.62,4633.14,74.28372,1621178999999,346490.2681316,701,37.76232,176083.13243079997,0
2021-05-16 15:30:00,4635.13,4676.3,4620.85,4628.33,81.45176,1621180799999,378777.5931221,669,43.21999,200990.0265686,0
2021-05-16 16:00:00,4629.11,4676.68,4600.01,4617.11,117.08383,1621182599999,542666.4996135,949,58.82673000000001,272742.6637012,0
2021-05-16 16:30:00,4613.28,4645.74,4569.74,4638.25,118.21706,1621184399999,543808.822572,840,71.82677,330446.5960887,0
2021-05-16 17:00:00,4635.38,4645.44,4493.4,4568.18,174.12967,1621186199999,792546.3251016,1603,92.47095,420043.5489755,0
2021-05-16 17:30:00,4568.08,4646.5,4503.55,4634.43,90.92408,1621187999999,417248.572898,886,47.724309999999996,219230.4777574,0
2021-05-16 18:00:00,4632.27,4685.5,4586.59,4594.86,141.21373,1621189799999,656301.6578863001,799,53.938,250781.00429920002,0
2021-05-16 18:30:00,4592.67,4639.87,4433.0,4440.52,205.55982,1621191599999,936228.3351708,1891,109.44296999999999,499280.2520902,0
2021-05-16 19:00:00,4439.59,4477.08,4363.8,4407.25,263.45645,1621193399999,1160162.2918386,2344,149.35096000000001,657554.4857866999,0
2021-05-16 19:30:00,4412.19,4455.23,4242.97,4320.83,269.29556,1621195199999,1165852.7744564,2852,124.17506000000002,537685.6220113,0
2021-05-16 20:00:00,4323.2,4426.92,4288.28,4306.18,286.17635,1621196999999,1247296.8952518,2220,166.51953999999995,725806.9175708,0
2021-05-16 20:30:00,4311.1,4360.92,4201.92,4207.19,229.06471000000002,1621198799999,977664.6704006001,1903,122.29637,522460.1742348,0
2021-05-16 21:00:00,4212.9,4310.92,4200.0,4260.48,157.39637,1621200599999,670005.6125199001,1227,64.24688,273643.0531559,0
2021-05-16 21:30:00,4260.31,4368.15,4215.25,4354.98,175.7871,1621202399999,755989.6455223,1309,98.93005,425309.57383179996,0
2021-05-16 22:00:00,4351.01,4517.98,4351.01,4504.74,287.17804,1621204199999,1273897.0717566002,3672,179.75796,797559.5080520002,0
2021-05-16 22:30:00,4498.42,4535.14,4471.46,4472.28,110.56666000000001,1621205999999,497523.3971632,1014,73.54759,330940.786414,0
2021-05-16 23:00:00,4479.65,4544.57,4450.16,4519.63,75.60191,1621207799999,340292.91086540004,809,45.50774000000001,204842.77698820003,0
2021-05-16 23:30:00,4516.46,4557.52,4481.5,4544.21,57.67766999999999,1621209599999,260899.54750729998,712,31.792890000000003,143871.0618563,0
2021-05-17 00:00:00,4545.05,4821.57,4523.44,4601.01,617.34818,1621211399999,2867829.0706824,5579,364.8868,1697767.2230215,0
2021-05-17 00:30:00,4597.11,4789.99,4590.15,4691.1,409.32336000000004,1621213199999,1928233.3522943,3555,199.68123,941525.6233025999,0
2021-05-17 01:00:00,4692.73,4708.4,4543.31,4566.26,196.29592,1621214999999,906013.9344623002,1799,96.7843,446909.5027837,0
2021-05-17 01:30:00,4570.4,4624.0,4519.61,4566.35,136.13124,1621216799999,620215.7807814999,1073,58.579159999999995,267148.10504299996,0
2021-05-17 02:00:00,4573.08,4665.64,4544.7,4569.57,121.47896000000001,1621218599999,558315.9113551999,1100,65.15202,299658.3149403,0
2021-05-17 02:30:00,4566.23,4577.04,4518.11,4549.99,74.33451,1621220399999,337891.4186787,817,38.79636,176472.6666449,0
2021-05-17 03:00:00,4540.64,4574.89,4401.6,4406.71,125.86745,1621222199999,564775.1632325,1019,44.25767000000001,198519.838863,0
2021-05-17 03:30:00,4403.17,4454.6,4318.25,4326.78,294.41505,1621223999999,1292239.5688358,2208,146.36649,642652.7696311999,0
2021-05-17 04:00:00,4326.79,4379.65,4201.54,4370.82,391.38605,1621225799999,1678080.95634,3261,205.57325,881269.2759885,0
2021-05-17 04:30:00,4370.15,4386.03,4314.4,4370.37,168.31784,1621227599999,732400.0552006,1311,96.30575,419178.0098539,0
2021-05-17 05:00:00,4371.29,4393.18,4303.29,4304.89,87.28725,1621229399999,379334.5126903,724,35.39292000000001,153674.92432289998,0
2021-05-17 05:30:00,4311.53,4416.37,4235.23,4404.04,156.66537,1621231199999,675880.1512549,1381,81.29584,351086.303021,0
2021-05-17 06:00:00,4412.91,4512.89,4385.01,4502.05,303.59342999999996,1621232999999,1349733.1983265,2044,146.72783,652793.6809492,0
2021-05-17 06:30:00,4506.01,4513.03,4444.57,4463.14,81.99391,1621234799999,366878.5391098,730,34.84938,155934.39611220002,0
2021-05-17 07:00:00,4467.92,4534.53,4446.29,4531.26,66.19655,1621236599999,297610.73287859996,763,35.64755,160410.2428516,0
2021-05-17 07:30:00,4531.21,4570.51,4497.25,4553.46,52.44448000000001,1621238399999,237837.2279468,783,24.92379,113162.194786,0
2021-05-17 08:00:00,4561.74,4609.36,4522.76,4606.27,90.59805,1621240199999,413739.1903938,1054,45.76356,209148.051709,0
2021-05-17 08:30:00,4609.11,4632.25,4569.56,4617.69,72.31555,1621241999999,332809.3033706,945,39.4063,181403.7369963,0
2021-05-17 09:00:00,4618.0,4629.01,4530.45,4554.21,93.76612,1621243799999,427918.5877536,893,49.452709999999996,225695.9662415,0
2021-05-17 09:30:00,4557.48,4625.99,4534.66,4598.55,68.39253000000001,1621245599999,314009.8494455,702,35.85226,164585.8974111,0
2021-05-17 10:00:00,4600.35,4616.75,4526.47,4533.43,49.689659999999996,1621247399999,226830.1401422,459,24.53857,112005.5952101,0
2021-05-17 10:30:00,4531.93,4583.21,4482.04,4498.79,107.99561000000001,1621249199999,489643.3439683,1139,41.39787000000001,187741.3598673,0
2021-05-17 11:00:00,4502.14,4643.72,4490.37,4583.04,116.57777,1621250999999,533581.6184852,1711,70.61283,323266.1543566,0
2021-05-17 11:30:00,4583.95,4635.0,4557.93,4626.41,72.75516999999998,1621252799999,334632.3733777,1143,38.373290000000004,176606.4287148,0
2021-05-17 12:00:00,4631.18,4657.55,4565.77,4577.22,95.4102,1621254599999,439623.0509425,1047,42.434259999999995,195735.2501565,0
2021-05-17 12:30:00,4576.43,4630.68,4576.43,4595.19,65.73040999999999,1621256399999,303097.76394890004,542,32.26356,148719.2751313,0
2021-05-17 13:00:00,4595.21,4616.55,4521.51,4523.55,29.147270000000002,1621258199999,133011.74103970002,540,13.25048,60546.6084646,0
2021-05-17 13:30:00,4523.13,4582.38,4506.93,4554.7,47.591120000000004,1621259999999,216260.2666744,618,28.956329999999998,131509.54468669998,0
2021-05-17 14:00:00,4554.68,4566.93,4402.52,4413.92,117.25692,1621261799999,522390.2003904,1417,54.273830000000004,242253.4096804,0
2021-05-17 14:30:00,4414.3,4486.5,4367.09,4465.63,121.1294,1621263599999,536252.3182222,1144,49.75331,220499.5116559,0
2021-05-17 15:00:00,4463.52,4500.0,4419.85,4434.45,77.52161,1621265399999,345116.01820349996,729,45.92577,204486.83671139998,0
2021-05-17 15:30:00,4447.18,4455.29,4314.53,4350.76,113.58408999999999,1621267199999,496684.6232766,1145,46.017379999999996,201263.9267464,0
2021-05-17 16:00:00,4338.1,4386.73,4291.91,4380.35,94.88604000000001,1621268999999,411777.43278649997,1005,48.140840000000004,209073.6119105,0
2021-05-17 16:30:00,4380.1,4381.09,4202.45,4222.0,311.43441,1621270799999,1328747.4597792,2526,123.96987,529351.6619982,0
2021-05-17 17:00:00,4219.82,4265.38,4132.22,4158.43,183.1108,1621272599999,767723.6516186,2078,87.79469,368222.4146915,0
2021-05-17 17:30:00,4158.5,4245.38,4158.5,4193.94,139.33139,1621274399999,585731.6559658,1473,68.94308000000001,289772.20710349997,0
2021-05-17 18:00:00,4193.94,4266.31,4151.94,4254.93,131.98983,1621276199999,557229.6582247,1456,75.06262,317217.3714055,0
2021-05-17 18:30:00,4251.17,4371.27,4150.0,4363.82,177.70946,1621277999999,759592.1432643002,1348,58.61684,252231.4054784,0
2021-05-17 19:00:00,4357.68,4427.64,4353.5,4421.49,158.55743999999999,1621279799999,696923.8369098001,1408,56.72116,249268.1824612,0
2021-05-17 19:30:00,4416.01,4495.0,4405.01,4464.73,253.69568999999998,1621281599999,1127823.5531321,2068,136.81075,608713.5636689,0
2021-05-17 20:00:00,4465.4,4531.19,4453.89,4483.97,203.45786,1621283399999,913115.2539975999,1788,99.30109,445626.1538862001,0
2021-05-17 20:30:00,4483.97,4573.4,4482.92,4531.63,105.45513000000001,1621285199999,478316.8770455,1228,64.21273000000001,291214.6123177,0
2021-05-17 21:00:00,4536.58,4536.58,4434.75,4438.22,135.36518999999998,1621286999999,606091.7752539001,1270,69.36211999999999,311003.63382409996,0
2021-05-17 21:30:00,4447.17,4447.18,4314.25,4315.51,172.69696000000005,1621288799999,754444.1758255998,1480,72.65722,316674.6709217,0
2021-05-17 22:00:00,4320.57,4377.18,4300.28,4309.08,87.68488,1621290599999,380286.014324,809,42.29574,183201.8296401,0
2021-05-17 22:30:00,4309.32,4327.49,4183.19,4189.29,128.59855,1621292399999,544046.8517551,1408,62.616080000000004,265173.1046134,0
2021-05-17 23:00:00,4189.14,4261.14,4181.33,4252.34,123.29047,1621294199999,520289.4881052,1006,67.35698000000001,284396.54537209996,0
2021-05-17 23:30:00,4250.37,4300.12,4225.91,4246.57,88.8245,1621295999999,378803.7968269,772,38.30187,163580.8546151,0
2021-05-18 00:00:00,4254.75,4372.12,4196.34,4366.5,200.24493,1621297799999,861796.9562739,1614,90.50174,388826.51084490004,0
2021-05-18 00:30:00,4360.69,4397.4,4334.11,4369.18,154.05622,1621299599999,671993.5753112,992,84.0525,366778.556474,0
2021-05-18 01:00:00,4371.86,4440.73,4369.09,4435.33,118.81318999999999,1621301399999,523694.65645320003,987,74.04663000000002,326581.0385706,0
2021-05-18 01:30:00,4435.33,4458.67,4411.52,4456.76,63.31391,1621303199999,280616.709056,687,33.09446,146702.4995563,0
2021-05-18 02:00:00,4453.03,4466.06,4363.19,4375.69,120.30096999999999,1621304999999,530102.4427821,1304,54.46938000000001,240023.7680677,0
2021-05-18 02:30:00,4376.99,4498.79,4376.99,4487.9,76.2661,1621306799999,337392.45653609995,894,36.91907,163695.2532191,0
2021-05-18 03:00:00,4485.19,4494.9,4429.41,4486.9,39.204809999999995,1621308599999,174857.0267282,443,22.84658,101824.0170342,0
2021-05-18 03:30:00,4488.95,4639.74,4485.4,4626.18,297.90062,1621310399999,1360129.4238685,3700,183.25011,836407.6096665999,0
2021-05-18 04:00:00,4620.09,4651.24,4599.39,4604.44,149.96674,1621312199999,694988.862382,1399,96.56175999999999,447759.27763950004,0
2021-05-18 04:30:00,4611.18,4803.11,4611.18,4790.23,428.98694000000006,1621313999999,2031255.2458479,4092,271.9629,1287336.614993,0
2021-05-18 05:00:00,4789.97,4854.53,4737.52,4840.36,262.04741,1621315799999,1258797.0918892,2760,121.75065,584580.9280493,0
2021-05-18 05:30:00,4835.65,4923.78,4781.18,4863.29,440.78898,1621317599999,2146750.8424572,3753,268.13639,1306937.6247039,0
2021-05-18 06:00:00,4858.39,4929.34,4811.13,4925.38,256.12624,1621319399999,1245957.2769533999,2449,127.13753,618907.7632378,0
2021-05-18 06:30:00,4922.7,4927.78,4805.49,4810.06,189.76824,1621321199999,924412.2091280001,1944,108.66668999999999,529374.0508615,0
2021-05-18 07:00:00,4813.01,4897.84,4813.01,4851.65,125.58878,1621322999999,609961.6703571,1052,59.89735,290881.3437272001,0
2021-05-18 07:30:00,4848.63,4940.18,4844.21,4928.47,145.11202,1621324799999,711303.5976404,1663,76.86832,376928.5254697,0
2021-05-18 08:00:00,4930.58,4966.5,4853.98,4944.53,206.35156,1621326599999,1014707.4141515999,2195,102.67304,505304.882703,0
2021-05-18 08:30:00,4942.42,4962.88,4888.63,4928.33,114.72981000000001,1621328399999,565439.5484151,1184,58.57095,288710.65053040005,0
2021-05-18 09:00:00,4928.53,4964.98,4881.71,4959.22,254.65739,1621330199999,1255073.60423,2210,153.01568999999995,754657.3034912,0
2021-05-18 09:30:00,4960.8,4990.0,4895.12,4924.86,206.45998,1621331999999,1021325.4855746,2624,110.35712,545728.2578825,0
2021-05-18 10:00:00,4926.82,4977.79,4895.2,4971.46,125.57892,1621333799999,619020.8279344,1374,78.40585,386418.90958740003,0
2021-05-18 10:30:00,4965.33,5036.18,4951.81,4981.92,121.43767,1621335599999,606996.030634,2046,55.5274,277616.72689309996,0
2021-05-18 11:00:00,4989.98,4994.09,4942.55,4964.11,81.3301,1621337399999,404463.29451820004,1006,45.88254000000001,228181.5997138,0
2021-05-18 11:30:00,4964.11,5036.8,4924.97,4995.26,179.50303,1621339199999,895737.4763965,1555,78.97122,393734.14669759996,0
2021-05-18 12:00:00,4998.05,5004.0,4897.91,4946.74,156.99202,1621340999999,777659.5215675,1677,75.61825999999998,374553.99583659996,0
2021-05-18 12:30:00,4943.72,4956.13,4735.71,4779.65,360.14752999999996,1621342799999,1735662.4101472,3206,138.80528999999999,668901.9601041999,0
2021-05-18 13:00:00,4780.94,4863.5,4756.49,4840.0,488.38462000000004,1621344599999,2355232.5890222997,3000,157.22734,758071.0864651002,0
2021-05-18 13:30:00,4845.44,4881.53,4817.41,4860.05,420.60814000000005,1621346399999,2041071.2139018,2326,164.44967,798465.525672,0
2021-05-18 14:00:00,4857.98,4859.99,4751.61,4812.6,439.18153,1621348199999,2113721.6612691004,2932,135.24713,651218.8809053,0
2021-05-18 14:30:00,4808.55,4833.6,4721.95,4823.37,447.74119,1621349999999,2132677.5340584,2660,194.16305,924754.6976838001,0
2021-05-18 15:00:00,4822.28,4909.59,4749.02,4906.09,174.60273,1621351799999,845277.8726258002,1439,85.91524,416210.6577998,0
2021-05-18 15:30:00,4907.71,4907.71,4710.52,4733.6,263.52635,1621353599999,1258821.9815101998,2294,124.80166000000001,596409.9441741001,0
2021-05-18 16:00:00,4736.91,4821.41,4666.0,4709.71,365.07011,1621355399999,1723832.0839205002,3088,152.19386,719512.9416786998,0
2021-05-18 16:30:00,4703.41,4821.89,4692.13,4815.0,176.53652,1621357199999,839401.0317084001,1952,75.47972,358784.2155499,0
2021-05-18 17:00:00,4812.67,4842.0,4762.26,4821.34,149.7126,1621358999999,717388.6711275,1432,63.07923,302653.35635709995,0
2021-05-18 17:30:00,4823.88,4851.0,4804.43,4826.01,104.90436000000001,1621360799999,506330.12330200005,1675,60.40871,291702.8505362,0
2021-05-18 18:00:00,4824.07,4824.08,4707.0,4758.0,179.90601,1621362599999,856163.648345,1891,83.71768,398093.81651100004,0
2021-05-18 18:30:00,4759.44,4792.1,4650.0,4668.44,233.65659,1621364399999,1097098.1943223,2416,90.31397,424455.03331659996,0
2021-05-18 19:00:00,4665.87,4694.96,4632.65,4675.82,191.89158999999998,1621366199999,895373.2899976998,2231,84.37015,393811.0888521,0
2021-05-18 19:30:00,4681.19,4824.64,4676.12,4824.64,133.61631,1621367999999,635434.345156,1958,75.29436,358277.174056,0
2021-05-18 20:00:00,4817.52,4850.0,4676.85,4792.69,201.88782,1621369799999,961552.0917599001,1987,100.20943,477536.3158047,0
2021-05-18 20:30:00,4789.8,4815.4,4756.29,4798.13,85.53704,1621371599999,409353.8373538,719,52.85734,252943.87071329998,0
2021-05-18 21:00:00,4801.63,4857.13,4755.6,4796.81,104.82033,1621373399999,503622.973662,1601,54.27581,260428.193065,0
2021-05-18 21:30:00,4789.82,4792.53,4645.0,4655.22,113.91221999999999,1621375199999,535634.8308867001,1093,42.05121,197715.8684249,0
2021-05-18 22:00:00,4655.63,4714.28,4618.01,4702.04,137.97683,1621376999999,643845.7101943,1061,89.68944,418404.3994412,0
2021-05-18 22:30:00,4706.12,4751.92,4646.9,4652.58,116.60746999999999,1621378799999,546733.682039,937,69.45203000000001,325653.0267642,0
2021-05-18 23:00:00,4652.01,4679.39,4571.02,4679.39,170.93692,1621380599999,790489.9524781,1671,85.29845,394633.35317849996,0
2021-05-18 23:30:00,4679.39,4686.63,4573.74,4653.29,165.70935,1621382399999,768308.1084771,1635,59.72736,277013.5509336,0
2021-05-19 00:00:00,4646.11,4740.07,4607.16,4718.28,115.34353,1621384199999,539786.5642640999,1093,62.99211999999999,294723.2101172,0
2021-05-19 00:30:00,4721.1,4721.1,4571.62,4572.93,121.19142,1621385999999,562377.6374907,1216,38.38145,178300.8493495,0
2021-05-19 01:00:00,4571.42,4586.85,4414.49,4420.88,291.83101,1621387799999,1313493.1432752,3252,136.52766,613593.7118311999,0
2021-05-19 01:30:00,4417.35,4530.99,4309.96,4362.67,565.22331,1621389599999,2487781.2414316004,3716,240.49932,1060753.5919184,0
2021-05-19 02:00:00,4360.75,4424.46,4320.85,4331.1,152.60504,1621391399999,666262.6952676999,945,73.87666999999998,322512.7533681,0
2021-05-19 02:30:00,4326.8,4347.67,4256.11,4256.88,178.56436000000005,1621393199999,767428.1179808001,1243,58.32869,251178.31297679996,0
2021-05-19 03:00:00,4261.37,4307.31,4218.41,4306.18,441.63624000000004,1621394999999,1884106.5730643002,2298,174.7625,745456.0190336,0
2021-05-19 03:30:00,4298.39,4300.67,4220.11,4227.2,199.59393,1621396799999,848957.83571,1112,79.55457,338607.3857707,0
2021-05-19 04:00:00,4228.0,4284.02,4088.86,4088.86,400.09562999999997,1621398599999,1670687.8402582,2743,106.22968999999999,445482.7838727,0
2021-05-19 04:30:00,4088.86,4142.86,3900.0,4009.49,751.19668,1621400399999,3009783.3166638,4872,289.45609,1160858.841241,0
2021-05-19 05:00:00,4007.45,4179.41,4007.45,4171.59,341.7537700000001,1621402199999,1405289.9596594,2492,184.68131,760481.2174937,0
2021-05-19 05:30:00,4168.68,4168.68,4004.62,4030.99,365.98654,1621403999999,1485911.7177342,2604,192.55184,781955.0882989,0
2021-05-19 06:00:00,4036.4,4114.61,4032.45,4113.01,198.3684,1621405799999,809564.5051278,1521,121.0969,494076.77280950005,0
2021-05-19 06:30:00,4108.43,4110.27,3975.37,4013.06,299.4794,1621407599999,1202573.2169136999,2263,114.37709,458914.47515699995,0
2021-05-19 07:00:00,4016.93,4067.6,3890.03,4048.95,320.10003,1621409399999,1274718.7977971002,2476,162.56655,648286.0536875,0
2021-05-19 07:30:00,4044.83,4144.96,3996.34,4128.83,213.83552000000003,1621411199999,874944.6771083,1423,104.85943999999999,428443.49280320003,0
2021-05-19 08:00:00,4124.55,4171.58,4082.48,4161.59,233.85202999999998,1621412999999,966795.9092055,1909,115.75719,478943.75176970003,0
2021-05-19 08:30:00,4154.68,4214.93,4136.12,4214.93,112.01768999999999,1621414799999,466626.8503542,730,57.03163000000001,237687.4015598,0
2021-05-19 09:00:00,4209.7,4219.06,4123.21,4123.21,114.34647,1621416599999,477767.42807659996,821,44.5767,186186.24050010002,0
2021-05-19 09:30:00,4129.06,4217.29,4108.28,4211.42,99.4618,1621418399999,413313.6599329001,828,46.76487,194320.313717,0
2021-05-19 10:00:00,4212.87,4222.1,4055.5,4099.65,212.50556,1621420199999,873457.8129681,1466,105.15963,432120.4932483,0
2021-05-19 10:30:00,4099.04,4101.79,3966.94,4029.27,235.25952999999998,1621421999999,947488.5500195,1809,98.30797,395729.6886435,0
2021-05-19 11:00:00,4035.7,4057.5,3696.37,3706.21,437.55807000000004,1621423799999,1693890.2532895,3158,189.07873,732060.9987293,0
2021-05-19 11:30:00,3698.9,3731.61,3500.0,3725.15,1048.62595,1621425599999,3798906.1821308,6451,478.71339000000006,1736507.8530698004,0
2021-05-19 12:00:00,3728.66,3763.52,3639.86,3709.99,784.05803,1621427399999,2908210.7358411,5466,324.04821,1201653.0231615,0
2021-05-19 12:30:00,3713.85,3823.22,2830.0,3041.52,1227.69785,1621429199999,4040265.8178822,7966,561.51972,1856519.4616753003,0
2021-05-19 13:00:00,3041.9,4435.58,2435.0,3080.39,846.7859900000003,1621430999999,2478866.7191737005,7225,345.33621,1052875.5529450001,0
2021-05-19 13:30:00,3127.34,3571.45,3080.05,3356.71,432.26135999999997,1621432799999,1451499.4492631,5638,194.48524,654980.7832584,0
2021-05-19 14:00:00,3331.4,3490.0,3182.79,3472.52,600.78349,1621434599999,1995047.232272,4472,326.82835,1085335.5644168002,0
2021-05-19 14:30:00,3468.45,3534.78,3241.89,3523.64,448.77896,1621436399999,1531762.3120078999,3293,218.40005,746515.0250422,0
2021-05-19 15:00:00,3525.23,3798.23,3490.35,3712.12,599.64639,1621438199999,2181289.7206098,4019,301.89949,1098807.4814315,0
2021-05-19 15:30:00,3712.12,3921.72,3703.39,3889.64,459.71513,1621439999999,1756944.794176,3751,248.0721,948536.502469,0
2021-05-19 16:00:00,3891.44,3931.66,3711.94,3890.58,679.49009,1621441799999,2613439.9655767996,5032,388.6115,1494430.8425408,0
2021-05-19 16:30:00,3892.62,4699.0,3888.77,4215.04,913.3303199999999,1621443599999,3766455.3848235,7272,543.2038299999998,2245139.2035366003,0
2021-05-19 17:00:00,4215.04,4402.21,4013.31,4272.11,497.01248,1621445399999,2086950.9300323997,4460,251.41476,1056325.5523959,0
2021-05-19 17:30:00,4273.74,4275.71,4058.59,4094.44,618.9024900000003,1621447199999,2566095.0343044996,4904,309.42148,1281334.6672586,0
2021-05-19 18:00:00,4086.59,4158.85,3866.37,4014.65,669.06709,1621448999999,2683840.2272906,5406,331.33024,1329523.9763825,0
2021-05-19 18:30:00,4020.17,4078.99,3864.19,3886.02,540.89055,1621450799999,2158209.3382869,5767,262.32568,1047142.3313679001,0
2021-05-19 19:00:00,3884.94,3978.88,3845.05,3917.91,571.08203,1621452599999,2237401.2455602996,4363,248.11635,971258.5741643,0
2021-05-19 19:30:00,3920.38,3929.66,3795.0,3851.06,563.1632,1621454399999,2171990.0860195,4662,273.85502,1056944.9596744,0
2021-05-19 20:00:00,3846.97,3945.0,3821.0,3846.25,448.16107999999997,1621456199999,1745379.3637508,3868,193.54207,754578.6637175998,0
2021-05-19 20:30:00,3849.31,3874.67,3671.51,3678.78,502.39009000000004,1621457999999,1895316.0693650001,5067,206.98582,780824.0143304,0
2021-05-19 21:00:00,3685.29,3745.69,3482.0,3528.96,347.71067999999997,1621459799999,1252841.2491437,3810,140.82504,508082.9860561,0
2021-05-19 21:30:00,3534.9,3754.03,3520.09,3735.59,322.7897,1621461599999,1181981.2846371,2862,170.57493,624695.8312345999,0
2021-05-19 22:00:00,3735.59,3874.16,3694.36,3807.59,353.27047999999996,1621463399999,1342192.8477432,2599,202.83787,770875.5117837,0
2021-05-19 22:30:00,3808.84,3877.55,3761.14,3805.45,578.76861,1621465199999,2215427.1545967003,3979,262.59788,1006200.3872538,0
2021-05-19 23:00:00,3809.29,3833.61,3621.06,3633.0,366.42566,1621466999999,1361855.5522032,2938,183.41191,681487.0063136999,0
2021-05-19 23:30:00,3629.12,3705.12,3462.08,3462.08,373.56232,1621468799999,1340450.5063206002,3020,184.68745,662367.1202036999,0
2021-05-20 00:00:00,3463.01,3604.85,3420.05,3424.39,443.60009,1621470599999,1567795.4867226004,2800,263.60062,931781.7881203002,0
2021-05-20 00:30:00,3428.48,3464.58,3019.68,3151.84,1866.6510899999998,1621472399999,5987970.4713945,10408,1074.4433,3439618.9383658,0
2021-05-20 01:00:00,3152.12,3322.5,3063.8,3292.69,754.59653,1621474199999,2424529.6247607996,4431,400.75389,1287476.101856,0
2021-05-20 01:30:00,3295.23,3337.98,3240.4,3301.2,409.68401,1621475999999,1346113.1715972999,2587,224.18828,736120.4958345002,0
2021-05-20 02:00:00,3301.16,3441.51,3267.4,3414.58,240.05171,1621477799999,812577.5474585998,2190,108.82743,368353.7823437,0
2021-05-20 02:30:00,3407.5,3487.55,3360.37,3459.86,304.89398,1621479599999,1043553.3002326001,2073,132.87343,454723.5650918,0
2021-05-20 03:00:00,3463.31,3549.44,3417.61,3480.75,355.03548,1621481399999,1236902.3961461,2485,165.21254,575480.035157,0
2021-05-20 03:30:00,3477.35,3539.64,3414.33,3527.12,232.22062000000003,1621483199999,802764.3139854,2140,110.09747,381125.9987479,0
2021-05-20 04:00:00,3522.84,3688.2,3491.35,3661.31,418.44369,1621484999999,1508198.9623854996,3619,196.23656,707770.0777053002,0
2021-05-20 04:30:00,3659.74,3694.48,3496.75,3549.8,710.78817,1621486799999,2532824.7557091,4460,509.4968,1813569.4135462,0
2021-05-20 05:00:00,3549.8,3603.82,3493.47,3519.36,997.44837,1621488599999,3543296.2094742013,4881,662.62729,2352970.4202152,0
2021-05-20 05:30:00,3523.96,3643.68,3518.28,3624.06,280.9094,1621490399999,1006787.5211351999,1986,141.24483,505655.88191949995,0
2021-05-20 06:00:00,3617.44,3654.13,3537.88,3560.86,227.94687000000002,1621492199999,817900.4304020002,1685,105.83041000000001,379361.5785775,0
2021-05-20 06:30:00,3556.31,3696.19,3556.31,3620.93,273.95746,1621493999999,1000964.1419611,1963,160.4097,586696.66293,0
2021-05-20 07:00:00,3625.68,3945.24,3625.68,3775.23,349.55622,1621495799999,1303429.062897,3253,204.95127,765895.3828275,0
2021-05-20 07:30:00,3775.23,3832.05,3714.05,3753.83,248.69611,1621497599999,937616.3799609002,2333,121.62078999999999,458878.99283009995,0
2021-05-20 08:00:00,3747.47,3793.0,3683.51,3727.03,239.1699,1621499399999,893606.3756446998,1614,99.99552,373638.50845059997,0
2021-05-20 08:30:00,3727.62,3758.62,3647.8,3751.32,113.4036,1621501199999,419946.9132717,1130,63.87300000000001,236711.22616870003,0
2021-05-20 09:00:00,3745.95,3748.07,3602.79,3625.81,113.90006000000001,1621502999999,418398.9033533,1146,53.2111,195078.1760158,0
2021-05-20 09:30:00,3615.15,3721.32,3588.29,3699.24,151.4109,1621504799999,551601.2223593,1085,65.84134,241045.25263729997,0
2021-05-20 10:00:00,3701.0,3777.83,3685.99,3748.05,123.83763,1621506599999,462872.06405129994,1261,64.21203,240163.88454439997,0
2021-05-20 10:30:00,3746.41,3804.33,3694.46,3800.83,130.62872,1621508399999,489501.16624920006,1197,69.52775,260487.231393,0
2021-05-20 11:00:00,3795.14,3807.85,3726.66,3772.21,193.64821,1621510199999,729185.4818026,1688,93.24067,351311.0017211,0
2021-05-20 11:30:00,3771.97,3895.85,3771.97,3880.44,239.68181,1621511999999,922040.4466139999,2219,128.28128999999998,492905.0236068,0
2021-05-20 12:00:00,3878.01,4016.29,3831.04,4016.28,198.94926,1621513799999,780007.4259652,2379,107.22672,420481.04294659995,0
2021-05-20 12:30:00,4010.76,4147.95,3970.7,4137.89,275.96404,1621515599999,1123791.3557661,3562,152.21123,620787.2218481,0
2021-05-20 13:00:00,4132.85,4300.0,4114.36,4183.74,229.02186,1621517399999,954549.2556306999,2518,150.02098,626114.1044673,0
2021-05-20 13:30:00,4183.44,4216.84,3993.1,4091.87,339.32794,1621519199999,1385946.767465,3031,180.73809,738273.0066853,0
2021-05-20 14:00:00,4103.23,4165.17,4067.23,4144.05,154.45063000000005,1621520999999,636483.590218,1523,76.55103000000003,315803.6796553,0
2021-05-20 14:30:00,4146.35,4171.72,4080.7,4097.2,169.59378999999996,1621522799999,698618.4632801999,1292,91.00596999999999,375100.7569663,0
2021-05-20 15:00:00,4092.82,4180.02,4092.82,4163.74,98.12993,1621524599999,407150.1404979,1043,51.38924,213377.2350574,0
2021-05-20 15:30:00,4160.4,4207.51,4086.26,4124.9,149.7924,1621526399999,619745.3973425999,1532,81.51563,337634.4670681,0
2021-05-20 16:00:00,4131.27,4140.0,3734.97,3889.03,602.74188,1621528199999,2357732.9144743998,4883,308.99016,1207572.709491,0
2021-05-20 16:30:00,3887.33,3899.0,3660.03,3818.91,327.79032,1621529999999,1238023.2389644,2697,171.37583999999995,647676.8488944,0
2021-05-20 17:00:00,3808.28,3881.42,3769.15,3830.24,157.89163,1621531799999,604170.9545388999,1568,76.60386,293587.4266972,0
2021-05-20 17:30:00,3832.64,3905.98,3815.91,3871.9,91.28527,1621533599999,352865.0213755,1013,41.8972,162205.45702,0
2021-05-20 18:00:00,3864.75,3931.72,3785.09,3926.61,177.21586000000005,1621535399999,682801.5635441999,1608,61.67394,238513.8755608,0
2021-05-20 18:30:00,3925.67,3935.64,3888.82,3901.6,52.294959999999996,1621537199999,204440.7005986,681,21.709310000000002,84933.0619249,0
2021-05-20 19:00:00,3894.88,3994.39,3854.06,3950.34,112.49848,1621538999999,441770.8999573,1218,54.50857,214209.5457602,0
2021-05-20 19:30:00,3950.26,3990.15,3920.95,3951.74,51.940490000000004,1621540799999,205216.63243660002,600,26.81914,106040.80080089999,0
2021-05-20 20:00:00,3951.74,4031.83,3895.29,4027.73,70.38195,1621542599999,279964.57182240003,1078,33.563559999999995,133551.32954140002,0
2021-05-20 20:30:00,4021.5,4022.16,3901.19,3928.68,68.36695,1621544399999,269589.2829214,1012,29.80337,117404.7588978,0
2021-05-20 21:00:00,3937.35,4026.19,3882.72,4022.82,68.28245,1621546199999,269951.52811859996,916,32.88232,130229.2560254,0
2021-05-20 21:30:00,4026.0,4040.92,4001.04,4022.79,43.98055,1621547999999,176979.60657920004,569,27.267509999999998,109732.56313299999,0
2021-05-20 22:00:00,4026.96,4040.64,3925.79,3935.7,55.40359,1621549799999,220597.85170139998,656,33.47376,133471.53058,0
2021-05-20 22:30:00,3934.57,4050.16,3818.28,4033.4,190.21199,1621551599999,744741.1029885998,2531,88.98741,349331.3493317,0
2021-05-20 23:00:00,4025.02,4050.29,3930.65,3973.27,130.36633,1621553399999,519242.4185936,1166,87.20325,347631.9829041,0
2021-05-20 23:30:00,3978.49,3978.71,3875.53,3937.61,86.09816,1621555199999,338057.0769427,1024,46.55472,182877.801519,0
2021-05-21 00:00:00,3937.61,4054.99,3932.44,4041.38,125.50435,1621556999999,504099.2772271,1706,73.51451,295473.0502712,0
2021-05-21 00:30:00,4042.55,4138.42,4040.85,4130.84,124.57911000000001,1621558799999,509546.38083740004,1490,66.3555,271368.1532156,0
2021-05-21 01:00:00,4135.14,4173.94,4105.6,4131.57,103.96271999999999,1621560599999,430093.36715790007,1035,50.39055,208381.9433911,0
2021-05-21 01:30:00,4130.6,4175.0,4103.76,4154.6,81.23225,1621562399999,336972.4750589,815,53.13525,220698.97938570005,0
2021-05-21 02:00:00,4154.6,4159.71,4067.33,4081.73,80.43955,1621564199999,330500.4051166,875,46.7748,192020.1633408,0
2021-05-21 02:30:00,4082.52,4097.17,4033.86,4047.43,49.78955,1621565999999,202174.390419,616,23.2078,94311.2170498,0
2021-05-21 03:00:00,4046.07,4047.98,3957.61,3975.94,122.72726000000002,1621567799999,491043.2930602,1184,64.3812,257134.02309170002,0
2021-05-21 03:30:00,3970.89,4001.04,3940.33,3962.87,91.14945999999999,1621569599999,362405.01776220003,802,43.80105,174216.9623442,0
2021-05-21 04:00:00,3956.1,3991.2,3882.9,3886.61,139.82211,1621571399999,550555.4471443001,1385,73.56175,289363.4107464,0
2021-05-21 04:30:00,3884.97,3919.71,3833.83,3891.75,131.68438,1621573199999,510520.75601079996,1238,66.26078000000001,256802.2577408,0
2021-05-21 05:00:00,3897.58,3940.78,3819.63,3872.04,128.66976,1621574999999,496356.69681209995,1220,61.41911999999999,237093.1098219,0
2021-05-21 05:30:00,3868.39,3917.31,3830.43,3845.03,111.6625,1621576799999,432812.28308210004,852,58.77425,228006.63336510002,0
2021-05-21 06:00:00,3834.55,3849.58,3776.75,3821.22,130.24245,1621578599999,496805.0994015,1172,69.22135,264143.1486633,0
2021-05-21 06:30:00,3824.54,3908.2,3793.06,3893.65,136.18059,1621580399999,524618.5641362,1355,69.1097,266559.0604941,0
2021-05-21 07:00:00,3890.16,3901.04,3768.4,3779.74,113.91501000000001,1621582199999,435815.16292930004,1058,51.928940000000004,198873.8508411,0
2021-05-21 07:30:00,3779.74,3833.5,3762.82,3802.64,91.13463,1621583999999,346011.9230469,729,36.93404,140330.41626529998,0
2021-05-21 08:00:00,3807.63,3839.23,3706.22,3817.04,131.98356,1621585799999,497644.6880787,1324,78.77405999999998,297218.22347140004,0
2021-05-21 08:30:00,3812.87,3843.56,3743.06,3825.78,67.96776,1621587599999,258164.8474729,693,36.45626,138611.6421603,0
2021-05-21 09:00:00,3826.76,3922.89,3824.33,3910.85,106.61365,1621589399999,413770.47468809993,974,58.50888000000001,227309.32927989998,0
2021-05-21 09:30:00,3915.03,3952.13,3900.62,3929.93,103.8391,1621591199999,407678.5528868,740,54.982530000000004,215817.898496,0
2021-05-21 10:00:00,3922.12,3938.7,3874.63,3906.38,79.18694,1621592999999,309463.83369490004,796,47.0417,183857.2783816,0
2021-05-21 10:30:00,3908.98,3948.63,3842.93,3848.35,63.44985,1621594799999,248311.93675,611,38.79573,151999.9495229,0
2021-05-21 11:00:00,3859.84,3873.32,3773.44,3774.24,101.82545,1621596599999,388958.5794319,881,48.17969,184082.8724303,0
2021-05-21 11:30:00,3779.48,3861.56,3776.55,3851.75,86.57448000000002,1621598399999,329018.20198290003,776,37.73928,143478.00620089998,0
2021-05-21 12:00:00,3852.99,3911.78,3839.18,3848.04,94.16462,1621600199999,364615.9373842,978,47.87571,185518.5882533,0
2021-05-21 12:30:00,3847.2,3876.52,3786.74,3800.06,77.33296,1621601999999,296441.7794005,761,38.363609999999994,147316.6235454,0
2021-05-21 13:00:00,3793.06,3916.49,3763.65,3914.06,102.72865999999999,1621603799999,395968.236282,1118,68.90634,266144.0258586,0
2021-05-21 13:30:00,3913.0,3933.48,3893.86,3924.41,68.94031,1621605599999,269693.7048301,700,44.81888,175362.3647801,0
2021-05-21 14:00:00,3924.57,3944.07,3502.11,3588.0,374.29225,1621607399999,1380518.9215620002,3811,180.14745,664522.4239509,0
2021-05-21 14:30:00,3589.48,3636.65,3400.5,3561.83,524.63565,1621609199999,1852985.5011128997,4195,248.63192999999998,878963.7317387,0
2021-05-21 15:00:00,3562.33,3598.51,3476.91,3520.4,402.50925,1621610999999,1427906.3912818998,2256,226.6224,803360.7266297,0
2021-05-21 15:30:00,3518.01,3555.53,3353.81,3389.97,291.97632999999996,1621612799999,1006315.2747008002,2240,159.09263,548951.1542045,0
2021-05-21 16:00:00,3391.87,3522.25,3308.8,3515.7,613.8212599999998,1621614599999,2089507.8280253997,4132,306.4324200000001,1043175.5087751,0
2021-05-21 16:30:00,3509.85,3546.49,3435.73,3439.84,168.18726999999996,1621616399999,587843.6313557,1448,81.60457,285382.1093793,0
2021-05-21 17:00:00,3433.52,3466.69,3379.93,3393.83,234.63744,1621618199999,801839.3472443002,1967,139.64043999999998,477526.3494995,0
2021-05-21 17:30:00,3389.47,3471.49,3349.75,3466.49,105.59236000000001,1621619999999,358165.81848859997,997,47.591879999999996,161614.9264396,0
2021-05-21 18:00:00,3464.5,3467.3,3287.91,3346.67,186.07673,1621621799999,621241.4662189,1829,78.24566,261262.2373325,0
2021-05-21 18:30:00,3348.97,3446.97,3344.85,3415.22,121.13292,1621623599999,411787.98065020004,1096,79.87989,271735.05332989997,0
2021-05-21 19:00:00,3408.55,3410.64,3201.54,3206.57,200.69902,1621625399999,660892.3994906,1682,93.75966,308223.50721,0
2021-05-21 19:30:00,3207.96,3257.49,3140.41,3222.03,297.0148700000001,1621627199999,947997.5863295,2518,146.12551000000005,467370.13630600006,0
2021-05-21 20:00:00,3222.01,3267.6,3061.83,3166.35,511.64055999999994,1621628999999,1604700.9037283,4161,342.02906,1073267.191321,0
2021-05-21 20:30:00,3164.64,3177.95,2961.07,2990.3,766.6148900000003,1621630799999,2352595.1026464,5000,453.48285,1396424.9946901002,0
2021-05-21 21:00:00,2990.3,3030.36,2708.37,2974.83,1450.01022,1621632599999,4155220.3466501,8464,948.1967199999999,2718851.9880843996,0
2021-05-21 21:30:00,2968.47,3115.84,2940.14,3062.71,1101.60958,1621634399999,3343996.4356810013,7531,816.38058,2473636.6268483996,0
2021-05-21 22:00:00,3061.41,3068.27,2986.95,3065.74,672.27287,1621636199999,2034242.7868461001,5377,415.53814,1256607.0904835,0
2021-05-21 22:30:00,3066.04,3139.08,3060.5,3075.37,269.42616,1621637999999,835283.2768163,2833,133.69688,414717.3699,0
2021-05-21 23:00:00,3073.23,3132.96,3038.88,3052.37,424.40904000000006,1621639799999,1305401.6865299,3116,193.78833,596339.8301726,0
2021-05-21 23:30:00,3052.13,3116.86,3038.1,3113.08,216.29166,1621641599999,662854.8381108,1823,84.2172,258545.42600110002,0
2021-05-22 00:00:00,3115.43,3139.97,3020.1,3032.93,288.25111,1621643399999,881904.1585951998,2553,143.28527,438847.96806549997,0
2021-05-22 00:30:00,3036.62,3171.59,3036.62,3161.93,240.76695,1621645199999,748972.7887769,1581,125.5259,390032.0864995,0
2021-05-22 01:00:00,3161.1,3216.98,3092.25,3213.28,236.02616,1621646999999,742962.9409816,1664,107.12076,337681.17910269997,0
2021-05-22 01:30:00,3210.12,3210.8,3124.33,3154.89,157.97605,1621648799999,500954.1236365,1135,66.24929,210265.20564129998,0
2021-05-22 02:00:00,3153.55,3211.24,3150.48,3180.11,154.33897,1621650599999,490137.21248220006,905,74.48071999999998,236539.3462456,0
2021-05-22 02:30:00,3171.65,3171.65,3031.41,3043.83,174.34561000000005,1621652399999,539054.9079364999,1583,65.55653000000001,202647.2061329,0
2021-05-22 03:00:00,3045.07,3088.3,2970.47,3010.24,217.06842000000003,1621654199999,655884.0191933,1797,99.98524,301709.19668369996,0
2021-05-22 03:30:00,3013.79,3027.19,2870.09,2889.91,744.40626,1621655999999,2177361.7656326,5239,462.27218,1351635.0539646999,0
2021-05-22 04:00:00,2890.36,2925.98,2666.93,2690.46,1253.6143,1621657799999,3487794.152814,9348,628.1292599999998,1752970.4599665,0
2021-05-22 04:30:00,2690.46,2726.03,2628.58,2709.56,712.31385,1621659599999,1909356.3530937,5497,394.22012,1056945.5149100001,0
2021-05-22 05:00:00,2710.74,2740.48,2588.02,2595.72,523.82476,1621661399999,1388103.593575,3933,272.31117,721801.9982816,0
2021-05-22 05:30:00,2597.19,2686.72,2571.78,2663.22,617.371,1621663199999,1622149.7990483,3860,347.13246000000015,912933.0069097,0
2021-05-22 06:00:00,2661.97,2683.06,2576.87,2593.2,363.97572,1621664999999,956390.6635371001,2871,199.43116,524034.8713238,0
2021-05-22 06:30:00,2591.1,2678.92,2570.81,2665.48,326.60685,1621666799999,859776.9087283001,2510,177.56365,468307.67457320006,0
2021-05-22 07:00:00,2666.02,2689.57,2541.98,2632.81,1043.83582,1621668599999,2718404.5944823995,5230,664.63283,1729826.0133804001,0
2021-05-22 07:30:00,2632.1,2706.61,2585.39,2693.57,386.98276,1621670399999,1031516.9333351,2827,208.36016999999998,555945.7745880999,0
2021-05-22 08:00:00,2693.57,2823.02,2691.06,2789.24,588.85828,1621672199999,1633607.606743,3882,284.52509,789145.1435061998,0
2021-05-22 08:30:00,2792.93,2823.04,2769.35,2809.77,304.274,1621673999999,850509.3464141998,2068,167.71905,469094.8495762,0
2021-05-22 09:00:00,2810.78,2820.48,2742.11,2807.15,302.47457,1621675799999,843629.6012303,1878,175.93216999999999,490519.82635150006,0
2021-05-22 09:30:00,2810.08,2870.16,2809.18,2852.82,242.06333999999998,1621677599999,689290.7118964001,1669,104.13608,296739.9535606,0
2021-05-22 10:00:00,2855.87,2866.75,2799.52,2853.58,167.05831,1621679399999,472759.594113,1295,82.05569,232234.0385702,0
2021-05-22 10:30:00,2852.45,2981.16,2846.16,2962.76,464.40252000000004,1621681199999,1359310.7704424,2698,254.6948,744454.8164349,0
2021-05-22 11:00:00,2962.89,2977.28,2910.01,2920.25,188.71265,1621682999999,554997.6227344,1595,65.17622,191768.723593,0
2021-05-22 11:30:00,2923.67,2938.1,2880.55,2905.69,133.58274,1621684799999,388724.2676168,1177,53.152409999999996,154722.7362365,0
2021-05-22 12:00:00,2909.89,2961.37,2859.41,2936.3,222.8887,1621686599999,650103.2822649999,1585,129.20049,376810.6723355,0
2021-05-22 12:30:00,2942.58,2975.0,2884.91,2902.06,227.7667,1621688399999,668242.2963414,1719,110.22628999999999,323867.3238982001,0
2021-05-22 13:00:00,2902.14,2998.79,2890.16,2994.57,233.8305,1621690199999,690256.9601441999,1742,142.9425,421979.12056799995,0
2021-05-22 13:30:00,2994.02,3014.11,2928.31,2948.7,167.81836,1621691999999,498916.1841736,1359,81.74838000000003,243039.71006160002,0
2021-05-22 14:00:00,2944.98,2977.1,2899.12,2948.23,265.48908,1621693799999,780917.4890705,1836,127.7839,375781.1859577,0
2021-05-22 14:30:00,2948.33,2948.33,2820.0,2869.39,280.72485,1621695599999,804841.1954186999,2229,115.25123,330036.157066,0
2021-05-22 15:00:00,2874.94,2888.6,2758.82,2811.97,256.76424,1621697399999,720598.8977727,1866,125.45100000000001,352064.5530588,0
2021-05-22 15:30:00,2810.9,2878.97,2777.49,2854.22,240.54424,1621699199999,682336.8897545,1687,131.11573,371937.91772359994,0
2021-05-22 16:00:00,2856.67,2870.68,2800.0,2870.68,211.60772999999998,1621700999999,599965.9384196999,1454,103.50725,293649.4522854,0
2021-05-22 16:30:00,2867.85,2883.26,2810.13,2829.74,95.92785,1621702799999,273640.6561196,739,45.65737,130316.1264823,0
2021-05-22 17:00:00,2826.62,2855.42,2757.87,2760.55,246.56351,1621704599999,691272.3891406,1833,81.0928,227718.16409250002,0
2021-05-22 17:30:00,2762.31,2782.58,2730.02,2763.93,182.61227,1621706399999,503624.24477399996,1519,86.81313,239640.2343306,0
2021-05-22 18:00:00,2765.34,2779.12,2724.89,2742.97,112.16533999999999,1621708199999,309081.8993697,986,54.01596,148904.38477839998,0
2021-05-22 18:30:00,2742.86,2781.65,2715.91,2775.9,121.59146000000001,1621709999999,333926.9630263,993,70.42412,193421.3246408,0
2021-05-22 19:00:00,2776.31,2802.57,2733.17,2779.56,197.74569,1621711799999,548308.0088785,1400,87.90335,243729.3215553,0
2021-05-22 19:30:00,2780.41,2819.44,2700.72,2711.09,145.02381,1621713599999,399380.3208425,1312,68.76926,189725.65536560002,0
2021-05-22 20:00:00,2715.07,2862.66,2713.86,2833.16,208.20318,1621715399999,585196.2172951,1322,94.9118,266179.5793936,0
2021-05-22 20:30:00,2834.16,2880.33,2809.91,2875.52,231.30547,1621717199999,659826.4066511999,1152,108.36236000000001,309118.54742849997,0
2021-05-22 21:00:00,2870.98,2906.86,2850.03,2899.95,84.36366,1621718999999,242454.62362179998,661,47.79735,137362.887144,0
2021-05-22 21:30:00,2899.54,2899.54,2848.93,2875.32,228.28900000000002,1621720799999,654937.7220323001,1550,64.81288,186018.8966149,0
2021-05-22 22:00:00,2875.31,2899.75,2807.67,2841.77,133.50501,1621722599999,379420.08646390005,1003,51.175979999999996,145544.7126802,0
2021-05-22 22:30:00,2842.36,2859.84,2805.6,2836.68,63.82855,1621724399999,180478.4300569,538,24.45982,69202.8930353,0
2021-05-22 23:00:00,2836.13,2892.18,2829.52,2851.11,41.07578,1621726199999,117835.8924865,420,20.5819,58999.5615883,0
2021-05-22 23:30:00,2848.03,2848.03,2744.5,2765.73,169.75753999999995,1621727999999,472933.8486673,1694,63.734019999999994,177615.9228599,0
2021-05-23 00:00:00,2769.92,2796.98,2695.2,2775.73,198.95948,1621729799999,546145.9549084001,1680,105.73756999999999,290622.76573840005,0
2021-05-23 00:30:00,2778.92,2851.54,2773.98,2845.86,147.21723,1621731599999,416040.3371947,1005,73.13162,206663.266652,0
2021-05-23 01:00:00,2843.49,2880.95,2824.16,2877.17,103.44963,1621733399999,295036.8138058,741,65.80289,187530.3760683,0
2021-05-23 01:30:00,2874.61,2879.11,2821.03,2822.98,87.95147,1621735199999,250185.29650650002,605,35.58958,101357.7154994,0
2021-05-23 02:00:00,2824.26,2839.95,2767.01,2784.7,175.54086999999996,1621736999999,493627.3837035999,1151,91.65706999999999,257374.0232441,0
2021-05-23 02:30:00,2782.91,2791.56,2735.48,2747.73,261.98329,1621738799999,722752.922921,1215,116.84606000000001,322256.4970567,0
2021-05-23 03:00:00,2745.08,2786.47,2732.19,2751.47,76.07119,1621740599999,209732.7582452,727,40.459920000000004,111572.64535060001,0
2021-05-23 03:30:00,2753.41,2808.02,2748.94,2766.26,62.22679,1621742399999,173073.10834500002,467,33.63629,93527.2429553,0
2021-05-23 04:00:00,2764.01,2764.01,2693.43,2728.45,234.92177999999998,1621744199999,639350.198517,1466,86.8221,236176.7209463,0
2021-05-23 04:30:00,2725.0,2742.47,2693.08,2720.08,204.78746999999998,1621745999999,555228.061342,1626,77.34496999999998,209808.88163920003,0
2021-05-23 05:00:00,2717.48,2717.48,2651.83,2676.55,196.63574,1621747799999,525653.9032334001,1511,115.29743,308241.34079040005,0
2021-05-23 05:30:00,2677.93,2697.28,2645.05,2668.41,139.36053,1621749599999,372521.9872129,914,64.86431,173643.6343485,0
2021-05-23 06:00:00,2665.19,2700.0,2615.17,2622.17,198.41702,1621751399999,525932.0361152,1497,95.56860999999999,253479.4128012,0
2021-05-23 06:30:00,2623.13,2651.41,2574.12,2623.09,171.46899,1621753199999,447667.70657159993,1385,80.20600999999998,209603.2436083,0
2021-05-23 07:00:00,2625.46,2660.81,2522.06,2538.83,423.19232999999997,1621754999999,1097400.1710359,2514,216.41613999999998,563156.2736111999,0
2021-05-23 07:30:00,2541.69,2555.42,2430.0,2486.58,454.64107,1621756799999,1131583.0460808,3376,247.52687000000003,617070.2275497,0
2021-05-23 08:00:00,2486.58,2491.04,2326.5,2417.56,518.50496,1621758599999,1245295.5881416001,3247,256.82849,617072.8550545999,0
2021-05-23 08:30:00,2413.68,2417.74,2230.78,2304.92,811.7282799999997,1621760399999,1877550.0782531002,4056,358.28501,828313.0415841999,0
2021-05-23 09:00:00,2298.93,2356.71,2230.44,2343.98,697.42935,1621762199999,1597566.6900856001,3612,352.11566,806346.2171528002,0
2021-05-23 09:30:00,2343.15,2355.13,2242.3,2263.1,458.51582,1621763999999,1050478.9472579001,2862,195.93352,449606.80709399993,0
2021-05-23 10:00:00,2260.73,2400.55,2252.96,2400.0,261.47897,1621765799999,609585.6256259,1942,131.35906,306949.7315072,0
2021-05-23 10:30:00,2401.84,2435.42,2349.77,2349.77,223.1631,1621767599999,534915.9720201,1723,96.54334,231497.03198529998,0
2021-05-23 11:00:00,2350.36,2402.96,2323.77,2388.01,129.27031000000002,1621769399999,306043.60206999996,935,66.01201,156226.55361660002,0
2021-05-23 11:30:00,2385.18,2408.41,2344.66,2360.3,171.66133,1621771199999,407758.856825,1466,70.73578,168101.6274201,0
2021-05-23 12:00:00,2359.98,2377.29,2247.06,2247.06,228.22051000000002,1621772999999,529143.8795538,2001,110.55965,256240.76188489998,0
2021-05-23 12:30:00,2250.51,2261.51,1943.76,1996.52,2987.77282,1621774799999,6188400.8456557,21586,1201.13647,2477260.6382219,0
2021-05-23 13:00:00,1989.9,2014.91,1915.5,1968.86,1012.1582199999999,1621776599999,1995805.4456723998,6704,523.95307,1033697.6451635,0
2021-05-23 13:30:00,1968.7,2059.83,1901.0,2042.28,1082.02331,1621778399999,2135856.5369588,7212,589.4223099999998,1164872.7458313,0
2021-05-23 14:00:00,2042.26,2080.28,1976.61,2077.18,556.86409,1621780199999,1122755.2743081,4599,291.25798,587403.9660991001,0
2021-05-23 14:30:00,2077.76,2136.45,2033.38,2100.96,647.15126,1621781999999,1356320.6106203,5060,294.07605,616012.5406733,0
2021-05-23 15:00:00,2100.96,2110.8,2025.1,2088.18,717.6096299999997,1621783799999,1488915.4836261002,4856,315.33014,654448.4793085,0
2021-05-23 15:30:00,2086.46,2088.56,1972.48,2064.77,788.1050799999997,1621785599999,1601913.7440767,4756,361.06156,734740.5830338,0
2021-05-23 16:00:00,2061.78,2119.63,1888.78,1915.54,948.7335699999999,1621787399999,1880773.1120977001,5113,464.17729,919356.852212,0
2021-05-23 16:30:00,1915.9,2069.27,1829.45,1966.6,978.3516900000001,1621789199999,1855457.6980422002,4781,580.96065,1101632.7046001002,0
2021-05-23 17:00:00,1967.22,2135.0,1961.6,2080.83,618.9711599999998,1621790999999,1287013.9989706,3342,317.36212,660436.8842979999,0
2021-05-23 17:30:00,2083.37,2115.72,2034.84,2068.69,393.82732000000004,1621792799999,814680.5751499,2490,235.62684,486994.608709,0
2021-05-23 18:00:00,2078.27,2198.13,1999.0,2157.62,570.6540200000002,1621794599999,1188287.1950578,3221,253.23588999999998,528738.6171795999,0
2021-05-23 18:30:00,2155.17,2208.04,2123.81,2182.33,424.4916,1621796399999,920547.5508926001,2620,182.69166,396088.59534899995,0
2021-05-23 19:00:00,2178.47,2288.15,2131.21,2261.45,299.98565,1621798199999,662073.5336019,1722,148.00496,325800.5754565,0
2021-05-23 19:30:00,2259.39,2400.9,2245.24,2331.87,712.49219,1621799999999,1654331.195608,3966,426.57504000000006,992536.0494325,0
2021-05-23 20:00:00,2330.79,2580.29,2330.79,2550.85,707.60003,1621801799999,1736890.9576412,4952,353.87023,867222.5943327,0
2021-05-23 20:30:00,2543.85,2708.22,2485.08,2678.0,887.5184,1621803599999,2322936.2805161,7044,436.40278,1142780.8617226998,0
2021-05-23 21:00:00,2678.94,2739.59,2623.47,2704.11,456.26552000000004,1621805399999,1226419.2535978998,5601,217.67202000000003,585676.8111832,0
2021-05-23 21:30:00,2708.7,2762.27,2591.87,2699.97,549.3781299999998,1621807199999,1468115.8959218,5021,313.8461200000001,838759.1309213,0
2021-05-23 22:00:00,2696.1,2787.99,2696.1,2724.92,389.26217,1621808999999,1069929.5685652,3158,206.93452,568424.1712706999,0
2021-05-23 22:30:00,2733.72,2743.23,2633.43,2647.19,363.70609,1621810799999,976939.7902114,3384,203.58053999999998,547412.5583137,0
2021-05-23 23:00:00,2650.76,2763.53,2646.85,2750.94,279.16215,1621812599999,758276.4279781998,2759,147.4409,400250.4531885,0
2021-05-23 23:30:00,2753.5,2780.67,2688.49,2715.0,308.21481,1621814399999,845590.9110868,2325,183.44,503080.61615579994,0
2021-05-24 00:00:00,2718.35,3046.87,2710.92,2956.17,2006.4882899999998,1621816199999,5880667.9749516975,13101,882.69252,2581529.3127929,0
2021-05-24 00:30:00,2956.26,3060.0,2895.11,2934.55,1026.90561,1621817999999,3019815.0772740007,6422,523.79377,1541334.6134104999,0
2021-05-24 01:00:00,2934.55,2979.32,2816.77,2884.34,723.1092,1621819799999,2085773.7096073,4558,400.64448,1155307.9388498,0
2021-05-24 01:30:00,2881.71,2995.65,2850.68,2902.48,539.74835,1621821599999,1579170.5364581004,3651,301.97534,883201.7996781998,0
2021-05-24 02:00:00,2902.5,2980.85,2853.28,2974.25,369.55106,1621823399999,1080117.4561178002,2756,215.53127,629982.0710746,0
2021-05-24 02:30:00,2974.24,3063.11,2911.61,3052.22,503.03745,1621825199999,1500666.2986516,3281,252.01556000000002,752615.2406749,0
2021-05-24 03:00:00,3052.21,3133.42,3004.2,3104.64,988.16623,1621826999999,3024263.9953983,6429,528.95956,1620173.0190247,0
2021-05-24 03:30:00,3104.53,3109.97,3011.08,3018.13,360.74151,1621828799999,1102830.2665869,2795,178.2389,544848.3800549,0
2021-05-24 04:00:00,3014.15,3082.23,2988.04,2991.25,436.96135,1621830599999,1324441.3952007,2945,202.43833999999998,614591.5504642,0
2021-05-24 04:30:00,2994.15,3053.63,2911.0,2953.18,454.14164000000005,1621832399999,1355457.3051137,5434,255.11988,761654.1339584001,0
2021-05-24 05:00:00,2959.12,3020.0,2959.12,2984.98,262.18605,1621834199999,786712.870297,2344,122.20107,366901.104456,0
2021-05-24 05:30:00,2982.66,2994.84,2917.09,2976.07,341.0184799999999,1621835999999,1008842.3865635,3040,164.67551,487268.8163844,0
2021-05-24 06:00:00,2975.11,3020.0,2933.24,3003.65,304.60925,1621837799999,908823.7074798,2611,190.54314,568834.3339538,0
2021-05-24 06:30:00,3004.11,3062.28,2962.56,3048.13,395.83397,1621839599999,1192089.8537966001,3500,232.83706,702018.1894919,0
2021-05-24 07:00:00,3048.13,3758.68,3047.54,3606.82,3423.2068,1621841399999,11891342.6642127,24168,1862.2779,6468220.7041347,0
2021-05-24 07:30:00,3600.29,3606.97,3411.74,3463.32,1818.1495699999998,1621843199999,6347614.383120901,12733,872.57024,3048781.7563625,0
2021-05-24 08:00:00,3466.5,3555.23,3380.0,3450.55,716.79298,1621844999999,2490361.7035058998,6068,366.50912,1273221.6616948,0
2021-05-24 08:30:00,3458.27,3566.29,3395.13,3538.69,871.69306,1621846799999,3049108.1825051,8400,473.12882,1654574.3326433,0
2021-05-24 09:00:00,3538.57,3586.0,3403.85,3433.86,627.48041,1621848599999,2181129.2015036996,7084,306.87482,1067521.4683748002,0
2021-05-24 09:30:00,3435.55,3469.83,3295.0,3306.76,809.7203900000003,1621850399999,2741945.9993988,6361,403.42506000000003,1366401.6578415001,0
2021-05-24 10:00:00,3305.72,3421.63,3300.78,3361.53,807.32175,1621852199999,2727807.2572694,6262,351.19607,1185663.6855654,0
2021-05-24 10:30:00,3365.54,3370.76,3283.17,3319.97,1117.57,1621853999999,3695512.0285399,7925,722.20384,2388065.3912552996,0
2021-05-24 11:00:00,3319.75,3400.0,3313.75,3380.49,790.81844,1621855799999,2647134.7639592,5550,546.94197,1828220.4030691,0
2021-05-24 11:30:00,3383.76,3548.99,3360.52,3515.62,789.66475,1621857599999,2743411.2451905,5324,384.19355,1336662.268812,0
2021-05-24 12:00:00,3515.3,3526.21,3409.8,3523.39,554.9368,1621859399999,1923847.7634064998,6656,262.07105,909008.5582825001,0
2021-05-24 12:30:00,3523.39,3700.0,3517.72,3586.13,833.4231,1621861199999,2990298.4751205,9410,455.7815,1635580.735734,0
2021-05-24 13:00:00,3584.63,3657.35,3422.81,3507.73,1083.52924,1621862999999,3814245.3374132,8823,575.92745,2027692.0011582,0
2021-05-24 13:30:00,3507.9,3533.09,3414.5,3426.69,605.68699,1621864799999,2110529.8987320997,6461,275.15934,958640.9970320999,0
2021-05-24 14:00:00,3429.77,3549.26,3429.73,3521.91,501.8296,1621866599999,1757948.2692101004,4736,245.40582999999998,859228.8110963001,0
2021-05-24 14:30:00,3521.86,3535.83,3429.24,3516.34,525.63621,1621868399999,1827213.0338843002,5121,271.28222999999997,943389.6117096001,0
2021-05-24 15:00:00,3519.04,3602.06,3482.73,3587.93,576.3316599999997,1621870199999,2036928.4290494998,4835,267.23835,945439.2371464,0
2021-05-24 15:30:00,3588.24,3799.0,3588.06,3695.0,1508.3045,1621871999999,5579331.9225233,10026,703.6351400000003,2597655.0385674997,0
2021-05-24 16:00:00,3698.16,3750.0,3528.59,3577.48,702.1692099999997,1621873799999,2557777.6584483995,6223,327.5345,1193035.016058,0
2021-05-24 16:30:00,3577.7,3700.0,3549.23,3696.19,508.49669000000006,1621875599999,1854712.8682963,4958,288.19248,1051723.491468,0
2021-05-24 17:00:00,3692.83,3895.96,3639.95,3893.66,978.8738400000001,1621877399999,3688143.9303923,12368,551.31641,2079821.676671,0
2021-05-24 17:30:00,3893.72,4166.0,3832.31,4078.56,1919.01787,1621879199999,7720438.3961021,17377,1117.19695,4494753.1799014015,0
2021-05-24 18:00:00,4080.87,4174.82,4057.09,4128.99,1155.06899,1621880999999,4761446.9941015,10187,637.76207,2631207.7039846,0
2021-05-24 18:30:00,4132.05,4140.0,3968.24,3991.66,980.9585699999999,1621882799999,3977275.6439074,10002,487.39875,1974028.5654757,0
2021-05-24 19:00:00,3991.65,4049.21,3896.02,3924.36,586.0165,1621884599999,2324321.1881264998,6612,324.55152999999996,1287628.0470132,0
2021-05-24 19:30:00,3915.0,3995.0,3800.0,3889.86,1061.63101,1621886399999,4136985.3531631003,9852,524.35379,2045375.1141961003,0
2021-05-24 20:00:00,3889.88,3945.59,3871.22,3900.57,649.1839,1621888199999,2534198.3877187,5776,355.6097,1388276.6427493,0
2021-05-24 20:30:00,3900.8,3931.41,3805.0,3923.46,497.59840999999994,1621889999999,1928202.1502571,6215,305.41728,1183566.2116957,0
2021-05-24 21:00:00,3919.56,4031.45,3919.56,4016.04,333.08833,1621891799999,1328060.4951677,3820,173.021,690077.6631483,0
2021-05-24 21:30:00,4016.39,4029.78,3953.1,3984.26,344.74219,1621893599999,1376878.3907722,3346,141.80083,566579.5449766,0
2021-05-24 22:00:00,3980.05,4098.47,3980.05,4060.54,384.11485,1621895399999,1552264.9442235,4683,223.41262000000003,902275.4276224001,0
2021-05-24 22:30:00,4055.58,4089.88,3913.26,4021.51,299.24998999999997,1621897199999,1192878.7021977,4232,163.77111000000005,652726.550381,0
2021-05-24 23:00:00,4023.79,4114.82,4005.98,4090.0,376.36014,1621898999999,1534841.9849154,5070,218.76448,892014.4279826,0
2021-05-24 23:30:00,4090.0,4250.0,4087.11,4182.31,448.22146,1621900799999,1869638.5779008,6420,284.11927000000014,1184734.580661,0
2021-05-25 00:00:00,4186.76,4338.71,4138.11,4308.5,720.52438,1621902599999,3071012.7373322,7193,421.3295,1796628.1977768003,0
2021-05-25 00:30:00,4310.65,4336.39,4158.58,4162.58,486.20345999999995,1621904399999,2064942.4882332,5247,224.64837999999997,954474.1124073999,0
2021-05-25 01:00:00,4162.57,4234.98,4045.02,4055.63,461.83184000000006,1621906199999,1910266.0650459,4247,222.26435,919897.052115,0
2021-05-25 01:30:00,4053.43,4062.96,3894.3,3940.0,495.86394,1621907999999,1973208.6132896,4276,202.25073,805629.9314735,0
2021-05-25 02:00:00,3937.89,3988.7,3827.48,3890.14,481.55768,1621909799999,1876125.6048148999,3900,261.01397000000003,1016954.7900204001,0
2021-05-25 02:30:00,3883.61,3967.96,3764.22,3782.15,340.67996,1621911599999,1319869.0845335,3293,162.8396,632215.6832893001,0
2021-05-25 03:00:00,3782.31,3812.8,3641.98,3714.59,694.35345,1621913399999,2577946.6360208998,5587,350.12109,1299989.1781724,0
2021-05-25 03:30:00,3711.51,3795.12,3705.64,3782.99,285.8258600000001,1621915199999,1069657.2561219,2638,150.9151,564894.0053621,0
2021-05-25 04:00:00,3777.58,3817.11,3625.09,3677.5,393.66996,1621916999999,1465722.4618411001,3404,195.81346000000002,729082.5456528001,0
2021-05-25 04:30:00,3680.63,3821.6,3655.19,3761.07,298.4240200000001,1621918799999,1121269.9740821999,2624,157.26051999999999,591500.8081898001,0
2021-05-25 05:00:00,3765.79,3794.61,3685.14,3774.18,333.06935,1621920599999,1243553.74374,2889,190.03574,709805.6238669001,0
2021-05-25 05:30:00,3770.19,3817.33,3665.76,3799.02,337.77892,1621922399999,1268047.4102101002,2936,190.50184,715781.1953243,0
2021-05-25 06:00:00,3799.01,3880.2,3727.03,3869.58,395.13257000000004,1621924199999,1511566.7758942,2845,180.68213,689792.8745003,0
2021-05-25 06:30:00,3862.9,3920.43,3760.31,3789.28,584.1066599999998,1621925999999,2237192.2349122004,4504,287.8248,1102727.7575844,0
2021-05-25 07:00:00,3784.79,3819.74,3747.46,3764.6,448.63709000000006,1621927799999,1695527.2135778996,3745,184.65531000000001,698091.3401974,0
2021-05-25 07:30:00,3764.25,3767.75,3673.37,3753.3,354.88257000000016,1621929599999,1319619.8377208,2885,146.05653,542989.3683725001,0
2021-05-25 08:00:00,3753.46,3781.04,3650.55,3677.81,303.6815,1621931399999,1127584.7143392,2762,153.69105,571001.4111524,0
2021-05-25 08:30:00,3676.69,3699.33,3606.17,3652.55,275.02982000000003,1621933199999,1002936.074773,2435,157.89377,575743.2714409999,0
2021-05-25 09:00:00,3651.58,3696.81,3601.0,3627.48,209.83957999999998,1621934999999,765564.6948015002,1630,122.63273999999998,447336.3421253,0
2021-05-25 09:30:00,3628.31,3671.34,3570.29,3608.96,327.12124,1621936799999,1183764.5092510001,2330,149.08129,538962.0855185001,0
2021-05-25 10:00:00,3607.57,3607.57,3401.83,3406.32,556.3104,1621938599999,1930028.1373221,4570,246.46112000000002,854572.5505005999,0
2021-05-25 10:30:00,3407.22,3476.89,3290.11,3438.8,777.5306099999997,1621940399999,2629490.9942367002,5430,432.08918,1460180.9089158,0
2021-05-25 11:00:00,3434.01,3533.3,3427.98,3502.29,539.68841,1621942199999,1879735.5113756,3461,310.97564,1082589.8082088002,0
2021-05-25 11:30:00,3501.14,3517.73,3355.06,3361.78,429.54254000000003,1621943999999,1482523.5662572,3027,209.33336,723514.7308551999,0
2021-05-25 12:00:00,3363.96,3505.82,3340.54,3447.98,410.54366,1621945799999,1411130.6353189,3247,239.96197999999998,825383.6247783,0
2021-05-25 12:30:00,3447.99,3489.03,3347.37,3480.3,416.61429,1621947599999,1426322.57356,3365,236.14876,809219.8348271,0
2021-05-25 13:00:00,3476.32,3708.11,3460.8,3704.49,641.78259,1621949399999,2301379.8514448,4960,326.5087,1173527.0702618998,0
2021-05-25 13:30:00,3693.45,3698.29,3585.61,3620.0,514.7365,1621951199999,1879395.8914959,4201,223.82157999999998,817945.9494996,0
2021-05-25 14:00:00,3620.0,3790.67,3604.48,3769.58,418.37404,1621952999999,1553073.5847514,3572,227.09797999999998,843412.4651066,0
2021-05-25 14:30:00,3763.69,3850.0,3738.12,3785.59,424.16405999999995,1621954799999,1614008.0232486,3514,206.15268,783963.9520755,0
2021-05-25 15:00:00,3782.0,3865.77,3712.15,3773.03,678.23821,1621956599999,2572495.7747136,4830,230.97031,876332.4146054002,0
2021-05-25 15:30:00,3776.52,3843.65,3705.47,3797.38,393.24734,1621958399999,1490874.8077741002,3233,231.44398999999999,878152.8283463002,0
2021-05-25 16:00:00,3796.76,3796.76,3708.22,3755.47,255.21337000000003,1621960199999,957762.1105881,1779,87.35875,327972.747027,0
2021-05-25 16:30:00,3759.99,3788.1,3675.0,3737.47,196.60979,1621961999999,732779.9393365,1782,107.2511,399921.27192659996,0
2021-05-25 17:00:00,3737.15,3788.1,3658.98,3682.06,162.7986,1621963799999,605111.1510003001,1690,81.75418,303924.0736955,0
2021-05-25 17:30:00,3682.82,3793.12,3641.24,3783.44,247.34784,1621965599999,919887.6816596001,2425,147.48909,549258.9249902001,0
2021-05-25 18:00:00,3784.95,3816.92,3714.64,3813.25,252.93636,1621967399999,953542.3930771999,2624,155.13134,585120.8550124001,0
2021-05-25 18:30:00,3813.25,3836.77,3766.0,3773.03,261.30026000000004,1621969199999,995823.5659477,2317,172.31274,657342.3663586,0
2021-05-25 19:00:00,3771.68,3788.64,3680.0,3739.94,179.66388,1621970999999,667136.2164224,1705,99.86909,370452.7537022,0
2021-05-25 19:30:00,3746.59,3796.67,3575.5,3606.85,310.51589,1621972799999,1146172.7419782,3039,153.52138,567575.2190498001,0
2021-05-25 20:00:00,3607.94,3668.64,3591.03,3657.74,215.3288,1621974599999,781534.7620263002,2189,102.97344,373977.6097253,0
2021-05-25 20:30:00,3654.58,3688.08,3609.78,3673.07,129.1991,1621976399999,470854.706371,1314,63.7002,232257.80893260002,0
2021-05-25 21:00:00,3677.07,3718.39,3626.67,3710.76,170.77845,1621978199999,628847.5190208,1490,99.87442,368059.8051383,0
2021-05-25 21:30:00,3710.35,3809.67,3699.07,3774.03,132.78186000000002,1621979999999,498619.27124040003,1561,76.29604,286607.67718490004,0
2021-05-25 22:00:00,3775.71,3877.79,3760.29,3867.99,177.01834,1621981799999,674884.2853752,2077,111.68822,426022.268499,0
2021-05-25 22:30:00,3869.68,3937.44,3855.79,3894.5,197.66043,1621983599999,769127.5160439,2068,95.60055,372384.1973714,0
2021-05-25 23:00:00,3901.51,3908.86,3840.29,3886.69,114.61084,1621985399999,443202.7909559,1257,56.520630000000004,218870.51346020002,0
2021-05-25 23:30:00,3883.69,3903.48,3827.34,3858.37,148.99212,1621987199999,574431.2746083001,1047,100.63843,387754.6829173,0
2021-05-26 00:00:00,3869.89,3907.26,3725.46,3736.92,675.49809,1621988999999,2582856.5303048,4041,347.64448,1327812.1913422,0
2021-05-26 00:30:00,3738.99,3794.38,3725.33,3765.62,200.59403,1621990799999,753779.5606423998,1649,96.31701,362208.3926027,0
2021-05-26 01:00:00,3767.82,3821.27,3763.17,3813.14,132.76367,1621992599999,503277.7262495,1309,73.24358000000002,277642.758938,0
2021-05-26 01:30:00,3813.12,3922.08,3810.2,3882.34,380.96425,1621994399999,1474677.4640030004,3328,204.72255,793328.5569615,0
2021-05-26 02:00:00,3884.69,3988.21,3858.53,3974.21,236.44067,1621996199999,928505.5778228,2485,136.79428000000001,537265.9315817,0
2021-05-26 02:30:00,3977.48,3999.0,3859.01,3921.31,630.12695,1621997999999,2476450.2680106005,3089,336.54312999999996,1319682.1098389,0
2021-05-26 03:00:00,3916.15,3954.6,3867.04,3940.33,505.99425999999994,1621999799999,1972793.1390709,2667,334.36798,1302630.4926858998,0
2021-05-26 03:30:00,3940.68,3965.44,3903.07,3930.91,158.35817,1622001599999,622929.425312,1515,81.83114,322013.7820994001,0
2021-05-26 04:00:00,3934.84,3945.93,3845.08,3849.82,259.0513,1622003399999,1006686.6720961999,2143,141.09558,548422.1156735,0
2021-05-26 04:30:00,3849.54,3888.56,3830.0,3857.97,190.3133,1622005199999,734655.2828678002,1987,104.31436,402845.3535905,0
2021-05-26 05:00:00,3858.94,3891.24,3834.32,3886.12,191.07529,1622006999999,737423.2335375998,1474,107.50498999999999,414929.80425529997,0
2021-05-26 05:30:00,3881.09,3916.18,3814.4,3839.06,145.6932,1622008799999,563313.8432839001,1632,75.87683,293548.06100549997,0
2021-05-26 06:00:00,3839.19,3954.51,3816.0,3931.11,263.71778,1622010599999,1028244.8028949,2693,156.48307,610262.3568865,0
2021-05-26 06:30:00,3931.12,4044.46,3930.1,3981.95,338.11531,1622012399999,1350721.4544571,3398,195.66066,781764.4493499,0
2021-05-26 07:00:00,3983.05,3996.49,3924.31,3952.29,176.92237,1622014199999,699355.7048885,1500,96.36165,380994.94328859996,0
2021-05-26 07:30:00,3954.16,4027.57,3952.47,4009.83,160.31663,1622015999999,640148.2894442,1626,81.64605999999998,326329.9984086,0
2021-05-26 08:00:00,4009.83,4035.08,3862.74,3945.23,249.09967999999998,1622017799999,976777.7468836,2444,111.69286000000001,437606.2322212,0
2021-05-26 08:30:00,3939.34,3989.0,3918.17,3955.13,236.88317,1622019599999,937203.3459158001,2170,131.13121,519144.2070314,0
2021-05-26 09:00:00,3966.45,3997.9,3955.35,3965.76,129.93313999999998,1622021399999,516798.93563140003,1155,68.86353000000001,273974.7883205,0
2021-05-26 09:30:00,3970.89,3990.0,3926.08,3950.36,151.19141000000005,1622023199999,598716.1341967,1193,91.66324,363098.0590462,0
2021-05-26 10:00:00,3961.33,3970.82,3865.19,3868.39,112.65156999999999,1622024999999,440481.51449329994,1411,50.53324,197595.7665914,0
2021-05-26 10:30:00,3868.11,3965.0,3866.2,3965.0,136.77585,1622026799999,535375.408634,1310,77.76109,304504.082688,0
2021-05-26 11:00:00,3965.0,3965.0,3884.91,3908.01,122.06545,1622028599999,477717.15363079996,1150,65.00573,254558.90246810002,0
2021-05-26 11:30:00,3901.92,3973.27,3885.05,3952.43,109.19312,1622030399999,428085.08338990004,1063,67.87226,266350.698338,0
2021-05-26 12:00:00,3953.23,4019.8,3935.42,4000.95,183.3333,1622032199999,731206.0765066,2059,110.71033,441458.11454700003,0
2021-05-26 12:30:00,4001.0,4019.14,3967.03,3987.75,160.07051,1622033999999,639733.5468424,1117,60.85965,243398.9806436,0
2021-05-26 13:00:00,3986.72,3986.91,3799.21,3821.87,276.65713,1622035799999,1071394.4003407,2868,140.25824,542670.0030412,0
2021-05-26 13:30:00,3822.66,3860.13,3740.41,3757.75,328.3368200000001,1622037599999,1247987.1952767,2605,125.34308999999999,476732.3230128,0
2021-05-26 14:00:00,3758.95,3868.02,3743.15,3856.15,259.1973,1622039399999,989370.8307190001,1923,148.1907,565481.794716,0
2021-05-26 14:30:00,3843.65,3892.71,3826.81,3835.19,129.94621999999998,1622041199999,501356.3505015,1175,64.923,250526.038656,0
2021-05-26 15:00:00,3836.11,3852.0,3727.03,3764.2,170.16971999999996,1622042999999,645213.3272303999,1753,85.28688000000002,323691.71353049995,0
2021-05-26 15:30:00,3759.0,3818.19,3738.33,3782.75,140.45816000000002,1622044799999,530546.6643176,1267,77.12073000000002,291321.5742418,0
2021-05-26 16:00:00,3776.62,3847.84,3758.0,3818.1,107.31387,1622046599999,409707.1775337,1040,55.26285,211117.1130705,0
2021-05-26 16:30:00,3821.99,3832.21,3734.61,3747.49,332.68183999999997,1622048399999,1252925.6049964,2067,189.4829,714247.5265026,0
2021-05-26 17:00:00,3743.35,3773.31,3682.18,3765.61,254.4646,1622050199999,946384.6665645001,2483,123.57802,460050.3784573,0
2021-05-26 17:30:00,3767.06,3806.6,3741.78,3792.05,151.247,1622051999999,571233.911681,1301,89.56379,338350.4967012,0
2021-05-26 18:00:00,3791.83,3795.14,3741.49,3779.0,115.02023,1622053799999,433444.2302564,1025,61.53201,231965.46849320002,0
2021-05-26 18:30:00,3780.15,3799.99,3750.0,3793.49,128.73827,1622055599999,485991.2874625,1025,64.45411,243463.56880009998,0
2021-05-26 19:00:00,3791.0,3792.66,3666.89,3699.46,208.8931,1622057399999,777987.3226703,1680,65.93845999999999,245338.269746,0
2021-05-26 19:30:00,3693.39,3747.94,3666.67,3743.66,148.00226,1622059199999,547522.262192,1219,97.74035,361646.43700559996,0
2021-05-26 20:00:00,3742.0,3783.77,3718.15,3771.36,108.63687,1622060999999,408054.8245117,757,57.71619000000001,216620.7929869,0
2021-05-26 20:30:00,3772.3,3825.33,3767.12,3825.19,88.48023,1622062799999,336845.5132569,1152,41.89562,159574.2429053,0
2021-05-26 21:00:00,3823.03,3864.22,3817.75,3830.52,137.4512,1622064599999,528549.5170965,1129,83.90683,322832.1709767,0
2021-05-26 21:30:00,3830.48,3865.07,3778.6,3847.23,85.47324,1622066399999,326526.81643,861,50.671820000000004,193599.4107121,0
2021-05-26 22:00:00,3842.73,3899.83,3813.27,3898.15,83.89367,1622068199999,324319.9808372,1070,52.83668,204472.88736700002,0
2021-05-26 22:30:00,3899.83,3900.44,3844.89,3879.01,67.44295,1622069999999,260976.42722660003,708,42.516220000000004,164387.7690448,0
2021-05-26 23:00:00,3879.0,3902.0,3838.15,3902.0,92.6647,1622071799999,359016.5938289,769,50.02049,193873.87025829998,0
2021-05-26 23:30:00,3896.38,3971.51,3890.44,3967.77,123.28331999999999,1622073599999,485011.9008486,1885,78.89654,310568.2150612,0
2021-05-27 00:00:00,3959.59,3966.97,3818.45,3828.31,134.36158,1622075399999,522187.4313548,1635,60.58716,235599.79166719998,0
2021-05-27 00:30:00,3830.19,3850.03,3769.92,3827.31,140.57303000000002,1622077199999,535562.1209210999,1416,71.4539,272266.0406427,0
2021-05-27 01:00:00,3821.87,3842.4,3695.18,3725.91,256.90747000000005,1622078999999,964987.8839366,2282,111.52729,418587.7142038,0
2021-05-27 01:30:00,3727.86,3798.81,3617.35,3654.8,317.2736700000001,1622080799999,1177583.8617953002,2473,168.73843,626943.0163564,0
2021-05-27 02:00:00,3655.66,3711.93,3622.25,3673.94,138.94688,1622082599999,510573.2236205,1357,66.50956,244602.35986429997,0
2021-05-27 02:30:00,3663.3,3699.58,3634.47,3695.81,118.70015,1622084399999,435173.7900289,1148,59.17595,217047.00067839999,0
2021-05-27 03:00:00,3699.79,3699.79,3591.46,3637.27,220.02507000000003,1622086199999,796497.2689963002,1581,86.22933,312657.4731123,0
2021-05-27 03:30:00,3639.26,3684.89,3579.29,3659.42,244.7421,1622087999999,886973.3405954002,1642,155.04131,561498.6326189999,0
2021-05-27 04:00:00,3665.67,3673.84,3607.14,3610.41,95.43606,1622089799999,347200.1890759,941,46.489779999999996,169163.7076423,0
2021-05-27 04:30:00,3615.24,3671.0,3571.79,3664.01,115.37058999999999,1622091599999,418193.6651987,943,56.67766999999999,205138.6743369,0
2021-05-27 05:00:00,3666.7,3676.02,3621.03,3636.48,69.41851,1622093399999,253156.51374239998,832,34.79148,126912.17896029999,0
2021-05-27 05:30:00,3629.2,3734.29,3629.2,3727.36,82.18781,1622095199999,302783.5945728,709,41.79957,154217.1693447,0
2021-05-27 06:00:00,3732.08,3738.7,3670.0,3680.62,97.65586,1622096999999,361822.4828021,747,52.73494,195293.33007670002,0
2021-05-27 06:30:00,3678.09,3732.14,3670.12,3730.11,92.82252,1622098799999,343790.09941029997,654,44.37263,164301.7119333,0
2021-05-27 07:00:00,3731.37,3734.6,3666.55,3691.32,80.69966,1622100599999,298585.7665232,537,33.0031,122058.51188860001,0
2021-05-27 07:30:00,3691.65,3738.7,3691.65,3709.25,57.6067,1622102399999,214296.0043335,507,30.326390000000004,112810.2552273,0
2021-05-27 08:00:00,3716.84,3766.47,3659.65,3737.73,109.66901999999999,1622104199999,407772.53942459996,1086,57.6855,214912.16194689999,0
2021-05-27 08:30:00,3738.62,3779.94,3738.62,3752.83,77.01179,1622105999999,289641.5121117,687,46.38686,174496.8760908,0
2021-05-27 09:00:00,3756.66,3797.11,3755.07,3785.11,47.962579999999996,1622107799999,181094.9014288,445,24.31486,91823.62879480001,0
2021-05-27 09:30:00,3784.98,3791.31,3758.14,3773.6,64.34246999999999,1622109599999,242806.32559099997,570,30.53484000000001,115261.2026182,0
2021-05-27 10:00:00,3776.68,3791.42,3736.12,3765.47,59.73715,1622111399999,225046.24720349998,532,33.53679,126395.82120539999,0
2021-05-27 10:30:00,3768.54,3784.94,3738.35,3750.39,64.87813,1622113199999,243788.66962290002,491,31.86037,119733.5561687,0
2021-05-27 11:00:00,3752.05,3800.0,3752.05,3792.97,107.72533,1622114999999,407155.9641237,742,63.596169999999994,240263.64141779998,0
2021-05-27 11:30:00,3799.99,3844.57,3782.68,3829.98,156.56333999999995,1622116799999,597253.6428386,1243,96.43047,368124.2820937,0
2021-05-27 12:00:00,3827.86,3862.26,3793.5,3807.8,100.12581,1622118599999,383430.4435414,1156,53.36232,204403.1189507,0
2021-05-27 12:30:00,3804.88,3830.61,3730.0,3759.77,197.99539,1622120399999,748908.8937340998,1641,89.16554000000002,337429.132759,0
2021-05-27 13:00:00,3762.9,4100.38,3762.9,3962.29,902.7687800000001,1622122199999,3532125.9978032997,5821,430.70865,1690314.1508133004,0
2021-05-27 13:30:00,3969.4,4094.27,3858.44,3870.03,543.31923,1622123999999,2138435.8816373,4431,310.02891,1221424.9576245002,0
2021-05-27 14:00:00,3873.53,3931.5,3873.53,3911.46,246.51022000000003,1622125799999,961844.2543666001,1413,148.14692,578030.3053814999,0
2021-05-27 14:30:00,3914.74,3919.84,3879.39,3895.5,101.17402,1622127599999,394489.8612157,646,57.57051,224486.66196070003,0
2021-05-27 15:00:00,3897.4,3909.12,3815.78,3824.84,150.23206000000005,1622129399999,579145.3630241,1250,76.01444000000002,293001.86899499997,0
2021-05-27 15:30:00,3827.81,3844.19,3803.64,3826.97,85.82255,1622131199999,328353.7302627001,763,48.64792,186256.099114,0
2021-05-27 16:00:00,3830.0,3842.6,3761.83,3769.48,103.82266,1622132999999,393842.59448729997,983,47.11055,178770.3656736,0
2021-05-27 16:30:00,3771.72,3806.27,3750.03,3763.62,89.43711,1622134799999,337583.1050504,980,45.2168,170722.5506158,0
2021-05-27 17:00:00,3763.41,3813.3,3760.48,3781.04,46.20711,1622136599999,174996.659203,463,22.562260000000002,85449.74953110001,0
2021-05-27 17:30:00,3781.04,3797.47,3771.18,3783.44,46.295,1622138399999,175442.4287752,365,20.729689999999998,78581.3203276,0
2021-05-27 18:00:00,3783.44,3790.11,3751.07,3756.82,51.20039000000001,1622140199999,193107.51950410003,360,18.85152,71047.1077717,0
2021-05-27 18:30:00,3760.88,3781.62,3720.88,3769.74,82.83565,1622141999999,310831.6239368,853,37.32259000000001,140105.4194175,0
2021-05-27 19:00:00,3768.23,3772.47,3680.3,3687.46,119.56675,1622143799999,445627.7237455999,1107,50.80095,189393.2181411,0
2021-05-27 19:30:00,3687.29,3742.76,3679.25,3732.57,78.16188000000002,1622145599999,291093.48159770004,855,31.07654,115751.59435629999,0
2021-05-27 20:00:00,3730.43,3733.65,3684.01,3721.06,74.25315,1622147399999,275693.4274612,802,33.18828,123251.1407067,0
2021-05-27 20:30:00,3714.67,3739.93,3668.6,3677.6,86.40786,1622149199999,319874.408335,799,37.61534,139469.8196623,0
2021-05-27 21:00:00,3682.12,3751.05,3648.46,3747.17,162.06382,1622150999999,596304.4278396999,1101,115.5965,425060.63599259994,0
2021-05-27 21:30:00,3747.17,3799.74,3724.47,3797.22,72.26759,1622152799999,271672.9393137,686,34.85153,131141.54238919998,0
2021-05-27 22:00:00,3797.07,3811.1,3759.57,3802.83,171.218,1622154599999,649079.6131797,639,54.42435,206239.9412666,0
2021-05-27 22:30:00,3805.25,3813.28,3698.59,3725.41,83.04151,1622156399999,312494.72667279997,828,39.565709999999996,149134.16899200002,0
2021-05-27 23:00:00,3732.84,3785.71,3688.85,3698.46,46.7827,1622158199999,174868.6468226,595,21.60249,80819.333726,0
2021-05-27 23:30:00,3703.75,3745.78,3677.33,3723.2,95.59832,1622159999999,354404.4362238,682,41.24225,152899.9171357,0
2021-05-28 00:00:00,3722.36,3781.35,3650.08,3740.64,137.16466,1622161799999,511117.4105156,1215,66.56423000000001,248557.04943359998,0
2021-05-28 00:30:00,3738.74,3742.58,3657.65,3659.87,87.63228000000002,1622163599999,323320.175203,854,42.73592,157693.8388059,0
2021-05-28 01:00:00,3662.03,3662.03,3574.35,3626.63,813.19622,1622165399999,2925640.0316529,4056,584.6726,2102333.2886799998,0
2021-05-28 01:30:00,3622.2,3641.54,3591.59,3621.86,114.51969,1622167199999,414061.84161540004,809,37.510040000000004,135665.2491636,0
2021-05-28 02:00:00,3622.38,3658.61,3602.85,3648.54,83.71233000000002,1622168999999,304483.3233665,589,41.10217,149645.4483204,0
2021-05-28 02:30:00,3645.5,3665.0,3625.22,3663.81,64.29898,1622170799999,234452.8136151,499,29.839709999999997,108909.84506210001,0
2021-05-28 03:00:00,3661.25,3661.25,3610.0,3623.22,64.76865,1622172599999,235469.28976550003,476,31.43768,114262.7058875,0
2021-05-28 03:30:00,3621.43,3660.21,3602.85,3651.28,81.72153,1622174399999,296985.18375170004,703,46.50333,169265.7057295,0
2021-05-28 04:00:00,3650.77,3650.77,3555.55,3588.88,164.2202,1622176199999,590590.7022535,1295,54.51387,196170.6964384,0
2021-05-28 04:30:00,3587.67,3590.05,3516.9,3546.29,146.70928,1622177999999,521044.2374557,1282,61.16348000000001,217331.0296655,0
2021-05-28 05:00:00,3542.78,3586.37,3535.57,3553.85,69.97317,1622179799999,249518.2523203,594,34.28881,122291.04442379999,0
2021-05-28 05:30:00,3556.54,3578.6,3423.18,3443.56,260.03614,1622181599999,905108.9621444,2325,155.93586000000005,542137.514402,0
2021-05-28 06:00:00,3444.59,3473.91,3376.25,3404.72,209.68129,1622183399999,715944.1503421,1555,92.50928,316047.8307189,0
2021-05-28 06:30:00,3407.01,3459.66,3367.86,3433.37,171.41953999999996,1622185199999,586759.9429076,1645,76.28801,261217.04901289998,0
2021-05-28 07:00:00,3431.05,3515.74,3370.29,3459.9,240.30874,1622186999999,831197.7310138,1389,129.63988999999998,448195.63562459993,0
2021-05-28 07:30:00,3458.93,3496.1,3432.72,3486.2,119.15023000000001,1622188799999,412453.01961190003,801,63.2502,219189.6496171,0
2021-05-28 08:00:00,3486.2,3528.42,3425.57,3447.23,140.24305,1622190599999,486074.3107946,991,71.27069,247304.14576550003,0
2021-05-28 08:30:00,3445.09,3486.88,3359.12,3383.19,142.06013000000004,1622192399999,485523.7906547,1152,71.4264,243781.43838829998,0
2021-05-28 09:00:00,3382.6,3383.89,3249.8,3253.99,343.58235,1622194199999,1133768.6404308998,2532,165.14692,545182.8791048,0
2021-05-28 09:30:00,3252.61,3387.72,3252.58,3353.65,219.67582000000002,1622195999999,733708.1160673002,1235,117.71185,393000.1970272,0
2021-05-28 10:00:00,3349.28,3369.97,3288.0,3369.97,154.96143,1622197799999,515450.2637154,937,86.86747,289026.1242112,0
2021-05-28 10:30:00,3364.61,3377.55,3324.69,3334.17,75.37631999999998,1622199599999,252341.9164597,564,38.649429999999995,129456.9569017,0
2021-05-28 11:00:00,3335.14,3373.3,3279.69,3279.69,102.94354,1622201399999,341781.2142349,1008,42.44132000000001,140930.980957,0
2021-05-28 11:30:00,3288.48,3344.54,3212.23,3244.71,207.7697,1622203199999,678166.5144071999,1501,91.54101999999999,298639.1022797,0
2021-05-28 12:00:00,3243.92,3439.14,3220.0,3431.19,270.35328,1622204999999,909270.8553285,2039,156.65626,527233.4726894,0
2021-05-28 12:30:00,3424.32,3454.87,3404.62,3446.16,151.33951000000005,1622206799999,518263.42577559996,995,87.10063000000002,298270.9456696,0
2021-05-28 13:00:00,3450.69,3549.16,3448.66,3510.18,264.43176,1622208599999,928695.8837665,1823,137.45813,482642.365921,0
2021-05-28 13:30:00,3514.04,3528.27,3501.78,3515.18,133.79754,1622210399999,470471.9553462,784,80.9723,284815.97941429995,0
2021-05-28 14:00:00,3515.71,3516.9,3439.75,3486.24,124.18851000000001,1622212199999,433210.7376755999,862,51.5591,180042.0419361,0
2021-05-28 14:30:00,3493.53,3510.53,3437.33,3448.31,53.39046999999999,1622213999999,185522.5411806,521,25.3241,88011.509726,0
2021-05-28 15:00:00,3448.31,3474.15,3423.46,3460.03,81.47044,1622215799999,281430.2292271,594,36.82411,127125.90863860001,0
2021-05-28 15:30:00,3460.91,3496.02,3438.53,3458.7,55.37285,1622217599999,191975.45327539998,551,28.10636,97498.039036,0
2021-05-28 16:00:00,3457.02,3466.08,3372.36,3384.35,107.25665,1622219399999,365520.6003038,1085,52.4894,178882.0659784,0
2021-05-28 16:30:00,3386.0,3420.6,3339.07,3345.3,74.67421,1622221199999,252637.48054379996,777,31.920109999999998,108112.46357419998,0
2021-05-28 17:00:00,3340.93,3412.31,3318.16,3393.41,134.32631999999998,1622222999999,452063.3703042,1253,62.595040000000004,210728.0140985,0
2021-05-28 17:30:00,3395.55,3412.5,3354.43,3378.3,58.93719,1622224799999,199682.64007629998,689,30.96998,104931.5594645,0
2021-05-28 18:00:00,3384.02,3389.3,3314.7,3374.23,64.51828,1622226599999,215979.7742572,619,33.75869,113079.3097093,0
2021-05-28 18:30:00,3366.97,3430.18,3366.97,3412.25,42.24085,1622228399999,143876.9681149,508,28.44625,96892.2905385,0
2021-05-28 19:00:00,3410.28,3417.45,3323.77,3357.49,124.97178000000001,1622230199999,421433.90402240003,1079,68.5046,230971.2605584,0
2021-05-28 19:30:00,3357.46,3357.46,3275.0,3312.03,185.234,1622231999999,612780.727742,1357,73.5551,243653.49962750002,0
2021-05-28 20:00:00,3311.19,3360.34,3311.19,3341.91,91.18544,1622233799999,304486.1155406,885,55.16709,184355.1996657,0
2021-05-28 20:30:00,3336.94,3347.95,3183.77,3196.46,177.99782,1622235599999,579657.4589194,1650,73.5051,240333.06675820003,0
2021-05-28 21:00:00,3196.45,3228.04,3130.0,3148.55,226.22194,1622237399999,720896.3238912,1707,110.39098999999999,351854.3258399,0
2021-05-28 21:30:00,3142.12,3172.5,3122.44,3150.79,87.05339000000002,1622239199999,273779.0235521,688,41.72913,131245.776185,0
2021-05-28 22:00:00,3157.46,3217.06,3131.97,3151.38,102.07934,1622240999999,324745.0739356,896,53.5199,170274.7139417,0
2021-05-28 22:30:00,3153.29,3187.72,3141.83,3166.5,47.14949,1622242799999,149070.01962479998,456,25.271810000000002,80018.7175075,0
2021-05-28 23:00:00,3164.99,3220.0,3164.99,3219.3,53.4144,1622244599999,171047.5544609,398,38.91838,124626.43882680002,0
2021-05-28 23:30:00,3219.09,3263.72,3206.92,3247.08,55.442009999999996,1622246399999,179805.39670129996,644,33.01975,107168.34955389999,0
2021-05-29 00:00:00,3246.29,3307.65,3235.65,3297.34,172.49969,1622248199999,565497.6218336,1065,72.73544,238424.47866029997,0
2021-05-29 00:30:00,3302.49,3349.58,3284.41,3337.43,120.9432,1622249999999,399921.22566409997,808,71.62159,236662.3060642,0
2021-05-29 01:00:00,3339.0,3385.87,3333.98,3376.0,91.29166,1622251799999,307200.87852800003,850,52.24286,175898.1915262,0
2021-05-29 01:30:00,3371.65,3375.94,3325.63,3357.91,57.02038,1622253599999,191199.5593645,453,33.93353,113763.49611,0
2021-05-29 02:00:00,3360.52,3384.88,3335.14,3335.14,46.61942,1622255399999,156694.1635038,474,20.99851,70554.6747077,0
2021-05-29 02:30:00,3335.78,3350.0,3311.61,3344.69,92.64538,1622257199999,308557.37806180003,539,36.65879,122141.12915050001,0
2021-05-29 03:00:00,3343.76,3378.55,3324.99,3372.45,50.36756,1622258999999,168911.66814949998,369,25.816979999999997,86602.32231769999,0
2021-05-29 03:30:00,3372.14,3380.53,3321.48,3347.15,38.02818,1622260799999,127304.7779155,313,18.388820000000006,61575.1837092,0
2021-05-29 04:00:00,3345.0,3373.99,3330.9,3361.56,37.49732,1622262599999,125541.1446699,359,15.63902,52355.2021344,0
2021-05-29 04:30:00,3363.45,3379.65,3259.23,3263.06,66.0835,1622264399999,219148.45479699998,561,23.19941,76848.94427889999,0
2021-05-29 05:00:00,3269.18,3423.8,3266.08,3412.51,126.96106,1622266199999,426086.179254,906,61.44323000000001,206155.9823961,0
2021-05-29 05:30:00,3412.37,3445.81,3395.12,3405.73,148.842,1622267999999,508837.272073,1076,73.15569,250211.47595889997,0
2021-05-29 06:00:00,3404.92,3450.39,3395.7,3438.36,67.29088,1622269799999,230993.3816677,611,44.07226,151342.79607629994,0
2021-05-29 06:30:00,3434.61,3437.31,3371.82,3386.34,86.36631,1622271599999,293771.66250050004,859,34.03835,115803.97783310001,0
2021-05-29 07:00:00,3391.2,3417.08,3386.85,3396.83,41.48615,1622273399999,141035.0147984,360,22.397,76202.95745039999,0
2021-05-29 07:30:00,3394.0,3396.0,3346.62,3351.83,70.58608000000002,1622275199999,237793.4929362,548,18.6296,62666.3843594,0
2021-05-29 08:00:00,3350.85,3375.91,3290.47,3290.47,77.09635,1622276999999,257240.90115149997,580,32.07172,107145.728641,0
2021-05-29 08:30:00,3290.57,3326.74,3284.51,3294.88,140.26089,1622278799999,463955.8010895,773,54.85494,181383.1065632,0
2021-05-29 09:00:00,3291.13,3310.28,3224.89,3237.71,90.67617,1622280599999,295508.6470831,725,43.52256,141932.48487589994,0
2021-05-29 09:30:00,3243.08,3276.37,3210.0,3272.35,62.03264,1622282399999,201177.07131529998,367,33.039190000000005,107153.942401,0
2021-05-29 10:00:00,3268.98,3274.53,3227.59,3255.9,84.72423,1622284199999,275490.6022652,607,34.997840000000004,113825.94325859999,0
2021-05-29 10:30:00,3256.25,3283.07,3238.74,3270.6,57.68653000000001,1622285999999,188272.5962995,354,26.09061,85233.61767410001,0
2021-05-29 11:00:00,3271.04,3291.12,3200.53,3289.75,65.04052,1622287799999,210952.736715,710,32.64705,106102.176953,0
2021-05-29 11:30:00,3284.16,3345.55,3284.16,3330.43,107.11166999999999,1622289599999,355542.91722279997,843,67.42755,223937.44300420003,0
2021-05-29 12:00:00,3329.64,3329.65,3238.53,3260.11,94.5923,1622291399999,309614.65753649996,700,44.399429999999995,145651.31081929998,0
2021-05-29 12:30:00,3256.52,3260.15,3180.65,3203.05,123.44598,1622293199999,398614.63324059994,738,59.52693000000001,192746.79779929997,0
2021-05-29 13:00:00,3200.73,3224.36,3131.17,3133.58,91.1369,1622294999999,289338.79774540005,771,38.45198,122075.75240010001,0
2021-05-29 13:30:00,3135.35,3214.81,3130.33,3208.31,73.66122,1622296799999,233256.592614,586,40.20398,127325.5753967,0
2021-05-29 14:00:00,3210.7,3275.99,3162.56,3188.25,169.1913,1622298599999,546372.07649,1033,103.92669000000001,335398.8652503,0
2021-05-29 14:30:00,3185.25,3227.09,3134.0,3176.87,102.62273,1622300399999,326731.3079065,689,62.13556,198297.01583539997,0
2021-05-29 15:00:00,3171.53,3175.64,3062.25,3122.8,147.68653,1622302199999,459057.2001368,1198,57.80301,179818.18912710005,0
2021-05-29 15:30:00,3122.74,3131.53,3073.4,3098.58,236.12037,1622303999999,732193.9000438001,1503,157.72053,489114.0356187,0
2021-05-29 16:00:00,3096.25,3111.9,3047.57,3074.08,291.26358999999997,1622305799999,899219.7943214001,2256,174.22159,538295.8405688,0
2021-05-29 16:30:00,3075.24,3153.4,3074.37,3130.46,266.59628,1622307599999,831110.22991,1880,198.5086,618783.3140235,0
2021-05-29 17:00:00,3130.63,3140.46,3024.3,3025.42,176.74088,1622309399999,542682.9223607001,1378,96.24083,295863.8722663,0
2021-05-29 17:30:00,3029.93,3040.39,2958.45,2985.09,410.54868,1622311199999,1230640.9883311,2401,251.65989,754490.9955238001,0
2021-05-29 18:00:00,2978.77,3012.51,2925.48,2934.86,203.67700000000002,1622312999999,601759.3046372,1801,90.04598,266056.209221,0
2021-05-29 18:30:00,2934.86,2982.56,2933.65,2971.48,117.89416000000001,1622314799999,348940.84881500003,893,60.162319999999994,178046.2737089,0
2021-05-29 19:00:00,2970.2,2988.04,2867.71,2878.01,250.85235,1622316599999,728827.5502489002,1746,85.10445,247817.39485900002,0
2021-05-29 19:30:00,2884.13,2977.43,2862.93,2950.89,231.10121,1622318399999,679106.0228353001,1766,84.17449,247344.45996560002,0
2021-05-29 20:00:00,2950.9,2979.91,2869.93,2907.71,172.4845,1622320199999,504068.8727229,1459,91.02071,266325.7040923,0
2021-05-29 20:30:00,2910.29,2964.11,2888.76,2946.05,194.75356000000002,1622321999999,570565.137795,1303,119.75535,350918.0122944,0
2021-05-29 21:00:00,2947.83,2990.88,2939.41,2950.62,111.6714,1622323799999,331619.37730740005,723,59.57572,176919.15763379997,0
2021-05-29 21:30:00,2951.46,3040.81,2951.46,3040.69,92.94327,1622325599999,279663.17608,682,57.60396,173597.46697,0
2021-05-29 22:00:00,3040.47,3044.99,2986.82,3014.05,67.96213,1622327399999,205012.9911843,618,34.1639,102975.8455767,0
2021-05-29 22:30:00,3021.28,3049.99,2990.13,3035.35,79.82741999999998,1622329199999,241304.4159349,602,49.52042,149819.9728261,0
2021-05-29 23:00:00,3029.24,3077.41,2984.22,3072.94,81.13996,1622330999999,246182.08229889997,680,46.35388,140706.7513885,0
2021-05-29 23:30:00,3073.22,3102.01,3045.87,3064.1,72.2988,1622332799999,222122.84854530002,563,42.90847,131782.1420988,0
2021-05-30 00:00:00,3068.95,3069.23,2877.36,2915.51,221.09569,1622334599999,652247.8669831,1671,110.06008,324433.336221,0
2021-05-30 00:30:00,2913.39,2918.37,2843.12,2909.52,178.28303,1622336399999,512784.04681719997,1467,77.19834,222354.1415849,0
2021-05-30 01:00:00,2909.52,2953.31,2873.92,2896.12,132.46213,1622338199999,385660.828629,1010,61.98839,180500.31032529997,0
2021-05-30 01:30:00,2900.0,2920.66,2868.19,2918.09,82.89539,1622339999999,240069.2446488,609,43.66842000000001,126461.2083154,0
2021-05-30 02:00:00,2908.85,2980.31,2890.74,2975.09,79.38184,1622341799999,233598.7447957,544,40.474920000000004,119063.7193407,0
2021-05-30 02:30:00,2969.77,3008.85,2967.58,2999.2,185.50453000000002,1622343599999,552987.2392640001,930,114.96757,342716.2483648,0
2021-05-30 03:00:00,2999.33,3035.1,2995.14,3017.15,104.14435999999999,1622345399999,314523.9348293,831,49.10902,148283.1540451,0
2021-05-30 03:30:00,3018.94,3048.23,2988.99,3046.8,58.81595,1622347199999,177759.1639682,528,31.77688,96068.12339339999,0
2021-05-30 04:00:00,3046.64,3057.35,3017.65,3028.56,43.314170000000004,1622348999999,131469.8612724,358,22.31598,67763.7935133,0
2021-05-30 04:30:00,3032.63,3084.58,3031.82,3049.85,115.10463,1622350799999,353042.1276335001,786,52.65319,161418.7953543,0
2021-05-30 05:00:00,3049.44,3163.31,3049.44,3154.62,176.68583,1622352599999,551305.7601179,1251,109.83389,342880.3456417,0
2021-05-30 05:30:00,3155.21,3205.7,3139.49,3191.32,202.6597,1622354399999,644753.1101565,1040,131.71837,419154.4545106,0
2021-05-30 06:00:00,3193.56,3237.7,3192.23,3208.48,151.68001999999996,1622356199999,487811.23462309997,824,80.34111999999998,258328.1153204,0
2021-05-30 06:30:00,3209.5,3300.0,3197.84,3296.4,291.43825,1622357999999,945672.3927431,1776,176.41596,572478.0509436999,0
2021-05-30 07:00:00,3296.39,3302.95,3231.7,3252.4,179.37152,1622359799999,585791.0118466999,1319,93.34855,304798.982133,0
2021-05-30 07:30:00,3256.27,3325.72,3256.27,3320.54,124.39078,1622361599999,409847.89443570003,1029,68.58149,226084.8252105,0
2021-05-30 08:00:00,3323.42,3341.37,3241.32,3268.74,157.94285,1622363399999,518924.46861820004,1153,81.51233,268013.2112186,0
2021-05-30 08:30:00,3270.88,3311.94,3243.06,3252.92,119.81733999999999,1622365199999,393455.53737070004,898,69.50662,228272.56056719998,0
2021-05-30 09:00:00,3256.8,3310.51,3256.8,3287.21,88.05906,1622366999999,289851.2101718,646,55.09648000000001,181382.49249489998,0
2021-05-30 09:30:00,3295.49,3299.72,3257.07,3266.0,77.03022,1622368799999,252618.69160289998,501,36.03907,118160.7065447,0
2021-05-30 10:00:00,3271.43,3290.0,3230.01,3260.36,83.75649,1622370599999,272522.3558391,678,42.1735,137074.68258139995,0
2021-05-30 10:30:00,3263.74,3285.7,3243.49,3254.23,69.62544,1622372399999,227302.5472658,804,40.93112,133717.8242209,0
2021-05-30 11:00:00,3259.04,3286.45,3255.22,3262.81,54.7481,1622374199999,179279.31549839996,636,37.71161,123505.6283582,0
2021-05-30 11:30:00,3263.88,3331.76,3236.49,3324.97,139.57969,1622375999999,457437.1487415999,949,72.79526,238872.66645820002,0
2021-05-30 12:00:00,3322.5,3348.18,3296.27,3320.48,183.99845,1622377799999,611767.4493989,1034,77.12278,256645.86819770004,0
2021-05-30 12:30:00,3319.95,3328.0,3203.33,3252.35,216.98856,1622379599999,706607.9469638,1565,99.24580999999999,322980.0862806,0
2021-05-30 13:00:00,3246.68,3268.1,3220.68,3244.95,114.85882,1622381399999,372975.05768850003,857,53.44108000000001,173572.2931434,0
2021-05-30 13:30:00,3249.39,3257.1,3222.42,3256.11,50.2053,1622383199999,162676.52753639998,357,22.335,72442.0626365,0
2021-05-30 14:00:00,3253.44,3258.91,3148.0,3179.78,222.20404,1622384999999,710083.7830749,1202,114.03119,364830.7382655,0
2021-05-30 14:30:00,3177.14,3217.46,3159.87,3183.6,182.25234,1622386799999,580307.9426605,1113,101.72384,323859.36065309995,0
2021-05-30 15:00:00,3187.62,3217.9,3181.82,3192.8,82.19995,1622388599999,263099.2442028,690,28.145940000000003,90097.57461950001,0
2021-05-30 15:30:00,3192.2,3289.77,3188.59,3284.82,110.36581000000001,1622390399999,356498.9284961,909,50.55948,163605.2341047,0
2021-05-30 16:00:00,3284.8,3339.63,3251.12,3328.46,136.52168999999998,1622392199999,450282.8912493,1191,78.37515,258413.15487339997,0
2021-05-30 16:30:00,3324.48,3337.27,3296.9,3331.55,153.06908,1622393999999,508198.0791986,870,56.675309999999996,188002.13407939998,0
2021-05-30 17:00:00,3331.55,3365.99,3326.8,3362.73,161.34286,1622395799999,540009.0005522,1191,91.65134,306735.201025,0
2021-05-30 17:30:00,3361.46,3370.94,3343.0,3351.0,79.60741,1622397599999,267112.053098,564,49.06592,164616.0125836,0
2021-05-30 18:00:00,3351.0,3409.4,3340.0,3408.32,130.28753999999998,1622399399999,439166.3449845,1090,81.33618,274247.9951766,0
2021-05-30 18:30:00,3408.29,3418.99,3367.17,3413.39,143.27733999999995,1622401199999,486248.6398052999,933,72.52504,246466.13697010002,0
2021-05-30 19:00:00,3415.44,3450.0,3396.95,3417.92,303.02412999999996,1622402999999,1039052.2134296,1704,106.62603,365176.2188189,0
2021-05-30 19:30:00,3420.88,3448.94,3376.18,3379.48,121.36822,1622404799999,413829.68882409995,839,72.51504,247350.6616327,0
2021-05-30 20:00:00,3379.5,3420.33,3334.89,3397.7,131.55395,1622406599999,444449.34041759995,1095,74.50882,251714.50038,0
2021-05-30 20:30:00,3397.1,3406.96,3363.69,3374.99,85.52868000000002,1622408399999,289415.9830709,458,43.28595,146402.601662,0
2021-05-30 21:00:00,3379.41,3382.06,3353.79,3374.77,54.43144,1622410199999,183312.0553687,351,24.78828,83501.8195336,0
2021-05-30 21:30:00,3372.61,3399.95,3353.02,3359.93,32.27848,1622411999999,109004.12988190001,352,11.47574,38858.79719,0
2021-05-30 22:00:00,3355.22,3375.46,3322.37,3336.6,45.43545,1622413799999,152121.45760939998,738,22.01495,73839.5534488,0
2021-05-30 22:30:00,3323.97,3336.98,3298.42,3310.16,148.62736,1622415599999,492794.5427812,702,76.16411,252597.05208770002,0
2021-05-30 23:00:00,3311.51,3328.99,3289.4,3302.75,68.35213,1622417399999,226057.8801881,687,21.880689999999998,72405.8366566,0
2021-05-30 23:30:00,3305.89,3335.03,3292.8,3308.9,42.7198,1622419199999,141618.72583920002,342,18.94649,62851.9185981,0
2021-05-31 00:00:00,3304.16,3358.1,3242.71,3259.45,215.00377000000003,1622420999999,711104.1626221,1756,109.82059,364014.11797920003,0
2021-05-31 00:30:00,3259.36,3282.77,3228.58,3262.92,73.65276999999998,1622422799999,239511.8066212,631,31.48038,102317.0048678,0
2021-05-31 01:00:00,3256.0,3275.79,3218.01,3245.9,84.87629,1622424599999,275612.8147068,636,38.70185,125788.04467319998,0
2021-05-31 01:30:00,3243.15,3243.15,3185.73,3208.11,127.70525,1622426399999,409303.720422,859,55.98835,179459.5906581,0
2021-05-31 02:00:00,3206.11,3234.05,3192.82,3204.12,63.58906999999999,1622428199999,204142.31106020004,494,27.30417000000001,87739.027072,0
2021-05-31 02:30:00,3204.84,3254.54,3204.84,3232.36,74.03236,1622429999999,239185.83049779997,479,41.01727,132541.2484823,0
2021-05-31 03:00:00,3229.0,3234.55,3161.8,3234.55,132.87153,1622431799999,425148.6963815,868,77.26735,247326.12462360002,0
2021-05-31 03:30:00,3229.34,3233.47,3180.31,3203.25,79.91604,1622433599999,255848.99708559999,527,38.92609,124605.62398660001,0
2021-05-31 04:00:00,3199.48,3223.23,3170.13,3183.05,74.02716,1622435399999,236815.00740749997,742,44.8615,143667.2547222,0
2021-05-31 04:30:00,3179.59,3242.74,3173.52,3239.26,69.82319,1622437199999,224802.17555100002,755,40.05292,128998.8928598,0
2021-05-31 05:00:00,3234.39,3262.51,3195.49,3254.32,66.29111,1622438999999,214191.0016829,543,38.9651,126053.90498210001,0
2021-05-31 05:30:00,3253.32,3256.2,3215.35,3226.29,45.06387,1622440799999,145903.0950246,323,20.99484,67998.98264,0
2021-05-31 06:00:00,3233.99,3315.04,3233.99,3305.04,129.99714,1622442599999,427794.8318331,745,70.78386,232778.5370395,0
2021-05-31 06:30:00,3307.05,3307.05,3269.69,3299.89,70.8412,1622444399999,232829.4086799,783,29.78946,97882.4497881,0
2021-05-31 07:00:00,3291.99,3359.91,3291.99,3356.7,73.62556,1622446199999,245804.9625826,834,37.3014,124525.6080171,0
2021-05-31 07:30:00,3354.67,3371.26,3335.52,3346.31,45.65835,1622447999999,152980.9449553,426,21.49718,72078.5129222,0
2021-05-31 08:00:00,3357.54,3381.63,3320.69,3368.39,72.09069000000002,1622449799999,241614.1776685,795,41.902390000000004,140545.1004076,0
2021-05-31 08:30:00,3370.79,3422.55,3370.79,3416.32,128.3604,1622451599999,437092.10129659995,1094,67.16626,228800.88223629998,0
2021-05-31 09:00:00,3417.3,3440.0,3398.86,3425.9,96.25904,1622453399999,328796.2913086,987,38.84218,132758.2278828,0
2021-05-31 09:30:00,3426.29,3438.6,3388.75,3391.52,61.59778000000001,1622455199999,210233.2853306,519,22.7848,77711.7170403,0
2021-05-31 10:00:00,3394.86,3503.46,3394.86,3482.49,272.10742,1622456999999,943768.5416819,1826,144.83209,502654.564964,0
2021-05-31 10:30:00,3487.35,3492.46,3456.97,3460.17,125.73698999999999,1622458799999,436899.8793379001,751,62.66985,217898.313122,0
2021-05-31 11:00:00,3460.19,3519.33,3457.19,3505.49,164.59411,1622460599999,575766.8247260001,1353,97.29966999999999,340440.2949577,0
2021-05-31 11:30:00,3507.71,3522.25,3473.2,3478.5,130.98331000000002,1622462399999,457716.92466470005,776,56.5128,197556.6738345,0
2021-05-31 12:00:00,3478.34,3513.92,3464.66,3474.8,93.66726,1622464199999,327392.09931079997,616,38.157270000000004,133397.2538533,0
2021-05-31 12:30:00,3476.26,3476.88,3414.0,3437.94,127.32148000000001,1622465999999,438613.49882040004,1025,58.53464,201681.7611748,0
2021-05-31 13:00:00,3438.68,3493.15,3414.01,3474.52,119.31024,1622467799999,412354.10656620003,833,52.910940000000004,182976.3579054,0
2021-05-31 13:30:00,3479.27,3484.0,3426.23,3443.53,193.68988000000002,1622469599999,667162.9568471999,957,131.17139,451416.49985,0
2021-05-31 14:00:00,3444.76,3459.97,3403.02,3419.97,87.46341,1622471399999,299454.3935399,629,37.25287,127570.212373,0
2021-05-31 14:30:00,3421.79,3479.59,3418.44,3455.68,76.63646,1622473199999,264220.65400650003,488,42.98506,148189.4982664,0
2021-05-31 15:00:00,3454.48,3565.74,3452.21,3538.29,163.49348,1622474999999,575853.9347081999,1720,103.60276999999999,365019.0579319,0
2021-05-31 15:30:00,3538.29,3614.54,3535.43,3592.98,300.21808,1622476799999,1073534.9082293,2078,168.16356000000005,600859.4711137,0
2021-05-31 16:00:00,3592.23,3611.9,3552.37,3587.06,149.98193,1622478599999,538300.7947922,1268,80.14716999999997,287544.7946289,0
2021-05-31 16:30:00,3587.03,3605.1,3532.56,3544.11,166.3857,1622480399999,593034.0765534,1047,85.37425,304295.474836,0
2021-05-31 17:00:00,3547.43,3549.53,3474.03,3491.17,158.95711,1622482199999,557135.6952409,1295,76.9848,269967.1779146,0
2021-05-31 17:30:00,3487.7,3509.99,3460.01,3499.7,129.89306000000002,1622483999999,452025.58607130003,981,65.79966999999999,229192.0614959,0
2021-05-31 18:00:00,3503.01,3512.76,3478.2,3489.42,69.5416,1622485799999,243055.39333129997,631,26.269479999999998,91865.8812822,0
2021-05-31 18:30:00,3491.29,3506.47,3466.55,3486.29,50.01473,1622487599999,174397.5070431,349,23.25704,81097.2108518,0
2021-05-31 19:00:00,3491.6,3499.57,3470.45,3481.38,45.99224,1622489399999,160297.8021711,389,16.902379999999994,58926.2421648,0
2021-05-31 19:30:00,3481.38,3525.85,3463.96,3523.21,46.90939,1622491199999,163743.77907129994,397,30.13358,105286.5119041,0
2021-05-31 20:00:00,3520.22,3545.93,3476.94,3499.18,118.07221000000001,1622492999999,415817.2915591,752,33.32581,117397.0501622,0
2021-05-31 20:30:00,3499.2,3504.4,3470.01,3483.6,25.26341,1622494799999,88149.53495639998,254,9.68459,33835.9126411,0
2021-05-31 21:00:00,3487.82,3499.6,3483.61,3487.84,13.861670000000002,1622496599999,48432.441082800004,262,8.110289999999999,28347.618759200002,0
2021-05-31 21:30:00,3493.45,3512.98,3470.01,3502.33,36.4299,1622498399999,127224.47657580001,272,14.58216,50991.6256491,0
2021-05-31 22:00:00,3506.8,3561.28,3501.46,3552.93,107.93893999999999,1622500199999,382112.7389316,754,47.53626,168281.8489468,0
2021-05-31 22:30:00,3550.0,3555.38,3522.53,3528.53,33.17465,1622501999999,117203.21443660001,263,10.91111,38549.6250457,0
2021-05-31 23:00:00,3527.0,3575.56,3514.74,3575.56,71.29006,1622503799999,253277.41718389996,548,36.60734,130034.06059040001,0
2021-05-31 23:30:00,3573.09,3600.0,3562.65,3597.27,50.33478,1622505599999,180462.1087848,744,24.60872,88335.5690796,0
2021-06-01 00:00:00,3587.87,3620.0,3564.91,3609.05,92.91603,1622507399999,334865.3220996,1053,33.92221,122197.9914926,0
2021-06-01 00:30:00,3610.36,3637.75,3598.75,3619.24,58.92586,1622509199999,213256.39068729998,603,30.07447,108857.1522783,0
2021-06-01 01:00:00,3616.21,3641.14,3549.33,3570.2,79.17782,1622510999999,285364.6572815,874,41.400909999999996,149247.53186179994,0
2021-06-01 01:30:00,3570.2,3570.2,3526.31,3529.56,48.06951,1622512799999,170693.5057036,465,25.84727,91775.80080669999,0
2021-06-01 02:00:00,3534.31,3550.39,3471.0,3505.79,80.83386,1622514599999,283089.6867098,727,40.260690000000004,141158.7803935,0
2021-06-01 02:30:00,3505.31,3563.48,3503.97,3563.48,79.27232,1622516399999,280639.33789759997,679,28.79642,101932.40099299999,0
2021-06-01 03:00:00,3563.48,3608.0,3542.74,3600.0,88.14936,1622518199999,316461.0828752,753,54.87308,197304.1852025,0
2021-06-01 03:30:00,3597.25,3597.25,3534.44,3554.18,86.21481999999996,1622519999999,307391.4584078,686,56.85511999999999,202752.87935610002,0
2021-06-01 04:00:00,3552.49,3581.98,3532.5,3576.92,78.91784,1622521799999,280266.95048690005,528,59.05729,209770.40960639998,0
2021-06-01 04:30:00,3580.91,3584.86,3556.82,3561.38,63.726169999999996,1622523599999,227577.0473544,418,39.93484,142553.6401404,0
2021-06-01 05:00:00,3557.47,3634.85,3557.32,3621.27,84.12038000000003,1622525399999,303447.1806994,1067,45.8732,165433.4660059,0
2021-06-01 05:30:00,3620.83,3671.05,3617.42,3659.25,84.55757,1622527199999,308230.55821429996,1050,39.45342,143856.4209781,0
2021-06-01 06:00:00,3654.13,3665.17,3614.36,3622.2,97.44189,1622528999999,354829.1180095,699,35.78324,130256.2408208,0
2021-06-01 06:30:00,3625.4,3625.4,3585.08,3608.32,78.53591999999998,1622530799999,282785.54601570003,644,39.72961,143084.8133548,0
2021-06-01 07:00:00,3611.95,3646.5,3584.75,3596.18,82.19974,1622532599999,297952.9450457,559,26.07153,94354.74634119999,0
2021-06-01 07:30:00,3590.34,3616.13,3567.83,3603.39,72.34033000000002,1622534399999,259868.08286640001,709,36.33072,130650.46711239999,0
2021-06-01 08:00:00,3600.64,3628.75,3508.0,3524.99,154.18354,1622536199999,548161.7684914999,1512,57.461369999999995,204456.58619620002,0
2021-06-01 08:30:00,3528.08,3533.35,3483.3,3512.37,96.4347,1622537999999,338303.59619099996,899,38.11834,133840.8871424,0
2021-06-01 09:00:00,3508.48,3550.0,3500.96,3508.53,102.73571,1622539799999,362344.2891449001,773,41.1518,145097.70340070006,0
2021-06-01 09:30:00,3511.38,3544.35,3490.0,3529.72,78.12337,1622541599999,275300.12441399996,552,32.65567,115113.05912460001,0
2021-06-01 10:00:00,3525.29,3600.06,3509.3,3593.47,86.4274,1622543399999,308151.1730837,697,47.01345,167683.5754595,0
2021-06-01 10:30:00,3585.24,3621.41,3576.86,3613.54,266.57619,1622545199999,960980.6219178002,1278,66.67839000000001,240309.2367671,0
2021-06-01 11:00:00,3617.22,3679.38,3597.56,3651.71,194.35997,1622546999999,708630.4254883,1874,121.78685,443936.8818354,0
2021-06-01 11:30:00,3654.4,3666.49,3629.95,3663.14,108.57011000000001,1622548799999,396498.5285355,955,68.88282,251686.91585149997,0
2021-06-01 12:00:00,3658.76,3660.95,3584.44,3601.27,131.41407,1622550599999,474955.52757080004,1062,54.95475,198649.5794623,0
2021-06-01 12:30:00,3605.76,3622.46,3567.13,3567.49,108.5947,1622552399999,390259.225408,904,38.31732,137946.0906523,0
2021-06-01 13:00:00,3574.42,3617.39,3519.4,3607.31,129.22347,1622554199999,457805.77348549996,1125,80.84038000000002,286263.8146686,0
2021-06-01 13:30:00,3608.06,3700.0,3608.06,3693.48,382.28792000000004,1622555999999,1403279.8552087,2900,209.49041,768670.1509983,0
2021-06-01 14:00:00,3696.02,3699.1,3635.17,3644.71,154.21975,1622557799999,566501.8409655,1081,77.51956,284876.60671759996,0
2021-06-01 14:30:00,3641.31,3680.0,3592.43,3618.78,101.49028,1622559599999,368035.83431149996,1023,39.31228,142366.27841189998,0
2021-06-01 15:00:00,3613.82,3617.87,3564.58,3587.36,103.65026999999999,1622561399999,371796.3912652,948,43.31072,155230.89308739998,0
2021-06-01 15:30:00,3581.64,3583.0,3540.98,3578.0,151.9982,1622563199999,540782.808329,930,76.76167,272937.5328327,0
2021-06-01 16:00:00,3578.56,3606.93,3508.44,3543.76,282.89102,1622564999999,999506.2385291001,1597,163.26758999999996,575658.7384601999,0
2021-06-01 16:30:00,3545.04,3565.14,3487.56,3508.5,153.79491000000004,1622566799999,542592.5271306,1004,68.64393000000001,242306.1660902,0
2021-06-01 17:00:00,3509.21,3518.46,3490.28,3503.58,84.57235,1622568599999,296396.12710559997,648,27.539990000000003,96559.7315703,0
2021-06-01 17:30:00,3509.03,3549.18,3495.66,3534.9,57.01379,1622570399999,201125.20717850002,445,22.738310000000002,80311.7901618,0
2021-06-01 18:00:00,3535.13,3569.1,3531.74,3564.17,84.691,1622572199999,300583.0038206,548,40.37862,143298.9410671,0
2021-06-01 18:30:00,3564.17,3602.16,3549.72,3579.51,87.80586,1622573999999,314164.3087794,714,47.90527,171472.07180379998,0
2021-06-01 19:00:00,3579.51,3579.51,3511.63,3522.47,109.06505,1622575799999,387036.09254579997,844,57.969719999999995,205544.78510490002,0
2021-06-01 19:30:00,3518.16,3538.32,3492.5,3517.22,76.70748,1622577599999,269346.6267821,636,37.20073,130671.22331930001,0
2021-06-01 20:00:00,3518.27,3555.0,3509.02,3540.75,69.2663,1622579399999,245038.05275020003,576,45.320190000000004,160347.55235739998,0
2021-06-01 20:30:00,3539.7,3564.63,3537.94,3553.05,35.96195,1622581199999,127664.62266380001,307,19.99632,71010.634723,0
2021-06-01 21:00:00,3553.2,3567.0,3542.18,3566.3,35.36770999999999,1622582999999,125811.1621865,240,18.90119,67245.0546539,0
2021-06-01 21:30:00,3566.22,3574.78,3526.68,3569.97,49.72255,1622584799999,176504.68583670005,563,26.18042,92959.59876989998,0
2021-06-01 22:00:00,3569.01,3588.14,3550.12,3568.99,30.25031,1622586599999,108064.9443263,395,13.22166,47277.51087880001,0
2021-06-01 22:30:00,3568.13,3568.13,3516.21,3548.48,50.08682,1622588399999,177436.752746,539,25.51397,90439.70889919999,0
2021-06-01 23:00:00,3550.32,3591.33,3547.74,3583.89,43.19767,1622590199999,154319.3742407,439,29.56816,105693.8579543,0
2021-06-01 23:30:00,3585.4,3606.41,3585.4,3593.63,33.08372,1622591999999,118912.4328655,374,14.7099,52893.0602439,0
2021-06-02 00:00:00,3599.62,3611.89,3524.29,3536.53,73.78482,1622593799999,263543.281626,772,40.10731,143088.5789499,0
2021-06-02 00:30:00,3532.91,3610.35,3526.02,3562.5,69.70219,1622595599999,249214.8941486,621,35.55601,127034.72211360002,0
2021-06-02 01:00:00,3563.62,3583.68,3507.5,3513.54,80.54807,1622597399999,284274.9503957,741,29.81584,105368.0114531,0
2021-06-02 01:30:00,3516.23,3534.19,3511.13,3534.19,39.478790000000004,1622599199999,139040.6712151,352,18.26715,64368.826949099996,0
2021-06-02 02:00:00,3533.92,3570.05,3523.23,3557.81,42.633559999999996,1622600999999,151207.30361479998,639,22.783839999999998,80789.14211799999,0
2021-06-02 02:30:00,3557.78,3578.92,3536.76,3536.76,37.02432,1622602799999,132015.2609066,304,18.77083,66936.49790730001,0
2021-06-02 03:00:00,3541.25,3592.89,3540.78,3592.26,43.98581,1622604599999,157299.2706268,649,23.73021,84881.81398139999,0
2021-06-02 03:30:00,3589.03,3595.0,3550.0,3556.1,36.36895,1622606399999,129806.28476360002,277,14.9711,53500.7027294,0
2021-06-02 04:00:00,3557.19,3600.0,3557.19,3597.42,26.6703,1622608199999,95593.1831188,336,14.374970000000001,51515.9273688,0
2021-06-02 04:30:00,3600.0,3602.06,3558.92,3563.81,27.41133,1622609999999,97938.6919263,290,8.9362,31921.682182200002,0
2021-06-02 05:00:00,3567.73,3581.62,3552.7,3567.24,27.83987,1622611799999,99402.53498260002,290,13.65859,48751.7431778,0
2021-06-02 05:30:00,3565.35,3600.0,3553.87,3595.83,21.2927,1622613599999,76261.63805669999,256,13.01191,46642.3841313,0
2021-06-02 06:00:00,3592.14,3606.31,3578.77,3599.66,39.01174,1622615399999,140324.36467379998,360,20.99801,75560.0655083,0
2021-06-02 06:30:00,3599.66,3600.29,3568.76,3581.46,18.88978,1622617199999,67621.3833107,206,10.03817,35929.9803443,0
2021-06-02 07:00:00,3584.74,3647.54,3579.02,3626.92,76.19355,1622618999999,275982.1083419,1003,32.8789,119032.17968760002,0
2021-06-02 07:30:00,3632.88,3669.38,3631.45,3648.12,61.349309999999996,1622620799999,224021.8618651,723,30.248790000000003,110502.42701370001,0
2021-06-02 08:00:00,3650.46,3667.94,3629.08,3632.54,50.005340000000004,1622622599999,182382.5676888,445,20.676679999999998,75391.69177810001,0
2021-06-02 08:30:00,3629.44,3676.15,3629.44,3672.24,67.09454000000001,1622624399999,245301.69238800002,503,36.61519000000001,133774.6195035,0
2021-06-02 09:00:00,3672.24,3677.81,3656.2,3669.81,76.88217,1622626199999,282089.655483,525,30.01055,110161.2699079,0
2021-06-02 09:30:00,3670.66,3678.02,3620.0,3620.0,72.69816999999998,1622627999999,264699.2601762,788,43.88377,159593.0286359,0
2021-06-02 10:00:00,3620.01,3620.57,3583.36,3585.7,101.39025,1622629799999,364938.0741903,1143,56.95145,205046.324297,0
2021-06-02 10:30:00,3590.33,3599.46,3556.86,3574.69,77.17806999999998,1622631599999,276299.9665274,906,38.08484,136284.21453529998,0
2021-06-02 11:00:00,3572.96,3586.0,3545.0,3563.39,84.74856,1622633399999,301606.6131875,559,35.65303,126786.6895299,0
2021-06-02 11:30:00,3558.54,3589.33,3553.91,3580.0,61.51295,1622635199999,219996.47932820002,445,26.95304,96371.2176395,0
2021-06-02 12:00:00,3578.9,3605.67,3577.0,3603.7,59.39836999999999,1622636999999,213267.3819152,587,24.25154,87148.762305,0
2021-06-02 12:30:00,3603.83,3610.14,3593.71,3604.11,117.26228,1622638799999,422347.45193529996,521,84.06275,302768.39701950003,0
2021-06-02 13:00:00,3599.63,3640.0,3572.35,3631.74,84.12817,1622640599999,303288.58894209994,969,46.99189000000001,169493.10395279998,0
2021-06-02 13:30:00,3632.56,3648.79,3623.4,3642.5,83.04738,1622642399999,302201.0737855,974,43.485859999999995,158282.3610635,0
2021-06-02 14:00:00,3642.5,3661.4,3631.95,3658.19,126.33867,1622644199999,460858.96219920006,888,88.73288000000002,323769.1560316,0
2021-06-02 14:30:00,3661.41,3674.28,3645.21,3658.96,113.11,1622645999999,414120.9669900999,1073,44.85491,164283.45465,0
2021-06-02 15:00:00,3660.18,3720.0,3658.61,3714.79,176.16303,1622647799999,650728.0671926,2000,71.27199,263192.3596264,0
2021-06-02 15:30:00,3717.73,3726.98,3700.48,3708.77,100.32799999999999,1622649599999,372322.7578416,917,46.94665,174326.1972508,0
2021-06-02 16:00:00,3708.77,3725.2,3674.47,3702.19,117.96123,1622651399999,436513.82473249995,923,60.89743000000001,225390.79144439998,0
2021-06-02 16:30:00,3702.22,3702.22,3649.59,3674.54,118.40933999999999,1622653199999,434780.5013818,942,52.766459999999995,193837.3383091,0
2021-06-02 17:00:00,3674.37,3706.81,3649.34,3651.7,58.11147,1622654999999,213730.1739546,571,31.10255,114441.4935935,0
2021-06-02 17:30:00,3649.19,3682.35,3643.42,3674.9,62.097030000000004,1622656799999,227309.4589848,556,29.45942,107846.53353849999,0
2021-06-02 18:00:00,3676.91,3679.27,3635.82,3645.42,71.99244,1622658599999,263136.5562782,688,35.00955,127860.34593689999,0
2021-06-02 18:30:00,3643.19,3650.53,3630.01,3639.87,48.458709999999996,1622660399999,176398.48546420003,645,23.95055,87213.46023560001,0
2021-06-02 19:00:00,3636.85,3639.15,3622.11,3622.13,73.91384000000002,1622662199999,268146.91438970005,560,27.675959999999996,100413.82167739999,0
2021-06-02 19:30:00,3623.93,3648.68,3620.0,3634.83,50.60015,1622663999999,183952.3304532,467,29.734640000000002,108064.43950190001,0
2021-06-02 20:00:00,3631.45,3636.07,3590.0,3592.7,75.03534,1622665799999,270657.28529190004,1023,44.53737,160694.4109556,0
2021-06-02 20:30:00,3595.01,3599.8,3579.02,3590.92,51.97605,1622667599999,186425.639545,483,26.27635,94267.43255479999,0
2021-06-02 21:00:00,3592.11,3608.56,3591.0,3593.84,83.97831,1622669399999,302357.902794,498,48.58651,174984.8481643,0
2021-06-02 21:30:00,3594.18,3595.17,3555.93,3559.7,171.81904,1622671199999,614217.0308846999,1310,95.11371,340151.587467,0
2021-06-02 22:00:00,3558.66,3575.12,3544.17,3547.12,115.99933999999999,1622672999999,412887.3218543,1290,43.88166,156185.671519,0
2021-06-02 22:30:00,3548.98,3570.26,3531.89,3570.24,71.78801999999997,1622674799999,254740.27805879997,672,36.48077,129525.28473680001,0
2021-06-02 23:00:00,3563.1,3590.13,3557.69,3582.89,58.86033000000001,1622676599999,210525.8689436,516,33.585640000000005,120095.77235239999,0
2021-06-02 23:30:00,3583.59,3590.8,3554.74,3561.79,56.9988,1622678399999,203890.3022628,436,27.54325,98495.4198162,0
2021-06-03 00:00:00,3563.21,3590.51,3529.25,3587.11,121.79196,1622680199999,433055.85346739995,938,55.568769999999994,197559.8905681,0
2021-06-03 00:30:00,3588.52,3598.84,3550.55,3587.46,85.07191999999998,1622681999999,303724.9368883,623,45.80822,163562.1759864,0
2021-06-03 01:00:00,3585.4,3603.49,3571.42,3590.81,60.82409000000001,1622683799999,218532.3326941,452,27.18846,97704.68978049999,0
2021-06-03 01:30:00,3590.76,3590.76,3546.1,3550.95,75.88273000000002,1622685599999,270638.4895959,542,43.41601,154826.2600476,0
2021-06-03 02:00:00,3550.51,3579.47,3530.0,3559.04,61.26556,1622687399999,217656.2937599,537,29.93654,106353.30465650001,0
2021-06-03 02:30:00,3556.5,3569.52,3534.53,3563.71,72.47010999999998,1622689199999,257290.3416913,472,38.08584000000001,135214.9802253,0
2021-06-03 03:00:00,3566.22,3597.13,3553.07,3590.14,67.80011,1622690999999,242755.9030066,518,33.79476,121001.7690062,0
2021-06-03 03:30:00,3589.3,3612.48,3589.3,3609.25,69.26158000000001,1622692799999,249871.20836220004,477,43.086929999999995,155491.01593520006,0
2021-06-03 04:00:00,3607.04,3636.54,3603.99,3627.52,101.55566999999999,1622694599999,368009.3504837,732,59.07718000000001,214075.0328729,0
2021-06-03 04:30:00,3625.7,3641.69,3619.7,3641.47,61.48569000000001,1622696399999,223183.451973,385,40.51696,147086.91447360002,0
2021-06-03 05:00:00,3642.55,3675.63,3638.2,3666.69,107.2559,1622698199999,393073.4092112,1220,47.48578,174051.8660584,0
2021-06-03 05:30:00,3667.25,3700.0,3661.93,3695.98,139.04998,1622699999999,512073.2772668,1333,65.16515,240045.8562861,0
2021-06-03 06:00:00,3698.82,3700.0,3671.83,3681.67,82.2971,1622701799999,303403.3164459,710,30.501070000000002,112490.05428639999,0
2021-06-03 06:30:00,3681.26,3718.15,3673.83,3712.42,117.7855,1622703599999,435814.5497799,914,62.35255,230724.6806508,0
2021-06-03 07:00:00,3714.47,3718.32,3659.59,3663.37,91.23909,1622705399999,336381.85681679996,905,34.09677,125696.32078529999,0
2021-06-03 07:30:00,3662.72,3676.22,3648.52,3657.52,68.27776,1622707199999,249984.61169619998,442,33.13142,121322.84306239999,0
2021-06-03 08:00:00,3657.69,3715.0,3646.12,3711.87,95.11101,1622708999999,350516.41149850003,663,60.67425,223548.7391807,0
2021-06-03 08:30:00,3714.93,3714.99,3670.47,3677.41,53.472319999999996,1622710799999,197331.7599845,465,21.02754,77562.3232419,0
2021-06-03 09:00:00,3681.84,3683.53,3620.0,3657.99,846.1914400000003,1622712599999,3084621.3496703,3973,238.58039,870165.9017577,0
2021-06-03 09:30:00,3655.47,3695.54,3650.99,3692.52,79.25182,1622714399999,291450.7943626,752,37.892340000000004,139314.7024837,0
2021-06-03 10:00:00,3694.02,3709.3,3687.65,3706.62,96.4184,1622716199999,356852.3885941,829,50.06378,185371.87070970002,0
2021-06-03 10:30:00,3706.82,3709.62,3682.88,3698.3,84.08539,1622717999999,310746.982469,649,32.744,121077.1829431,0
2021-06-03 11:00:00,3700.96,3706.15,3602.39,3633.57,148.57741000000001,1622719799999,542830.6540375999,1517,77.35008,282609.80490909994,0
2021-06-03 11:30:00,3630.52,3657.49,3611.17,3622.09,71.26951,1622721599999,259413.35399820004,510,27.45569,99915.147839,0
2021-06-03 12:00:00,3622.09,3629.57,3574.92,3616.47,211.32918999999998,1622723399999,760066.661662,1323,107.22868999999999,385575.7702742,0
2021-06-03 12:30:00,3616.35,3672.75,3616.35,3662.63,57.282090000000004,1622725199999,209002.33438,530,42.34449,154514.9324669,0
2021-06-03 13:00:00,3665.57,3687.03,3624.75,3634.9,76.07204,1622726999999,278441.44896029995,911,37.45216,136993.95881789998,0
2021-06-03 13:30:00,3633.59,3646.93,3550.25,3577.43,135.64201,1622728799999,486122.95180790004,1309,64.25457,230273.18789089998,0
2021-06-03 14:00:00,3577.35,3595.05,3555.45,3557.66,64.19598,1622730599999,229403.55190710002,597,33.939890000000005,121361.2710846,0
2021-06-03 14:30:00,3559.54,3587.61,3555.09,3582.55,66.40221,1622732399999,236997.60543729996,446,36.625859999999996,130717.3709283,0
2021-06-03 15:00:00,3588.23,3599.77,3576.0,3589.33,74.19932,1622734199999,266330.9990962,906,40.77613,146379.2049644,0
2021-06-03 15:30:00,3594.81,3614.96,3565.57,3605.99,46.22428,1622735999999,166171.3251768,494,21.51384,77350.59776889997,0
2021-06-03 16:00:00,3605.08,3646.58,3585.85,3641.49,48.53459,1622737799999,175827.7857508,659,29.26916,106106.4013138,0
2021-06-03 16:30:00,3639.73,3660.95,3624.72,3635.14,66.7752,1622739599999,243297.4529191,691,35.70252,130143.2206705,0
2021-06-03 17:00:00,3633.99,3652.35,3619.36,3652.25,31.52455,1622741399999,114509.7700821,418,13.742320000000001,49956.5326526,0
2021-06-03 17:30:00,3652.32,3660.55,3634.99,3641.67,62.979330000000004,1622743199999,229879.9974192,590,23.14563,84537.66640189999,0
2021-06-03 18:00:00,3644.8,3654.56,3605.21,3605.21,56.87886999999999,1622744999999,206522.24016279998,474,28.08754,102016.18521010001,0
2021-06-03 18:30:00,3605.2,3607.59,3575.0,3588.95,86.71676,1622746799999,311503.7774225,590,29.233959999999996,105021.3729663,0
2021-06-03 19:00:00,3581.73,3608.77,3577.08,3592.06,29.9179,1622748599999,107466.2728282,296,15.013329999999998,53908.01214680001,0
2021-06-03 19:30:00,3588.52,3600.27,3579.48,3597.61,20.47781,1622750399999,73516.5752774,239,8.62233,30944.3713675,0
2021-06-03 20:00:00,3597.54,3635.98,3593.25,3623.08,41.4835,1622752199999,150196.3267554,472,24.78456,89724.92544439998,0
2021-06-03 20:30:00,3621.94,3647.79,3609.38,3645.85,38.85153,1622753999999,140882.7348417,365,25.11231,91079.9769864,0
2021-06-03 21:00:00,3645.85,3665.0,3639.44,3649.0,36.82224,1622755799999,134542.582403,557,20.82968,76111.7387104,0
2021-06-03 21:30:00,3650.21,3650.21,3612.27,3616.92,39.2117,1622757599999,142108.92123210002,451,13.52139,48989.404872600004,0
2021-06-03 22:00:00,3618.89,3653.45,3615.05,3646.98,49.01732,1622759399999,178232.0822765,452,27.30875,99243.13474410001,0
2021-06-03 22:30:00,3648.42,3671.27,3648.42,3660.63,67.90401999999999,1622761199999,248565.12806429996,544,40.05686,146642.4232941,0
2021-06-03 23:00:00,3657.63,3670.57,3634.85,3658.98,57.83194,1622762999999,211241.00434229997,384,26.51434,96794.29771269999,0
2021-06-03 23:30:00,3657.51,3682.24,3648.61,3659.44,86.97248,1622764799999,318900.3179673,662,34.39397,126131.61555710001,0
2021-06-04 00:00:00,3658.0,3662.27,3611.63,3618.63,102.978,1622766599999,374223.1806592,1098,51.87514,188448.7310312,0
2021-06-04 00:30:00,3618.3,3622.15,3601.7,3621.47,162.66696000000005,1622768399999,587587.6489373,648,57.34913,207189.3946939,0
2021-06-04 01:00:00,3621.23,3621.59,3501.17,3531.27,297.43282,1622770199999,1055498.9616432,2414,123.4317,437065.0596941,0
2021-06-04 01:30:00,3528.66,3556.26,3519.88,3542.52,101.04105,1622771999999,357364.3848374,821,51.332209999999996,181550.3884311,0
2021-06-04 02:00:00,3544.3,3544.3,3471.22,3510.44,174.35884,1622773799999,611951.2793704,1351,88.32519,310185.8782953,0
2021-06-04 02:30:00,3512.39,3708.31,3512.39,3696.19,1085.3606300000001,1622775599999,3934022.1757079004,5598,374.56313,1362260.0880423,0
2021-06-04 03:00:00,3698.45,3950.0,3696.85,3949.99,2385.80312,1622777399999,9104042.0435214,13741,1085.53052,4142090.7039147997,0
2021-06-04 03:30:00,3946.48,3980.53,3877.7,3907.04,1025.8889199999999,1622779199999,4030569.0259120003,7481,550.89174,2164310.8511616,0
2021-06-04 04:00:00,3907.04,3973.3,3870.96,3913.55,400.81019,1622780999999,1570656.8994796001,3828,218.67316,857512.7744447,0
2021-06-04 04:30:00,3912.34,3933.0,3835.35,3851.05,287.86566,1622782799999,1116908.9338886999,2876,150.00441999999995,582029.1011508,0
2021-06-04 05:00:00,3848.86,3894.96,3686.24,3757.09,627.10972,1622784599999,2366036.7684916,5212,306.21258,1158072.026911,0
2021-06-04 05:30:00,3758.93,3780.0,3651.14,3674.06,322.76947,1622786399999,1195008.1143173,2424,186.29228999999998,690051.0495120999,0
2021-06-04 06:00:00,3665.9,3725.46,3653.34,3653.35,179.37527,1622788199999,661608.2586987,1632,86.52959,319371.828437,0
2021-06-04 06:30:00,3656.73,3671.26,3566.59,3613.52,281.54691,1622789999999,1019058.3105522,2135,119.76598,433658.66265290004,0
2021-06-04 07:00:00,3615.84,3615.95,3509.73,3591.29,324.59799,1622791799999,1156383.0363422,2345,149.75464,533606.3224001,0
2021-06-04 07:30:00,3594.65,3630.67,3580.52,3600.19,163.66818,1622793599999,591022.1633864,1127,90.24823,325904.74484440003,0
2021-06-04 08:00:00,3598.85,3617.53,3539.85,3602.92,164.15966,1622795399999,587341.1177486,1151,76.73340999999998,274645.4493584,0
2021-06-04 08:30:00,3604.26,3613.82,3560.43,3570.11,146.58983999999995,1622797199999,525546.8358862001,1171,52.57069,188649.19259360002,0
2021-06-04 09:00:00,3572.44,3602.21,3518.29,3576.71,229.47461,1622798999999,817382.0511479,1375,87.63416,312161.02384509996,0
2021-06-04 09:30:00,3573.9,3637.1,3556.65,3637.1,158.69331,1622800799999,571310.9580315,871,83.22407,299569.46414690005,0
2021-06-04 10:00:00,3637.16,3652.27,3600.0,3604.36,136.93816,1622802599999,496758.8743924,859,68.07044,246896.873662,0
2021-06-04 10:30:00,3607.29,3612.11,3558.5,3561.2,91.86038,1622804399999,329471.88986879995,616,44.888220000000004,161144.1689951,0
2021-06-04 11:00:00,3563.7,3590.0,3540.22,3571.39,87.06654,1622806199999,310601.2644868,702,29.74367,106118.3459479,0
2021-06-04 11:30:00,3565.34,3569.6,3508.39,3568.0,99.95666999999999,1622807999999,354337.17230509996,733,37.88715,134360.9862117,0
2021-06-04 12:00:00,3567.42,3567.42,3441.4,3451.84,219.68531000000002,1622809799999,762768.6557313001,1811,97.73907,338952.3636559,0
2021-06-04 12:30:00,3454.69,3619.46,3454.68,3592.67,186.80374,1622811599999,662164.1160195,1585,100.10321,354417.94661140005,0
2021-06-04 13:00:00,3594.63,3618.88,3571.84,3605.55,104.13136,1622813399999,374078.6955975,735,47.32162,170090.01720270002,0
2021-06-04 13:30:00,3601.69,3626.14,3584.21,3624.26,141.62896999999995,1622815199999,511288.89123249997,907,54.62781,197366.8255865,0
2021-06-04 14:00:00,3625.75,3627.96,3551.01,3564.52,144.4516,1622816999999,518992.03226370004,1084,75.09116999999998,269690.0843994,0
2021-06-04 14:30:00,3563.67,3615.5,3553.97,3603.0,122.43145,1622818799999,438878.66069020005,780,70.64709,253258.39129879998,0
2021-06-04 15:00:00,3603.31,3616.32,3587.55,3613.0,85.12444,1622820599999,306822.5604789,571,40.49289,145950.0678252,0
2021-06-04 15:30:00,3609.45,3643.7,3599.8,3626.68,104.57318000000001,1622822399999,379113.4354384,705,52.74045,191136.8820603,0
2021-06-04 16:00:00,3626.07,3659.17,3607.14,3620.41,96.7541,1622824199999,351237.6840895,872,49.06718,178093.8424225,0
2021-06-04 16:30:00,3620.38,3621.35,3575.43,3594.66,79.27414,1622825999999,284927.94509640004,812,35.24326,126754.0919478,0
2021-06-04 17:00:00,3595.74,3644.2,3581.99,3640.77,110.83606999999999,1622827799999,400424.9575769,751,62.85573,227200.0742297,0
2021-06-04 17:30:00,3640.77,3649.51,3622.12,3629.09,62.43545,1622829599999,227103.62982600002,644,25.351210000000002,92271.61700389998,0
2021-06-04 18:00:00,3628.4,3646.73,3612.73,3646.73,44.94225,1622831399999,163086.6028449,581,23.53744,85453.36580610003,0
2021-06-04 18:30:00,3645.44,3682.91,3622.69,3671.26,137.58194,1622833199999,503435.7201172,1259,73.11088000000002,267504.86790829996,0
2021-06-04 19:00:00,3671.12,3693.76,3631.79,3651.83,145.63225,1622834999999,533279.1432981,1437,68.33211,250269.29000300003,0
2021-06-04 19:30:00,3656.48,3666.2,3604.55,3621.51,71.30797,1622836799999,259246.6805867,960,34.67597,126165.1780908,0
2021-06-04 20:00:00,3633.03,3676.77,3627.8,3675.27,37.14562,1622838599999,135645.2075671,501,24.87368,90842.6664726,0
2021-06-04 20:30:00,3678.57,3682.75,3647.21,3661.99,56.44479000000001,1622840399999,206910.9108837,634,17.8549,65524.8668043,0
2021-06-04 21:00:00,3666.74,3775.0,3659.98,3774.14,363.63112,1622842199999,1359687.9921239999,3161,202.12166000000002,755212.3998116,0
2021-06-04 21:30:00,3774.14,3776.99,3717.03,3762.67,298.6482,1622843999999,1120047.1197698,2261,142.92282,535379.2236273,0
2021-06-04 22:00:00,3762.6,3770.0,3721.74,3746.07,129.57191,1622845799999,485736.09944250004,1395,65.72623,246426.4976095,0
2021-06-04 22:30:00,3748.2,3825.36,3747.09,3771.15,252.53671,1622847599999,958713.3448508001,2371,149.53867,567668.5079913,0
2021-06-04 23:00:00,3773.74,3789.51,3663.44,3728.1,221.90793,1622849399999,825501.4209338,2245,111.21855,413557.1874936,0
2021-06-04 23:30:00,3724.95,3773.98,3711.5,3725.52,84.33755,1622851199999,315405.32193770004,1018,44.038999999999994,164760.95469379998,0
2021-06-05 00:00:00,3729.03,3837.81,3701.0,3833.11,243.15382999999997,1622852999999,922079.4578796999,2332,142.74546999999995,541876.8067589,0
2021-06-05 00:30:00,3828.41,3892.84,3811.17,3886.27,291.9349,1622854799999,1126692.450412,2367,159.37895,615226.8089927,0
2021-06-05 01:00:00,3887.91,3908.19,3857.15,3894.97,285.91188,1622856599999,1110540.9446393999,1834,167.78977,651847.3094158001,0
2021-06-05 01:30:00,3898.0,3917.71,3837.64,3851.59,199.3637,1622858399999,772661.3798181,1462,101.02789,391373.17836220004,0
2021-06-05 02:00:00,3850.36,3877.02,3837.37,3842.8,100.47180999999999,1622860199999,387286.2984164,832,42.79002,164989.8083764,0
2021-06-05 02:30:00,3842.9,3850.37,3813.03,3827.46,150.2352,1622861999999,575641.8421594,1140,72.00993000000003,276003.9089868,0
2021-06-05 03:00:00,3826.34,3848.7,3823.13,3838.5,115.00833,1622863799999,441000.49283879995,776,60.45811,231968.97783249998,0
2021-06-05 03:30:00,3840.0,3846.01,3792.44,3802.55,81.56528,1622865599999,310905.07023859996,708,37.752109999999995,143897.4295829,0
2021-06-05 04:00:00,3806.25,3838.09,3799.91,3806.59,101.59137,1622867399999,388058.7828667,632,46.52746,177820.86367570003,0
2021-06-05 04:30:00,3808.85,3845.0,3804.37,3838.0,60.94,1622869199999,233218.3120947,484,30.89862,118271.3972215,0
2021-06-05 05:00:00,3840.01,3846.16,3812.83,3827.73,70.16176999999999,1622870999999,268555.0986897,480,33.01336,126356.5699603,0
2021-06-05 05:30:00,3827.86,3847.44,3807.9,3834.51,53.70745,1622872799999,205688.45489649998,473,25.29884,96911.7774008,0
2021-06-05 06:00:00,3834.44,3838.51,3809.01,3815.62,83.66184,1622874599999,320029.9822055,606,38.59093,147681.89841020002,0
2021-06-05 06:30:00,3819.0,3819.0,3800.0,3815.87,73.24758,1622876399999,279063.0916217,545,28.210359999999998,107486.34780260001,0
2021-06-05 07:00:00,3815.26,3875.15,3815.26,3853.44,131.00538,1622878199999,504059.51802869997,1162,78.07344,300383.0688592,0
2021-06-05 07:30:00,3852.26,3859.01,3805.49,3812.0,106.51671,1622879999999,407439.6360039,695,28.53265,109258.4898478,0
2021-06-05 08:00:00,3809.86,3849.4,3792.72,3834.21,127.1713,1622881799999,485524.48183640005,856,62.74331,239807.8903741,0
2021-06-05 08:30:00,3836.36,3866.35,3826.74,3834.76,90.20526,1622883599999,347186.4669092,622,52.81579,203381.6288719,0
2021-06-05 09:00:00,3837.85,3852.09,3818.13,3841.35,72.59404,1622885399999,278806.2594362,572,38.465,147826.94722529998,0
2021-06-05 09:30:00,3841.75,3841.75,3628.81,3667.77,406.71956,1622887199999,1514579.9052549,3801,193.91816,720991.1840638,0
2021-06-05 10:00:00,3664.2,3725.76,3647.38,3716.3,169.89015,1622888999999,627444.4275548001,1462,75.22877,277893.2136521,0
2021-06-05 10:30:00,3712.5,3713.6,3670.31,3698.4,90.02271999999998,1622890799999,332712.3389175,747,39.47548,145971.9828305,0
2021-06-05 11:00:00,3693.72,3717.12,3651.88,3659.75,70.74169,1622892599999,260446.6500249,930,30.7309,113234.36513369999,0
2021-06-05 11:30:00,3657.42,3688.11,3597.68,3622.59,139.57949,1622894399999,506943.2010068,1082,78.26809,284420.60960029997,0
2021-06-05 12:00:00,3621.99,3670.26,3563.26,3647.22,153.11531000000005,1622896199999,553189.4902098001,1344,81.31228,293633.29012049997,0
2021-06-05 12:30:00,3643.94,3680.63,3613.28,3650.89,109.42997,1622897999999,399320.6646992,788,53.68538,195970.15926239997,0
2021-06-05 13:00:00,3643.42,3655.01,3610.38,3642.46,75.1928,1622899799999,273092.49436240003,652,37.54214,136362.7364342,0
2021-06-05 13:30:00,3641.02,3641.02,3584.01,3590.47,65.96526,1622901599999,237976.1167396,629,29.753559999999997,107317.8265411,0
2021-06-05 14:00:00,3587.59,3623.21,3556.74,3599.53,139.49723999999998,1622903399999,499784.6509697001,1089,64.54779,231257.0197571,0
2021-06-05 14:30:00,3602.16,3607.32,3531.78,3537.44,114.69926000000001,1622905199999,408273.37325829995,1084,54.65905,194556.4215695,0
2021-06-05 15:00:00,3534.36,3586.64,3515.42,3586.29,112.13882,1622906999999,397975.7712675,1136,63.06612,223911.77823179998,0
2021-06-05 15:30:00,3586.24,3615.1,3568.7,3610.0,66.06871,1622908799999,237465.29731919998,613,37.26745,133941.634392,0
2021-06-05 16:00:00,3610.66,3610.66,3564.49,3582.03,75.54885999999998,1622910599999,270803.48751029995,971,34.979040000000005,125401.4876572,0
2021-06-05 16:30:00,3581.83,3593.68,3546.81,3561.13,74.85478,1622912399999,266999.93245300004,555,35.073479999999996,124956.6826255,0
2021-06-05 17:00:00,3555.03,3598.69,3538.73,3580.85,56.58562,1622914199999,201598.47730479998,577,30.1338,107404.8895648,0
2021-06-05 17:30:00,3577.27,3587.94,3529.01,3544.22,65.16773,1622915999999,231358.8571255,610,28.514020000000002,101359.3846344,0
2021-06-05 18:00:00,3543.31,3578.66,3528.88,3573.53,59.18858,1622917799999,210386.6202694,528,32.97183,117135.21737780001,0
2021-06-05 18:30:00,3577.06,3578.03,3543.74,3545.11,30.60483,1622919599999,109075.67989060002,302,13.585239999999999,48441.60552230001,0
2021-06-05 19:00:00,3542.27,3573.39,3537.8,3567.44,27.93122,1622921399999,99380.20148110001,370,16.54562,58894.530492699996,0
2021-06-05 19:30:00,3566.67,3567.22,3481.51,3503.28,173.5906,1622923199999,609186.3079153001,1224,81.4621,285452.7192387,0
2021-06-05 20:00:00,3502.41,3568.29,3498.69,3526.77,65.93817,1622924999999,233472.09985549998,627,36.36559000000001,128855.63502969999,0
2021-06-05 20:30:00,3526.87,3571.46,3495.11,3541.67,69.63351999999999,1622926799999,246109.6746534,814,28.11094000000001,99151.3118214,0
2021-06-05 21:00:00,3539.96,3539.96,3447.45,3454.98,94.31863,1622928599999,329444.970134,911,40.503190000000004,141578.173469,0
2021-06-05 21:30:00,3455.0,3469.26,3408.53,3434.07,138.51635,1622930399999,476181.915207,1282,58.03309,199558.6201328,0
2021-06-05 22:00:00,3433.91,3503.05,3425.45,3500.11,61.627309999999994,1622932199999,214400.2336105,1013,40.40172000000001,140551.7307344,0
2021-06-05 22:30:00,3490.77,3511.7,3468.11,3484.69,60.76636,1622933999999,212162.1500188,934,22.95017,80185.15197430001,0
2021-06-05 23:00:00,3486.65,3530.57,3486.65,3504.72,35.6786,1622935799999,125258.96450739999,380,18.13409,63688.324817400004,0
2021-06-05 23:30:00,3505.01,3563.31,3497.21,3555.76,48.78136,1622937599999,172546.93103620005,421,31.220470000000002,110410.6364891,0
2021-06-06 00:00:00,3555.38,3561.93,3522.59,3544.78,62.74331,1622939399999,222045.6313297,474,24.43789,86436.340617,0
2021-06-06 00:30:00,3550.71,3550.71,3508.33,3515.89,97.2468,1622941199999,343204.2470045,751,31.834259999999997,112434.30666660001,0
2021-06-06 01:00:00,3523.04,3577.2,3522.0,3568.44,64.20602,1622942999999,227867.90148200002,587,26.43399,94022.7362478,0
2021-06-06 01:30:00,3562.87,3586.29,3549.67,3584.48,64.72926,1622944799999,230449.62502339997,465,17.07506,60911.0117284,0
2021-06-06 02:00:00,3582.14,3586.34,3561.41,3574.89,74.22286,1622946599999,265223.3089169,454,14.57097,52097.7881996,0
2021-06-06 02:30:00,3572.86,3579.54,3554.76,3564.56,60.378409999999995,1622948399999,215299.63066289996,434,16.76424,59799.08031690001,0
2021-06-06 03:00:00,3567.88,3576.35,3541.02,3556.56,63.80043000000001,1622950199999,226987.83432800003,486,14.812679999999999,52667.4452397,0
2021-06-06 03:30:00,3556.49,3564.7,3542.38,3563.22,34.64809,1622951999999,123208.5127122,277,16.11022,57287.47719219999,0
2021-06-06 04:00:00,3565.47,3588.59,3552.85,3553.7,62.39966999999999,1622953799999,222666.95413520004,406,19.19451,68566.1649938,0
2021-06-06 04:30:00,3555.91,3579.15,3553.9,3566.75,29.99618,1622955599999,107054.3770617,247,15.048760000000001,53711.3616113,0
2021-06-06 05:00:00,3570.14,3573.11,3550.36,3562.46,19.29278,1622957399999,68663.00292289999,193,7.3414100000000015,26132.780558099996,0
2021-06-06 05:30:00,3565.56,3569.98,3558.74,3565.99,13.34304,1622959199999,47558.41395280001,107,6.5541199999999975,23359.8357732,0
2021-06-06 06:00:00,3569.4,3593.96,3521.43,3533.82,69.47585,1622960999999,247802.5011506,662,34.05457,121518.16583299999,0
2021-06-06 06:30:00,3533.28,3546.89,3514.39,3541.03,59.3045,1622962799999,209275.1100987,403,26.309179999999998,92876.61696910001,0
2021-06-06 07:00:00,3543.61,3561.32,3543.61,3549.32,21.95565,1622964599999,78001.489775,210,11.642619999999999,41359.3349662,0
2021-06-06 07:30:00,3550.47,3592.36,3550.47,3580.39,50.89288,1622966399999,182098.1785514,349,23.15631,82815.9919855,0
2021-06-06 08:00:00,3585.95,3604.55,3584.53,3600.18,44.99216,1622968199999,161746.53596960002,427,23.1759,83327.1378002,0
2021-06-06 08:30:00,3601.31,3621.64,3581.23,3618.05,39.76448,1622969999999,143132.8922346,448,16.13041,58105.327073500004,0
2021-06-06 09:00:00,3621.82,3632.79,3598.16,3605.27,27.877390000000002,1622971799999,100740.6423625,452,8.67516,31349.3105675,0
2021-06-06 09:30:00,3606.73,3623.14,3606.04,3619.19,16.29338,1622973599999,58895.735823899995,227,7.67289,27736.923769099998,0
2021-06-06 10:00:00,3623.38,3632.77,3591.71,3596.98,46.311609999999995,1622975399999,167020.1754643,369,20.75595,74838.02303200001,0
2021-06-06 10:30:00,3596.99,3598.4,3576.54,3595.44,29.014090000000003,1622977199999,104133.10443610001,281,11.6345,41787.4875714,0
2021-06-06 11:00:00,3597.91,3615.49,3575.63,3584.27,30.256090000000004,1622978999999,108764.2071059,279,13.98095,50231.0004369,0
2021-06-06 11:30:00,3587.34,3594.07,3577.05,3580.82,24.4547,1622980799999,87711.7454834,211,11.201139999999999,40188.2991767,0
2021-06-06 12:00:00,3587.29,3621.15,3575.51,3618.68,47.46467,1622982599999,171083.0552383,388,25.845110000000002,93152.3241647,0
2021-06-06 12:30:00,3614.43,3614.79,3579.19,3585.0,33.73672,1622984399999,121163.490024,275,20.793570000000006,74651.0927438,0
2021-06-06 13:00:00,3582.6,3607.63,3547.36,3566.69,56.76631999999999,1622986199999,203127.35202629998,412,21.4564,76739.38324580001,0
2021-06-06 13:30:00,3566.13,3580.52,3534.91,3549.73,39.6548,1622987999999,140999.4146286,337,17.30329,61567.8726409,0
2021-06-06 14:00:00,3546.99,3568.6,3536.45,3565.93,39.1514,1622989799999,139019.07004289998,303,14.49885,51494.396851699996,0
2021-06-06 14:30:00,3564.79,3607.19,3552.39,3600.89,47.06214,1622991599999,168483.48292439998,382,22.0706,79000.6659315,0
2021-06-06 15:00:00,3601.63,3628.76,3592.08,3612.97,54.69814,1622993399999,197568.26709470002,403,27.32369000000001,98737.8956765,0
2021-06-06 15:30:00,3615.89,3615.89,3594.39,3609.54,29.11517000000001,1622995199999,104986.2563643,197,13.3084,47993.113052099994,0
2021-06-06 16:00:00,3609.54,3618.85,3604.51,3609.68,25.56183,1622996999999,92331.951286,262,13.00307,46979.4184049,0
2021-06-06 16:30:00,3613.11,3630.34,3607.55,3625.05,21.569010000000002,1622998799999,78027.8502204,203,13.592529999999998,49177.26131140001,0
2021-06-06 17:00:00,3626.91,3629.38,3581.87,3592.52,34.135659999999994,1623000599999,123062.92163469999,367,17.80444,64243.002734099995,0
2021-06-06 17:30:00,3595.98,3603.14,3580.36,3585.56,27.687690000000003,1623002399999,99503.60801860002,194,10.14613,36481.2208446,0
2021-06-06 18:00:00,3584.77,3589.24,3570.51,3572.77,16.1232,1623004199999,57687.73334,178,8.49938,30422.997551700002,0
2021-06-06 18:30:00,3570.51,3591.73,3567.19,3576.94,55.19971999999999,1623005999999,197525.8539863,422,37.574690000000004,134445.214048,0
2021-06-06 19:00:00,3575.23,3584.89,3562.58,3567.0,24.14014,1623007799999,86240.3721594,320,11.179689999999999,39953.053425800004,0
2021-06-06 19:30:00,3568.45,3569.04,3554.69,3559.01,15.319989999999999,1623009599999,54568.6273382,182,5.82819,20760.588975,0
2021-06-06 20:00:00,3557.76,3582.54,3548.21,3574.03,39.18074,1623011399999,139503.303493,314,16.17429,57642.46992130001,0
2021-06-06 20:30:00,3570.81,3605.26,3561.05,3604.84,29.54012,1623013199999,105903.5076882,282,17.79954,63853.49188459999,0
2021-06-06 21:00:00,3604.84,3616.23,3590.78,3616.23,20.28416,1623014999999,73044.7746547,189,7.44563,26829.9455383,0
2021-06-06 21:30:00,3616.09,3640.26,3609.36,3636.87,46.5659,1623016799999,168765.3764799,468,28.93934,104908.6469677,0
2021-06-06 22:00:00,3636.87,3640.35,3567.41,3576.03,101.01679,1623018599999,363937.084904,727,65.28556,235108.66346739998,0
2021-06-06 22:30:00,3577.62,3589.71,3546.31,3584.58,59.53689,1623020399999,212134.4158592,518,25.07121,89326.58650630002,0
2021-06-06 23:00:00,3584.58,3608.8,3577.08,3600.25,39.39299000000001,1623022199999,141563.6447462,253,20.2294,72667.60010119999,0
2021-06-06 23:30:00,3599.08,3619.47,3593.37,3612.57,18.61385,1623023999999,67115.94043890001,161,9.396989999999999,33886.6823262,0
2021-06-07 00:00:00,3613.58,3645.19,3582.94,3641.93,97.47129,1623025799999,353301.71856509993,722,50.80583,184074.2363822,0
2021-06-07 00:30:00,3644.07,3668.35,3626.71,3657.59,66.76853,1623027599999,243510.1680612,667,35.53952,129670.84715510001,0
2021-06-07 01:00:00,3658.85,3673.18,3646.75,3655.27,63.84421999999999,1623029399999,233667.93017449998,575,28.36257,103804.3786747,0
2021-06-07 01:30:00,3657.6,3699.12,3651.59,3680.35,57.41158000000001,1623031199999,211346.4577151,747,31.87081,117357.3736843,0
2021-06-07 02:00:00,3689.49,3699.69,3678.44,3697.13,65.79349,1623032999999,242794.41940669998,417,35.26063,130145.98650469999,0
2021-06-07 02:30:00,3696.71,3706.0,3684.97,3701.84,26.219070000000002,1623034799999,96938.2016072,361,15.854339999999999,58634.8042556,0
2021-06-07 03:00:00,3705.95,3709.56,3648.9,3670.97,40.5737,1623036599999,149462.2779515,465,18.846729999999997,69488.7686521,0
2021-06-07 03:30:00,3674.55,3682.82,3660.23,3673.86,36.42779,1623038399999,133714.7314788,307,18.20965,66848.1044261,0
2021-06-07 04:00:00,3676.72,3695.4,3664.89,3675.23,39.31313,1623040199999,144659.4756582,305,23.84783,87790.4525251,0
2021-06-07 04:30:00,3673.3,3695.21,3651.31,3693.27,93.3437,1623041999999,342542.65320450003,575,35.17252,129238.567267,0
2021-06-07 05:00:00,3689.71,3741.99,3689.71,3741.99,127.55746,1623043799999,473979.2007844,1487,86.50851999999998,321528.67282720003,0
2021-06-07 05:30:00,3740.96,3749.85,3717.31,3726.45,119.3274,1623045599999,445483.9863253,1082,66.60878000000001,248647.5403472,0
2021-06-07 06:00:00,3726.12,3761.06,3723.23,3728.77,125.56233,1623047399999,470161.64105489996,1018,64.85924,242869.0600136,0
2021-06-07 06:30:00,3732.28,3738.76,3711.18,3714.48,58.803380000000004,1623049199999,218984.9959928,531,29.17377,108697.9807388,0
2021-06-07 07:00:00,3714.48,3723.96,3686.53,3718.01,78.97501,1623050999999,292921.2899543,794,41.77666,154967.13256610002,0
2021-06-07 07:30:00,3721.94,3747.76,3712.09,3745.89,51.79788,1623052799999,193238.77930179998,389,32.16964,120108.63253629999,0
2021-06-07 08:00:00,3747.99,3767.61,3710.51,3723.29,111.27448000000001,1623054599999,415373.3371632,1226,57.641690000000004,215245.6453521,0
2021-06-07 08:30:00,3724.55,3765.61,3721.87,3737.28,102.91864,1623056399999,385427.6104059,674,53.76931999999999,201414.449943,0
2021-06-07 09:00:00,3739.46,3768.92,3722.02,3764.65,51.50161,1623058199999,192998.0226595,455,27.92085,104602.693626,0
2021-06-07 09:30:00,3764.67,3764.67,3744.75,3747.12,39.65112,1623059999999,148901.29908479998,391,15.5031,58207.225316699994,0
2021-06-07 10:00:00,3751.44,3800.0,3748.24,3793.67,103.24152,1623061799999,390451.71283770003,1413,52.05087,196976.85588050002,0
2021-06-07 10:30:00,3795.78,3807.73,3769.22,3777.69,125.24203999999999,1623063599999,474545.770492,1065,45.43187,172198.4340101,0
2021-06-07 11:00:00,3777.48,3784.05,3765.27,3770.48,33.737590000000004,1623065399999,127367.86269430001,376,10.40815,39302.945274,0
2021-06-07 11:30:00,3767.54,3767.56,3740.59,3752.4,59.16444,1623067199999,222032.48535179996,556,24.30085,91203.4216026,0
2021-06-07 12:00:00,3753.77,3756.67,3737.86,3747.82,59.77811,1623068999999,223967.610527,406,25.11376,94088.9889453,0
2021-06-07 12:30:00,3747.85,3789.37,3745.63,3777.79,104.5663,1623070799999,394750.4761011,524,55.11669000000001,207940.6737015,0
2021-06-07 13:00:00,3777.55,3795.96,3756.63,3762.1,68.18636,1623072599999,257814.0087991,525,33.664629999999995,127369.85417850001,0
2021-06-07 13:30:00,3762.02,3789.09,3749.83,3755.99,68.65914000000001,1623074399999,258872.7891202,816,45.60215,171917.1898044,0
2021-06-07 14:00:00,3754.61,3797.39,3696.49,3734.76,254.05001000000001,1623076199999,947913.5349034,1715,124.13812,464645.0147486,0
2021-06-07 14:30:00,3734.71,3736.39,3690.11,3714.4,88.92926,1623077999999,330296.7734239,1076,42.807790000000004,159053.3180692,0
2021-06-07 15:00:00,3712.47,3730.32,3700.0,3721.31,38.90748,1623079799999,144553.8567895,625,23.04488,85658.9421828,0
2021-06-07 15:30:00,3722.76,3730.87,3700.0,3713.54,49.06135,1623081599999,182349.1257859,557,33.58356,124859.4136714,0
2021-06-07 16:00:00,3713.42,3727.15,3670.4,3682.85,70.05372,1623083399999,259536.6642362,921,28.47679,105512.1686118,0
2021-06-07 16:30:00,3683.21,3711.31,3677.65,3695.25,43.7238,1623085199999,161673.24154460002,613,23.4821,86863.7273916,0
2021-06-07 17:00:00,3694.91,3694.91,3655.1,3686.49,72.39175999999998,1623086999999,265669.15281560004,593,36.53505,134035.3654831,0
2021-06-07 17:30:00,3683.23,3684.25,3651.1,3657.61,35.19795,1623088799999,128908.67901010001,313,15.630220000000001,57256.57041849999,0
2021-06-07 18:00:00,3653.37,3665.33,3598.47,3632.03,100.60891,1623090599999,364509.0608979,1058,49.99398,181081.6068935,0
2021-06-07 18:30:00,3629.31,3644.94,3582.98,3594.0,92.32413000000001,1623092399999,333005.6337051,817,53.21538,191992.70072810003,0
2021-06-07 19:00:00,3593.55,3599.03,3538.6,3561.97,171.60385,1623094199999,611859.7667117,1612,93.97395,335183.6634512,0
2021-06-07 19:30:00,3559.74,3577.55,3538.61,3564.6,106.82189,1623095999999,380295.3878495,775,65.36116,232723.34411950002,0
2021-06-07 20:00:00,3561.51,3570.66,3520.95,3533.59,115.72088000000001,1623097799999,410115.2474593,857,49.53338,175635.5968447,0
2021-06-07 20:30:00,3533.17,3536.6,3365.7,3393.14,518.85268,1623099599999,1786172.5916938,3464,273.43746,941108.4092277001,0
2021-06-07 21:00:00,3393.13,3412.84,3284.63,3342.45,311.56649,1623101399999,1045237.006608,2832,159.37112,534797.1456925999,0
2021-06-07 21:30:00,3337.4,3380.38,3317.84,3357.25,157.83587,1623103199999,528397.2884579,1232,72.75718,243813.69457979998,0
2021-06-07 22:00:00,3351.79,3379.24,3320.16,3349.02,186.72003999999998,1623104999999,625941.2040537,1509,59.002430000000004,197974.1708311,0
2021-06-07 22:30:00,3348.61,3358.44,3316.65,3356.21,177.7007,1623106799999,593500.9546005001,981,97.15894,324591.6909105,0
2021-06-07 23:00:00,3349.78,3357.05,3285.02,3321.55,158.15986999999996,1623108599999,525310.6991064999,1244,68.58018,227760.4953413,0
2021-06-07 23:30:00,3319.94,3346.72,3273.23,3306.92,150.1928,1623110399999,496243.5652561,1137,90.63149,299457.22727070004,0
2021-06-08 00:00:00,3304.01,3362.33,3279.11,3287.47,177.57589,1623112199999,591371.9281306999,1157,74.28398,247459.482369,0
2021-06-08 00:30:00,3288.31,3306.42,3245.53,3303.35,141.05921999999995,1623113999999,461706.1650822,1254,68.40827,223938.14091289998,0
2021-06-08 01:00:00,3304.14,3345.63,3288.63,3328.34,88.58086,1623115799999,294774.4933343,616,46.559490000000004,154938.3128875,0
2021-06-08 01:30:00,3328.34,3336.72,3303.04,3327.27,82.35718,1623117599999,273364.7413116,477,41.31997,137170.0478036,0
2021-06-08 02:00:00,3329.95,3330.64,3305.0,3319.63,66.3001,1623119399999,219967.3352302,430,32.45355,107666.4714074,0
2021-06-08 02:30:00,3315.88,3315.88,3133.85,3155.46,375.20277000000004,1623121199999,1202512.7258103995,2468,171.77629,550708.8184548,0
2021-06-08 03:00:00,3152.59,3182.47,3086.12,3126.93,244.95166,1623122999999,766599.3801199,1573,133.75228,418390.39935679996,0
2021-06-08 03:30:00,3122.02,3196.97,3108.43,3192.2,184.26017,1623124799999,583770.93689,1447,86.44447,273751.05021410005,0
2021-06-08 04:00:00,3188.92,3235.29,3183.1,3205.6,130.67657,1623126599999,420307.7427462,1164,66.28626,213294.149505,0
2021-06-08 04:30:00,3209.13,3237.5,3187.73,3218.17,118.02056,1623128399999,379201.2256212,756,56.258469999999996,180933.28197270003,0
2021-06-08 05:00:00,3213.91,3239.91,3180.0,3185.44,121.92691,1623130199999,391191.4781639,841,53.60264,172116.4920369,0
2021-06-08 05:30:00,3183.5,3252.04,3152.52,3245.35,142.16664,1623131999999,453870.2850382,957,60.8936,194897.0172551,0
2021-06-08 06:00:00,3246.8,3254.81,3197.61,3208.96,110.84899999999999,1623133799999,357463.15541999997,799,49.08374,158324.506324,0
2021-06-08 06:30:00,3213.52,3264.44,3203.76,3208.34,61.31425,1623135599999,197861.90987109998,526,32.70274000000001,105592.2941587,0
2021-06-08 07:00:00,3210.36,3304.49,3163.82,3293.97,173.07183,1623137399999,560563.3000389,1460,102.99995,334033.2757221,0
2021-06-08 07:30:00,3293.69,3325.25,3270.0,3307.46,276.20372000000003,1623139199999,911806.3023008001,1728,122.10521000000001,403182.9757012,0
2021-06-08 08:00:00,3306.11,3367.45,3304.58,3361.83,144.83357,1623140999999,483504.36416420003,956,81.75641999999998,273157.443313,0
2021-06-08 08:30:00,3365.92,3365.92,3312.45,3316.24,83.53052,1623142799999,279435.8748339,658,40.89132,136858.5490149,0
2021-06-08 09:00:00,3316.24,3325.94,3265.91,3271.3,133.09895,1623144599999,439131.14494569995,690,76.86376,253629.57969400001,0
2021-06-08 09:30:00,3273.36,3283.8,3261.01,3265.62,79.71195999999998,1623146399999,260848.97462010002,493,43.98458,143969.3690265,0
2021-06-08 10:00:00,3266.07,3313.6,3258.57,3271.5,106.39147,1623148199999,350463.4168994001,538,50.85966,167436.9233214,0
2021-06-08 10:30:00,3272.64,3284.12,3237.77,3261.63,111.21041000000001,1623149999999,362218.96171809995,682,54.07193,176089.53922610005,0
2021-06-08 11:00:00,3263.59,3303.26,3247.97,3280.27,98.72197,1623151799999,323964.7805234,564,41.74528,136910.9966354,0
2021-06-08 11:30:00,3277.96,3313.22,3247.82,3304.8,82.8811,1623153599999,272683.494267,617,31.42499,103337.5827618,0
2021-06-08 12:00:00,3308.44,3318.92,3278.71,3285.0,65.26286,1623155399999,215430.9589028,448,30.83742,101804.5239204,0
2021-06-08 12:30:00,3289.14,3297.84,3232.94,3234.7,126.92295,1623157199999,412549.9863695,826,52.916030000000006,172130.65923720002,0
2021-06-08 13:00:00,3236.2,3250.74,3194.47,3205.52,73.81427,1623158999999,237662.8243285,565,30.89664,99514.52834330001,0
2021-06-08 13:30:00,3205.54,3224.38,3164.84,3164.84,119.40563,1623160799999,382286.8166419,901,57.07338000000001,182737.9281195,0
2021-06-08 14:00:00,3165.84,3186.77,3054.72,3087.0,643.98726,1623162599999,1996090.2893724998,4148,422.6236,1309326.0309632,0
2021-06-08 14:30:00,3090.59,3107.22,3019.17,3051.92,242.29779,1623164399999,741712.0997616,2588,125.70171,384807.7420969,0
2021-06-08 15:00:00,3055.11,3061.28,2883.93,2940.2,770.1238599999997,1623166199999,2273116.518586,5699,349.13991,1029405.5690441,0
2021-06-08 15:30:00,2937.07,3097.33,2935.5,3018.43,481.04784000000006,1623167999999,1439810.8725313,3788,232.98826,698608.6557997,0
2021-06-08 16:00:00,3016.09,3108.1,2997.66,3075.63,301.8215,1623169799999,925086.2516318001,1949,167.13914,512230.6008945,0
2021-06-08 16:30:00,3075.44,3079.87,3035.37,3064.99,133.20551,1623171599999,407439.6476878,935,57.58311,176167.7627038,0
2021-06-08 17:00:00,3066.93,3072.81,3021.02,3032.95,99.36425,1623173399999,302733.8386177,692,43.521570000000004,132568.1053736,0
2021-06-08 17:30:00,3036.21,3086.2,3022.79,3083.18,91.23068,1623175199999,277733.5087282,722,58.224180000000004,177316.5900179,0
2021-06-08 18:00:00,3086.42,3133.0,3066.26,3116.17,140.33793,1623176999999,436553.0304392,1040,75.13915,233898.80902720004,0
2021-06-08 18:30:00,3117.75,3182.4,3109.98,3162.18,241.5651,1623178799999,757889.4570005998,1561,140.54512,441320.6686179,0
2021-06-08 19:00:00,3165.23,3179.56,3149.8,3156.11,107.40976,1623180599999,339545.79046159994,758,64.33508,203472.824463,0
2021-06-08 19:30:00,3156.1,3189.91,3155.05,3184.85,83.2617,1623182399999,263973.1177144,621,36.05405,114319.05625869999,0
2021-06-08 20:00:00,3185.88,3222.67,3155.01,3215.32,77.1925,1623184199999,245501.0833678,662,47.84883,152239.26609340002,0
2021-06-08 20:30:00,3214.82,3255.29,3194.84,3241.67,141.34377,1623185999999,456821.8929408,963,55.15727,178348.0494244,0
2021-06-08 21:00:00,3246.26,3249.47,3213.4,3225.0,51.54015,1623187799999,166319.0718269,356,27.402590000000004,88417.4811877,0
2021-06-08 21:30:00,3222.19,3247.22,3198.2,3220.51,50.21522,1623189599999,161905.14298489998,390,30.50327,98300.669208,0
2021-06-08 22:00:00,3220.12,3253.1,3211.26,3253.08,56.2278,1623191399999,182168.2854985,360,28.66504,92837.2534152,0
2021-06-08 22:30:00,3247.61,3264.98,3218.79,3231.79,41.66536,1623193199999,134903.2936817,349,20.91779,67752.8376461,0
2021-06-08 23:00:00,3231.15,3258.22,3215.71,3222.48,44.7718,1623194999999,145105.0856177,347,23.407320000000002,76002.2016236,0
2021-06-08 23:30:00,3227.23,3253.1,3209.28,3236.89,97.60817,1623196799999,315746.0106357,568,46.44266,150305.65733410002,0
2021-06-09 00:00:00,3239.68,3250.52,3160.01,3175.73,140.05094,1623198599999,447727.8082792,1148,75.16179,240294.35385179997,0
2021-06-09 00:30:00,3171.71,3197.95,3131.24,3142.03,61.53496,1623200399999,194361.8050157,427,26.1184,82530.96859349999,0
2021-06-09 01:00:00,3142.03,3162.36,3118.39,3135.66,102.3428,1623202199999,321436.333811,641,36.82399,115813.08844980001,0
2021-06-09 01:30:00,3134.26,3134.26,3067.72,3078.95,91.63218,1623203999999,284303.0268766,641,46.62139000000001,144645.9070537,0
2021-06-09 02:00:00,3083.15,3112.54,3062.66,3078.95,78.53873,1623205799999,242679.4661033,649,25.40599,78475.39542849999,0
2021-06-09 02:30:00,3077.5,3146.86,3057.38,3109.33,66.65071999999999,1623207599999,207610.02033889998,502,34.798159999999996,108469.55744060001,0
2021-06-09 03:00:00,3103.66,3161.42,3076.75,3140.48,82.0273,1623209399999,256561.1699637,667,43.60006,136798.7724619,0
2021-06-09 03:30:00,3135.67,3135.67,3092.88,3095.11,103.68558,1623211199999,322680.98300500005,870,56.61994,176152.27973579997,0
2021-06-09 04:00:00,3096.32,3114.7,3036.0,3052.27,95.26569,1623212999999,292565.40734579996,605,41.33558,127010.47040929999,0
2021-06-09 04:30:00,3051.27,3104.7,3040.96,3104.69,71.83445,1623214799999,220601.268414,386,36.9448,113489.9247368,0
2021-06-09 05:00:00,3102.9,3173.66,3092.7,3149.79,92.09716,1623216599999,289568.0179945,713,60.416819999999994,190178.21598090001,0
2021-06-09 05:30:00,3142.27,3152.39,3134.39,3147.89,50.476079999999996,1623218399999,158647.3400905,292,29.01085,91221.7579605,0
2021-06-09 06:00:00,3146.49,3208.1,3130.34,3207.85,96.22591,1623220199999,305380.4708426,641,59.60219,189243.0640254,0
2021-06-09 06:30:00,3203.95,3243.56,3181.76,3243.49,145.74837,1623221999999,468642.9739761,1045,57.847590000000004,186191.4588027,0
2021-06-09 07:00:00,3243.47,3263.32,3207.11,3213.4,184.25198,1623223799999,596992.3419260001,927,105.79283000000001,343057.002234,0
2021-06-09 07:30:00,3212.69,3233.64,3203.74,3204.13,69.35046,1623225599999,223353.4448553,396,41.70858,134308.4497878,0
2021-06-09 08:00:00,3201.93,3209.13,3161.5,3170.03,127.44277,1623227399999,405571.44665740005,780,57.017469999999996,181592.5859045,0
2021-06-09 08:30:00,3169.24,3198.58,3145.26,3183.19,79.7176,1623229199999,253078.50797779998,525,28.17424,89395.7364504,0
2021-06-09 09:00:00,3180.78,3218.49,3167.49,3194.49,63.7937,1623230999999,204010.693166,535,35.5362,113676.4059669,0
2021-06-09 09:30:00,3196.21,3204.9,3157.8,3164.23,65.3165,1623232799999,207541.1928349,356,25.99042,82682.9141612,0
2021-06-09 10:00:00,3167.32,3220.66,3162.3,3208.22,45.452259999999995,1623234599999,145027.3209289,413,18.93587,60485.6358413,0
2021-06-09 10:30:00,3205.49,3239.61,3198.61,3209.67,71.15629,1623236399999,229283.259456,543,41.71536,134364.3533973,0
2021-06-09 11:00:00,3215.79,3230.65,3188.86,3205.26,88.13892,1623238199999,282963.31349749997,641,35.782959999999996,114943.92202510002,0
2021-06-09 11:30:00,3208.49,3252.94,3187.08,3246.07,68.29861,1623239999999,220000.0236263,783,43.468059999999994,140048.8536418,0
2021-06-09 12:00:00,3249.47,3303.75,3249.47,3266.73,162.4941,1623241799999,532902.0599342999,1074,83.20397,272808.8068401,0
2021-06-09 12:30:00,3267.73,3279.18,3233.11,3247.18,54.93232,1623243599999,178608.1713137,497,20.07251,65332.4305781,0
2021-06-09 13:00:00,3244.51,3258.69,3225.03,3235.2,56.4704,1623245399999,182936.0331017,424,23.702920000000002,76799.4453373,0
2021-06-09 13:30:00,3233.95,3247.35,3210.52,3243.33,44.97396,1623247199999,145212.2727269,493,18.58158,60013.68162819999,0
2021-06-09 14:00:00,3245.0,3275.96,3219.72,3226.27,54.86421,1623248999999,178345.6510214,533,24.271929999999998,78933.6822916,0
2021-06-09 14:30:00,3224.12,3258.04,3148.37,3158.98,86.87175,1623250799999,277585.7847997,710,46.37894,148351.1184377,0
2021-06-09 15:00:00,3162.27,3310.14,3158.71,3302.14,229.34839,1623252599999,746844.5921587,1868,123.63152,402547.2502174,0
2021-06-09 15:30:00,3299.2,3320.87,3278.73,3306.08,220.91919,1623254399999,729372.0623076998,1462,115.15771000000001,380775.06301509996,0
2021-06-09 16:00:00,3309.03,3321.03,3271.26,3287.88,155.75929,1623256199999,512986.31364609994,1536,45.258520000000004,149080.163551,0
2021-06-09 16:30:00,3289.01,3328.4,3272.05,3302.58,110.98606000000001,1623257999999,366105.71074899996,762,44.32567,146372.023594,0
2021-06-09 17:00:00,3302.58,3342.7,3295.22,3297.43,62.71049,1623259799999,208304.34139689998,615,30.37557,101000.7492095,0
2021-06-09 17:30:00,3294.21,3326.18,3282.47,3317.88,74.16029,1623261599999,244752.83176519998,582,39.3342,129826.3491414,0
2021-06-09 18:00:00,3320.4,3340.0,3302.4,3304.57,62.39044000000001,1623263399999,207212.5918287,498,31.606279999999998,105010.6979494,0
2021-06-09 18:30:00,3304.71,3306.81,3258.17,3259.14,58.97636,1623265199999,193274.29971,626,25.74384,84387.5650253,0
2021-06-09 19:00:00,3261.31,3280.74,3237.41,3265.45,52.96173,1623266999999,172740.0971529,508,29.319440000000004,95671.2911507,0
2021-06-09 19:30:00,3260.72,3279.29,3237.74,3257.37,79.10585999999998,1623268799999,257604.2019295,480,27.35044000000001,89117.4159873,0
2021-06-09 20:00:00,3266.03,3267.3,3234.2,3249.02,34.89516,1623270599999,113321.175135,355,14.72671,47818.7974116,0
2021-06-09 20:30:00,3243.23,3262.96,3237.01,3244.91,40.083059999999996,1623272399999,130371.126821,357,17.17168,55863.53150219999,0
2021-06-09 21:00:00,3243.64,3267.02,3237.89,3255.79,36.47681,1623274199999,118567.2051165,301,17.563370000000006,57063.85081059999,0
2021-06-09 21:30:00,3254.78,3281.53,3254.78,3271.8,29.21324000000001,1623275999999,95531.3398494,198,10.54449,34475.0718053,0
2021-06-09 22:00:00,3270.0,3328.69,3269.12,3315.08,45.31997,1623277799999,149554.35018789998,581,23.69565,78275.00110339999,0
2021-06-09 22:30:00,3317.64,3323.95,3297.52,3315.79,31.596829999999997,1623279599999,104668.656662,225,13.541179999999999,44866.9500751,0
2021-06-09 23:00:00,3307.26,3329.39,3298.16,3320.2,26.557090000000002,1623281399999,87996.12732,225,10.910680000000001,36158.2060802,0
2021-06-09 23:30:00,3322.37,3330.18,3304.78,3330.18,31.91899,1623283199999,105846.8972511,271,16.34705,54255.539416600004,0
2021-06-10 00:00:00,3329.44,3345.27,3278.13,3301.27,87.23236999999996,1623284999999,288434.67524829996,703,48.4518,160365.46937439998,0
2021-06-10 00:30:00,3299.97,3305.51,3242.29,3261.35,168.04415,1623286799999,549159.5291658,875,58.973459999999996,193196.6530971,0
2021-06-10 01:00:00,3262.48,3316.04,3262.48,3309.82,51.908359999999995,1623288599999,171392.4136897,446,26.60959,87883.2725543,0
2021-06-10 01:30:00,3308.1,3309.74,3261.73,3263.95,26.011860000000002,1623290399999,85521.8526,246,12.78727,42025.8395453,0
2021-06-10 02:00:00,3261.36,3275.54,3245.22,3258.77,37.91382,1623292199999,123499.7087221,277,19.685660000000002,64164.2753551,0
2021-06-10 02:30:00,3268.24,3272.09,3250.32,3261.47,26.814890000000002,1623293999999,87504.3266487,199,10.74355,35071.2433536,0
2021-06-10 03:00:00,3264.37,3299.86,3262.44,3289.08,30.74724,1623295799999,101112.9687115,291,12.126430000000001,39851.2818585,0
2021-06-10 03:30:00,3290.53,3299.71,3263.47,3265.76,33.17565,1623297599999,108938.66501730001,350,12.984210000000001,42638.4896404,0
2021-06-10 04:00:00,3264.71,3290.62,3245.47,3245.71,57.361869999999996,1623299399999,187329.6750661,437,32.07042,104747.0567604,0
2021-06-10 04:30:00,3245.0,3253.0,3218.45,3235.11,55.04156999999999,1623301199999,178050.9984326,498,32.06422,103726.67707430001,0
2021-06-10 05:00:00,3234.56,3253.2,3212.51,3226.81,50.42339000000001,1623302999999,163181.0858732,314,27.28538,88373.6044418,0
2021-06-10 05:30:00,3226.02,3242.41,3211.63,3241.24,49.6567,1623304799999,160199.7122124,291,32.1013,103579.2855533,0
2021-06-10 06:00:00,3235.14,3236.27,3211.31,3227.02,33.14444,1623306599999,106791.09768230001,211,18.43982,59433.62882869999,0
2021-06-10 06:30:00,3233.95,3249.21,3198.0,3208.22,85.31815,1623308399999,274688.35686089995,641,57.03294,183642.4874371,0
2021-06-10 07:00:00,3208.56,3219.79,3195.95,3209.35,79.3596,1623310199999,254634.4575414,501,39.25115,125984.2240879,0
2021-06-10 07:30:00,3209.01,3218.7,3192.06,3214.05,30.1321,1623311999999,96528.8526089,276,15.659089999999999,50189.696006599996,0
2021-06-10 08:00:00,3210.27,3217.31,3190.88,3202.56,57.902409999999996,1623313799999,185445.8673729,311,25.15955,80583.8765119,0
2021-06-10 08:30:00,3200.43,3205.11,3145.05,3155.45,154.59728,1623315599999,489476.46026870003,1060,64.04151999999999,202800.8371425,0
2021-06-10 09:00:00,3156.05,3163.65,3130.51,3154.75,85.05751,1623317399999,267856.17835349997,599,39.89054,125660.52904349999,0
2021-06-10 09:30:00,3150.59,3250.22,3150.55,3239.9,110.96375,1623319199999,356614.3683744,880,64.96191,208826.5635141,0
2021-06-10 10:00:00,3237.97,3289.65,3234.05,3277.68,137.87284,1623320999999,450810.3815733,1181,76.86061,251233.0034479,0
2021-06-10 10:30:00,3276.94,3280.77,3245.47,3247.46,58.25783000000001,1623322799999,190017.27373800002,404,25.08643,81882.40674480001,0
2021-06-10 11:00:00,3250.85,3263.09,3234.36,3234.36,46.46005,1623324599999,150921.52283129998,286,28.66355,93139.89162030001,0
2021-06-10 11:30:00,3237.02,3237.22,3214.6,3224.14,39.46993,1623326399999,127423.1091835,318,17.942420000000006,57948.767378,0
2021-06-10 12:00:00,3224.48,3227.35,3187.61,3193.31,107.3487,1623328199999,343637.3238607,777,47.39474000000001,151761.5448248,0
2021-06-10 12:30:00,3189.68,3234.78,3189.68,3216.2,49.420590000000004,1623329999999,158839.3557209,296,26.180410000000002,84080.75420499999,0
2021-06-10 13:00:00,3219.81,3219.81,3182.86,3191.09,29.55828,1623331799999,94503.91307539999,308,16.16159,51655.176044199994,0
2021-06-10 13:30:00,3193.69,3221.25,3182.77,3219.73,28.81715,1623333599999,92403.2105704,188,20.29746,65113.7994746,0
2021-06-10 14:00:00,3220.38,3241.11,3158.65,3173.09,108.08457,1623335399999,344889.9977013,792,43.36669000000001,138530.59084629998,0
2021-06-10 14:30:00,3166.01,3185.79,3141.87,3167.88,80.04500999999998,1623337199999,253439.5467837,598,35.8368,113498.05500759999,0
2021-06-10 15:00:00,3164.84,3187.33,3156.82,3169.08,27.98825,1623338999999,88925.3505799,287,15.389220000000002,48918.7834671,0
2021-06-10 15:30:00,3172.04,3175.24,3127.3,3148.69,56.11518,1623340799999,176569.61157970005,404,33.96467,107001.8435869,0
2021-06-10 16:00:00,3147.04,3169.96,3108.68,3113.37,76.07516,1623342599999,238051.19246810002,790,37.43777,117187.7504238,0
2021-06-10 16:30:00,3113.44,3148.13,3103.44,3120.55,60.52108000000001,1623344399999,189315.17457489998,400,33.971579999999996,106292.5405809,0
2021-06-10 17:00:00,3120.0,3138.12,3073.0,3079.42,86.84107,1623346199999,269160.16628299997,697,39.901379999999996,123611.82101500001,0
2021-06-10 17:30:00,3079.41,3128.6,3061.18,3107.4,95.98921,1623347999999,297611.6837382,870,58.79205,182560.4145937,0
2021-06-10 18:00:00,3105.66,3127.75,3098.42,3119.27,41.43616,1623349799999,129040.0052187,238,22.09198,68831.55290539999,0
2021-06-10 18:30:00,3120.63,3120.64,3088.33,3115.45,33.35954,1623351599999,103568.1430718,269,17.649729999999995,54813.1867212,0
2021-06-10 19:00:00,3117.48,3123.95,3077.25,3086.82,63.12159000000001,1623353399999,195087.3399515,384,25.287670000000002,78135.07574269999,0
2021-06-10 19:30:00,3087.53,3125.72,3082.68,3103.83,38.55332,1623355199999,120024.37456660002,278,23.5124,73201.85264089999,0
2021-06-10 20:00:00,3105.56,3108.24,3042.52,3062.68,72.05956,1623356999999,220993.056909,703,29.934720000000002,91795.3868805,0
2021-06-10 20:30:00,3063.57,3120.07,3043.32,3117.01,40.61456,1623358799999,125059.08060350001,442,25.27982,77998.90963410001,0
2021-06-10 21:00:00,3114.83,3125.35,3080.4,3103.16,46.436370000000004,1623360599999,143970.84376370002,338,33.21248,102956.73189149999,0
2021-06-10 21:30:00,3105.03,3121.31,3105.03,3121.31,10.12417,1623362399999,31510.1712194,131,6.87932,21410.3845953,0
2021-06-10 22:00:00,3124.02,3141.77,3115.96,3126.31,23.60758,1623364199999,73856.8706601,210,9.74768,30510.922831,0
2021-06-10 22:30:00,3128.58,3135.0,3112.55,3131.71,21.673029999999997,1623365999999,67662.63357810001,134,8.80776,27502.567701800002,0
2021-06-10 23:00:00,3135.0,3136.97,3119.67,3124.6,16.38867,1623367799999,51268.8246879,88,11.88685,37185.188249,0
2021-06-10 23:30:00,3126.57,3135.0,3105.11,3112.11,15.550529999999998,1623369599999,48538.2580784,119,8.06551,25176.3375903,0
2021-06-11 00:00:00,3112.51,3149.62,3076.5,3091.54,90.24273000000001,1623371399999,280970.3045191,776,35.62597,111103.40043839999,0
2021-06-11 00:30:00,3086.74,3094.53,3056.22,3056.86,60.86838,1623373199999,187570.406005,564,26.40102000000001,81453.8059254,0
2021-06-11 01:00:00,3059.39,3078.06,3000.11,3012.34,143.9748,1623374999999,436447.6467279,1215,66.55035,201784.67124889998,0
2021-06-11 01:30:00,3014.98,3063.84,3014.98,3053.11,47.63532,1623376799999,144757.5109847,388,34.49459,104817.9854727,0
2021-06-11 02:00:00,3054.91,3055.54,3008.0,3020.33,45.7316,1623378599999,138393.8487764,287,23.79751,72000.4867635,0
2021-06-11 02:30:00,3020.33,3048.4,3020.33,3048.4,23.33163,1623380399999,70758.4750335,209,17.72559,53771.3555511,0
2021-06-11 03:00:00,3046.12,3079.86,3046.12,3072.12,46.28752,1623382199999,142010.9640971,406,26.462690000000002,81165.366414,0
2021-06-11 03:30:00,3069.67,3078.2,3057.59,3076.03,23.227510000000002,1623383999999,71170.54522789999,214,11.830119999999999,36245.819405,0
2021-06-11 04:00:00,3076.03,3085.74,3066.08,3067.96,14.96163,1623385799999,45996.529257199996,187,7.60395,23386.8066345,0
2021-06-11 04:30:00,3067.96,3097.38,3067.96,3089.55,18.224610000000002,1623387599999,56209.57178019999,193,11.82324,36471.4107429,0
2021-06-11 05:00:00,3091.09,3102.22,3089.37,3093.55,30.624779999999998,1623389399999,94779.30836560001,255,16.60217,51397.4460881,0
2021-06-11 05:30:00,3092.41,3100.3,3078.55,3082.85,47.42797,1623391199999,146569.29104809999,291,22.319770000000002,68998.063228,0
2021-06-11 06:00:00,3081.15,3086.79,3035.27,3052.97,51.5417,1623392999999,157562.19414970002,409,20.67994,63234.7004498,0
2021-06-11 06:30:00,3051.24,3064.98,3020.92,3026.42,34.3114,1623394799999,104713.9188687,263,17.02929,52026.0343911,0
2021-06-11 07:00:00,3026.78,3033.83,3011.58,3027.52,28.17643,1623396599999,85191.0671432,262,17.97222,54353.34280669999,0
2021-06-11 07:30:00,3030.51,3068.09,3030.51,3067.0,59.751509999999996,1623398399999,182263.22028620003,450,35.00853,106791.4260923,0
2021-06-11 08:00:00,3064.94,3091.71,3059.32,3087.6,29.3725,1623400199999,90395.97259489998,387,17.883329999999994,55028.2458006,0
2021-06-11 08:30:00,3091.27,3091.32,3058.86,3071.61,56.55579,1623401999999,173684.4123005,550,25.98123,79809.0921304,0
2021-06-11 09:00:00,3072.29,3119.98,3072.28,3116.68,71.9674,1623403799999,222889.64802010002,701,55.3036,171347.5582147,0
2021-06-11 09:30:00,3116.59,3123.91,3078.07,3084.08,53.60624,1623405599999,166237.8825539,450,37.32456,115703.1473102,0
2021-06-11 10:00:00,3086.81,3127.82,3085.22,3104.16,40.57539000000001,1623407399999,126167.6148908,435,23.47736,72999.07685619999,0
2021-06-11 10:30:00,3106.15,3110.52,3086.2,3088.08,53.77219,1623409199999,166594.5212385,438,25.35344,78616.4284991,0
2021-06-11 11:00:00,3089.38,3096.39,3072.55,3076.91,26.96633,1623410999999,83172.2808004,323,8.79625,27135.883726300002,0
2021-06-11 11:30:00,3077.0,3084.98,3066.91,3080.71,37.71069,1623412799999,116058.0102167,281,20.20874,62190.9338656,0
2021-06-11 12:00:00,3083.38,3087.43,3049.25,3066.0,49.38261,1623414599999,151261.3067671,352,19.30465,59133.5539163,0
2021-06-11 12:30:00,3069.42,3079.07,3051.94,3061.65,34.823370000000004,1623416399999,106764.606621,307,17.7734,54498.3458862,0
2021-06-11 13:00:00,3064.88,3100.45,3061.11,3100.45,34.552440000000004,1623418199999,106480.2504338,333,20.75198,64032.305729199994,0
2021-06-11 13:30:00,3100.45,3112.32,3087.18,3091.32,25.3823,1623419999999,78732.52080439999,316,11.03588,34245.7699173,0
2021-06-11 14:00:00,3092.41,3094.57,3061.01,3064.93,37.41429,1623421799999,115225.71229980001,389,10.55668,32503.85438550001,0
2021-06-11 14:30:00,3061.38,3075.92,3042.97,3042.97,41.600159999999995,1623423599999,127304.9989513,327,15.990479999999998,48946.690454,0
2021-06-11 15:00:00,3043.61,3043.61,3000.1,3004.6,92.89921,1623425399999,280341.2076658,683,36.39628,109757.4419238,0
2021-06-11 15:30:00,3006.82,3015.47,2992.84,2999.75,64.66199999999999,1623427199999,194126.68157679998,420,29.6767,89120.93646819999,0
2021-06-11 16:00:00,2997.56,3020.1,2969.14,2983.38,44.05654000000001,1623428999999,131719.65573499998,375,21.29851,63667.054736,0
2021-06-11 16:30:00,2981.03,2985.16,2956.66,2956.66,70.71566999999997,1623430799999,210083.0194217,449,32.70864,97165.9044611,0
2021-06-11 17:00:00,2956.66,2972.88,2938.01,2959.97,91.26047,1623432599999,269383.2612843,527,50.56243,149203.4885981,0
2021-06-11 17:30:00,2960.17,2975.28,2950.37,2971.72,40.930409999999995,1623434399999,121386.27410139999,238,18.20072,53992.3368355,0
2021-06-11 18:00:00,2970.28,2972.03,2951.54,2951.55,32.23852,1623436199999,95502.5262776,280,11.58103,34322.7780202,0
2021-06-11 18:30:00,2951.42,2999.0,2938.92,2996.62,46.48704,1623437999999,138052.81179770007,413,28.36935,84460.354091,0
2021-06-11 19:00:00,2993.36,3004.3,2983.55,2997.69,36.98,1623439799999,110708.69763080002,259,24.35312,72935.62218139999,0
2021-06-11 19:30:00,2993.27,3001.4,2976.73,2991.84,22.71572,1623441599999,67897.1060268,154,13.503060000000001,40370.7011943,0
2021-06-11 20:00:00,2986.19,3006.77,2978.58,2999.43,26.66388,1623443399999,79764.1646685,235,17.889570000000006,53531.3813968,0
2021-06-11 20:30:00,3000.98,3006.64,2953.89,2959.53,26.25992,1623445199999,78298.0484797,226,12.275269999999999,36560.2085109,0
2021-06-11 21:00:00,2953.48,2975.71,2929.23,2929.23,39.672290000000004,1623446999999,117140.3602563,277,18.82215,55614.38648069999,0
2021-06-11 21:30:00,2929.07,2929.07,2885.0,2903.54,103.60726,1623448799999,300823.9094512,656,46.61594,135178.5162439,0
2021-06-11 22:00:00,2900.06,2960.48,2894.36,2947.76,58.45673000000001,1623450599999,171631.2876543,411,18.86444,55345.9000011,0
2021-06-11 22:30:00,2947.78,2958.32,2918.31,2923.03,54.686659999999996,1623452399999,160602.53053699998,609,23.61435,69400.6640077,0
2021-06-11 23:00:00,2926.71,2927.63,2878.19,2889.14,43.77843,1623454199999,126840.98625939999,302,17.37492,50339.5750776,0
2021-06-11 23:30:00,2884.36,2934.42,2876.23,2923.8,48.5865,1623455999999,141038.5160185,316,22.28526,64629.835016799996,0
2021-06-12 00:00:00,2926.3,2933.06,2877.5,2883.38,58.56363,1623457799999,169900.021982,385,23.56634,68444.3117615,0
2021-06-12 00:30:00,2883.38,2937.92,2876.53,2918.35,31.89313,1623459599999,92907.2921361,326,14.9615,43653.6371135,0
2021-06-12 01:00:00,2906.48,2933.68,2865.36,2870.33,38.107479999999995,1623461399999,110422.5472938,414,13.37224,38939.202489899995,0
2021-06-12 01:30:00,2868.6,2868.6,2831.98,2849.4,70.71313,1623463199999,201627.2408074,806,34.59263,98724.90601579999,0
2021-06-12 02:00:00,2844.28,2868.11,2779.75,2787.3,106.04925,1623464999999,298314.7309211,864,52.96996,149109.56777660002,0
2021-06-12 02:30:00,2790.64,2851.23,2773.73,2822.51,72.36355,1623466799999,204161.3029701,601,25.39218,71663.0094747,0
2021-06-12 03:00:00,2821.66,2883.79,2820.36,2869.8,70.00827,1623468599999,200015.56425290002,403,32.67041,93103.2278433,0
2021-06-12 03:30:00,2860.61,2873.25,2825.89,2863.75,38.35962,1623470399999,109334.41450380001,298,22.95307,65402.616953,0
2021-06-12 04:00:00,2861.74,2869.79,2829.51,2833.43,91.54234,1623472199999,261178.13191799997,536,26.63725,75943.0253758,0
2021-06-12 04:30:00,2840.13,2842.12,2798.93,2812.68,44.81642,1623473999999,126372.451302,358,17.61276,49624.7222211,0
2021-06-12 05:00:00,2815.09,2855.12,2809.87,2841.95,26.67992000000001,1623475799999,75626.4010136,239,17.73811,50321.8986456,0
2021-06-12 05:30:00,2844.03,2850.72,2788.53,2820.15,40.39776,1623477599999,113797.8680017,342,15.32957,43283.0672716,0
2021-06-12 06:00:00,2820.58,2850.33,2816.23,2844.96,26.80926,1623479399999,75970.2437854,265,17.52552,49678.8649714,0
2021-06-12 06:30:00,2838.35,2853.24,2820.42,2847.81,48.82912,1623481199999,138404.9850191,365,24.206039999999998,68675.8911555,0
2021-06-12 07:00:00,2849.93,2875.59,2845.26,2845.69,45.44728,1623482999999,130036.43957070001,348,24.64195,70564.52631900001,0
2021-06-12 07:30:00,2847.49,2865.81,2843.45,2853.96,35.33904000000001,1623484799999,100791.89292330001,181,17.89627,51013.4018306,0
2021-06-12 08:00:00,2853.04,2863.05,2832.53,2842.54,32.70778,1623486599999,93133.5996841,228,15.051479999999998,42899.3808923,0
2021-06-12 08:30:00,2840.15,2854.53,2810.32,2841.99,59.726459999999996,1623488399999,169110.45215779994,363,22.488020000000002,63744.25490669999,0
2021-06-12 09:00:00,2844.04,2890.87,2830.37,2867.0,66.37718000000001,1623490199999,190356.1110151,590,43.9156,126033.09406440001,0
2021-06-12 09:30:00,2867.56,2880.75,2849.76,2872.25,17.75649,1623491999999,50823.098415199995,164,8.311010000000001,23790.963995299997,0
2021-06-12 10:00:00,2875.31,2886.28,2821.64,2872.42,48.73962,1623493799999,138848.88071360005,492,21.354329999999997,60888.772186300004,0
2021-06-12 10:30:00,2875.88,2977.77,2875.88,2956.83,223.26032999999998,1623495599999,658454.0853676,1472,133.74155,394681.18853499996,0
2021-06-12 11:00:00,2955.5,2960.76,2909.77,2914.49,68.9136,1623497399999,202162.1991119,653,29.26425,85897.8803112,0
2021-06-12 11:30:00,2916.86,2950.95,2905.68,2942.47,41.63156,1623499199999,121929.65065639999,300,16.18425,47432.682331,0
2021-06-12 12:00:00,2947.28,2993.55,2933.79,2975.66,94.99404,1623500999999,282297.7009443,760,54.78771999999999,163025.7512871,0
2021-06-12 12:30:00,2975.04,3026.45,2974.09,3009.0,92.77861999999999,1623502799999,278923.9310753,775,59.32536999999999,178368.9111986,0
2021-06-12 13:00:00,3009.71,3058.0,2992.33,3020.21,147.93415,1623504599999,447535.2288129001,1244,84.05832,254482.64670100002,0
2021-06-12 13:30:00,3020.13,3023.27,2994.57,3001.6,115.01187,1623506399999,345712.5329544,1388,71.33197,214508.6651484,0
2021-06-12 14:00:00,3001.6,3016.64,2960.65,2970.02,32.32031,1623508199999,96509.86179610001,368,11.63607,34777.6437984,0
2021-06-12 14:30:00,2970.0,2987.75,2965.58,2972.58,22.4218,1623509999999,66663.6412055,235,4.28291,12736.4822749,0
2021-06-12 15:00:00,2975.51,2995.44,2953.48,2964.38,41.2027,1623511799999,122502.9932581,351,22.48197,66838.17137910001,0
2021-06-12 15:30:00,2964.38,2976.74,2937.49,2949.69,32.11487,1623513599999,95010.29546380001,233,21.082629999999998,62405.81539430001,0
2021-06-12 16:00:00,2945.42,2962.99,2931.58,2945.56,34.61573,1623515399999,101951.80863560001,254,18.17605,53555.2854687,0
2021-06-12 16:30:00,2945.77,2947.94,2924.19,2937.38,22.7382,1623517199999,66771.4339358,189,8.79519,25817.8933405,0
2021-06-12 17:00:00,2938.43,2945.76,2928.37,2933.56,25.77476,1623518999999,75736.37688200001,280,9.74432,28649.2180559,0
2021-06-12 17:30:00,2939.44,2972.75,2939.22,2961.77,45.29934,1623520799999,134186.1408435,325,16.986629999999998,50238.8431425,0
2021-06-12 18:00:00,2962.05,2992.56,2945.31,2989.49,73.31948,1623522599999,218252.351177,663,51.31241,152802.6796547,0
2021-06-12 18:30:00,2987.15,3005.93,2981.66,2995.92,26.350640000000002,1623524399999,78954.7027106,245,16.93574,50760.288079800004,0
2021-06-12 19:00:00,2996.68,3016.07,2993.51,3002.13,42.8356,1623526199999,128687.65392089999,308,24.9236,74905.2950095,0
2021-06-12 19:30:00,3002.74,3004.99,2969.83,2975.0,30.27257,1623527999999,90360.75734139999,233,12.655569999999999,37769.4259646,0
2021-06-12 20:00:00,2978.95,3006.5,2975.96,2982.73,39.111940000000004,1623529799999,117091.3438937,229,22.99367,68860.20081930001,0
2021-06-12 20:30:00,2986.51,3004.57,2978.0,2990.48,39.80239,1623531599999,119133.23110019999,303,23.20971,69527.1668465,0
2021-06-12 21:00:00,2987.98,3009.86,2977.48,2999.0,30.89841,1623533399999,92558.98718530001,251,19.533920000000002,58532.47515569999,0
2021-06-12 21:30:00,2998.98,2999.9,2964.04,2997.53,32.983959999999996,1623535199999,98423.93694700001,280,16.892429999999994,50413.65902290001,0
2021-06-12 22:00:00,2997.53,3013.81,2947.25,2950.8,43.6318,1623536999999,129785.71432980002,446,20.62325,61472.572985,0
2021-06-12 22:30:00,2955.06,2966.19,2940.63,2956.96,15.684270000000001,1623538799999,46320.0313665,143,9.12026,26964.4025639,0
2021-06-12 23:00:00,2955.22,2967.65,2955.21,2961.1,8.2249,1623540599999,24364.9214146,77,0.75074,2224.431095300001,0
2021-06-12 23:30:00,2961.1,2961.1,2924.35,2935.77,35.89206,1623542399999,105785.5829384,242,16.82809,49582.5687444,0
2021-06-13 00:00:00,2936.23,2950.97,2914.65,2924.08,25.48875,1623544199999,74707.1912291,208,11.06022,32421.920589899997,0
2021-06-13 00:30:00,2919.11,2977.54,2918.9,2972.95,34.65377,1623545999999,101711.2259673,260,22.206879999999998,65170.5841396,0
2021-06-13 01:00:00,2975.25,3014.83,2975.25,3001.08,63.56116,1623547799999,190863.2783772,537,38.75783,116392.7890662,0
2021-06-13 01:30:00,3005.62,3008.96,2982.99,2987.33,22.46452,1623549599999,67220.8081145,169,9.38101,28073.146429,0
2021-06-13 02:00:00,2992.4,2995.31,2966.96,2969.36,7.18235,1623551399999,21407.596351,121,1.10405,3284.6074860999997,0
2021-06-13 02:30:00,2969.74,2975.19,2950.27,2953.15,16.51453,1623553199999,48952.0160705,233,4.16188,12330.1617823,0
2021-06-13 03:00:00,2950.94,2950.94,2888.5,2897.68,75.76550999999998,1623554999999,221131.24259749998,746,33.0831,96490.5314146,0
2021-06-13 03:30:00,2897.26,2908.45,2875.91,2880.0,44.41236,1623556799999,128254.459199,419,16.912570000000002,48862.3998635,0
2021-06-13 04:00:00,2878.45,2900.98,2865.24,2894.26,57.316309999999994,1623558599999,165464.5867816,429,29.45025,85174.31337999999,0
2021-06-13 04:30:00,2893.54,2913.84,2883.61,2904.06,17.1692,1623560399999,49801.9055607,186,10.3578,30031.9390986,0
2021-06-13 05:00:00,2901.51,2902.33,2870.15,2887.06,22.1197,1623562199999,63813.511285500004,237,16.39422,47283.465927,0
2021-06-13 05:30:00,2887.06,2897.99,2872.67,2879.37,28.02375,1623563999999,80821.3995378,182,17.68506,51014.43157830001,0
2021-06-13 06:00:00,2871.65,2894.97,2865.31,2892.07,15.524370000000001,1623565799999,44749.3743756,173,11.31455,32619.866236,0
2021-06-13 06:30:00,2890.72,2914.98,2890.72,2914.36,32.3178,1623567599999,93718.4089079,249,25.77512,74764.07594239997,0
2021-06-13 07:00:00,2912.9,2916.48,2899.16,2903.21,26.47792,1623569399999,76953.284066,199,14.6579,42596.155058,0
2021-06-13 07:30:00,2907.88,2909.23,2890.57,2891.5,20.46849,1623571199999,59333.755996500004,138,11.27985,32696.521632099997,0
2021-06-13 08:00:00,2887.25,2906.69,2873.49,2906.44,41.8308,1623572999999,121023.03980089998,313,16.29965,47122.1172749,0
2021-06-13 08:30:00,2907.0,2939.39,2900.97,2914.44,56.087540000000004,1623574799999,163660.1378861,603,35.08507,102311.2017637,0
2021-06-13 09:00:00,2916.21,2933.17,2911.82,2915.25,32.465990000000005,1623576599999,94853.99065800001,205,18.25677,53404.718805699995,0
2021-06-13 09:30:00,2915.11,2951.84,2912.61,2943.04,29.741359999999997,1623578399999,87203.95797939999,248,21.50612000000001,63067.4281115,0
2021-06-13 10:00:00,2942.14,2954.68,2931.43,2951.98,31.96984,1623580199999,93965.6832386,247,19.4707,57228.5219319,0
2021-06-13 10:30:00,2950.01,2964.66,2933.64,2964.65,66.30458,1623581999999,195868.92792870002,343,47.18169,139402.919893,0
2021-06-13 11:00:00,2964.64,2974.58,2957.46,2958.69,35.40943,1623583799999,105056.29805930001,238,26.233520000000002,77824.765858,0
2021-06-13 11:30:00,2958.03,2958.03,2932.34,2940.45,22.94598,1623585599999,67579.12833919999,188,11.768089999999999,34643.607011,0
2021-06-13 12:00:00,2938.82,2965.0,2931.85,2931.85,17.85955,1623587399999,52650.1204654,128,4.665,13776.800696200002,0
2021-06-13 12:30:00,2931.85,2942.17,2919.94,2923.11,17.895120000000006,1623589199999,52444.5299286,179,6.78715,19900.830370599997,0
2021-06-13 13:00:00,2920.9,2931.38,2907.63,2931.16,18.24803,1623590999999,53279.325036300004,234,6.02831,17598.9321844,0
2021-06-13 13:30:00,2931.16,2932.01,2913.12,2913.88,15.407020000000001,1623592799999,45031.3660352,214,3.89031,11368.9530935,0
2021-06-13 14:00:00,2915.36,2925.12,2882.69,2891.12,23.74457,1623594599999,68923.1981994,211,8.292869999999999,24113.133938799998,0
2021-06-13 14:30:00,2897.1,2904.1,2882.61,2886.05,21.94122,1623596399999,63516.465603699995,228,9.62884,27897.787098,0
2021-06-13 15:00:00,2882.29,2906.19,2880.6,2885.92,31.5529,1623598199999,91343.0755795,179,16.915779999999998,49012.7747191,0
2021-06-13 15:30:00,2884.37,2915.16,2882.35,2915.09,17.56118,1623599999999,50949.0880315,178,7.60048,22066.034713900004,0
2021-06-13 16:00:00,2915.09,2994.08,2909.71,2990.45,78.46547,1623601799999,232476.8163915,795,49.66686,146981.2793036,0
2021-06-13 16:30:00,2993.28,2998.87,2970.5,2975.58,79.6962,1623603599999,237832.8243263,650,43.92395,131096.2117442,0
2021-06-13 17:00:00,2976.73,2988.96,2965.23,2988.34,28.564940000000004,1623605399999,85022.2943987,488,12.36905,36808.2386717,0
2021-06-13 17:30:00,2988.38,3025.82,2987.74,3018.86,79.1178,1623607199999,237982.7602434,1015,40.05492,120480.8054766,0
2021-06-13 18:00:00,3022.65,3056.7,3022.12,3050.5,174.78786000000005,1623608999999,531810.5996865,1130,94.43181,287202.4953976,0
2021-06-13 18:30:00,3050.49,3062.4,3041.68,3045.82,69.76994,1623610799999,212897.3941935,608,33.716029999999996,102949.2585486,0
2021-06-13 19:00:00,3048.42,3058.04,3027.23,3036.61,41.90238,1623612599999,127484.5605995,426,17.6509,53719.882668599996,0
2021-06-13 19:30:00,3037.81,3044.56,3028.6,3036.96,30.90149000000001,1623614399999,93830.78456789999,338,13.90581,42238.005770699994,0
2021-06-13 20:00:00,3039.63,3126.54,3036.12,3115.55,117.37606000000001,1623616199999,362711.226823,1414,57.74504,178403.8531901,0
2021-06-13 20:30:00,3117.4,3178.31,3115.11,3160.7,97.59056,1623617999999,306928.1413275,1072,56.24981999999999,177075.80598910004,0
2021-06-13 21:00:00,3160.7,3179.0,3139.12,3179.0,112.4242,1623619799999,354975.8320590001,800,48.80851,154143.5037918,0
2021-06-13 21:30:00,3179.14,3189.32,3159.45,3164.3,63.11345,1623621599999,200490.01606949998,529,27.64645,87839.2899822,0
2021-06-13 22:00:00,3166.7,3180.89,3146.62,3150.0,38.07458,1623623399999,120556.20420739999,390,19.56958,61991.1950664,0
2021-06-13 22:30:00,3149.99,3171.19,3149.98,3156.35,22.78275,1623625199999,71949.5711209,207,13.429260000000001,42410.9538461,0
2021-06-13 23:00:00,3153.43,3153.43,3133.1,3145.68,32.0625,1623626999999,100729.2611752,273,18.32568,57559.661415999995,0
2021-06-13 23:30:00,3145.68,3153.05,3132.95,3142.8,38.39665,1623628799999,120649.5703053,290,13.92195,43751.47759069999,0
2021-06-14 00:00:00,3146.8,3165.19,3113.02,3141.27,42.99306,1623630599999,134635.5002681,368,13.88814,43552.7524297,0
2021-06-14 00:30:00,3148.54,3155.68,3132.52,3139.95,38.8326,1623632399999,122175.12556269999,350,23.0111,72390.8387706,0
2021-06-14 01:00:00,3138.27,3140.24,3122.21,3137.06,21.3593,1623634199999,66845.03031930001,182,14.630329999999999,45801.4621739,0
2021-06-14 01:30:00,3136.0,3198.54,3136.0,3172.84,148.18955,1623635999999,471869.99993660004,1393,92.76415,295675.4509838,0
2021-06-14 02:00:00,3175.63,3195.64,3160.58,3163.2,34.35572,1623637799999,109149.34767160002,325,18.772779999999997,59604.9350941,0
2021-06-14 02:30:00,3163.2,3165.52,3153.56,3156.31,36.62932,1623639599999,115636.5685174,170,24.30902,76738.6032538,0
2021-06-14 03:00:00,3160.59,3160.59,3124.16,3125.83,27.65982,1623641399999,86988.9495768,260,14.060179999999999,44274.086638199995,0
2021-06-14 03:30:00,3122.76,3137.07,3112.5,3125.88,29.610120000000002,1623643199999,92494.7657005,335,13.95984,43595.5664818,0
2021-06-14 04:00:00,3126.84,3135.13,3111.61,3126.82,22.559179999999998,1623644999999,70541.15559439997,244,11.4611,35829.9177109,0
2021-06-14 04:30:00,3126.5,3131.54,3121.09,3125.21,7.5186199999999985,1623646799999,23505.9576257,101,3.17924,9943.543921600001,0
2021-06-14 05:00:00,3126.7,3139.27,3125.99,3139.11,21.418960000000002,1623648599999,67094.50823990001,183,11.447560000000001,35860.237325,0
2021-06-14 05:30:00,3138.33,3170.6,3137.99,3159.47,27.73183,1623650399999,87500.5550893,292,17.53034,55317.28313080001,0
2021-06-14 06:00:00,3155.23,3176.77,3143.65,3160.63,51.50877,1623652199999,162914.6519883,367,36.612590000000004,115844.05066719999,0
2021-06-14 06:30:00,3159.93,3164.62,3131.48,3155.09,45.25504,1623653999999,142412.6596282,418,18.65707,58760.2589607,0
2021-06-14 07:00:00,3153.49,3173.19,3148.3,3169.88,23.8618,1623655799999,75492.6304153,233,14.11245,44633.6359954,0
2021-06-14 07:30:00,3172.74,3174.07,3145.35,3162.87,14.668320000000001,1623657599999,46290.4046563,147,5.89466,18617.0349585,0
2021-06-14 08:00:00,3167.4,3168.7,3116.61,3123.88,37.40887,1623659399999,117190.2402519,339,13.623970000000002,42725.97023080001,0
2021-06-14 08:30:00,3123.23,3135.0,3112.34,3126.48,19.91749,1623661199999,62225.3676705,214,7.66855,23976.0032309,0
2021-06-14 09:00:00,3124.69,3143.85,3112.04,3127.43,29.558429999999998,1623662999999,92447.4282625,319,15.03186,47043.094760500004,0
2021-06-14 09:30:00,3127.91,3132.75,3104.42,3105.52,25.31857,1623664799999,78917.6929911,324,8.89743,27759.797599799997,0
2021-06-14 10:00:00,3105.22,3118.88,3096.45,3117.33,31.729159999999997,1623666599999,98623.1829805,276,12.14299,37775.743953300014,0
2021-06-14 10:30:00,3117.33,3132.46,3112.4,3126.2,28.53766,1623668399999,89160.2340031,220,10.328439999999999,32261.652562400002,0
2021-06-14 11:00:00,3126.21,3131.41,3100.77,3105.69,29.97277,1623670199999,93421.0592829,268,15.39365,47957.5717847,0
2021-06-14 11:30:00,3104.41,3116.72,3095.05,3104.47,30.50876,1623671999999,94744.80575610002,287,13.090869999999999,40676.2988817,0
2021-06-14 12:00:00,3102.14,3121.28,3086.01,3115.59,46.816559999999996,1623673799999,145307.735247,368,20.23261,62849.1887966,0
2021-06-14 12:30:00,3115.72,3144.28,3102.87,3125.43,35.63595,1623675599999,111394.7344365,355,15.76353,49342.8966688,0
2021-06-14 13:00:00,3128.99,3194.66,3124.2,3190.61,99.88354,1623677399999,316178.6443245,1175,59.80494,189326.07467779997,0
2021-06-14 13:30:00,3191.0,3222.52,3180.45,3210.9,125.27423,1623679199999,401469.3076379,1142,72.30081,231823.66150229998,0
2021-06-14 14:00:00,3210.9,3232.58,3191.77,3224.56,52.50091,1623680999999,168864.18147049999,489,34.90392,112355.8801301,0
2021-06-14 14:30:00,3231.78,3250.0,3206.78,3213.62,88.23577,1623682799999,284810.5230329001,953,45.99374,148594.000494,0
2021-06-14 15:00:00,3213.06,3238.55,3206.2,3223.93,75.40306,1623684599999,242983.6867435,712,45.72316,147324.32701560002,0
2021-06-14 15:30:00,3221.82,3242.59,3209.55,3242.59,27.26373,1623686399999,87989.43349339998,381,15.91874,51374.8576761,0
2021-06-14 16:00:00,3240.33,3265.95,3223.83,3242.77,82.94175,1623688199999,269407.269675,1049,35.77957,116224.9765692,0
2021-06-14 16:30:00,3241.12,3247.61,3189.96,3228.9,134.81512,1623689999999,432683.60439729993,958,52.92279,169800.064694,0
2021-06-14 17:00:00,3226.0,3242.6,3216.91,3218.86,67.82954000000001,1623691799999,218965.3234287,421,38.995909999999995,125918.0748149,0
2021-06-14 17:30:00,3222.57,3229.26,3211.18,3214.74,10.02891,1623693599999,32275.922078500003,149,5.00496,16113.887388799998,0
2021-06-14 18:00:00,3217.29,3221.86,3189.92,3192.77,28.708409999999997,1623695399999,91953.5073045,287,9.87925,31673.4754964,0
2021-06-14 18:30:00,3194.77,3196.03,3150.52,3166.57,77.33218000000002,1623697199999,245605.7755175,743,33.891529999999996,107704.79528569999,0
2021-06-14 19:00:00,3163.22,3175.11,3132.45,3148.64,80.81229,1623698999999,254504.8788661,506,37.964009999999995,119666.9262264,0
2021-06-14 19:30:00,3149.91,3166.13,3142.01,3153.9,37.77531,1623700799999,119218.27594549999,222,17.93027,56612.4126995,0
2021-06-14 20:00:00,3157.76,3164.04,3141.08,3148.26,43.35549,1623702599999,136693.56889549998,362,16.981460000000002,53566.1413523,0
2021-06-14 20:30:00,3146.51,3159.04,3137.96,3151.85,28.554909999999996,1623704399999,89935.3155999,258,8.590069999999999,27062.682420999998,0
2021-06-14 21:00:00,3151.22,3184.71,3151.22,3166.3,37.7972,1623706199999,119919.11885050002,297,13.99187,44375.46181740001,0
2021-06-14 21:30:00,3166.31,3176.41,3154.14,3175.54,16.74772,1623707999999,52992.8791786,134,8.40536,26603.866320099998,0
2021-06-14 22:00:00,3173.84,3176.33,3162.31,3163.04,25.547520000000002,1623709799999,80988.6467771,202,8.26598,26219.030416999998,0
2021-06-14 22:30:00,3160.92,3173.37,3153.26,3158.45,18.5431,1623711599999,58686.5558865,148,9.169319999999999,29026.386316699998,0
2021-06-14 23:00:00,3165.86,3187.36,3159.82,3179.27,15.01976,1623713399999,47719.468216199995,252,8.9871,28556.8120951,0
2021-06-14 23:30:00,3179.15,3204.51,3177.56,3197.58,35.304429999999996,1623715199999,112904.52040410001,337,13.460370000000001,43017.76767340001,0
2021-06-15 00:00:00,3202.11,3275.67,3181.75,3259.92,139.64046000000002,1623716999999,452026.2669146,1645,84.83006,274847.3606662,0
2021-06-15 00:30:00,3259.47,3275.88,3245.25,3245.25,54.90278000000001,1623718799999,178987.488735,463,27.20755,88681.7950637,0
2021-06-15 01:00:00,3246.43,3258.06,3228.76,3236.71,18.549670000000006,1623720599999,60089.204080699994,267,8.373439999999999,27135.5393642,0
2021-06-15 01:30:00,3231.59,3231.68,3199.49,3199.94,35.665079999999996,1623722399999,114907.76439930001,289,23.24304,74939.5525788,0
2021-06-15 02:00:00,3203.53,3231.77,3203.3,3228.84,30.23991,1623724199999,97262.96403169999,264,18.77354,60354.87309240001,0
2021-06-15 02:30:00,3228.85,3228.9,3204.89,3213.55,22.29423,1623725999999,71722.9680108,190,12.544880000000001,40358.6810878,0
2021-06-15 03:00:00,3217.18,3232.51,3215.82,3218.9,31.44982000000001,1623727799999,101412.9777961,152,19.57765,63128.9061079,0
2021-06-15 03:30:00,3220.65,3228.8,3210.5,3216.73,34.62187,1623729599999,111484.90769689999,223,22.43965,72290.4998011,0
2021-06-15 04:00:00,3216.48,3246.22,3210.67,3230.27,25.388939999999998,1623731399999,81971.9445435,280,12.88516,41606.806865,0
2021-06-15 04:30:00,3234.09,3265.59,3234.07,3264.81,38.61736,1623733199999,125590.8534845,394,22.87801,74385.92764960001,0
2021-06-15 05:00:00,3265.29,3279.0,3250.03,3258.37,44.03144,1623734999999,143776.677845,506,18.13351,59223.924028199996,0
2021-06-15 05:30:00,3255.57,3269.13,3243.04,3261.43,25.00536,1623736799999,81442.1597219,216,13.68211,44568.902194199996,0
2021-06-15 06:00:00,3258.4,3277.04,3254.79,3275.49,33.54453,1623738599999,109703.5052221,260,16.11231,52717.6965241,0
2021-06-15 06:30:00,3276.91,3276.91,3242.65,3246.34,25.635460000000002,1623740399999,83508.7269447,253,10.8416,35369.5397953,0
2021-06-15 07:00:00,3246.85,3246.86,3226.07,3231.42,17.034879999999998,1623742199999,55087.8281385,242,6.4442,20845.1438246,0
2021-06-15 07:30:00,3237.08,3264.54,3225.13,3262.67,34.652840000000005,1623743999999,112480.39070880001,299,23.63598,76742.821912,0
2021-06-15 08:00:00,3264.65,3269.69,3244.6,3269.69,29.358620000000002,1623745799999,95631.8155716,313,12.93003,42173.9510023,0
2021-06-15 08:30:00,3266.53,3266.53,3180.19,3187.9,70.81084,1623747599999,227204.9348923,806,22.82564,73186.17395810001,0
2021-06-15 09:00:00,3190.7,3217.87,3160.36,3211.4,81.89390999999998,1623749399999,261433.91718639998,730,41.6193,132892.33874160002,0
2021-06-15 09:30:00,3209.16,3214.9,3181.68,3195.81,29.591759999999997,1623751199999,94553.03018710001,218,11.470180000000001,36666.433707899996,0
2021-06-15 10:00:00,3195.07,3206.85,3180.51,3191.65,31.03785,1623752999999,99002.8152837,248,10.91242,34799.7922864,0
2021-06-15 10:30:00,3198.66,3202.85,3182.43,3188.33,21.20635,1623754799999,67697.78762999999,193,10.98917,35106.4218764,0
2021-06-15 11:00:00,3185.83,3209.2,3176.94,3176.94,48.77699000000001,1623756599999,155977.3656951,371,21.95255,70262.1330296,0
2021-06-15 11:30:00,3179.63,3183.06,3158.63,3182.4,38.39053,1623758399999,121695.4128306,375,17.35789,55054.568136199996,0
2021-06-15 12:00:00,3179.45,3214.93,3173.13,3201.58,41.09124,1623760199999,131542.8075743,336,17.44369,55827.5861839,0
2021-06-15 12:30:00,3202.08,3216.64,3173.25,3211.71,58.23288,1623761999999,186240.59497429998,519,32.06439,102580.34344299999,0
2021-06-15 13:00:00,3211.53,3211.58,3189.45,3200.06,29.891609999999996,1623763799999,95739.5423516,210,17.1046,54803.0729104,0
2021-06-15 13:30:00,3200.06,3202.93,3180.84,3198.24,32.85215,1623765599999,104793.4992102,316,16.73525,53400.8084176,0
2021-06-15 14:00:00,3185.88,3185.88,3130.65,3145.71,54.87004,1623767399999,173320.7283908,478,16.48996,52040.7419001,0
2021-06-15 14:30:00,3142.95,3156.47,3127.07,3143.05,45.03287,1623769199999,141454.1469623,361,23.17151,72837.4301344,0
2021-06-15 15:00:00,3140.39,3148.13,3109.26,3143.25,74.27505,1623770999999,232397.225243,552,32.21049,100936.89566139999,0
2021-06-15 15:30:00,3145.87,3158.41,3127.7,3150.59,25.78295,1623772799999,80988.73113239999,222,15.127629999999998,47556.5123066,0
2021-06-15 16:00:00,3149.89,3164.36,3144.62,3155.38,41.60952,1623774599999,131277.0928582,239,29.02613,91613.0681142,0
2021-06-15 16:30:00,3155.45,3171.41,3149.25,3165.59,32.49388,1623776399999,102831.059234,236,20.68198,65471.1775044,0
2021-06-15 17:00:00,3162.37,3184.76,3157.53,3168.03,27.3619,1623778199999,86686.5333152,221,12.93343,40995.96672809999,0
2021-06-15 17:30:00,3168.71,3198.15,3164.06,3192.58,20.69695,1623779999999,65871.1147631,206,13.53933,43083.6257123,0
2021-06-15 18:00:00,3194.08,3232.71,3194.08,3230.03,102.62419,1623781799999,330464.6717157,800,56.84594,183064.1011701,0
2021-06-15 18:30:00,3232.49,3234.63,3185.44,3198.31,70.8773,1623783599999,227337.1623494,644,43.40717,139075.0744714,0
2021-06-15 19:00:00,3194.61,3202.2,3143.31,3155.54,49.64258,1623785399999,157506.43011239998,502,21.96097,69835.1126005,0
2021-06-15 19:30:00,3163.11,3163.11,3126.26,3128.46,35.8377,1623787199999,112530.00356260002,354,15.11895,47490.4494899,0
2021-06-15 20:00:00,3129.56,3133.75,3100.99,3128.69,53.46884,1623788999999,166671.3379125,446,31.12394,97073.1209372,0
2021-06-15 20:30:00,3128.69,3140.55,3112.05,3128.02,31.07494,1623790799999,97140.21751789999,267,19.05077,59586.7248777,0
2021-06-15 21:00:00,3129.15,3144.95,3125.18,3142.43,18.917479999999998,1623792599999,59351.9374774,143,12.49179,39201.0284196,0
2021-06-15 21:30:00,3143.94,3146.69,3127.16,3135.67,11.54078,1623794399999,36181.3654997,80,5.18264,16247.4997655,0
2021-06-15 22:00:00,3136.92,3153.71,3134.68,3148.82,13.8749,1623796199999,43636.7025083,194,10.65052,33493.5984102,0
2021-06-15 22:30:00,3148.09,3172.13,3144.07,3163.24,23.02394,1623797999999,72814.2125717,236,15.92185,50341.723002,0
2021-06-15 23:00:00,3162.1,3176.17,3156.22,3168.18,12.651110000000001,1623799799999,40056.027307699995,129,7.04357,22311.0141896,0
2021-06-15 23:30:00,3164.88,3169.89,3152.03,3152.03,11.098980000000001,1623801599999,35097.54148380001,99,5.8456,18494.2937815,0
2021-06-16 00:00:00,3150.51,3151.27,3110.98,3115.15,65.18796999999999,1623803399999,203796.6434195,445,22.270329999999998,69626.7591105,0
2021-06-16 00:30:00,3111.05,3122.55,3091.16,3094.82,65.39073,1623805199999,203062.96620470003,538,30.980420000000002,96152.51494310002,0
2021-06-16 01:00:00,3093.34,3094.19,3066.63,3082.68,82.97837,1623806999999,255852.4748646,665,30.955,95496.6594455,0
2021-06-16 01:30:00,3083.16,3104.44,3078.72,3103.38,45.97027,1623808799999,142083.04688090002,299,28.84685,89172.48373230002,0
2021-06-16 02:00:00,3104.35,3129.0,3096.96,3120.9,73.34418000000002,1623810599999,228482.16186690002,428,45.65753,142281.6170992,0
2021-06-16 02:30:00,3127.51,3129.0,3104.15,3117.88,21.18188,1623812399999,66045.8885545,134,10.16508,31701.4541936,0
2021-06-16 03:00:00,3113.45,3118.64,3090.85,3091.48,19.30808,1623814199999,59851.86449580001,230,10.516639999999999,32601.843976999997,0
2021-06-16 03:30:00,3090.19,3119.55,3085.23,3110.0,16.600920000000002,1623815999999,51608.24677390001,137,8.97713,27916.967598299998,0
2021-06-16 04:00:00,3106.89,3122.0,3101.09,3110.54,19.410829999999997,1623817799999,60358.86986919999,183,9.40183,29269.6975491,0
2021-06-16 04:30:00,3104.27,3140.72,3104.27,3117.99,51.961040000000004,1623819599999,162343.48307000002,466,22.59841,70642.6085745,0
2021-06-16 05:00:00,3116.69,3133.37,3116.25,3128.57,44.46168,1623821399999,138987.02180579994,375,29.345259999999996,91720.6325491,0
2021-06-16 05:30:00,3128.57,3137.2,3120.12,3130.85,22.58224,1623823199999,70725.6748499,162,13.56275,42478.4524494,0
2021-06-16 06:00:00,3134.29,3141.15,3126.07,3140.67,13.535879999999999,1623824999999,42404.9087011,147,9.461969999999999,29647.9094152,0
2021-06-16 06:30:00,3139.47,3145.39,3134.23,3137.16,16.88252,1623826799999,53014.1162269,161,11.435360000000001,35923.0211087,0
2021-06-16 07:00:00,3135.69,3147.54,3131.06,3131.5,14.751370000000001,1623828599999,46317.6974599,156,6.502759999999999,20426.2805223,0
2021-06-16 07:30:00,3132.61,3146.92,3128.72,3129.5,50.058,1623830399999,156942.37557610002,341,19.29693,60572.7009579,0
2021-06-16 08:00:00,3134.4,3148.84,3122.26,3122.26,26.93924,1623832199999,84524.45646649999,238,9.18196,28823.9205106,0
2021-06-16 08:30:00,3122.47,3125.64,3106.93,3111.83,58.1818,1623833999999,181482.2965608,605,43.686820000000004,136306.8632129,0
2021-06-16 09:00:00,3111.91,3113.12,3080.76,3086.54,67.45488,1623835799999,208676.87004860002,540,15.4474,47791.470366199996,0
2021-06-16 09:30:00,3086.62,3102.66,3080.57,3084.61,52.76305,1623837599999,163078.8351547,401,26.526090000000003,82008.6943507,0
2021-06-16 10:00:00,3082.79,3092.59,3071.51,3078.22,29.84837000000001,1623839399999,91999.448711,336,16.01415,49380.1869325,0
2021-06-16 10:30:00,3078.2,3081.27,3042.07,3052.43,65.64711,1623841199999,200857.0760062,718,26.35646,80732.05235910001,0
2021-06-16 11:00:00,3052.43,3052.43,3005.83,3018.52,121.3122,1623842999999,366390.10620690003,1014,45.79352,138276.4671826,0
2021-06-16 11:30:00,3018.54,3019.79,2991.05,3002.42,66.9887,1623844799999,201336.85522410003,575,18.492639999999998,55576.10439419999,0
2021-06-16 12:00:00,3001.0,3021.47,2980.0,2990.5,64.79437,1623846599999,194220.23927429997,610,33.10593,99236.7883459,0
2021-06-16 12:30:00,2991.72,3017.11,2981.9,3005.18,40.93797,1623848399999,122906.0287795,313,23.38106,70221.16620860001,0
2021-06-16 13:00:00,3002.34,3034.8,2996.19,3024.48,60.21315,1623850199999,181435.6032065,522,34.91637,105241.679515,0
2021-06-16 13:30:00,3023.6,3029.96,3008.07,3019.46,24.61517000000001,1623851999999,74325.7866969,206,10.37761,31369.5896347,0
2021-06-16 14:00:00,3018.9,3025.0,3007.56,3011.9,21.72212,1623853799999,65517.3932054,161,10.994860000000001,33184.6753294,0
2021-06-16 14:30:00,3013.22,3020.67,2969.82,2972.87,56.23393000000001,1623855599999,168387.4262214,440,23.29298,69916.1624013,0
2021-06-16 15:00:00,2979.48,2997.61,2965.25,2976.1,35.50863,1623857399999,105850.4748126,306,22.34572,66680.6920613,0
2021-06-16 15:30:00,2973.48,2991.15,2971.87,2986.67,53.90605,1623859199999,160780.5910342,325,38.13959000000001,113747.8111389,0
2021-06-16 16:00:00,2984.15,3025.04,2974.86,2984.97,70.70770999999998,1623860999999,212057.6804178,617,40.10464,120361.95907189998,0
2021-06-16 16:30:00,2986.49,2998.27,2939.72,2950.33,60.17935,1623862799999,178379.12113470005,629,22.93229,67924.2634668,0
2021-06-16 17:00:00,2948.82,2982.71,2935.47,2972.39,43.87482,1623864599999,129998.6812532,406,28.18494,83570.90363180001,0
2021-06-16 17:30:00,2972.76,3000.55,2972.76,2992.93,22.37502000000001,1623866399999,66829.08947400001,327,12.724910000000001,38012.1799203,0
2021-06-16 18:00:00,2987.9,3028.0,2950.06,2968.13,167.85576,1623868199999,500575.2284673,1164,84.74003,252820.19385840002,0
2021-06-16 18:30:00,2966.49,3004.13,2962.5,3004.08,40.261540000000004,1623869999999,120085.9235818,352,32.6391,97368.85670260001,0
2021-06-16 19:00:00,3003.3,3023.16,2998.07,3018.15,39.08224000000001,1623871799999,117752.75342680002,342,17.88087,53876.243917299995,0
2021-06-16 19:30:00,3017.25,3027.92,3009.16,3011.69,44.64533,1623873599999,134800.16353860006,353,17.9839,54300.841478199996,0
2021-06-16 20:00:00,3009.42,3023.77,2993.55,2997.12,58.18199,1623875399999,174973.7786478,465,40.61643,122195.50441630001,0
2021-06-16 20:30:00,2991.8,3002.29,2984.6,2986.87,25.73922,1623877199999,77024.0684508,175,7.193239999999999,21545.5500163,0
2021-06-16 21:00:00,2987.12,2999.36,2981.28,2997.09,38.0229,1623878999999,113701.810787,198,21.15023,63285.6096663,0
2021-06-16 21:30:00,2999.33,3004.63,2989.61,3002.56,30.99568,1623880799999,92970.9458415,166,15.434070000000002,46298.8869734,0
2021-06-16 22:00:00,3002.38,3009.1,2979.09,2979.47,30.90291,1623882599999,92608.32634269999,246,13.975389999999999,41915.5491106,0
2021-06-16 22:30:00,2981.74,2985.35,2952.02,2954.38,27.81015,1623884399999,82450.939437,258,14.579220000000001,43246.676358,0
2021-06-16 23:00:00,2953.0,2957.44,2922.45,2925.7,42.94178,1623886199999,126216.13822739999,404,21.91901,64439.86256819999,0
2021-06-16 23:30:00,2925.7,2946.56,2921.75,2946.56,20.50536,1623887999999,60135.804146,172,13.32378,39090.6014089,0
2021-06-17 00:00:00,2947.86,2989.49,2935.56,2970.97,39.47724,1623889799999,117021.05293139999,447,25.210060000000002,74782.0601562,0
2021-06-17 00:30:00,2974.39,2985.7,2971.08,2981.94,19.97043,1623891599999,59498.510600099995,174,9.1347,27223.545015599997,0
2021-06-17 01:00:00,2981.05,2996.22,2979.63,2991.49,12.7179,1623893399999,37990.7820107,119,8.66709,25896.082317400003,0
2021-06-17 01:30:00,2991.27,3001.65,2989.3,3000.95,12.93872,1623895199999,38768.7094739,157,8.70552,26087.585767099998,0
2021-06-17 02:00:00,3001.54,3021.47,2993.43,3016.88,24.06684,1623896999999,72421.9555095,305,13.3308,40144.7597619,0
2021-06-17 02:30:00,3016.67,3017.7,3000.77,3000.77,9.06583,1623898799999,27295.5464214,146,4.95204,14907.2152266,0
2021-06-17 03:00:00,3002.69,3022.27,3001.35,3015.22,12.02949,1623900599999,36261.3480845,144,5.62902,16967.2219406,0
2021-06-17 03:30:00,3018.22,3026.69,3014.2,3017.92,13.43167,1623902399999,40572.2416512,119,6.6361300000000005,20052.4197918,0
2021-06-17 04:00:00,3019.9,3030.51,3014.68,3017.42,18.64169,1623904199999,56324.1194301,186,10.03105,30317.3449038,0
2021-06-17 04:30:00,3020.03,3027.91,3012.21,3014.68,16.35298,1623905999999,49387.3818803,117,7.14928,21592.234104799998,0
2021-06-17 05:00:00,3015.57,3018.16,3002.47,3004.48,17.6214,1623907799999,53014.1152008,143,6.01063,18094.1211287,0
2021-06-17 05:30:00,3007.83,3020.01,3007.73,3007.73,19.47427,1623909599999,58680.3916732,244,11.58131,34904.2778293,0
2021-06-17 06:00:00,3010.73,3035.74,3010.05,3034.19,17.076,1623911399999,51658.1758085,160,8.85968,26814.6261477,0
2021-06-17 06:30:00,3035.65,3040.77,3028.13,3040.13,33.43634,1623913199999,101468.9539339,213,13.95077,42358.208166000004,0
2021-06-17 07:00:00,3040.77,3048.3,3036.25,3048.27,53.44683000000001,1623914999999,162671.9454104,379,38.88241,118366.6677415,0
2021-06-17 07:30:00,3045.85,3048.3,3027.79,3027.79,17.29048,1623916799999,52557.7150671,156,6.8364600000000015,20790.224598400004,0
2021-06-17 08:00:00,3029.28,3036.32,3021.85,3033.37,20.281579999999998,1623918599999,61474.05789709999,152,9.99386,30298.7777309,0
2021-06-17 08:30:00,3033.47,3043.65,3011.52,3028.81,23.43395,1623920399999,70919.6436621,189,12.275780000000001,37121.4395184,0
2021-06-17 09:00:00,3030.61,3043.73,3024.4,3039.98,70.1268,1623922199999,212904.188524,436,57.233059999999995,173761.1009055,0
2021-06-17 09:30:00,3041.46,3066.62,3041.46,3057.73,106.17107,1623923999999,324418.5068584,683,82.32741999999998,251539.8167231,0
2021-06-17 10:00:00,3059.84,3067.65,3045.77,3049.68,55.35928000000001,1623925799999,169003.9901957,312,18.79103,57370.79832840001,0
2021-06-17 10:30:00,3050.26,3050.38,3030.0,3030.74,39.76159000000001,1623927599999,120776.0658671,335,12.43247,37770.3832608,0
2021-06-17 11:00:00,3032.05,3046.47,3030.19,3032.24,23.7692,1623929399999,72193.8010091,218,13.519879999999999,41064.2397136,0
2021-06-17 11:30:00,3031.98,3035.19,3019.83,3019.83,23.08642,1623931199999,69941.2940352,159,13.20483,40033.1846099,0
2021-06-17 12:00:00,3020.03,3020.17,2975.15,2981.1,63.53226,1623932999999,190253.99670229998,413,25.29936,75677.4239954,0
2021-06-17 12:30:00,2977.31,2982.5,2965.0,2971.08,32.690690000000004,1623934799999,97232.88569439999,257,15.20473,45248.84917340001,0
2021-06-17 13:00:00,2974.99,2979.63,2952.71,2963.2,20.7171,1623936599999,61424.2747189,189,9.42869,27956.12817,0
2021-06-17 13:30:00,2964.72,2975.85,2958.69,2961.12,18.07215,1623938399999,53626.3609142,181,9.344669999999999,27730.300585400004,0
2021-06-17 14:00:00,2960.6,2988.86,2947.1,2988.86,39.80703,1623940199999,117926.72614279999,300,21.81822,64721.163737,0
2021-06-17 14:30:00,2988.58,2994.46,2961.14,2972.51,40.96195,1623941999999,121771.9795253,457,13.14984,39083.4617975,0
2021-06-17 15:00:00,2972.28,2978.6,2961.91,2962.08,51.773270000000004,1623943799999,153826.53593050002,495,16.29143,48436.2861458,0
2021-06-17 15:30:00,2962.09,2998.94,2962.09,2995.42,40.319379999999995,1623945599999,120392.0202961,406,20.92803,62469.7143954,0
2021-06-17 16:00:00,2995.43,3000.59,2943.02,2946.92,66.0532,1623947399999,195752.6833439,512,20.10851,59520.22946869999,0
2021-06-17 16:30:00,2945.57,2947.21,2911.22,2930.35,62.86833000000001,1623949199999,184288.2037146,567,27.75228,81393.4624522,0
2021-06-17 17:00:00,2928.89,2928.98,2878.15,2882.53,124.62828,1623950999999,360950.7163032,738,53.537659999999995,154962.4821857,0
2021-06-17 17:30:00,2880.01,2897.33,2860.75,2870.0,87.02515,1623952799999,250383.28393970002,636,37.38475,107656.6448549,0
2021-06-17 18:00:00,2865.78,2879.25,2854.12,2861.42,126.66863000000001,1623954599999,362772.92407590005,1041,63.28832,181378.8789062,0
2021-06-17 18:30:00,2862.43,2895.62,2848.51,2881.73,55.31381,1623956399999,158702.9097827,466,27.494359999999997,78895.1261322,0
2021-06-17 19:00:00,2880.57,2884.85,2868.55,2876.27,38.02465,1623958199999,109414.7700717,228,18.58682,53517.99706619999,0
2021-06-17 19:30:00,2875.82,2890.32,2864.92,2873.65,61.71603,1623959999999,177562.94015739995,379,28.05057,80721.70927719999,0
2021-06-17 20:00:00,2872.03,2902.03,2855.34,2888.42,71.94941,1623961799999,206914.8593302,472,33.33246,95974.1374162,0
2021-06-17 20:30:00,2887.23,2891.08,2862.92,2879.17,51.3883,1623963599999,147849.270184,288,19.26763,55454.670374,0
2021-06-17 21:00:00,2877.53,2880.62,2859.23,2879.51,39.95914000000001,1623965399999,114669.4165299,367,13.554120000000001,38919.683345,0
2021-06-17 21:30:00,2878.68,2883.17,2873.11,2878.7,26.23787,1623967199999,75514.1196413,244,7.99113,23010.796173299997,0
2021-06-17 22:00:00,2878.98,2884.87,2865.3,2878.98,42.77173,1623968999999,122850.03134130001,294,14.256689999999999,40941.88681880001,0
2021-06-17 22:30:00,2880.72,2895.0,2859.43,2895.0,54.46553,1623970799999,156321.1962011,307,20.50258,58963.8745221,0
2021-06-17 23:00:00,2893.01,2918.98,2888.98,2901.04,28.58863,1623972599999,83177.6952461,278,9.428410000000001,27449.9659323,0
2021-06-17 23:30:00,2902.38,2916.86,2891.47,2910.89,33.965140000000005,1623974399999,98593.08021,240,11.95534,34736.8909737,0
2021-06-18 00:00:00,2909.0,2910.85,2890.15,2896.4,35.8451,1623976199999,103946.4320374,299,9.5232,27633.476004000004,0
2021-06-18 00:30:00,2896.23,2902.86,2867.77,2876.93,41.81126,1623977999999,120628.1958496,440,6.1817400000000005,17841.736481599994,0
2021-06-18 01:00:00,2882.9,2886.12,2860.19,2861.4,38.90263,1623979799999,111868.7278471,239,12.71321,36566.5334953,0
2021-06-18 01:30:00,2862.14,2868.82,2843.51,2857.64,67.04146999999999,1623981599999,191313.1446828,538,17.02819,48646.030603,0
2021-06-18 02:00:00,2856.45,2858.7,2835.65,2847.23,134.55732,1623983399999,383133.42172569997,822,57.65804,164134.0062242,0
2021-06-18 02:30:00,2847.01,2880.45,2843.81,2868.65,43.715559999999996,1623985199999,125298.3176394,576,15.75685,45172.3352042,0
2021-06-18 03:00:00,2867.8,2873.92,2857.18,2865.04,35.39418,1623986999999,101399.5487366,552,11.39095,32653.1893845,0
2021-06-18 03:30:00,2865.04,2871.08,2859.69,2863.72,28.79032,1623988799999,82453.5850903,556,8.85173,25347.1432175,0
2021-06-18 04:00:00,2863.74,2868.78,2852.75,2863.55,38.11291,1623990599999,109022.8026593,553,14.349829999999999,41047.5559677,0
2021-06-18 04:30:00,2862.66,2883.93,2862.55,2877.59,41.01206,1623992399999,117878.5949398,655,12.205869999999999,35080.641745099994,0
2021-06-18 05:00:00,2879.13,2890.08,2868.93,2887.43,42.16959,1623994199999,121476.1355682,601,13.01782,37525.8789808,0
2021-06-18 05:30:00,2888.15,2890.54,2852.63,2859.01,46.44143,1623995999999,133469.12789819998,559,15.59535,44817.3765599,0
2021-06-18 06:00:00,2859.02,2866.29,2842.0,2847.43,48.057809999999996,1623997799999,137067.9237876,609,19.72587,56251.9151173,0
2021-06-18 06:30:00,2847.43,2856.23,2837.49,2839.23,69.25603000000001,1623999599999,197207.2848813,615,20.832320000000006,59359.09407280001,0
2021-06-18 07:00:00,2839.23,2870.94,2839.21,2866.67,38.07953,1624001399999,108833.7529412,584,17.63085,50379.6105036,0
2021-06-18 07:30:00,2866.67,2873.83,2853.52,2854.77,38.48833,1624003199999,110312.4952167,515,9.550410000000001,27386.127983399998,0
2021-06-18 08:00:00,2854.77,2884.46,2842.96,2881.69,78.96846,1624004999999,226423.25327539997,1043,40.02949,114932.26994980001,0
2021-06-18 08:30:00,2882.67,2904.93,2875.53,2877.44,110.60188000000001,1624006799999,319725.93406440003,936,67.16818,194402.9918326,0
2021-06-18 09:00:00,2876.17,2879.69,2837.15,2838.04,56.38285,1624008599999,161141.8499206,730,18.47081,52829.4873697,0
2021-06-18 09:30:00,2838.04,2841.92,2806.3,2808.43,84.91928,1624010399999,239497.7069663,1165,35.49959000000001,100046.1395251,0
2021-06-18 10:00:00,2808.42,2836.68,2777.78,2833.7,134.50653,1624012199999,376395.8187772,1354,72.12474,201926.7929279,0
2021-06-18 10:30:00,2834.26,2853.75,2833.62,2842.05,47.07039,1624013999999,133879.20568050002,691,18.88468,53718.14248350001,0
2021-06-18 11:00:00,2844.45,2868.39,2839.67,2839.67,70.76724,1624015799999,202333.3660809,666,35.019059999999996,100159.4722118,0
2021-06-18 11:30:00,2839.63,2843.87,2820.79,2827.09,37.86186,1624017599999,107073.38158210002,566,7.67865,21744.0112408,0
2021-06-18 12:00:00,2828.44,2834.18,2780.76,2791.2,63.38527,1624019399999,177307.1161738,759,20.10753,56118.2123418,0
2021-06-18 12:30:00,2791.2,2796.73,2747.13,2781.26,150.32561,1624021199999,416194.9220733,1182,37.147690000000004,102908.57986789999,0
2021-06-18 13:00:00,2781.28,2804.62,2760.01,2769.59,85.45376,1624022999999,237852.4152986,921,46.96656,130859.7871561,0
2021-06-18 13:30:00,2770.79,2778.36,2760.01,2766.13,42.45147,1624024799999,117473.94491530002,570,17.76008,49133.07129569999,0
2021-06-18 14:00:00,2766.7,2775.81,2710.97,2729.95,161.71174,1624026599999,442696.1513556,1550,47.79896,130653.68400529999,0
2021-06-18 14:30:00,2730.24,2737.49,2701.7,2718.49,67.71785,1624028399999,184243.73800510002,875,30.307470000000002,82460.7194382,0
2021-06-18 15:00:00,2717.7,2740.87,2691.22,2697.44,74.95741,1624030199999,203528.8551457,955,31.466929999999998,85429.77114039999,0
2021-06-18 15:30:00,2696.87,2717.15,2672.12,2675.13,108.23203000000001,1624031999999,291262.9186021,1155,41.56561,111940.76063439998,0
2021-06-18 16:00:00,2677.78,2709.35,2670.68,2704.25,94.74096999999999,1624033799999,255138.9928325,986,52.28787,140912.8427975,0
2021-06-18 16:30:00,2705.99,2715.47,2692.57,2693.76,69.06652,1624035599999,186686.99993279998,881,44.36285,119931.1775316,0
2021-06-18 17:00:00,2693.64,2694.3,2658.91,2671.66,106.71297,1624037399999,285024.6071363,1063,40.1099,107182.6178102,0
2021-06-18 17:30:00,2671.81,2682.53,2647.16,2647.82,98.58161,1624039199999,262107.1885626,943,36.11195,96109.3395031,0
2021-06-18 18:00:00,2647.01,2661.02,2600.0,2601.15,109.48624,1624040999999,288624.6776334,1280,33.506609999999995,88479.106782,0
2021-06-18 18:30:00,2600.0,2622.08,2570.08,2586.49,159.44815,1624042799999,413294.16543480003,1580,86.5535,224512.8376191,0
2021-06-18 19:00:00,2587.13,2618.31,2583.62,2608.87,106.15566000000001,1624044599999,276550.0675433,1002,51.983979999999995,135506.9174516,0
2021-06-18 19:30:00,2610.37,2623.37,2597.98,2597.98,75.80953000000002,1624046399999,197967.5844106,823,23.24407,60702.2486048,0
2021-06-18 20:00:00,2597.95,2677.24,2593.53,2666.49,139.29412,1624048199999,369424.83986759995,1210,70.4974,187046.23996099998,0
2021-06-18 20:30:00,2668.29,2669.36,2629.14,2644.4,72.21217,1624049999999,191076.8881807,793,29.866690000000002,79072.6962338,0
2021-06-18 21:00:00,2644.4,2666.46,2639.74,2659.42,63.58271,1624051799999,168812.5083165,728,34.24385,90936.58559819999,0
2021-06-18 21:30:00,2659.51,2684.2,2651.56,2679.6,48.74497,1624053599999,130117.0983457,611,20.05622,53562.888589999995,0
2021-06-18 22:00:00,2679.74,2682.4,2662.35,2664.71,43.71384000000001,1624055399999,116890.90896169998,567,11.055530000000001,29588.1421418,0
2021-06-18 22:30:00,2664.42,2679.74,2655.05,2676.32,38.18951,1624057199999,101810.6465222,571,13.764879999999998,36706.8722884,0
2021-06-18 23:00:00,2678.09,2684.68,2648.01,2680.73,37.005520000000004,1624058999999,98645.1942273,547,14.094439999999999,37615.515039,0
2021-06-18 23:30:00,2680.73,2701.56,2668.4,2689.1,50.2985,1624060799999,135155.1174211,622,14.0753,37871.1220519,0
2021-06-19 00:00:00,2689.32,2710.01,2676.12,2701.91,34.033190000000005,1624062599999,91754.9684866,551,13.91865,37526.4967966,0
2021-06-19 00:30:00,2701.94,2704.2,2674.98,2680.63,36.78901,1624064399999,98799.6700197,635,10.607569999999999,28436.347062099998,0
2021-06-19 01:00:00,2680.66,2712.66,2679.27,2694.79,44.723440000000004,1624066199999,120707.85181260001,666,11.923869999999999,32214.9341441,0
2021-06-19 01:30:00,2694.96,2705.27,2694.2,2698.38,38.457770000000004,1624067999999,103793.5828104,500,14.25651,38500.170397199996,0
2021-06-19 02:00:00,2698.38,2702.76,2671.02,2672.07,26.65676,1624069799999,71571.3358368,509,7.30698,19599.2558535,0
2021-06-19 02:30:00,2673.9,2675.95,2637.47,2643.96,66.4578,1624071599999,176276.7702004,700,18.5636,49254.06200969999,0
2021-06-19 03:00:00,2646.2,2649.54,2593.96,2609.95,54.06495,1624073399999,141834.330066,742,21.88689,57320.694095000006,0
2021-06-19 03:30:00,2607.19,2628.71,2598.08,2618.54,52.74855,1624075199999,137901.6089191,944,23.59972,61771.73854380001,0
2021-06-19 04:00:00,2618.85,2636.58,2609.74,2636.58,42.438320000000004,1624076999999,111286.01297519999,745,18.84272,49436.0713324,0
2021-06-19 04:30:00,2639.45,2664.42,2628.63,2643.01,75.2525,1624078799999,198936.07756510001,915,33.79087,89352.3891167,0
2021-06-19 05:00:00,2645.21,2677.91,2645.21,2675.32,43.04913,1624080599999,114423.3070477,571,21.878,58131.9063512,0
2021-06-19 05:30:00,2675.77,2696.38,2674.82,2689.44,37.92245,1624082399999,101792.6388625,692,13.23449,35532.675494,0
2021-06-19 06:00:00,2690.69,2697.84,2684.41,2686.22,34.97765,1624084199999,94124.91882110001,490,11.73611,31583.8838408,0
2021-06-19 06:30:00,2686.22,2692.3,2662.45,2671.53,46.09193,1624085999999,123469.8555019,555,17.65829,47329.6473617,0
2021-06-19 07:00:00,2673.14,2678.11,2645.72,2648.9,33.454640000000005,1624087799999,88987.3871374,600,4.8779699999999995,12960.3186196,0
2021-06-19 07:30:00,2648.9,2690.95,2648.6,2687.64,45.47376,1624089599999,121788.4246996,724,14.0606,37672.2184779,0
2021-06-19 08:00:00,2687.62,2690.69,2669.07,2675.35,50.592259999999996,1624091399999,135493.8431919,662,21.563660000000002,57793.7176273,0
2021-06-19 08:30:00,2675.15,2693.13,2675.15,2687.72,48.377359999999996,1624093199999,129894.60630669999,581,10.63567,28588.7803079,0
2021-06-19 09:00:00,2689.27,2689.46,2668.23,2670.61,33.41493,1624094999999,89510.2053713,621,8.13256,21801.5926195,0
2021-06-19 09:30:00,2668.24,2685.56,2648.47,2656.18,35.82443,1624096799999,95513.2125555,639,14.19188,37835.5072953,0
2021-06-19 10:00:00,2656.51,2670.07,2645.24,2654.28,68.65425,1624098599999,182348.3794359,613,35.69572,94925.22161489999,0
2021-06-19 10:30:00,2656.13,2668.45,2645.77,2647.52,38.86623,1624100399999,103297.53294510001,642,13.22124,35179.184165599996,0
2021-06-19 11:00:00,2645.84,2685.33,2645.83,2685.33,41.04934,1624102199999,109519.7644657,593,19.2077,51260.000271599994,0
2021-06-19 11:30:00,2685.04,2685.05,2665.26,2670.79,39.73194,1624103999999,106144.2371236,578,10.83584,28963.4602147,0
2021-06-19 12:00:00,2671.67,2714.26,2660.52,2707.33,51.14546,1624105799999,137721.2215799,736,21.41969,57709.7734633,0
2021-06-19 12:30:00,2707.99,2711.88,2670.82,2674.05,47.04974,1624107599999,126589.01103669999,623,13.76395,37035.51997169999,0
2021-06-19 13:00:00,2674.04,2680.57,2655.36,2669.74,49.47947,1624109399999,131924.6347004,591,16.765220000000006,44688.2343764,0
2021-06-19 13:30:00,2669.71,2675.73,2645.46,2651.34,30.34982,1624111199999,80730.9831505,534,7.09063,18889.9094993,0
2021-06-19 14:00:00,2649.64,2676.87,2649.53,2672.47,41.11464,1624112999999,109504.1594853,569,20.576999999999998,54808.6263914,0
2021-06-19 14:30:00,2673.01,2692.23,2665.77,2685.2,54.925909999999995,1624114799999,147313.84324820002,608,26.189220000000002,70281.3617298,0
2021-06-19 15:00:00,2685.91,2695.34,2668.51,2672.38,47.38028,1624116599999,127024.7183187,569,15.078120000000002,40425.1812253,0
2021-06-19 15:30:00,2672.38,2679.39,2655.47,2675.51,49.81126,1624118399999,132744.3975689,596,21.8507,58261.401483099995,0
2021-06-19 16:00:00,2675.86,2685.08,2649.61,2653.97,71.61864,1624120199999,190648.6233709,891,29.90055,79615.4786785,0
2021-06-19 16:30:00,2653.97,2676.39,2653.91,2670.0,37.346059999999994,1624121999999,99530.7984958,604,11.10323,29612.2492486,0
2021-06-19 17:00:00,2670.0,2673.0,2644.1,2656.51,49.15612,1624123799999,130540.6586784,830,8.25975,21948.229353299997,0
2021-06-19 17:30:00,2657.43,2658.13,2640.37,2640.79,36.76252,1624125599999,97315.3309067,596,12.61335,33400.8309404,0
2021-06-19 18:00:00,2640.89,2640.9,2610.0,2613.02,70.11052,1624127399999,183938.2053617,829,30.9654,81304.9732548,0
2021-06-19 18:30:00,2613.02,2629.69,2602.07,2622.0,61.53168,1624129199999,161017.4528512,617,27.185470000000002,71122.1152764,0
2021-06-19 19:00:00,2622.0,2652.54,2616.42,2642.77,59.248709999999996,1624130999999,156220.0990189,677,25.04952,66102.41988019999,0
2021-06-19 19:30:00,2641.32,2646.34,2627.73,2646.16,46.949659999999994,1624132799999,123853.1696838,594,17.20145,45386.0866068,0
2021-06-19 20:00:00,2645.7,2651.59,2618.47,2632.16,53.9995,1624134599999,142309.4891346,674,19.24925,50744.77220380001,0
2021-06-19 20:30:00,2631.97,2652.54,2623.72,2647.74,39.795590000000004,1624136399999,105066.077955,610,16.32357,43143.40546530001,0
2021-06-19 21:00:00,2647.55,2652.07,2632.69,2634.65,34.78909,1624138199999,91954.2907852,529,9.27247,24525.242410900002,0
2021-06-19 21:30:00,2634.65,2638.96,2616.92,2618.09,36.48421,1624139999999,96004.8183331,503,12.90825,34001.0014255,0
2021-06-19 22:00:00,2618.09,2621.32,2593.47,2603.06,52.30269000000001,1624141799999,136188.16333039998,717,17.779870000000006,46310.3273365,0
2021-06-19 22:30:00,2602.83,2606.0,2583.36,2583.83,50.69611,1624143599999,131317.017016,521,18.490270000000002,47916.4622638,0
2021-06-19 23:00:00,2583.21,2608.63,2577.85,2599.56,31.479670000000002,1624145399999,81686.0099928,233,15.479379999999999,40154.93853869999,0
2021-06-19 23:30:00,2598.17,2598.17,2575.4,2582.32,25.34874,1624147199999,65589.0500714,227,14.503570000000002,37533.8884861,0
2021-06-20 00:00:00,2579.93,2592.41,2550.68,2557.56,63.767480000000006,1624148999999,163795.52173110002,503,29.25153,75150.5526786,0
2021-06-20 00:30:00,2554.82,2597.01,2550.52,2597.01,21.20516,1624150799999,54661.4767832,261,16.015220000000006,41296.039229199996,0
2021-06-20 01:00:00,2597.01,2620.28,2593.72,2618.66,58.88838000000001,1624152599999,153552.9372399,342,46.40665,120969.95543870001,0
2021-06-20 01:30:00,2619.53,2628.07,2615.3,2619.45,16.36581,1624154399999,42890.956255900004,142,10.347480000000001,27126.6514033,0
2021-06-20 02:00:00,2619.08,2619.08,2576.95,2576.95,15.27547,1624156199999,39612.7509283,169,5.7601,14932.0733463,0
2021-06-20 02:30:00,2575.12,2622.08,2573.85,2620.34,29.54947,1624157999999,76601.4494454,274,20.123720000000002,52211.400430199996,0
2021-06-20 03:00:00,2621.1,2634.87,2601.92,2625.54,28.100540000000002,1624159799999,73620.4016852,267,15.073189999999999,39522.83000369999,0
2021-06-20 03:30:00,2625.32,2634.52,2618.63,2619.5,14.21018,1624161599999,37304.8255699,154,4.28618,11261.0280576,0
2021-06-20 04:00:00,2619.45,2650.18,2612.8,2640.53,32.228390000000005,1624163399999,84874.0206977,311,14.89008,39239.535072300016,0
2021-06-20 04:30:00,2642.9,2652.83,2642.68,2645.74,25.67419,1624165199999,67952.33798309999,176,7.88105,20860.4819449,0
2021-06-20 05:00:00,2646.79,2655.38,2643.75,2648.72,13.0633,1624166999999,34623.7407489,140,11.36762,30130.933623,0
2021-06-20 05:30:00,2649.38,2659.14,2643.68,2655.4,16.77682,1624168799999,44476.50220919999,134,9.84373,26094.0701302,0
2021-06-20 06:00:00,2656.15,2656.15,2629.36,2638.06,15.690010000000001,1624170599999,41391.937325599996,127,9.83716,25952.3518062,0
2021-06-20 06:30:00,2637.52,2656.06,2628.94,2628.94,13.476460000000001,1624172399999,35625.542100599996,124,7.74052,20477.370599,0
2021-06-20 07:00:00,2627.76,2638.29,2609.48,2611.48,19.86841,1624174199999,52036.417316600004,154,8.45613,22168.3853287,0
2021-06-20 07:30:00,2614.09,2631.0,2610.31,2624.59,39.21064000000001,1624175999999,102844.9103613,261,19.05676,50011.674942699996,0
2021-06-20 08:00:00,2627.93,2634.63,2610.02,2613.11,14.07378,1624177799999,36900.6215388,160,5.5131,14465.347678999999,0
2021-06-20 08:30:00,2611.6,2612.46,2594.95,2598.16,18.96432,1624179599999,49348.705897600004,167,9.39879,24432.8563598,0
2021-06-20 09:00:00,2597.08,2602.08,2582.27,2590.97,31.46404,1624181399999,81479.8938737,279,15.538179999999999,40235.5467601,0
2021-06-20 09:30:00,2591.65,2600.46,2563.15,2568.6,59.415119999999995,1624183199999,153314.3478884,479,26.82051,69225.5281313,0
2021-06-20 10:00:00,2568.73,2570.68,2500.0,2514.41,168.03425,1624184999999,424963.26870159997,1447,71.09857,179933.5568802,0
2021-06-20 10:30:00,2511.6,2522.82,2495.84,2505.95,89.26136,1624186799999,223850.40671999997,630,32.56242,81807.1517347,0
2021-06-20 11:00:00,2506.04,2518.79,2484.96,2490.51,85.71741,1624188599999,214358.14573070002,647,53.85247,134745.820546,0
2021-06-20 11:30:00,2489.39,2503.62,2467.57,2482.93,81.18822,1624190399999,201709.24837970003,545,43.77957,108800.4691111,0
2021-06-20 12:00:00,2482.0,2502.51,2441.4,2457.08,92.36638,1624192199999,227798.5554092,685,42.37893,104367.5273723,0
2021-06-20 12:30:00,2457.08,2505.46,2456.51,2501.59,77.9942,1624193999999,193731.5473841,532,49.29395,122281.54290039999,0
2021-06-20 13:00:00,2503.46,2533.98,2495.45,2499.69,67.14992,1624195799999,169020.2344848,458,32.41272,81632.5058708,0
2021-06-20 13:30:00,2499.68,2522.52,2499.62,2508.68,40.19055,1624197599999,101010.08951689999,307,26.484090000000002,66555.5891929,0
2021-06-20 14:00:00,2506.57,2529.15,2490.0,2518.28,41.86305,1624199399999,105190.9756077,281,27.76345,69811.56114199999,0
2021-06-20 14:30:00,2519.94,2528.34,2511.88,2528.34,13.855979999999999,1624201199999,34886.2954744,141,11.17864,28142.90160070001,0
2021-06-20 15:00:00,2533.15,2547.3,2524.97,2546.32,37.72426,1624202999999,95618.0566536,288,26.669890000000002,67587.0818728,0
2021-06-20 15:30:00,2547.5,2557.38,2531.97,2535.07,46.73007,1624204799999,119042.1169309,260,26.413140000000002,67342.4598048,0
2021-06-20 16:00:00,2533.68,2554.84,2523.54,2552.96,39.24575,1624206599999,99710.15376639999,244,16.24984,41292.623540699984,0
2021-06-20 16:30:00,2553.09,2553.91,2540.58,2549.59,24.50777,1624208399999,62453.0494472,119,15.50525,39526.82423219999,0
2021-06-20 17:00:00,2552.76,2569.6,2544.04,2562.8,17.98585,1624210199999,46047.5997301,127,7.98623,20439.247956,0
2021-06-20 17:30:00,2563.75,2569.54,2546.81,2553.37,24.65429,1624211999999,63082.5050646,174,8.204410000000001,20991.1991421,0
2021-06-20 18:00:00,2555.17,2575.05,2554.73,2573.07,37.00147,1624213799999,94859.125592,209,12.10866,31080.5943033,0
2021-06-20 18:30:00,2572.87,2599.51,2571.89,2599.15,38.66085,1624215599999,99777.5997256,366,24.13666,62306.6609099,0
2021-06-20 19:00:00,2600.43,2625.3,2599.97,2624.11,51.93841,1624217399999,135589.0001096,449,26.08129,68114.5724772,0
2021-06-20 19:30:00,2624.1,2694.61,2620.25,2688.88,139.59622,1624219199999,372843.1609515,1123,99.33932,265105.5657955,0
2021-06-20 20:00:00,2688.91,2731.7,2688.62,2729.52,229.78904,1624220999999,622776.1747853,1370,137.66891,373310.1133548,0
2021-06-20 20:30:00,2728.77,2742.09,2711.72,2731.94,82.15867,1624222799999,224361.72003839997,528,46.45104,126893.13412119998,0
2021-06-20 21:00:00,2732.59,2739.42,2697.96,2723.9,79.78564,1624224599999,216274.64013529997,504,29.2113,79154.1294115,0
2021-06-20 21:30:00,2725.36,2747.48,2715.87,2720.19,87.44248,1624226399999,238740.0760256,469,42.43589,115899.1575039,0
2021-06-20 22:00:00,2720.5,2734.63,2708.85,2717.86,30.368840000000002,1624228199999,82708.2957976,280,12.49843,34050.2301418,0
2021-06-20 22:30:00,2721.46,2745.1,2720.12,2722.09,25.44849,1624229999999,69452.99091889999,216,11.842369999999999,32342.4877613,0
2021-06-20 23:00:00,2724.58,2727.91,2709.66,2716.72,20.63264,1624231799999,56076.972121599996,190,8.618310000000001,23427.5006312,0
2021-06-20 23:30:00,2712.44,2719.55,2696.71,2701.4,47.18995,1624233599999,127740.46747130001,316,18.070710000000002,48938.1756665,0
2021-06-21 00:00:00,2702.84,2729.02,2663.37,2671.5,76.03743,1624235399999,203881.8090177,473,41.68585,111666.19680539999,0
2021-06-21 00:30:00,2671.49,2677.61,2660.55,2669.48,60.82528000000001,1624237199999,162260.193821,358,26.7426,71348.6626807,0
2021-06-21 01:00:00,2672.51,2674.3,2643.08,2648.4,37.05603,1624238999999,98429.2153494,220,18.09933,48019.6807796,0
2021-06-21 01:30:00,2646.91,2657.14,2629.69,2635.0,37.90699,1624240799999,100153.98660680001,271,21.05269,55649.9570916,0
2021-06-21 02:00:00,2638.22,2649.63,2614.02,2614.02,55.95245,1624242599999,147252.642696,378,24.493389999999998,64546.7032468,0
2021-06-21 02:30:00,2616.88,2620.34,2586.26,2608.13,82.59711999999998,1624244399999,214799.5203789,465,53.40733,138969.814166,0
2021-06-21 03:00:00,2606.46,2606.46,2575.0,2580.76,45.2496,1624246199999,117103.70075050001,358,14.984879999999999,38786.80997230001,0
2021-06-21 03:30:00,2581.12,2591.26,2554.2,2554.38,54.159859999999995,1624247999999,139253.80274729998,363,24.75788,63660.7784781,0
2021-06-21 04:00:00,2554.44,2562.74,2460.0,2467.68,300.13665,1624249799999,750916.2276093998,2395,115.95661000000001,290029.59473049996,0
2021-06-21 04:30:00,2466.48,2492.09,2421.64,2492.09,113.49236,1624251599999,278221.0226646,855,64.78054,158761.5456575,0
2021-06-21 05:00:00,2487.07,2503.84,2457.1,2475.36,119.26111000000002,1624253399999,296011.5403118,715,53.903980000000004,133534.6751326,0
2021-06-21 05:30:00,2473.7,2518.72,2473.7,2518.36,80.31019,1624255199999,201063.9614345,552,45.56687,114058.34625110001,0
2021-06-21 06:00:00,2514.44,2533.73,2421.05,2431.4,141.61031,1624256999999,351822.9732057,928,68.08134,169107.72515170005,0
2021-06-21 06:30:00,2432.71,2435.99,2346.92,2389.86,427.47372,1624258799999,1020559.1009379,2572,207.92729,496752.04519820004,0
2021-06-21 07:00:00,2387.97,2426.84,2373.68,2396.62,110.18431000000001,1624260599999,264653.2143124,835,66.70387,160417.12356160002,0
2021-06-21 07:30:00,2393.36,2412.22,2372.81,2404.0,75.40363,1624262399999,180534.6376399,760,46.28021,110903.79565380001,0
2021-06-21 08:00:00,2402.95,2433.2,2382.83,2412.64,104.12919000000001,1624264199999,250800.8503327,499,59.50413,143382.36161079994,0
2021-06-21 08:30:00,2406.46,2406.46,2368.88,2368.88,170.20991999999995,1624265999999,404879.22168809996,859,93.48352,222336.9593994,0
2021-06-21 09:00:00,2369.75,2415.0,2310.94,2361.87,299.07039,1624267799999,704365.231678,1943,160.64801,378577.3086687001,0
2021-06-21 09:30:00,2359.82,2398.8,2347.69,2383.69,124.20071000000002,1624269599999,295913.1862407,750,55.72036,132694.4671507,0
2021-06-21 10:00:00,2384.01,2388.77,2330.33,2332.42,110.41983,1624271399999,260622.2575455,612,52.9559,124958.67008139999,0
2021-06-21 10:30:00,2328.51,2348.36,2288.86,2291.39,146.89283999999995,1624273199999,340470.00356429996,945,76.74015,178129.099618,0
2021-06-21 11:00:00,2292.59,2305.98,2204.45,2204.45,516.31223,1624274999999,1162954.2609223,2498,264.17019,594259.4357403001,0
2021-06-21 11:30:00,2206.46,2335.52,2204.91,2288.19,329.21462,1624276799999,743077.8692775,1777,184.07516,415580.20753859996,0
2021-06-21 12:00:00,2285.01,2300.18,2247.8,2292.53,184.36057,1624278599999,419264.3392016,947,88.01722,200146.2690945,0
2021-06-21 12:30:00,2292.48,2293.11,2241.72,2249.81,83.25673,1624280399999,188686.9805315,526,42.94321,97361.3275638,0
2021-06-21 13:00:00,2250.85,2277.89,2212.33,2275.3,108.75855,1624282199999,243608.4086915,741,73.40115,164221.7730948,0
2021-06-21 13:30:00,2275.76,2353.49,2267.65,2350.49,119.96026,1624283999999,276683.2099032,918,70.58029,163145.0952217,0
2021-06-21 14:00:00,2350.18,2353.63,2299.72,2310.37,121.0821,1624285799999,281958.02223329997,805,45.16061,105154.9481802,0
2021-06-21 14:30:00,2309.98,2354.87,2304.32,2332.59,78.51586999999998,1624287599999,182991.7032619,688,41.48581,96725.0678228,0
2021-06-21 15:00:00,2333.5,2344.78,2298.29,2300.48,64.86259,1624289399999,150344.5308786,505,26.77222,62176.39946290001,0
2021-06-21 15:30:00,2302.79,2310.0,2268.9,2305.13,77.69672,1624291199999,177983.4663766,542,46.17283,105807.98378080002,0
2021-06-21 16:00:00,2304.53,2323.0,2264.87,2266.55,88.01555,1624292999999,202201.7816299,627,52.57689,120996.38065169999,0
2021-06-21 16:30:00,2263.68,2270.81,2213.16,2224.57,114.285,1624294799999,255280.6545106,793,57.57891,128538.484622,0
2021-06-21 17:00:00,2226.52,2270.6,2226.52,2233.9,94.52741999999999,1624296599999,212438.8543125,567,61.76708000000001,138820.1650525,0
2021-06-21 17:30:00,2231.47,2249.68,2213.34,2220.34,60.637859999999996,1624298399999,135321.5132212,382,31.77406,70889.92237480001,0
2021-06-21 18:00:00,2218.49,2251.14,2216.0,2240.16,51.86958,1624300199999,116175.0551728,376,32.28535,72343.125554,0
2021-06-21 18:30:00,2236.36,2260.0,2231.69,2252.19,127.75778000000001,1624301999999,287232.83506879996,815,95.53543,214843.3222053,0
2021-06-21 19:00:00,2251.75,2255.56,2188.59,2191.66,124.74786999999999,1624303799999,275677.2332892,994,42.200540000000004,93375.3121138,0
2021-06-21 19:30:00,2191.86,2217.96,2171.62,2214.77,89.99592,1624305599999,196634.2357019,851,45.24127,98929.772021,0
2021-06-21 20:00:00,2216.89,2236.69,2206.01,2213.85,55.77451,1624307399999,123948.36615120001,470,30.17044000000001,67069.2614784,0
2021-06-21 20:30:00,2211.73,2232.15,2211.73,2212.91,49.22546,1624309199999,109285.594805,398,29.68703,65919.8011741,0
2021-06-21 21:00:00,2211.25,2211.96,2158.71,2176.65,116.61125,1624310999999,253853.9525445,852,51.81993,112955.9392648,0
2021-06-21 21:30:00,2172.46,2181.04,2120.61,2121.24,74.28424,1624312799999,159649.1088866,709,30.26773,65050.2479099,0
2021-06-21 22:00:00,2121.53,2157.1,2111.8,2140.45,99.46177,1624314599999,211725.83116660002,932,64.68868,137773.3314581,0
2021-06-21 22:30:00,2137.38,2138.75,2071.14,2071.71,81.62201999999998,1624316399999,171432.75411860002,768,27.299120000000002,57268.595669,0
2021-06-21 23:00:00,2071.62,2162.44,2071.62,2148.88,81.41377,1624318199999,173315.2718842,658,51.42587,109517.7041944,0
2021-06-21 23:30:00,2149.72,2164.27,2090.57,2095.97,42.47413,1624319999999,90175.9115381,429,17.00021,36117.94322569999,0
2021-06-22 00:00:00,2097.66,2111.9,2054.07,2078.19,204.58932,1624321799999,424436.27566479996,1407,84.52125,175567.5013562,0
2021-06-22 00:30:00,2081.29,2140.53,2079.27,2132.66,173.95838,1624323599999,366287.05630140007,1160,91.95569,193664.18498920003,0
2021-06-22 01:00:00,2131.62,2236.14,2131.62,2196.84,228.36852000000002,1624325399999,499106.7886077,1441,139.28307,303635.3311993,0
2021-06-22 01:30:00,2199.38,2215.97,2180.14,2210.56,86.70515,1624327199999,190629.1732637,633,44.48153,97882.1367421,0
2021-06-22 02:00:00,2211.77,2223.31,2178.95,2182.4,74.39358,1624328999999,163913.34484479998,594,34.96707,77076.7932098,0
2021-06-22 02:30:00,2182.82,2225.21,2182.82,2225.2,67.0836,1624330799999,147950.4812008,466,52.362109999999994,115554.7669395,0
2021-06-22 03:00:00,2225.2,2228.64,2204.72,2226.7,77.49091,1624332599999,171661.1238159,607,28.546090000000003,63276.05355419999,0
2021-06-22 03:30:00,2228.89,2256.07,2221.2,2240.65,46.55301,1624334399999,104510.8756066,346,20.96331,47048.87438540001,0
2021-06-22 04:00:00,2239.94,2242.47,2213.16,2215.82,31.90335,1624336199999,71021.6226182,253,16.58267,36904.8921069,0
2021-06-22 04:30:00,2218.26,2239.24,2218.26,2230.62,29.66272,1624337999999,66086.5189944,270,22.09682,49247.972012,0
2021-06-22 05:00:00,2227.45,2240.79,2193.82,2194.76,36.91746,1624339799999,81792.9864939,265,20.1128,44479.7642713,0
2021-06-22 05:30:00,2194.94,2197.04,2168.75,2182.75,41.52612,1624341599999,90537.0047104,231,16.41479,35838.7583311,0
2021-06-22 06:00:00,2182.75,2210.09,2170.09,2204.52,20.55688,1624343399999,45076.14845940001,165,11.51929,25250.0343785,0
2021-06-22 06:30:00,2204.49,2216.41,2177.44,2216.41,38.7201,1624345199999,85117.98596030001,279,20.76914,45705.3093594,0
2021-06-22 07:00:00,2217.33,2224.88,2184.38,2217.32,80.3188,1624346999999,177086.7485978,532,51.96672,114618.0785257,0
2021-06-22 07:30:00,2217.32,2221.6,2192.02,2201.3,46.212559999999996,1624348799999,102149.5355231,319,20.65482,45705.9400038,0
2021-06-22 08:00:00,2201.87,2205.54,2126.82,2131.26,104.22609,1624350599999,224988.1347685,776,34.31778,73958.083487,0
2021-06-22 08:30:00,2129.46,2141.36,2101.88,2112.13,143.6905,1624352399999,304464.711811,1015,53.5537,113440.26080339999,0
2021-06-22 09:00:00,2112.5,2120.76,2090.58,2094.54,77.03213000000002,1624354199999,162179.5014651,498,34.57805,72871.4913006,0
2021-06-22 09:30:00,2095.59,2109.92,2075.01,2101.37,90.90498000000001,1624355999999,190095.981696,606,34.17861,71575.2249131,0
2021-06-22 10:00:00,2103.18,2126.5,2068.34,2093.59,157.00495,1624357799999,329212.2124061,1048,79.02496,165978.9520469,0
2021-06-22 10:30:00,2089.4,2158.35,2088.99,2122.58,112.84706000000001,1624359599999,239629.0438209,714,57.424769999999995,121971.9133034,0
2021-06-22 11:00:00,2123.18,2131.58,2066.17,2069.63,96.75118,1624361399999,202801.1246075,639,42.10638,88384.16124069998,0
2021-06-22 11:30:00,2069.64,2082.67,2045.08,2045.08,150.16319,1624363199999,310272.50848440005,922,73.13165,151269.55337570002,0
2021-06-22 12:00:00,2049.01,2051.79,1955.45,1970.81,285.85035,1624364999999,573253.2921214001,2188,130.88668,262645.4643748,0
2021-06-22 12:30:00,1970.1,2024.11,1921.48,1967.24,307.07723,1624366799999,602610.3066821999,2184,153.90532,302455.4791932,0
2021-06-22 13:00:00,1964.48,1997.06,1945.85,1992.58,601.28721,1624368599999,1184931.5136528,3469,166.355,327736.2493654001,0
2021-06-22 13:30:00,1992.57,2009.55,1956.36,1990.17,1038.82068,1624370399999,2064078.0908772,5897,291.94268,579949.0702169001,0
2021-06-22 14:00:00,1991.84,2102.47,1986.44,2087.8,1152.28431,1624372199999,2350261.3565032003,5097,467.82905,953992.1327535999,0
2021-06-22 14:30:00,2087.79,2270.0,2086.75,2221.03,1053.4724,1624373999999,2266934.2914494,4617,460.00712999999996,991729.0182426,0
2021-06-22 15:00:00,2225.89,2281.19,2189.47,2250.86,439.43597,1624375799999,978430.6477613001,3154,243.26089,541442.5447775,0
2021-06-22 15:30:00,2248.21,2282.51,2235.3,2252.28,241.69165,1624377599999,545614.3051146,2120,136.3012,307778.7101512,0
2021-06-22 16:00:00,2253.86,2374.63,2246.76,2374.49,368.70703,1624379399999,858026.3171641999,2964,208.16557,485104.86648429994,0
2021-06-22 16:30:00,2374.62,2374.62,2308.78,2367.92,458.39455,1624381199999,1075258.9549987,3031,243.49738,570868.9599977,0
2021-06-22 17:00:00,2367.96,2382.91,2323.42,2349.78,284.22103,1624382999999,668709.0952004001,1680,147.27716,346418.08337849996,0
2021-06-22 17:30:00,2349.69,2398.24,2339.27,2368.32,173.08628000000004,1624384799999,408772.93239940004,1365,101.84716,240549.02709559997,0
2021-06-22 18:00:00,2370.44,2441.0,2334.25,2351.03,262.00322,1624386599999,618543.7015786,1840,142.81163999999995,337863.23769740004,0
2021-06-22 18:30:00,2354.45,2399.38,2347.41,2372.7,217.65072999999998,1624388399999,517316.61702989996,1510,95.81452,227746.59930580002,0
2021-06-22 19:00:00,2377.98,2385.05,2313.54,2325.99,254.24282000000002,1624390199999,597033.7287143001,1516,94.85133,223020.26819320003,0
2021-06-22 19:30:00,2329.74,2345.58,2307.71,2309.25,145.71596,1624391999999,339552.71004540013,1050,58.990559999999995,137504.04973220002,0
2021-06-22 20:00:00,2308.96,2350.99,2302.61,2335.53,99.06111999999999,1624393799999,230400.7130907,685,53.47825,124449.0958908,0
2021-06-22 20:30:00,2336.94,2372.72,2316.39,2363.69,101.1784,1624395599999,237298.73693389999,652,36.09884,84806.8461614,0
2021-06-22 21:00:00,2365.0,2372.53,2318.62,2321.64,97.30841,1624397399999,228175.0282863,583,49.07662,115118.1528579,0
2021-06-22 21:30:00,2320.5,2325.05,2264.03,2279.27,123.8767,1624399199999,282676.2350012,967,61.33628,139818.582616,0
2021-06-22 22:00:00,2278.84,2314.14,2267.7,2269.78,113.22645,1624400999999,259564.04685629997,877,53.338480000000004,122449.41441819999,0
2021-06-22 22:30:00,2269.3,2311.96,2261.55,2308.43,76.54590999999998,1624402799999,174460.55217270006,658,36.38368,82945.26055060001,0
2021-06-22 23:00:00,2307.9,2322.24,2257.79,2265.93,101.45136,1624404599999,231392.9526045,710,36.397690000000004,83236.4054277,0
2021-06-22 23:30:00,2264.41,2272.71,2238.42,2269.83,85.85194,1624406399999,193207.0297211,710,38.761759999999995,87344.9124997,0
2021-06-23 00:00:00,2272.55,2284.59,2214.05,2256.87,354.30938,1624408199999,793070.2948819002,2003,123.59713,277436.8585755,0
2021-06-23 00:30:00,2253.44,2374.99,2253.44,2357.2,275.60309,1624409999999,640114.7312999001,2058,152.53797,353901.2018876,0
2021-06-23 01:00:00,2357.41,2407.01,2345.08,2400.2,237.39493,1624411799999,565853.2345268001,1486,114.26848000000001,272717.5742463,0
2021-06-23 01:30:00,2404.71,2416.67,2380.28,2416.67,119.26881999999999,1624413599999,285867.5804041,783,55.5747,133338.2336516,0
2021-06-23 02:00:00,2416.81,2447.42,2413.63,2413.63,127.20693999999999,1624415399999,308539.723999,1039,62.18626,150794.2497439,0
2021-06-23 02:30:00,2415.44,2479.33,2415.44,2438.55,210.09932999999998,1624417199999,513761.1014272,1408,120.13332,294078.73229370004,0
2021-06-23 03:00:00,2438.39,2444.49,2410.51,2434.26,111.60309,1624418999999,270676.1746347,646,48.83126,118541.0491016,0
2021-06-23 03:30:00,2432.6,2439.95,2417.59,2434.07,85.3804,1624420799999,207326.8836845,511,36.6573,89067.98137200002,0
2021-06-23 04:00:00,2436.63,2445.07,2412.75,2423.62,101.37156999999999,1624422599999,245719.1719688,579,46.59892,112974.1618735,0
2021-06-23 04:30:00,2426.19,2451.55,2409.56,2411.58,83.71903,1624424399999,203505.3358036,597,36.49048,88743.9284158,0
2021-06-23 05:00:00,2412.47,2419.9,2397.32,2412.25,85.14009,1624426199999,205054.9927543,655,40.406079999999996,97355.9046229,0
2021-06-23 05:30:00,2416.09,2475.47,2414.63,2469.26,144.33998,1624427999999,353130.2529691,840,61.883019999999995,151484.3999585,0
2021-06-23 06:00:00,2469.26,2475.0,2438.31,2460.0,74.66623,1624429799999,183309.4063364,414,40.3251,98960.61609760001,0
2021-06-23 06:30:00,2459.49,2461.45,2421.74,2430.32,76.17092,1624431599999,185974.24139910002,474,35.2175,85979.6357296,0
2021-06-23 07:00:00,2428.52,2438.51,2411.98,2421.26,66.17803,1624433399999,160273.219232,399,27.712429999999998,67209.99997969999,0
2021-06-23 07:30:00,2420.78,2437.67,2413.73,2417.94,53.46801,1624435199999,129835.1754224,323,28.38427,68977.52310669997,0
2021-06-23 08:00:00,2421.11,2442.33,2407.4,2415.03,100.91614,1624436999999,244494.3134733,610,51.37318,124518.4963526,0
2021-06-23 08:30:00,2415.06,2416.64,2372.64,2372.82,89.2664,1624438799999,213925.2124118,562,28.84699,69184.3304788,0
2021-06-23 09:00:00,2372.6,2416.76,2367.13,2409.05,83.86684,1624440599999,201047.54547029999,562,38.5433,92355.6893437,0
2021-06-23 09:30:00,2406.52,2409.62,2385.81,2399.04,62.891909999999996,1624442399999,150879.86949120002,502,24.91185,59845.1193355,0
2021-06-23 10:00:00,2397.99,2410.07,2384.86,2397.27,55.75516,1624444199999,133712.4058733,530,22.547929999999997,54131.42161930001,0
2021-06-23 10:30:00,2401.27,2419.89,2400.38,2416.52,80.73894,1624445999999,194754.06952710001,707,48.00228,115797.9901072,0
2021-06-23 11:00:00,2416.52,2436.62,2383.65,2388.79,148.5998,1624447799999,357796.43108249997,892,67.48770999999999,162540.5916088,0
2021-06-23 11:30:00,2386.09,2405.68,2383.9,2394.17,60.22884000000001,1624449599999,144284.58627539998,549,36.32505,87043.9320587,0
2021-06-23 12:00:00,2394.14,2430.42,2382.2,2423.79,123.81683000000001,1624451399999,298063.1576629,983,66.34467,159943.16937770002,0
2021-06-23 12:30:00,2423.83,2430.7,2410.98,2419.26,116.25793,1624453199999,281033.760083,791,77.9571,188438.79484360002,0
2021-06-23 13:00:00,2419.26,2455.49,2412.1,2450.0,129.88676,1624454999999,316473.225856,1287,66.69674,162690.14075089994,0
2021-06-23 13:30:00,2449.89,2454.72,2384.64,2393.2,196.03371,1624456799999,472641.8244439,995,77.38213,186278.9243332,0
2021-06-23 14:00:00,2383.87,2400.17,2370.59,2400.17,93.19035,1624458599999,222361.77469910003,585,52.23473,124666.7857596,0
2021-06-23 14:30:00,2399.66,2405.07,2387.85,2392.46,58.97914,1624460399999,141413.0360698,387,27.14655,65130.7329844,0
2021-06-23 15:00:00,2392.46,2392.46,2340.83,2352.22,144.15016,1624462199999,340306.13678909995,916,60.19804,142116.7642106,0
2021-06-23 15:30:00,2357.65,2379.19,2345.9,2351.15,79.18978,1624463999999,186958.86088279999,620,33.0967,78211.7125407,0
2021-06-23 16:00:00,2351.26,2380.57,2332.01,2367.58,167.24578,1624465799999,394867.2811882,1134,73.14465,172793.8104894,0
2021-06-23 16:30:00,2367.9,2369.96,2347.66,2354.45,101.50559,1624467599999,239278.086717,658,47.16827,111173.0810451,0
2021-06-23 17:00:00,2354.63,2359.04,2323.65,2325.59,74.45669000000002,1624469399999,174307.29346410002,540,20.89075,48944.5107888,0
2021-06-23 17:30:00,2325.53,2349.5,2320.28,2336.28,145.87243999999995,1624471199999,340618.9464343,770,89.70795,209437.43573559998,0
2021-06-23 18:00:00,2333.99,2334.33,2281.42,2295.87,273.62701,1624472999999,628688.421198,1432,174.94104,401695.7323419,0
2021-06-23 18:30:00,2297.11,2310.25,2261.75,2268.56,171.67865,1624474799999,392685.0101837,1287,56.256409999999995,128519.90630569999,0
2021-06-23 19:00:00,2270.17,2292.88,2263.59,2263.63,68.60185,1624476599999,156395.8376223,528,21.44664,48957.9605005,0
2021-06-23 19:30:00,2265.1,2275.24,2239.46,2245.25,135.33834,1624478399999,305746.94021220005,672,58.929109999999994,133183.8532943,0
2021-06-23 20:00:00,2243.86,2283.79,2237.92,2270.95,139.77055,1624480199999,316482.0421055,944,93.93509,212679.38725939998,0
2021-06-23 20:30:00,2270.19,2281.52,2239.15,2247.92,95.9578,1624481999999,217020.7500881,593,44.623059999999995,100939.8492745,0
2021-06-23 21:00:00,2248.74,2299.77,2239.1,2262.39,134.21853000000002,1624483799999,304607.26298329997,988,48.06398,109121.50136,0
2021-06-23 21:30:00,2262.4,2280.43,2245.05,2276.8,102.28153,1624485599999,231437.3065027,702,62.95941,142437.2557734,0
2021-06-23 22:00:00,2275.9,2290.79,2260.99,2285.57,56.19595,1624487399999,128035.91837610002,359,26.822029999999998,61140.0633397,0
2021-06-23 22:30:00,2284.02,2294.02,2279.38,2284.17,73.52365999999998,1624489199999,168024.0490494,321,25.02685,57200.1066895,0
2021-06-23 23:00:00,2284.06,2301.91,2266.99,2300.3,72.92243,1624490999999,166561.89187020002,317,19.490029999999997,44585.11902480001,0
2021-06-23 23:30:00,2299.18,2322.28,2292.69,2313.71,56.70191,1624492799999,130909.98902219998,397,26.79563,61890.3866956,0
2021-06-24 00:00:00,2314.69,2330.86,2302.46,2311.42,98.37309,1624494599999,227633.27370760002,663,46.5155,107638.6633474,0
2021-06-24 00:30:00,2311.42,2316.0,2250.78,2251.02,94.34225,1624496399999,215041.10411999997,597,49.10035,111717.9165872,0
2021-06-24 01:00:00,2252.6,2257.39,2221.35,2223.34,304.3392,1624498199999,682939.0063124001,1404,162.86035,365388.646001,0
2021-06-24 01:30:00,2222.76,2226.1,2152.79,2155.2,494.24695999999994,1624499999999,1078365.8393994,2515,257.26063999999997,560880.7324763001,0
2021-06-24 02:00:00,2155.78,2163.17,2105.16,2105.16,367.04079,1624501799999,784502.4944581,2480,200.50697,428460.28853200004,0
2021-06-24 02:30:00,2105.75,2111.7,2069.26,2070.91,416.38041,1624503599999,871892.5246074,2882,259.03705,542473.5564724,0
2021-06-24 03:00:00,2069.72,2114.96,2064.27,2105.93,293.76563,1624505399999,614420.8016684,2322,223.70698,467949.1317807,0
2021-06-24 03:30:00,2105.63,2125.24,2084.98,2114.0,283.19887,1624507199999,597025.0788054,1615,148.44028,312940.2858092,0
2021-06-24 04:00:00,2111.89,2135.89,2104.39,2126.13,252.28458999999998,1624508999999,535377.4056285999,1434,142.8092,303057.9325007,0
2021-06-24 04:30:00,2127.17,2133.29,2101.45,2120.93,202.30213,1624510799999,428612.3417835,1296,96.52016,204631.801159,0
2021-06-24 05:00:00,2118.31,2158.43,2110.51,2149.88,296.9725,1624512599999,635631.9461464001,1442,163.89071,351010.18546470004,0
2021-06-24 05:30:00,2151.22,2180.06,2151.21,2177.8,228.74732000000003,1624514399999,495078.2799587,1298,139.49443,301972.8829593,0
2021-06-24 06:00:00,2179.44,2181.0,2157.08,2159.5,182.81563,1624516199999,396371.4641743,1219,115.23353999999999,249797.61648959998,0
2021-06-24 06:30:00,2159.11,2186.59,2153.65,2178.91,113.72946,1624517999999,247067.6777274,629,63.99142,139064.9437368,0
2021-06-24 07:00:00,2179.25,2192.78,2168.71,2190.28,160.96046,1624519799999,350755.48958520003,795,91.33122,199020.2324774,0
2021-06-24 07:30:00,2190.18,2197.05,2170.5,2174.9,130.89646000000002,1624521599999,285827.5139598,606,69.06693,150828.878616,0
2021-06-24 08:00:00,2174.67,2193.85,2163.81,2183.9,104.61737,1624523399999,227927.0634434,427,46.082190000000004,100460.9458462,0
2021-06-24 08:30:00,2181.9,2206.57,2166.15,2206.57,85.44738000000002,1624525199999,186859.68357249998,494,48.91516,107040.01816970001,0
2021-06-24 09:00:00,2207.5,2210.22,2194.35,2199.56,62.05194,1624526999999,136639.8256684,349,30.690209999999997,67613.1131171,0
2021-06-24 09:30:00,2198.93,2218.16,2197.27,2200.93,67.00537,1624528799999,147792.27956020006,483,38.256640000000004,84408.3848242,0
2021-06-24 10:00:00,2203.65,2209.36,2185.94,2187.64,99.42732,1624530599999,218458.09822660004,593,60.04759,131953.603247,0
2021-06-24 10:30:00,2186.25,2188.96,2170.36,2171.66,99.48349,1624532399999,216799.7937856,413,41.60965,90726.8643361,0
2021-06-24 11:00:00,2173.16,2208.19,2171.41,2198.41,115.64991,1624534199999,253295.3862936,502,69.06321,151307.6226169,0
2021-06-24 11:30:00,2198.25,2223.07,2193.71,2220.84,94.75016,1624535999999,209150.9667506,478,48.65522,107407.56012000001,0
2021-06-24 12:00:00,2223.07,2247.35,2216.93,2230.1,186.68674,1624537799999,417302.9101877,949,94.85606,212032.3857067,0
2021-06-24 12:30:00,2231.75,2236.65,2213.06,2229.55,80.74611999999998,1624539599999,179554.9656794,413,40.58201,90227.9698378,0
2021-06-24 13:00:00,2232.35,2234.65,2201.98,2209.3,60.90204,1624541399999,134895.56230089994,316,18.59648,41210.29818480001,0
2021-06-24 13:30:00,2211.19,2220.34,2203.9,2218.14,68.2915,1624543199999,151019.9208251,307,32.71909,72405.6066587,0
2021-06-24 14:00:00,2217.41,2222.8,2196.73,2203.04,71.30249,1624544999999,157248.8830545,485,30.93562,68234.1302691,0
2021-06-24 14:30:00,2204.99,2211.99,2198.55,2206.8,90.69272,1624546799999,200050.50547270002,478,55.30718,122026.42311660001,0
2021-06-24 15:00:00,2206.8,2255.71,2199.42,2255.0,188.02781000000002,1624548599999,418974.2749504,1010,78.6117,175143.9148304,0
2021-06-24 15:30:00,2254.99,2268.27,2223.11,2225.85,265.91876,1624550399999,598769.5031221,1322,129.78374,292462.6558789,0
2021-06-24 16:00:00,2226.28,2237.23,2212.45,2225.2,102.20262,1624552199999,227430.36459570003,575,73.34206,163210.3608272,0
2021-06-24 16:30:00,2225.35,2260.0,2225.11,2259.79,125.31613,1624553999999,281499.309244,557,63.9777,143885.6113631,0
2021-06-24 17:00:00,2259.79,2291.57,2259.79,2277.06,212.73477999999997,1624555799999,484581.6516999001,1264,122.66779,279413.2821823,0
2021-06-24 17:30:00,2278.16,2285.23,2266.19,2283.87,99.01439,1624557599999,225489.2266797,540,50.62122,115318.0587731,0
2021-06-24 18:00:00,2285.54,2318.7,2285.35,2297.39,346.16132000000016,1624559399999,794710.8835559,1681,201.58415,462793.074349,0
2021-06-24 18:30:00,2297.39,2302.43,2287.69,2298.09,77.87361,1624561199999,178620.0105619,505,44.212540000000004,101419.2413387,0
2021-06-24 19:00:00,2298.1,2298.1,2281.18,2283.24,72.45676,1624562999999,165869.91429770002,357,35.945,82282.49783400001,0
2021-06-24 19:30:00,2280.23,2283.45,2261.83,2268.56,83.39139,1624564799999,189376.0277766,432,44.39232,100743.8876909,0
2021-06-24 20:00:00,2270.68,2286.63,2269.62,2273.21,92.97065,1624566599999,211765.9171802,530,36.27339,82632.331915,0
2021-06-24 20:30:00,2273.18,2275.93,2259.66,2266.32,145.30373,1624568399999,329516.1044487,583,66.00536,149666.72959560002,0
2021-06-24 21:00:00,2265.8,2266.54,2253.11,2257.89,51.41248,1624570199999,116165.0320724,363,22.57124,51011.0372629,0
2021-06-24 21:30:00,2257.89,2261.5,2242.39,2248.64,68.38214,1624571999999,153848.4840706,440,31.698620000000002,71329.1136522,0
2021-06-24 22:00:00,2248.59,2252.83,2228.2,2235.31,76.32030999999998,1624573799999,171013.90756460006,364,28.17,63048.79751900001,0
2021-06-24 22:30:00,2236.92,2238.14,2217.61,2234.18,75.20777,1624575599999,167612.35718710002,344,29.71417000000001,66282.6177898,0
2021-06-24 23:00:00,2232.0,2246.79,2221.81,2242.56,62.52523000000001,1624577399999,139653.707855,325,24.363039999999998,54442.666088800004,0
2021-06-24 23:30:00,2243.01,2257.71,2230.06,2236.38,55.5217,1624579199999,124459.5386455,309,31.683790000000002,71063.296374,0
2021-06-25 00:00:00,2238.01,2274.52,2238.01,2267.35,118.00948999999999,1624580999999,266536.5646111,557,64.18881999999999,144955.28015859998,0
2021-06-25 00:30:00,2266.26,2268.81,2226.95,2226.95,69.81975,1624582799999,157132.24468660002,288,18.42851,41542.98753219999,0
2021-06-25 01:00:00,2228.39,2230.74,2202.6,2208.42,120.90315,1624584599999,267499.2716026,711,57.224909999999994,126577.0060674,0
2021-06-25 01:30:00,2208.42,2241.68,2208.35,2239.02,72.58366,1624586399999,161539.7048244,524,48.88122,108838.13377510001,0
2021-06-25 02:00:00,2239.18,2269.92,2234.47,2260.34,96.47233,1624588199999,217705.45491750003,601,52.59061,118650.95152880001,0
2021-06-25 02:30:00,2261.02,2273.6,2251.29,2255.41,84.04597,1624589999999,190226.40507270003,428,30.44,68932.1262653,0
2021-06-25 03:00:00,2252.99,2255.88,2226.2,2226.76,31.085729999999998,1624591799999,69603.79769780001,227,12.909839999999999,28931.7669109,0
2021-06-25 03:30:00,2224.51,2247.16,2221.65,2237.45,95.86556999999999,1624593599999,214124.7406004,475,47.0117,105013.2628753,0
2021-06-25 04:00:00,2236.1,2246.87,2222.97,2232.47,118.57838999999998,1624595399999,265081.1514112,610,63.730380000000004,142474.0522041,0
2021-06-25 04:30:00,2233.24,2236.83,2225.1,2232.47,75.16744,1624597199999,167715.3411959,328,40.94988,91368.88700599999,0
2021-06-25 05:00:00,2231.1,2251.01,2210.41,2218.37,77.2501,1624598999999,171964.30553870002,528,37.29649000000001,83048.0395103,0
2021-06-25 05:30:00,2220.58,2222.77,2203.3,2205.72,63.121219999999994,1624600799999,139567.9163415,441,23.343429999999998,51633.2187693,0
2021-06-25 06:00:00,2204.61,2219.39,2201.0,2205.47,53.00954,1624602599999,117193.7004058,365,24.33924,53840.4100518,0
2021-06-25 06:30:00,2204.33,2218.39,2184.28,2209.17,100.58069,1624604399999,221616.03631539998,579,33.69827,74299.8295636,0
2021-06-25 07:00:00,2207.56,2207.56,2164.69,2164.69,158.1297,1624606199999,345365.4524013,920,71.04321999999998,155064.9688559,0
2021-06-25 07:30:00,2169.76,2177.81,2157.59,2177.81,40.99718,1624607999999,88875.7812466,340,22.69548,49213.8153557,0
2021-06-25 08:00:00,2176.34,2177.83,2147.81,2169.44,87.93941,1624609799999,190214.3465709,538,45.27345,97968.2509949,0
2021-06-25 08:30:00,2167.37,2182.77,2153.75,2174.38,31.76579000000001,1624611599999,68839.90871989999,223,15.81681,34300.2081746,0
2021-06-25 09:00:00,2174.37,2188.16,2166.72,2172.56,37.081920000000004,1624613399999,80837.1809739,207,17.57366,38288.528601,0
2021-06-25 09:30:00,2170.25,2172.01,2119.8,2122.7,104.52324,1624615199999,223238.53218120002,623,55.860519999999994,119340.02492449999,0
2021-06-25 10:00:00,2118.0,2142.87,2114.53,2120.12,97.26434,1624616999999,207140.7999446,404,58.84819,125365.51166530002,0
2021-06-25 10:30:00,2117.37,2131.92,2103.42,2117.36,165.61369,1624618799999,350211.3854626,1032,102.1325,216019.13228570003,0
2021-06-25 11:00:00,2115.63,2124.43,2062.43,2068.75,170.12607,1624620599999,355621.0607658,948,76.73451,160233.067732,0
2021-06-25 11:30:00,2071.31,2101.69,2062.29,2062.31,153.58446999999995,1624622399999,320170.2029237,981,86.38633,180078.66876720003,0
2021-06-25 12:00:00,2061.58,2103.54,2045.51,2092.95,203.54425,1624624199999,421465.0035997,969,93.29936,193383.26951820002,0
2021-06-25 12:30:00,2091.25,2091.25,2053.36,2074.15,166.86154,1624625999999,345656.04617449996,765,78.7422,162893.3411282,0
2021-06-25 13:00:00,2068.55,2085.57,2031.62,2049.52,134.41686,1624627799999,275741.41963659995,737,75.26438,154312.0619732,0
2021-06-25 13:30:00,2048.85,2067.07,2035.59,2049.71,118.5197,1624629599999,243347.09872389998,605,65.49571,134526.2624046,0
2021-06-25 14:00:00,2043.56,2085.0,2043.35,2074.05,121.4699,1624631399999,251304.033805,634,74.3357,153761.2475577,0
2021-06-25 14:30:00,2071.26,2072.57,2020.79,2036.85,193.4819,1624633199999,394998.30442759994,1033,98.43373000000001,200866.07673620002,0
2021-06-25 15:00:00,2038.47,2044.3,2004.69,2023.13,186.06468,1624634999999,376201.71251020004,974,129.53714,261970.9974586,0
2021-06-25 15:30:00,2025.72,2054.33,2017.54,2033.32,207.79782,1624636799999,423399.72221700003,720,81.93558,166899.47355089994,0
2021-06-25 16:00:00,2032.33,2052.98,1957.81,1963.3,411.1867,1624638599999,824056.7154286,2033,211.8238,424473.1169065,0
2021-06-25 16:30:00,1963.29,1992.14,1961.19,1980.16,242.34319,1624640399999,479202.25178620004,1176,140.78176000000005,278470.5100933,0
2021-06-25 17:00:00,1977.71,2007.76,1975.56,1995.89,152.46833999999996,1624642199999,304187.14701009996,750,68.98493,137637.3035791,0
2021-06-25 17:30:00,1995.81,2003.02,1963.01,1981.84,220.1833,1624643999999,437024.8253625,1086,114.92271000000001,228190.70389879998,0
2021-06-25 18:00:00,1980.0,2025.67,1973.53,2019.6,178.73811,1624645799999,359247.5215251,1032,105.69162,212500.24492650002,0
2021-06-25 18:30:00,2014.74,2026.79,2004.61,2018.63,77.80121,1624647599999,156850.506432,357,39.48537,79613.4301418,0
2021-06-25 19:00:00,2021.2,2071.72,1996.45,2066.36,160.02541000000005,1624649399999,327190.5323685,752,70.6677,144441.4381662,0
2021-06-25 19:30:00,2069.84,2069.84,2024.27,2041.88,93.22203,1624651199999,190486.3952053,485,53.99478000000001,110431.11849910002,0
2021-06-25 20:00:00,2039.62,2050.88,2020.89,2047.91,70.29352,1624652999999,143062.0528922,377,42.19076,85843.4299412,0
2021-06-25 20:30:00,2049.86,2051.83,2036.72,2044.59,41.16949,1624654799999,84261.27300680001,228,20.37818,41719.1362255,0
2021-06-25 21:00:00,2042.11,2042.18,2012.76,2033.37,78.16877,1624656599999,158166.2680951,391,35.56621,71957.7014525,0
2021-06-25 21:30:00,2032.87,2055.28,2020.89,2025.35,67.41249,1624658399999,137555.2339189,336,34.038109999999996,69538.78652839999,0
2021-06-25 22:00:00,2025.42,2042.45,2012.18,2037.93,60.26504,1624660199999,122321.20693259999,354,33.00806,67090.4972976,0
2021-06-25 22:30:00,2039.88,2041.94,1967.09,1968.69,154.51497,1624661999999,307643.0571424,861,75.9999,151088.5786707,0
2021-06-25 23:00:00,1969.16,1997.77,1968.04,1982.25,88.26566,1624663799999,174979.77944910002,636,52.31523,103652.41919069999,0
2021-06-25 23:30:00,1982.25,2022.13,1965.75,1965.75,171.2743,1624665599999,342683.7918818,1194,108.60994,217641.8607545,0
2021-06-26 00:00:00,1965.76,2001.93,1950.01,1995.72,222.85105,1624667399999,439572.6727434,1358,108.08027,213436.3123778,0
2021-06-26 00:30:00,1995.77,2023.19,1994.23,2014.48,139.8624,1624669199999,281156.27623609995,1115,90.25477,181449.0021697,0
2021-06-26 01:00:00,2014.41,2016.0,1966.1,1968.45,99.76123,1624670999999,198061.59729620002,605,34.99017,69433.7556144,0
2021-06-26 01:30:00,1968.85,2011.92,1957.27,2007.74,106.66354,1624672799999,210613.7323217,711,59.39841,117367.0998036,0
2021-06-26 02:00:00,2009.36,2018.33,1979.12,1980.16,121.20012,1624674599999,242802.55442520004,645,69.62905,139535.46812560002,0
2021-06-26 02:30:00,1978.09,2012.39,1968.38,2005.0,88.41295,1624676399999,175904.9423361,634,58.195209999999996,115888.07219579999,0
2021-06-26 03:00:00,2002.93,2015.98,1987.14,1993.7,67.33928,1624678199999,135012.00240839995,457,33.28386,66818.821863,0
2021-06-26 03:30:00,1995.94,2011.48,1990.0,1992.61,84.13831,1624679999999,168308.29869549998,422,39.31861,78649.0043611,0
2021-06-26 04:00:00,1992.4,2009.36,1990.87,1991.71,53.773869999999995,1624681799999,107419.2734277,260,27.3535,54664.244546300004,0
2021-06-26 04:30:00,1991.41,2019.63,1991.41,2015.39,52.71709,1624683599999,105725.328126,289,33.864959999999996,67909.56942680001,0
2021-06-26 05:00:00,2017.19,2044.1,2015.85,2019.92,108.29149,1624685399999,220011.3300408,594,67.81047,137774.2024376,0
2021-06-26 05:30:00,2019.9,2019.9,2000.09,2008.78,89.21774,1624687199999,179000.9278908,334,32.513220000000004,65231.791075199995,0
2021-06-26 06:00:00,2010.61,2036.24,2006.66,2021.73,53.573519999999995,1624688999999,108484.06514289998,393,41.83448,84708.9845454,0
2021-06-26 06:30:00,2022.85,2027.34,1978.0,1982.59,95.15783,1624690799999,189940.46019070002,526,48.80196,97383.279706,0
2021-06-26 07:00:00,1978.16,1985.93,1945.4,1955.83,222.30221,1624692599999,435369.818246,1063,102.78518000000001,201472.70187979998,0
2021-06-26 07:30:00,1950.65,1955.65,1932.18,1934.98,112.70317,1624694399999,218647.50520390001,711,59.63766,115705.2491273,0
2021-06-26 08:00:00,1933.44,1938.04,1895.14,1906.09,175.8976,1624696199999,335960.4304051,995,85.54949,163338.3723123,0
2021-06-26 08:30:00,1907.02,1936.71,1901.91,1912.41,146.30992,1624697999999,280470.9916227,803,97.90481,187680.13155110003,0
2021-06-26 09:00:00,1910.53,1933.15,1906.4,1933.14,130.29424,1624699799999,249533.71466630002,744,76.09297,145772.083621,0
2021-06-26 09:30:00,1933.14,1987.65,1930.76,1975.09,226.50813,1624701599999,445116.3674245,1701,168.62008,331388.9934025,0
2021-06-26 10:00:00,1975.0,1989.06,1949.83,1958.16,106.39185,1624703399999,209370.4185801,633,53.95066,106228.503922,0
2021-06-26 10:30:00,1956.83,1973.3,1935.49,1966.74,74.51899,1624705199999,145358.7098665,687,34.904509999999995,68111.9463344,0
2021-06-26 11:00:00,1970.32,2013.0,1970.32,1989.29,159.94471000000001,1624706999999,319142.2326191,1416,107.12268999999999,213769.03718110002,0
2021-06-26 11:30:00,1988.43,2023.12,1987.02,2008.46,87.18681,1624708799999,174947.48089170002,535,38.55955,77366.5896778,0
2021-06-26 12:00:00,2005.18,2017.12,1989.07,2006.98,72.18623000000002,1624710599999,144501.253364,492,42.86696,85870.55028689999,0
2021-06-26 12:30:00,2004.7,2010.26,1973.3,1974.48,75.64108,1624712399999,150949.542404,485,39.89261,79622.7437948,0
2021-06-26 13:00:00,1974.7,2015.69,1974.7,1984.36,289.90473,1624714199999,578776.8612021,1216,154.90059,309286.0581882,0
2021-06-26 13:30:00,1981.05,1982.08,1927.24,1933.45,130.34219,1624715999999,253929.93944570003,725,51.2206,99996.7955853,0
2021-06-26 14:00:00,1933.57,1959.42,1916.75,1956.97,170.56079,1624717799999,330455.71996390005,1115,92.33355,179122.0782466,0
2021-06-26 14:30:00,1956.97,1983.64,1950.02,1970.61,128.63398,1624719599999,253190.9466826,764,67.34498,132619.6797517,0
2021-06-26 15:00:00,1972.15,1982.06,1944.39,1952.69,113.72963,1624721399999,222725.79354960003,795,63.5104,124404.3422013,0
2021-06-26 15:30:00,1954.07,1977.65,1944.27,1972.03,120.68838000000001,1624723199999,236396.5508816,665,80.49093,157652.5682592,0
2021-06-26 16:00:00,1969.49,1971.62,1906.0,1935.04,210.50007999999997,1624724999999,406569.92500469997,935,116.01064,224008.6376362,0
2021-06-26 16:30:00,1937.11,1946.86,1919.08,1946.86,77.96421,1624726799999,150772.0619276,384,40.43269,78203.8037969,0
2021-06-26 17:00:00,1947.6,1956.98,1927.39,1935.0,77.82122,1624728599999,151073.0227918,462,41.96165,81487.52871,0
2021-06-26 17:30:00,1934.27,1989.47,1928.26,1988.08,123.84398999999999,1624730399999,242314.3999059,862,85.38356,167135.9074546,0
2021-06-26 18:00:00,1988.29,1993.26,1969.08,1973.18,122.01902,1624732199999,241764.289278,752,63.24966,125407.07925,0
2021-06-26 18:30:00,1972.92,1978.18,1963.88,1969.9,144.50399,1624733999999,284979.13736159995,629,50.193509999999996,99030.9572332,0
2021-06-26 19:00:00,1970.29,1979.66,1959.51,1966.07,26.17226,1624735799999,51571.9377095,146,10.28624,20273.997944299997,0
2021-06-26 19:30:00,1960.69,1971.29,1955.06,1958.53,46.514540000000004,1624737599999,91327.41401749999,253,23.64569,46426.0223753,0
2021-06-26 20:00:00,1959.22,1961.81,1932.16,1947.12,64.66717,1624739399999,125834.68014330001,387,31.174220000000002,60677.2273056,0
2021-06-26 20:30:00,1945.93,1947.77,1934.47,1938.7,68.30485,1624741199999,132533.1283602,482,33.409890000000004,64824.7594909,0
2021-06-26 21:00:00,1937.0,1938.0,1923.05,1933.16,50.36394,1624742999999,97220.37153510001,317,24.15105,46617.7865045,0
2021-06-26 21:30:00,1935.86,1960.57,1931.34,1960.57,62.96377,1624744799999,122651.72534779999,381,51.4573,100188.48742539999,0
2021-06-26 22:00:00,1960.55,1969.64,1958.09,1963.38,61.93056,1624746599999,121645.4169309,462,38.72112,76078.65293380001,0
2021-06-26 22:30:00,1963.67,1979.08,1963.62,1975.64,46.6435,1624748399999,91945.3464871,275,27.80188,54811.5245716,0
2021-06-26 23:00:00,1975.6,1983.77,1967.11,1972.3,71.96888,1624750199999,142190.8622451,371,44.49796,87894.7809632,0
2021-06-26 23:30:00,1972.3,2009.26,1970.92,2007.19,105.23868,1624751999999,209329.70841020002,606,63.40039,126174.2943434,0
2021-06-27 00:00:00,2009.34,2034.57,1988.34,2026.02,132.37938,1624753799999,266711.656792,845,72.65943,146404.8368677,0
2021-06-27 00:30:00,2024.27,2031.74,2006.02,2021.48,84.52734,1624755599999,170761.5571893,412,45.94392,92806.3741278,0
2021-06-27 01:00:00,2021.48,2069.06,2021.48,2064.36,255.71294,1624757399999,523822.1415255,1961,178.32821,365392.27180640004,0
2021-06-27 01:30:00,2064.35,2074.15,2055.5,2060.71,120.20799,1624759199999,248104.4763876,647,63.69395,131448.6187631,0
2021-06-27 02:00:00,2062.78,2089.82,2054.06,2082.82,74.01146,1624760999999,153220.9302685,455,34.66598,71647.9523526,0
2021-06-27 02:30:00,2084.56,2088.93,2068.68,2082.19,57.327130000000004,1624762799999,119095.0830496,350,27.50392,57143.42899090001,0
2021-06-27 03:00:00,2080.15,2080.15,2056.29,2058.18,44.63373,1624764599999,92338.8529906,248,15.77719,32607.2688718,0
2021-06-27 03:30:00,2060.07,2074.43,2060.07,2070.84,37.03655,1624766399999,76540.257673,288,18.67345,38577.396183599994,0
2021-06-27 04:00:00,2072.75,2083.4,2055.91,2059.53,52.28575,1624768199999,108036.14426230002,330,21.407320000000002,44326.5348001,0
2021-06-27 04:30:00,2059.88,2071.04,2055.68,2070.34,42.44133,1624769999999,87619.5351219,212,24.754360000000002,51096.81568,0
2021-06-27 05:00:00,2071.85,2077.08,2062.77,2074.46,46.94419,1624771799999,97156.7457053,341,26.09292,54039.8201197,0
2021-06-27 05:30:00,2074.47,2076.83,2043.35,2044.73,82.81638000000002,1624773599999,170269.4826356,555,31.12214,64012.61358330001,0
2021-06-27 06:00:00,2043.36,2065.08,2039.8,2045.06,68.21082,1624775399999,139886.9316738,468,35.18012,72183.6289488,0
2021-06-27 06:30:00,2041.47,2043.25,2023.58,2037.14,62.1249,1624777199999,126249.11571089999,406,26.61795,54093.81704730001,0
2021-06-27 07:00:00,2034.3,2044.12,2027.88,2029.64,33.36033,1624778999999,67872.710944,215,14.81899,30147.1555738,0
2021-06-27 07:30:00,2030.22,2046.8,2030.22,2038.15,127.7901,1624780799999,260299.77105570002,432,82.38982,167786.000872,0
2021-06-27 08:00:00,2036.86,2051.39,2026.75,2045.53,69.9688,1624782599999,142775.7053984,445,33.01325,67363.2264209,0
2021-06-27 08:30:00,2047.98,2048.08,2027.32,2027.32,22.14601,1624784399999,45147.0696874,129,9.429839999999999,19233.6988592,0
2021-06-27 09:00:00,2028.06,2046.05,2017.56,2019.56,43.536559999999994,1624786199999,88444.1427336,244,25.86646,52559.747935,0
2021-06-27 09:30:00,2019.56,2020.07,1995.5,1996.7,86.81257,1624787999999,174248.57839860002,398,42.39734,85101.6968123,0
2021-06-27 10:00:00,1998.77,2006.7,1990.09,1999.0,57.8799,1624789799999,115666.6802052,273,18.41819,36816.5085041,0
2021-06-27 10:30:00,1997.76,1998.49,1982.82,1986.0,60.14654,1624791599999,119700.38374260001,403,30.069390000000002,59863.8217281,0
2021-06-27 11:00:00,1986.02,2005.08,1979.27,2003.43,73.70796,1624793399999,146903.1025617,438,46.58395,92935.12838069999,0
2021-06-27 11:30:00,2005.09,2020.53,1991.03,2015.58,82.1847,1624795199999,165225.8592069,528,39.12024,78688.66528360001,0
2021-06-27 12:00:00,2017.23,2026.93,2008.61,2025.77,44.00477,1624796999999,88752.5667173,267,18.15454,36642.06674069999,0
2021-06-27 12:30:00,2027.84,2040.98,2026.37,2031.22,70.04656999999999,1624798799999,142311.9202185,319,32.98611,67024.828048,0
2021-06-27 13:00:00,2031.22,2039.51,2020.89,2028.13,50.236979999999996,1624800599999,101930.3403898,262,23.53661,47733.9291314,0
2021-06-27 13:30:00,2025.13,2026.47,2008.71,2015.06,45.09365,1624802399999,91071.8058167,265,22.218339999999998,44882.02869019999,0
2021-06-27 14:00:00,2016.01,2016.01,1997.26,2006.13,46.64529,1624804199999,93559.3100363,206,17.9706,36036.4875758,0
2021-06-27 14:30:00,2005.95,2024.59,2005.78,2020.2,56.00422,1624805999999,113046.8817803,231,38.20929,77131.9367015,0
2021-06-27 15:00:00,2021.71,2027.56,2006.26,2027.36,53.50793,1624807799999,107873.950311,317,23.56407,47563.4552916,0
2021-06-27 15:30:00,2027.84,2031.07,2003.62,2020.72,59.79061,1624809599999,120576.39143669998,488,22.40759,45192.1091395,0
2021-06-27 16:00:00,2020.74,2031.42,2008.48,2013.02,75.45645999999998,1624811399999,152158.6800119,361,42.118790000000004,84968.91518869999,0
2021-06-27 16:30:00,2014.67,2014.91,1993.82,2001.17,51.465070000000004,1624813199999,103064.7149174,288,20.97931,41994.766075499996,0
2021-06-27 17:00:00,2001.03,2001.03,1985.82,1992.53,45.73466,1624814999999,91140.50995680002,304,27.074840000000002,53963.3970859,0
2021-06-27 17:30:00,1991.68,2000.81,1986.33,1996.44,31.97717,1624816799999,63773.9588069,212,20.090310000000002,40050.7946741,0
2021-06-27 18:00:00,1994.36,1994.36,1959.71,1978.7,133.29616000000001,1624818599999,263039.34181240003,624,42.19769,83404.2319483,0
2021-06-27 18:30:00,1974.43,1978.54,1965.45,1973.67,69.49235999999999,1624820399999,137108.5466762,351,36.64901,72347.2781619,0
2021-06-27 19:00:00,1973.41,1977.22,1959.32,1965.91,31.603579999999997,1624822199999,62240.7521625,233,12.05827,23752.8361213,0
2021-06-27 19:30:00,1968.81,1980.0,1966.6,1975.64,52.13772,1624823999999,102939.8019274,296,26.00916,51351.974499699994,0
2021-06-27 20:00:00,1974.22,1980.03,1966.78,1975.99,53.16966,1624825799999,104993.70068039998,270,32.48023,64169.114294700004,0
2021-06-27 20:30:00,1977.14,1980.17,1961.96,1965.64,40.52986,1624827599999,79866.478181,218,15.131089999999999,29805.179836299998,0
2021-06-27 21:00:00,1965.67,1980.52,1956.34,1968.3,79.44242,1624829399999,156104.4724546,435,31.607129999999998,62127.24780290001,0
2021-06-27 21:30:00,1968.71,1995.48,1968.71,1992.15,62.44356,1624831199999,123694.2599306,359,40.154920000000004,79634.662703,0
2021-06-27 22:00:00,1992.39,2091.0,1989.02,2089.07,226.87891000000002,1624832999999,465966.4973853,1300,124.09588000000001,254611.8111119,0
2021-06-27 22:30:00,2089.07,2113.38,2081.69,2103.68,146.7162,1624834799999,307309.3565242,1100,68.91375,144370.6963089,0
2021-06-27 23:00:00,2103.68,2113.38,2098.15,2099.0,93.0778,1624836599999,195795.26426979998,472,35.013259999999995,73684.8543984,0
2021-06-27 23:30:00,2099.0,2137.58,2097.32,2128.59,164.05061,1624838399999,347549.0312408,803,77.00594,163222.81148039998,0
2021-06-28 00:00:00,2136.94,2145.97,2107.53,2122.98,113.47086000000002,1624840199999,241062.01047520002,882,65.40041,139107.3719276,0
2021-06-28 00:30:00,2122.02,2139.26,2118.23,2122.72,95.34776,1624841999999,202859.1991225,717,41.50734,88307.3149891,0
2021-06-28 01:00:00,2121.69,2139.0,2111.2,2112.57,78.55901,1624843799999,167295.2375361,541,32.9515,70190.6483146,0
2021-06-28 01:30:00,2114.4,2135.0,2113.52,2117.0,84.45215999999998,1624845599999,179557.7604328,541,34.13985,72564.1013437,0
2021-06-28 02:00:00,2117.0,2131.97,2106.88,2118.48,54.23505,1624847399999,114844.3844935,405,35.65542,75542.3441778,0
2021-06-28 02:30:00,2118.34,2126.53,2100.78,2103.55,131.96266,1624849199999,278813.3457022,1005,73.08837,154402.7579195,0
2021-06-28 03:00:00,2106.0,2109.08,2092.96,2100.35,99.45065,1624850999999,209059.51772729997,794,53.96438000000001,113467.29493450001,0
2021-06-28 03:30:00,2100.34,2106.17,2090.15,2095.92,37.29436,1624852799999,78249.2205651,244,14.67075,30790.7408323,0
2021-06-28 04:00:00,2097.61,2108.62,2085.0,2085.0,161.25123,1624854599999,337311.95257270004,788,30.794529999999998,64430.71535880001,0
2021-06-28 04:30:00,2086.46,2093.54,2084.66,2087.7,43.04719,1624856399999,89901.34767080002,353,8.36445,17478.699028799998,0
2021-06-28 05:00:00,2087.66,2096.93,2087.66,2089.9,48.52089,1624858199999,101514.8110117,211,30.039009999999998,62853.32110160001,0
2021-06-28 05:30:00,2090.16,2094.61,2083.69,2091.34,39.78868,1624859999999,83199.72635319999,186,14.85464,31059.4003602,0
2021-06-28 06:00:00,2091.54,2108.6,2087.46,2097.94,57.42053000000001,1624861799999,120466.6433445,339,19.63156,41191.0981917,0
2021-06-28 06:30:00,2100.0,2103.85,2092.94,2103.57,24.99402000000001,1624863599999,52412.9960736,130,15.71551,32962.0015871,0
2021-06-28 07:00:00,2104.74,2135.63,2095.62,2121.47,139.82105,1624865399999,296127.4666773,763,51.54926,109136.7044208,0
2021-06-28 07:30:00,2122.81,2180.68,2122.81,2169.8,310.9335200000001,1624867199999,669125.202305,1516,218.59772999999998,470414.9034179,0
2021-06-28 08:00:00,2172.63,2195.86,2152.17,2172.73,149.37645,1624868999999,324901.4551754,1227,78.5933,170985.9924793,0
2021-06-28 08:30:00,2171.7,2178.12,2163.65,2174.56,74.32226,1624870799999,161251.55105870002,470,28.95376,62840.2055266,0
2021-06-28 09:00:00,2173.12,2173.13,2158.37,2169.6,57.83865,1624872599999,125224.5063671,415,27.316670000000002,59135.4720732,0
2021-06-28 09:30:00,2169.19,2179.59,2099.83,2131.93,290.11672999999996,1624874399999,619732.2444569999,1357,79.92504,170795.3939959,0
2021-06-28 10:00:00,2129.84,2136.74,2115.0,2122.81,122.00233999999999,1624876199999,259623.7755278,1021,57.49746,122373.15147109999,0
2021-06-28 10:30:00,2125.78,2130.42,2095.33,2111.48,116.40515,1624877999999,246037.4992096,919,58.143280000000004,122950.1072581,0
2021-06-28 11:00:00,2114.0,2117.79,2095.89,2111.72,42.232279999999996,1624879799999,88958.6913387,314,18.63852,39264.716649,0
2021-06-28 11:30:00,2111.72,2118.8,2098.8,2106.99,37.39148,1624881599999,78918.5029191,237,12.11963,25564.35932040001,0
2021-06-28 12:00:00,2106.99,2128.5,2092.16,2111.59,114.23385,1624883399999,241506.2676569,579,41.02618,86771.79239330001,0
2021-06-28 12:30:00,2110.52,2127.32,2100.58,2127.32,53.24285,1624885199999,112634.125921,332,31.602659999999997,66900.4989347,0
2021-06-28 13:00:00,2126.54,2129.11,2118.59,2129.11,54.9537,1624886999999,116739.65436110001,282,19.51819,41491.9129379,0
2021-06-28 13:30:00,2128.99,2134.92,2113.24,2122.43,47.025459999999995,1624888799999,99780.4621383,528,16.603189999999998,35222.7615166,0
2021-06-28 14:00:00,2123.14,2140.11,2114.64,2127.58,39.32396,1624890599999,83753.8314233,365,18.75301,39906.2702176,0
2021-06-28 14:30:00,2127.31,2144.98,2126.26,2142.71,33.10902,1624892399999,70673.76558210001,237,21.04424,44935.3078934,0
2021-06-28 15:00:00,2142.73,2190.55,2140.0,2189.2,184.38881,1624894199999,401143.396507,927,74.70996,162510.5104678,0
2021-06-28 15:30:00,2187.97,2235.24,2182.12,2235.07,158.47531999999995,1624895999999,349497.2598098,1114,69.87714,154309.6251121,0
2021-06-28 16:00:00,2235.3,2278.57,2221.26,2253.16,490.23664,1624897799999,1103208.34182,2370,299.65346,675102.0442184,0
2021-06-28 16:30:00,2253.27,2265.57,2237.12,2251.64,206.72218999999998,1624899599999,465009.9344007999,820,74.80453,168271.48911260001,0
2021-06-28 17:00:00,2252.51,2265.91,2244.17,2247.11,163.88763,1624901399999,369754.6669857,735,65.73165999999999,148295.1638261,0
2021-06-28 17:30:00,2247.11,2247.11,2204.14,2224.44,217.86352000000002,1624903199999,484251.62872200005,1182,108.62385,241382.5712358,0
2021-06-28 18:00:00,2221.23,2239.47,2219.53,2238.0,60.85881,1624904999999,135568.7260449,394,20.073929999999997,44750.0642437,0
2021-06-28 18:30:00,2238.0,2251.22,2225.71,2238.35,126.68356000000001,1624906799999,283609.0537327,662,64.14961,143575.5215534,0
2021-06-28 19:00:00,2238.35,2276.59,2232.1,2268.89,114.5756,1624908599999,258060.63735429998,798,59.86294,134755.6904293,0
2021-06-28 19:30:00,2268.89,2291.76,2250.95,2261.0,170.34327,1624910399999,387143.74945740006,1097,76.38377,173697.7939331,0
2021-06-28 20:00:00,2258.65,2258.65,2230.04,2249.95,61.5858,1624912199999,137998.54340239998,493,32.784620000000004,73474.432627,0
2021-06-28 20:30:00,2249.99,2269.0,2248.89,2256.76,88.51700000000002,1624913999999,199752.37923760002,448,38.49437,86836.8973946,0
2021-06-28 21:00:00,2260.39,2266.18,2248.4,2250.81,106.78169,1624915799999,241292.8691867,406,43.74941,98899.8427146,0
2021-06-28 21:30:00,2250.81,2276.85,2243.67,2265.24,80.22225999999998,1624917599999,181252.31518960002,386,37.015390000000004,83600.79602180001,0
2021-06-28 22:00:00,2261.81,2261.81,2213.36,2216.27,172.33433,1624919399999,384255.00116109994,785,85.53674000000002,190663.35451960002,0
2021-06-28 22:30:00,2217.0,2227.33,2208.42,2223.02,59.03246,1624921199999,130978.92956050001,329,27.36693,60753.18964369999,0
2021-06-28 23:00:00,2215.59,2220.57,2188.56,2203.56,83.03095,1624922999999,182823.4330263,540,41.1193,90561.5468749,0
2021-06-28 23:30:00,2204.77,2218.34,2203.1,2215.17,31.24945,1624924799999,69081.34208239999,183,10.41907,23036.8433682,0
2021-06-29 00:00:00,2215.62,2245.39,2205.27,2238.03,94.416,1624926599999,210484.1326456,523,52.24361,116594.0840953,0
2021-06-29 00:30:00,2238.0,2266.62,2238.0,2265.82,109.55341000000001,1624928399999,246842.57931429998,665,65.18415999999999,146803.7879559,0
2021-06-29 01:00:00,2266.89,2288.26,2250.61,2273.28,131.77757,1624930199999,299723.4007862,810,65.2805,148634.7146825,0
2021-06-29 01:30:00,2273.28,2299.77,2261.88,2296.44,93.77193,1624931999999,214013.82443839998,705,56.23069,128332.5016428,0
2021-06-29 02:00:00,2296.44,2312.73,2272.31,2272.31,111.0061,1624933799999,254976.2005446,863,42.82343,98503.6614348,0
2021-06-29 02:30:00,2272.31,2281.54,2249.38,2250.73,74.53801999999997,1624935599999,169109.23008470002,462,36.34543,82502.3842333,0
2021-06-29 03:00:00,2254.29,2280.71,2249.91,2276.9,30.09035,1624937399999,68181.7820426,345,22.423579999999998,50835.6133933,0
2021-06-29 03:30:00,2277.72,2291.13,2262.89,2284.28,67.02985,1624939199999,152533.82654049998,548,40.30856,91770.4876508,0
2021-06-29 04:00:00,2285.87,2313.78,2281.61,2305.17,150.37749,1624940999999,346351.0300771,875,96.27685,221742.45848109998,0
2021-06-29 04:30:00,2305.13,2321.05,2292.85,2294.13,150.63223,1624942799999,348210.0825964,980,77.9733,180340.3374578,0
2021-06-29 05:00:00,2296.5,2302.03,2264.84,2269.73,110.24661,1624944599999,251442.8512235,714,42.31882,96630.5480362,0
2021-06-29 05:30:00,2270.48,2291.02,2265.82,2291.02,63.46844,1624946399999,144542.235805,312,31.44623,71606.4940337,0
2021-06-29 06:00:00,2290.44,2303.87,2277.1,2299.6,74.45076,1624948199999,170509.9286536,455,31.46361,72077.2730474,0
2021-06-29 06:30:00,2298.7,2337.83,2288.57,2330.45,158.95935,1624949999999,368497.93650059996,1041,72.99375,169398.788192,0
2021-06-29 07:00:00,2332.56,2349.41,2322.54,2346.38,116.36278,1624951799999,272200.3643057,772,54.528859999999995,127586.36560050001,0
2021-06-29 07:30:00,2348.09,2348.28,2304.4,2319.86,137.86686,1624953599999,320789.1993884,677,79.89745,185743.40966429998,0
2021-06-29 08:00:00,2320.04,2330.95,2297.59,2328.82,109.64718,1624955399999,253955.2850086,642,42.595209999999994,98629.6180877,0
2021-06-29 08:30:00,2329.28,2354.26,2321.31,2350.86,184.019,1624957199999,431427.27427859994,831,67.61346,158476.9706157,0
2021-06-29 09:00:00,2352.68,2369.0,2323.77,2365.61,231.02112000000002,1624958999999,541829.2889264,1153,95.37356,223771.645443,0
2021-06-29 09:30:00,2368.3,2403.17,2363.9,2380.92,230.02177000000003,1624960799999,548600.1154942,1264,115.23234,274945.1961417,0
2021-06-29 10:00:00,2380.92,2383.85,2359.69,2376.48,106.64939,1624962599999,252818.424288,558,50.88201,120685.4058571,0
2021-06-29 10:30:00,2375.69,2405.0,2371.48,2394.97,92.31976999999999,1624964399999,220969.4590163,503,51.12619,122390.7823079,0
2021-06-29 11:00:00,2396.04,2398.89,2376.45,2377.82,175.89348,1624966199999,419800.4949005,897,96.11806,229322.31082329998,0
2021-06-29 11:30:00,2378.7,2382.81,2362.98,2369.59,217.07821,1624967999999,515407.48710440006,1198,105.15307,249610.5626416,0
2021-06-29 12:00:00,2369.48,2385.88,2355.91,2382.54,173.54501000000005,1624969799999,411856.7189114,997,85.08131999999998,202044.40411849998,0
2021-06-29 12:30:00,2381.58,2398.35,2373.14,2378.28,86.01755,1624971599999,205355.7589153,476,38.28898,91394.4791422,0
2021-06-29 13:00:00,2378.0,2424.5,2360.0,2424.5,146.11872,1624973399999,349743.8323142,796,78.85238000000003,189215.2561865,0
2021-06-29 13:30:00,2424.96,2450.0,2408.19,2440.67,136.14868,1624975199999,331104.0985606,794,79.0383,192300.17907009998,0
2021-06-29 14:00:00,2440.67,2449.87,2405.46,2415.33,146.47356000000005,1624976999999,355766.3500314001,777,71.10207,172854.7086698,0
2021-06-29 14:30:00,2417.48,2437.21,2417.24,2422.03,59.43991,1624978799999,144342.1501113,340,21.10428,51273.0219927,0
2021-06-29 15:00:00,2423.93,2439.0,2406.67,2417.63,98.47,1624980599999,238849.6697126,563,46.83811,113762.1609777,0
2021-06-29 15:30:00,2415.42,2421.47,2369.16,2396.0,173.16668,1624982399999,413973.4987309,980,66.32866999999999,158537.22314910006,0
2021-06-29 16:00:00,2397.4,2408.88,2371.0,2397.06,109.82331,1624984199999,262211.3473108,695,43.18174000000001,103069.5870975,0
2021-06-29 16:30:00,2397.84,2424.92,2397.84,2419.66,71.29701,1624985999999,172177.14364949998,473,28.879379999999998,69731.02045329999,0
2021-06-29 17:00:00,2421.08,2461.22,2411.9,2456.66,158.76591000000005,1624987799999,388039.08633940003,934,75.6023,184648.5691393,0
2021-06-29 17:30:00,2457.43,2495.98,2454.56,2468.02,207.2178,1624989599999,512651.883454,1286,99.64495,246605.076962,0
2021-06-29 18:00:00,2468.68,2471.21,2435.63,2445.6,86.2542,1624991399999,211690.7153194,531,37.734609999999996,92673.95153139999,0
2021-06-29 18:30:00,2444.58,2474.87,2441.83,2461.49,81.29845,1624993199999,199929.6131097,506,36.13038,88888.5236264,0
2021-06-29 19:00:00,2461.49,2473.89,2455.41,2461.79,40.04557,1624994999999,98750.3969089,211,16.4787,40655.298596399996,0
2021-06-29 19:30:00,2459.06,2484.7,2445.35,2476.68,114.73518999999999,1624996799999,282451.28382440004,546,68.41409,168411.0502688,0
2021-06-29 20:00:00,2475.03,2485.15,2455.79,2459.0,103.07233000000001,1624998599999,254901.1978348,513,52.19813,129156.94564,0
2021-06-29 20:30:00,2460.4,2465.0,2427.02,2431.59,107.03119,1625000399999,261708.58501329998,487,46.552640000000004,113530.9828284,0
2021-06-29 21:00:00,2438.0,2456.56,2426.99,2451.13,67.99828000000001,1625002199999,165933.553632,330,32.793440000000004,80061.8202048,0
2021-06-29 21:30:00,2449.94,2490.0,2440.77,2480.87,171.26813,1625003999999,424175.5163419,833,92.64123000000001,229437.71184770003,0
2021-06-29 22:00:00,2477.59,2483.21,2410.31,2411.94,117.07797,1625005799999,286285.72976270004,767,61.29554,149909.5852492,0
2021-06-29 22:30:00,2412.88,2453.31,2411.82,2419.48,89.93053,1625007599999,218778.6789928,520,41.85329,101908.3687286,0
2021-06-29 23:00:00,2418.91,2444.28,2415.78,2439.77,85.36466999999998,1625009399999,207362.558988,585,56.03771,136091.6119281,0
2021-06-29 23:30:00,2438.71,2454.94,2402.42,2428.15,85.38651,1625011199999,206782.56486440002,646,41.78147,101197.1651085,0
2021-06-30 00:00:00,2425.01,2438.08,2382.3,2437.98,149.85142,1625012999999,360007.9557325,960,73.77698000000002,177179.0847033,0
2021-06-30 00:30:00,2437.98,2456.33,2422.18,2422.18,118.75941,1625014799999,289565.99616559997,757,54.30216,132611.7396899,0
2021-06-30 01:00:00,2422.14,2427.95,2390.7,2393.14,62.46228000000001,1625016599999,150405.0833824,577,19.144920000000006,46109.682088199996,0
2021-06-30 01:30:00,2395.16,2433.39,2388.61,2432.72,88.06721,1625018399999,212526.0119295,667,55.862109999999994,134862.4865319,0
2021-06-30 02:00:00,2424.49,2432.74,2406.73,2431.36,52.52064,1625020199999,127041.515132,343,25.22731,61096.1047636,0
2021-06-30 02:30:00,2430.48,2443.85,2423.16,2431.71,61.73686,1625021999999,150284.68058879994,391,30.561659999999996,74421.0255617,0
2021-06-30 03:00:00,2433.04,2433.04,2367.58,2372.49,97.29804,1625023799999,232486.9769657,754,29.06275,69471.92021519999,0
2021-06-30 03:30:00,2372.52,2381.69,2353.51,2358.03,59.3546,1625025599999,140427.7107435,520,29.77125,70458.29866910001,0
2021-06-30 04:00:00,2359.24,2378.8,2344.21,2365.83,84.76515,1625027399999,200234.69413410002,525,49.27565,116463.779602,0
2021-06-30 04:30:00,2364.15,2380.74,2308.59,2310.3,167.12073,1625029199999,391194.5305231,1041,47.488859999999995,111170.7396037,0
2021-06-30 05:00:00,2310.91,2329.74,2294.84,2327.34,152.47099,1625030999999,352745.7580627001,921,67.42979,156110.8334075,0
2021-06-30 05:30:00,2327.95,2340.3,2320.84,2326.88,76.04191,1625032799999,177247.27451199997,403,42.0965,98161.2028387,0
2021-06-30 06:00:00,2326.86,2361.72,2321.69,2348.38,66.80856999999999,1625034599999,156935.6402643,410,44.445,104400.16061919999,0
2021-06-30 06:30:00,2354.38,2363.14,2337.36,2353.51,92.45223,1625036399999,217622.9539445,479,26.48769,62285.676835599996,0
2021-06-30 07:00:00,2352.29,2364.53,2330.07,2347.45,87.88201,1625038199999,206327.47533620003,529,36.36089000000001,85405.15949610001,0
2021-06-30 07:30:00,2348.4,2379.69,2346.19,2378.87,73.99009000000002,1625039999999,175300.8390905,444,37.77207,89514.38474580002,0
2021-06-30 08:00:00,2379.77,2382.89,2365.03,2373.13,46.846059999999994,1625041799999,111301.87702389999,274,25.7336,61169.094275999996,0
2021-06-30 08:30:00,2378.39,2382.08,2313.56,2319.27,114.56246000000002,1625043599999,267627.6512532,647,33.82186,79133.0289793,0
2021-06-30 09:00:00,2320.89,2340.92,2303.82,2322.5,124.31493,1625045399999,289048.7613922,647,64.82005,150567.84636760002,0
2021-06-30 09:30:00,2327.16,2332.03,2300.43,2313.82,81.52819000000002,1625047199999,188804.95459100002,499,27.05507,62696.4750375,0
2021-06-30 10:00:00,2313.89,2329.18,2305.57,2320.35,169.89855,1625048999999,393477.7295165,1177,99.84461999999999,231262.5846674,0
2021-06-30 10:30:00,2319.63,2331.64,2314.08,2330.4,89.03424,1625050799999,206710.684679,589,46.39608,107800.99854649999,0
2021-06-30 11:00:00,2329.8,2348.83,2318.0,2318.83,68.33959,1625052599999,159664.1851686,507,31.249240000000004,72936.071227,0
2021-06-30 11:30:00,2318.82,2354.26,2312.54,2345.44,80.11038,1625054399999,187348.00127429998,377,39.814409999999995,93101.6232247,0
2021-06-30 12:00:00,2342.21,2354.99,2335.25,2353.62,50.15221,1625056199999,117652.5380814,402,27.788529999999998,65189.033924,0
2021-06-30 12:30:00,2354.42,2354.42,2323.87,2323.89,43.44494,1625057999999,101421.43550739999,293,18.95458,44262.4564409,0
2021-06-30 13:00:00,2323.87,2327.62,2301.89,2312.54,59.24789000000001,1625059799999,137147.1031606,493,20.66806,47860.89888469999,0
2021-06-30 13:30:00,2315.25,2333.67,2306.0,2329.18,73.03013,1625061599999,169124.75959789995,522,40.79176,94488.50586779999,0
2021-06-30 14:00:00,2331.6,2346.63,2318.53,2324.81,40.92301,1625063399999,95553.7434155,367,18.69197,43624.2073701,0
2021-06-30 14:30:00,2327.65,2331.14,2301.55,2302.89,77.02641,1625065199999,178047.4765961,587,32.14501,74347.59695710003,0
2021-06-30 15:00:00,2305.78,2309.4,2273.18,2280.96,158.82901,1625066999999,363320.24470179994,995,68.11474,155747.25965979998,0
2021-06-30 15:30:00,2280.14,2293.04,2268.02,2280.54,83.78115,1625068799999,190903.8975814,724,37.61035,85777.7445107,0
2021-06-30 16:00:00,2280.04,2309.29,2271.3,2299.91,112.15183999999999,1625070599999,257351.30518589998,632,74.02150999999998,169896.3144221,0
2021-06-30 16:30:00,2299.91,2309.32,2281.96,2285.49,80.19256,1625072399999,183849.93636229998,408,47.32367,108472.31525120001,0
2021-06-30 17:00:00,2285.33,2322.28,2285.33,2309.39,52.29649000000001,1625074199999,120574.19997439999,473,20.74916,47900.728590499995,0
2021-06-30 17:30:00,2312.12,2350.0,2304.65,2347.49,81.74002,1625075999999,190950.7799865,594,44.69395,104424.5487419,0
2021-06-30 18:00:00,2345.08,2356.7,2341.0,2343.55,31.64838,1625077799999,74316.0413492,274,16.479129999999998,38717.4341503,0
2021-06-30 18:30:00,2343.54,2397.87,2339.05,2395.88,92.82611999999999,1625079599999,220558.96730770002,651,45.72899,108709.6844519,0
2021-06-30 19:00:00,2395.85,2397.08,2375.0,2382.3,62.96315,1625081399999,150059.77926170002,405,33.743829999999996,80381.1982273,0
2021-06-30 19:30:00,2382.3,2418.98,2380.77,2416.44,83.63694,1625083199999,200471.7931571,654,34.45394,82554.67873130001,0
2021-06-30 20:00:00,2418.98,2460.37,2418.98,2447.81,149.44736,1625084999999,366156.74735079997,1089,90.84165,222676.63681129998,0
2021-06-30 20:30:00,2450.0,2453.36,2404.81,2422.76,95.75577,1625086799999,233319.3009961,598,32.25323,78586.53108710001,0
2021-06-30 21:00:00,2426.61,2443.01,2426.09,2439.75,52.23088,1625088599999,127249.56820210001,463,25.73917,62720.293030999994,0
2021-06-30 21:30:00,2439.0,2465.2,2435.58,2464.15,82.45168000000002,1625090399999,202322.3523875,622,33.97003,83376.6946261,0
2021-06-30 22:00:00,2465.64,2486.36,2460.34,2485.75,180.01193,1625092199999,445124.5326437,1037,92.51075,228838.5822211,0
2021-06-30 22:30:00,2486.3,2539.07,2484.02,2537.44,217.22193,1625093999999,543611.2445516,1456,119.10511000000001,298296.10562479997,0
2021-06-30 23:00:00,2539.07,2578.23,2536.15,2576.28,308.70907,1625095799999,790405.9539169002,1836,160.89848999999995,412035.818883,0
2021-06-30 23:30:00,2576.28,2683.6,2575.7,2680.61,618.14161,1625097599999,1625047.7007171996,3694,348.82456,917850.1320984002,0
2021-07-01 00:00:00,2680.61,2694.13,2607.33,2626.99,842.8384300000001,1625099399999,2231958.2837917004,5319,381.07382,1009606.1713386999,0
2021-07-01 00:30:00,2628.83,2671.4,2624.72,2640.91,235.24773,1625101199999,623236.597015,1555,92.25690999999999,244263.65924029998,0
2021-07-01 01:00:00,2640.0,2699.1,2640.0,2667.91,241.53736,1625102999999,645397.3842356999,1672,149.64289,399582.62410459993,0
2021-07-01 01:30:00,2669.74,2748.44,2657.78,2723.96,666.85684,1625104799999,1809005.9456186001,3564,340.754,924799.3336781999,0
2021-07-01 02:00:00,2723.73,2752.17,2679.52,2694.29,436.95769,1625106599999,1187468.4528102,2762,173.4593,471732.1272221,0
2021-07-01 02:30:00,2694.29,2694.29,2650.94,2666.69,214.48268,1625108399999,571954.9643369,1373,97.76133,260684.98373429998,0
2021-07-01 03:00:00,2668.31,2708.17,2666.69,2682.04,187.90701,1625110199999,505703.6188572,1227,80.79101,217411.96395799998,0
2021-07-01 03:30:00,2684.66,2727.48,2666.64,2680.1,255.42692999999997,1625111999999,689221.3019961,1699,145.98651999999996,394185.82230829995,0
2021-07-01 04:00:00,2680.1,2724.87,2679.97,2708.9,197.57173,1625113799999,534593.0723787,1495,94.98997,257082.4385817,0
2021-07-01 04:30:00,2709.06,2728.48,2696.33,2728.13,131.81082,1625115599999,357954.4193718,1013,69.98226,190056.2337694,0
2021-07-01 05:00:00,2728.13,2755.08,2698.17,2746.99,305.2938,1625117399999,833580.4796689998,2303,149.83132,409621.83350290003,0
2021-07-01 05:30:00,2746.37,2828.19,2746.28,2805.33,628.63816,1625119199999,1756405.4721007,4039,318.09311,888470.0233709,0
2021-07-01 06:00:00,2805.27,2860.74,2790.41,2793.61,511.61415999999997,1625120999999,1445755.460408,4063,223.67812999999998,632504.7276816999,0
2021-07-01 06:30:00,2796.17,2841.69,2706.52,2712.83,663.57711,1625122799999,1831766.7119156,4709,294.47555,814425.1283078,0
2021-07-01 07:00:00,2712.16,2734.54,2677.28,2710.48,560.81249,1625124599999,1516987.4943808,3491,294.8709100000001,798453.0034285998,0
2021-07-01 07:30:00,2712.15,2712.15,2631.78,2637.8,456.9147,1625126399999,1218871.5238831001,4125,194.81648,520363.0938054,0
2021-07-01 08:00:00,2638.39,2682.13,2620.0,2668.72,515.4997400000002,1625128199999,1368896.3012235002,3875,304.1638700000001,807987.3463933001,0
2021-07-01 08:30:00,2668.72,2668.72,2613.62,2653.87,306.92978,1625129999999,810041.9852106,2556,169.9189,448424.3444946,0
2021-07-01 09:00:00,2651.07,2667.17,2614.11,2630.29,136.99129,1625131799999,362231.9122135,1211,65.70817,173922.63710599998,0
2021-07-01 09:30:00,2629.2,2641.32,2594.02,2602.18,385.05613999999997,1625133599999,1008101.4565383001,2028,124.03155,324652.0459164,0
2021-07-01 10:00:00,2602.18,2616.73,2579.13,2590.66,182.79161000000002,1625135399999,474944.51207700005,1282,105.65988999999999,274623.2021263,0
2021-07-01 10:30:00,2590.66,2610.51,2579.13,2584.18,158.37107,1625137199999,410382.4396553,1396,103.51209,268308.8488281,0
2021-07-01 11:00:00,2581.0,2644.46,2578.56,2633.37,236.2246,1625138999999,618625.760509,1653,137.77625,360797.8079026,0
2021-07-01 11:30:00,2633.36,2640.84,2596.76,2606.29,333.73713,1625140799999,872001.6734349001,1785,175.27286999999995,457840.4343011,0
2021-07-01 12:00:00,2604.85,2608.66,2582.73,2593.62,169.99738,1625142599999,440904.36290620005,1444,95.38399,247437.4555724,0
2021-07-01 12:30:00,2593.75,2643.78,2593.0,2619.05,322.11024,1625144399999,846452.8332833,1869,156.75405,411648.0836985,0
2021-07-01 13:00:00,2620.24,2651.49,2605.09,2642.45,137.11039,1625146199999,361149.8435142,1000,75.72041999999998,199619.2981171,0
2021-07-01 13:30:00,2642.55,2657.14,2592.1,2594.7,250.33182999999997,1625147999999,657477.5226009,1339,121.66957,319627.36216609995,0
2021-07-01 14:00:00,2592.12,2616.78,2550.43,2551.22,313.81736,1625149799999,812527.1843826,1742,107.95175,279752.8662163,0
2021-07-01 14:30:00,2551.09,2553.98,2511.95,2526.65,339.56425,1625151599999,858910.5470798998,1879,161.6009,408504.1071953,0
2021-07-01 15:00:00,2524.26,2579.21,2522.5,2578.29,181.42358000000002,1625153399999,464212.9413796,1138,84.97269,217387.02396360002,0
2021-07-01 15:30:00,2577.18,2578.5,2555.5,2568.02,52.56694,1625155199999,135111.3827781,464,21.320710000000002,54826.93292380001,0
2021-07-01 16:00:00,2568.0,2575.54,2538.29,2544.17,165.46964,1625156999999,421958.7991981,1440,86.16986,219770.3930049,0
2021-07-01 16:30:00,2544.91,2558.79,2507.19,2512.7,112.79703,1625158799999,285948.4736103,943,42.85364000000001,108766.6733779,0
2021-07-01 17:00:00,2511.83,2528.9,2497.31,2499.99,139.38624,1625160599999,350111.5074975,1077,62.37602,156729.94577420002,0
2021-07-01 17:30:00,2501.96,2531.63,2497.04,2525.89,113.11891000000001,1625162399999,285005.69289390004,842,59.74148,150478.65387449999,0
2021-07-01 18:00:00,2527.47,2568.93,2520.78,2565.31,172.56446,1625164199999,440405.748206,990,88.63108000000004,225962.44038129997,0
2021-07-01 18:30:00,2567.78,2568.61,2529.92,2535.56,94.42137,1625165999999,241308.57231270004,664,44.39312,113487.6128474,0
2021-07-01 19:00:00,2535.55,2542.5,2490.74,2498.24,168.30438,1625167799999,421528.05073709995,890,87.67145,219437.8293216,0
2021-07-01 19:30:00,2499.73,2504.32,2480.02,2500.17,177.33713999999995,1625169599999,441609.10159720003,1354,52.83365,131682.7036013,0
2021-07-01 20:00:00,2499.11,2529.38,2497.4,2514.44,90.52942,1625171399999,227733.6804733,741,33.80825,85064.3583628,0
2021-07-01 20:30:00,2513.83,2535.33,2512.73,2533.67,49.23004,1625173199999,124352.50260010002,404,18.57265,46928.3969655,0
2021-07-01 21:00:00,2534.09,2549.81,2514.88,2535.18,84.31474,1625174999999,213883.1615434,626,38.93362,98855.38666939999,0
2021-07-01 21:30:00,2535.18,2553.69,2524.9,2546.17,63.44404,1625176799999,161093.3190608,540,29.15863,74091.9420599,0
2021-07-01 22:00:00,2550.22,2556.37,2535.53,2540.2,71.25565999999998,1625178599999,181480.3378272,444,43.21722000000001,110082.4076456,0
2021-07-01 22:30:00,2542.19,2552.17,2527.88,2538.21,72.11623,1625180399999,183114.85150699998,610,42.87593,108881.42812060002,0
2021-07-01 23:00:00,2538.16,2542.23,2490.83,2507.99,155.34079,1625182199999,389919.74990409997,742,77.29319,194070.24765879998,0
2021-07-01 23:30:00,2510.89,2519.92,2499.36,2503.33,60.979209999999995,1625183999999,153016.6508126,356,22.47595,56439.140702900004,0
2021-07-02 00:00:00,2501.55,2556.83,2496.2,2547.67,111.85876,1625185799999,283254.2032235,903,52.80474,133926.02532480002,0
2021-07-02 00:30:00,2545.63,2562.87,2539.19,2561.18,64.92135999999999,1625187599999,165477.7933478,361,39.42185,100544.08836010001,0
2021-07-02 01:00:00,2562.27,2563.38,2509.14,2517.03,58.40295,1625189399999,148418.47022470002,354,15.94674,40350.9114063,0
2021-07-02 01:30:00,2517.71,2531.89,2494.18,2498.06,91.81329000000001,1625191199999,230994.809153,709,55.53169000000001,139803.7331109,0
2021-07-02 02:00:00,2496.41,2506.89,2486.7,2499.34,54.313930000000006,1625192999999,135641.0735103,595,22.02224,55040.8139846,0
2021-07-02 02:30:00,2503.52,2511.04,2493.32,2502.08,40.11985,1625194799999,100384.0448772,239,28.526640000000004,71375.750509,0
2021-07-02 03:00:00,2502.17,2504.51,2458.26,2470.27,142.34932,1625196599999,352770.6853687,716,43.87133,108765.74987639999,0
2021-07-02 03:30:00,2464.19,2464.19,2425.9,2435.32,138.75451,1625198399999,339525.7719061,1151,51.60725,126336.18081689999,0
2021-07-02 04:00:00,2433.89,2464.13,2425.89,2446.26,79.18146,1625200199999,193663.6130117,477,39.50327,96660.37186130001,0
2021-07-02 04:30:00,2446.25,2471.2,2432.52,2466.14,62.8904,1625201999999,154539.43377370006,456,35.6074,87567.258721,0
2021-07-02 05:00:00,2464.25,2476.01,2456.97,2459.33,53.03445,1625203799999,130760.6500734,438,27.75726,68448.6984831,0
2021-07-02 05:30:00,2459.38,2466.93,2415.88,2425.89,88.52269,1625205599999,215690.66391350003,634,30.43335,74220.55354339999,0
2021-07-02 06:00:00,2427.25,2454.75,2410.0,2429.92,114.22483999999999,1625207399999,277317.3919433,1015,53.541169999999994,130053.41233439998,0
2021-07-02 06:30:00,2432.02,2444.93,2410.29,2425.5,88.17152,1625209199999,213851.285393,647,62.29669000000001,151061.3070886,0
2021-07-02 07:00:00,2425.91,2446.21,2415.71,2443.02,63.869769999999995,1625210999999,155610.5507323,531,38.72244,94358.2729286,0
2021-07-02 07:30:00,2443.02,2480.64,2439.61,2475.85,118.53423000000001,1625212799999,292503.933647,704,67.01271,165509.564324,0
2021-07-02 08:00:00,2476.19,2500.7,2466.47,2480.0,134.8118,1625214599999,335225.0236445,837,70.9958,176642.38592320002,0
2021-07-02 08:30:00,2480.07,2482.02,2458.36,2465.99,129.437,1625216399999,319457.1483539,664,62.999159999999996,155523.94557779998,0
2021-07-02 09:00:00,2465.56,2465.57,2428.09,2437.27,108.01692,1625218199999,264264.97558810003,709,48.21843,117999.42050080001,0
2021-07-02 09:30:00,2437.01,2460.51,2427.25,2443.88,85.62173,1625219999999,209245.35310210002,535,41.16395,100519.1293393,0
2021-07-02 10:00:00,2443.2,2443.37,2424.85,2440.47,57.26979,1625221799999,139464.96225070002,430,34.66553,84417.0433082,0
2021-07-02 10:30:00,2444.36,2459.84,2421.0,2442.34,79.79811,1625223599999,194767.0482159,526,44.64475,108969.7625224,0
2021-07-02 11:00:00,2441.34,2462.65,2430.22,2440.18,68.16448000000001,1625225399999,166710.9367465,456,34.212959999999995,83670.3439888,0
2021-07-02 11:30:00,2441.19,2448.09,2413.31,2435.76,111.93758999999999,1625227199999,271870.4695665,933,44.04267,107003.8432339,0
2021-07-02 12:00:00,2436.05,2436.88,2414.12,2418.88,57.28165,1625228999999,138996.1941704,772,27.746370000000002,67346.0867357,0
2021-07-02 12:30:00,2418.25,2460.05,2415.8,2448.06,71.28865,1625230799999,174157.21350379998,685,37.589659999999995,91767.84006389999,0
2021-07-02 13:00:00,2446.67,2491.52,2435.67,2472.55,140.9698,1625232599999,348468.59074370004,1104,79.20076999999998,195780.91923949998,0
2021-07-02 13:30:00,2473.64,2497.32,2462.05,2495.01,89.14392,1625234399999,221156.86579310003,835,49.62762,123256.633701,0
2021-07-02 14:00:00,2497.23,2509.12,2474.53,2509.12,124.85003999999999,1625236199999,311229.94554770004,916,72.61931,181103.4032541,0
2021-07-02 14:30:00,2509.25,2543.69,2509.25,2541.17,225.03062000000003,1625237999999,569545.5317171,1346,137.74127,348666.64808270003,0
2021-07-02 15:00:00,2542.66,2560.87,2515.04,2519.42,177.72745,1625239799999,451696.8456012,1247,66.51288000000001,169189.0919816,0
2021-07-02 15:30:00,2520.15,2539.57,2520.15,2539.57,68.77018000000001,1625241599999,173885.71687449998,512,26.54835,67140.7459821,0
2021-07-02 16:00:00,2540.27,2542.25,2519.4,2535.8,58.181459999999994,1625243399999,147348.7744442,428,18.98143,48075.794395599994,0
2021-07-02 16:30:00,2536.55,2563.5,2524.58,2560.13,54.53253,1625245199999,138905.7357688,406,23.74156,60521.1213598,0
2021-07-02 17:00:00,2560.01,2577.98,2504.64,2520.89,157.39852,1625246999999,400416.9029612,1311,77.90018,198595.2040573,0
2021-07-02 17:30:00,2521.89,2535.03,2503.92,2525.12,59.12347,1625248799999,148955.75022249998,402,27.85205,70127.19394330001,0
2021-07-02 18:00:00,2525.8,2534.25,2495.37,2503.97,71.48510999999998,1625250599999,179520.5449583,500,32.298429999999996,81106.7670658,0
2021-07-02 18:30:00,2506.86,2512.32,2502.1,2504.16,35.84414,1625252399999,89852.4078863,147,19.79428,49624.479628199995,0
2021-07-02 19:00:00,2505.53,2512.17,2486.15,2493.11,37.9674,1625254199999,94792.257067,212,18.761120000000002,46870.5890459,0
2021-07-02 19:30:00,2491.24,2514.5,2490.22,2514.5,44.918479999999995,1625255999999,112290.4642238,246,14.713679999999998,36797.7942624,0
2021-07-02 20:00:00,2512.84,2522.62,2487.55,2515.55,75.14713,1625257799999,188337.87890170002,715,33.02977,82687.3631271,0
2021-07-02 20:30:00,2513.21,2520.0,2486.62,2495.13,46.16053,1625259599999,115677.3614207,300,21.77315,54542.27671560001,0
2021-07-02 21:00:00,2494.51,2526.97,2493.27,2508.04,44.75088,1625261399999,112342.7200904,350,16.77928,42127.6980695,0
2021-07-02 21:30:00,2508.21,2526.65,2507.04,2522.85,30.59607,1625263199999,77113.34087969999,163,13.76876,34712.308284,0
2021-07-02 22:00:00,2526.07,2538.22,2520.75,2538.22,27.48338,1625264999999,69569.9266761,271,13.90621,35200.3182215,0
2021-07-02 22:30:00,2538.16,2570.67,2532.54,2569.72,43.33822,1625266799999,110430.7971843,396,25.77752000000001,65695.57451749999,0
2021-07-02 23:00:00,2569.66,2594.02,2559.6,2583.69,124.49551000000001,1625268599999,321574.2139086,738,58.76486,151826.6512923,0
2021-07-02 23:30:00,2585.22,2591.98,2568.89,2583.55,88.52919,1625270399999,228609.23420900002,542,41.28063,106640.87127789999,0
2021-07-03 00:00:00,2581.57,2600.0,2570.56,2572.74,73.33301,1625272199999,189779.2620838,410,30.66501,79409.4664273,0
2021-07-03 00:30:00,2570.7,2573.84,2547.14,2551.43,63.30914,1625273999999,162188.7992572,386,27.01523,69202.1331011,0
2021-07-03 01:00:00,2555.7,2570.03,2553.4,2561.81,56.023419999999994,1625275799999,143462.36128520002,352,32.319340000000004,82784.4752862,0
2021-07-03 01:30:00,2562.1,2579.33,2556.21,2570.94,51.7307,1625277599999,133006.58841330002,313,28.128,72337.93347999999,0
2021-07-03 02:00:00,2571.17,2577.05,2555.89,2573.93,50.537620000000004,1625279399999,129646.71642650002,266,29.97679,76909.074848,0
2021-07-03 02:30:00,2575.33,2575.33,2551.68,2556.63,31.632409999999997,1625281199999,81024.6574575,347,10.84949,27797.622554400004,0
2021-07-03 03:00:00,2555.56,2555.66,2535.55,2538.17,28.34842,1625282999999,72032.1196608,237,11.48632,29177.268663599996,0
2021-07-03 03:30:00,2537.87,2546.07,2520.1,2545.78,30.5521,1625284799999,77427.99225950001,342,23.39367,59296.6153232,0
2021-07-03 04:00:00,2545.79,2557.66,2539.04,2539.44,35.47072,1625286599999,90453.4909829,357,13.56282,34612.6637851,0
2021-07-03 04:30:00,2539.52,2558.81,2534.56,2558.12,30.46234,1625288399999,77697.90655389999,221,12.966280000000001,33098.2858942,0
2021-07-03 05:00:00,2557.46,2558.12,2538.07,2543.77,25.90268,1625290199999,65936.36549129999,199,10.03876,25556.8534837,0
2021-07-03 05:30:00,2549.24,2568.12,2548.88,2562.09,44.63817,1625291999999,114226.9501853,246,26.51305,67835.35706699999,0
2021-07-03 06:00:00,2562.09,2583.17,2556.97,2575.43,62.79082,1625293799999,161538.7287302,411,21.7219,55930.955786599996,0
2021-07-03 06:30:00,2575.05,2580.42,2560.05,2565.67,22.734289999999998,1625295599999,58428.0569388,179,10.87129,27952.164569200002,0
2021-07-03 07:00:00,2563.14,2587.95,2551.71,2587.95,44.94781,1625297399999,115564.55775669999,266,27.68405,71246.89551860001,0
2021-07-03 07:30:00,2585.37,2669.11,2585.0,2640.55,275.53413,1625299199999,725007.5244090002,2150,163.42399,430001.33990240004,0
2021-07-03 08:00:00,2639.55,2652.74,2633.0,2635.03,94.6674,1625300999999,250196.8197592,625,51.72862,136756.7990567,0
2021-07-03 08:30:00,2637.01,2660.04,2635.37,2639.7,129.84996,1625302799999,343509.9616259,525,55.947630000000004,147839.1683323,0
2021-07-03 09:00:00,2639.7,2664.32,2639.7,2648.9,112.75973,1625304599999,299023.49821670004,559,51.85348,137500.7383138,0
2021-07-03 09:30:00,2648.46,2661.71,2638.18,2658.64,90.60687,1625306399999,240098.53468570003,607,48.25428,127859.7225579,0
2021-07-03 10:00:00,2658.74,2682.0,2644.16,2681.41,92.58270999999999,1625308199999,246519.738062,657,37.51894,99978.21270560002,0
2021-07-03 10:30:00,2681.12,2690.77,2655.0,2665.56,87.1139,1625309999999,232432.35101289998,770,41.58422,111028.40848210001,0
2021-07-03 11:00:00,2670.22,2670.22,2643.97,2662.69,134.32101,1625311799999,356664.7207285,570,58.20261,154668.0770668,0
2021-07-03 11:30:00,2664.04,2664.04,2643.45,2655.28,57.12309000000001,1625313599999,151483.7470065,368,21.45051,56860.094245500004,0
2021-07-03 12:00:00,2654.55,2691.32,2650.0,2665.95,102.16037,1625315399999,272962.5895369,675,50.78552,135655.083372,0
2021-07-03 12:30:00,2664.0,2680.17,2656.87,2664.39,54.240880000000004,1625317199999,144577.28031429998,340,31.95807000000001,85199.6046606,0
2021-07-03 13:00:00,2664.53,2685.14,2654.75,2680.09,61.89071,1625318999999,165186.5957101,490,33.525729999999996,89495.1424695,0
2021-07-03 13:30:00,2679.41,2681.26,2658.98,2671.27,116.50388999999998,1625320799999,310585.3283419,445,41.90613,111725.4124076,0
2021-07-03 14:00:00,2676.0,2677.13,2654.74,2670.86,63.30105,1625322599999,168493.12750570002,446,38.73307,103102.1255465,0
2021-07-03 14:30:00,2673.03,2687.27,2664.04,2677.32,105.42759,1625324399999,282172.6713101,867,62.19168000000001,166454.904596,0
2021-07-03 15:00:00,2675.13,2676.86,2654.88,2661.42,63.406330000000004,1625326199999,168949.72964620002,498,22.32089,59489.0720835,0
2021-07-03 15:30:00,2658.09,2659.31,2648.0,2657.4,66.4786,1625327999999,176425.03176500005,330,35.72620999999999,94797.2019713,0
2021-07-03 16:00:00,2662.6,2668.53,2649.36,2661.68,39.63759,1625329799999,105360.9734932,228,20.17385,53648.9165873,0
2021-07-03 16:30:00,2660.58,2660.58,2641.52,2641.52,30.77007,1625331599999,81506.38188330001,278,12.89409,34186.411142699995,0
2021-07-03 17:00:00,2644.31,2648.06,2635.58,2641.42,48.621829999999996,1625333399999,128496.25901269999,471,14.77,39035.0080462,0
2021-07-03 17:30:00,2643.13,2665.69,2640.0,2651.11,44.62498,1625335199999,118470.183832,324,19.591910000000002,52016.0985987,0
2021-07-03 18:00:00,2651.12,2652.36,2632.33,2634.42,35.27370999999999,1625336999999,93203.6072995,242,12.295860000000001,32522.947009599997,0
2021-07-03 18:30:00,2638.89,2653.17,2634.84,2643.28,37.284929999999996,1625338799999,98662.6711634,260,16.45053,43557.9485937,0
2021-07-03 19:00:00,2641.82,2643.52,2633.9,2639.52,28.118990000000004,1625340599999,74196.5645513,269,12.467369999999999,32910.9592857,0
2021-07-03 19:30:00,2638.15,2647.92,2636.94,2647.34,29.11165,1625342399999,76930.01767110001,260,12.29042,32476.2600542,0
2021-07-03 20:00:00,2644.64,2665.68,2640.79,2661.28,77.53134,1625344199999,205878.3729894,401,31.98617,84946.7105997,0
2021-07-03 20:30:00,2661.93,2664.65,2642.7,2656.78,46.931509999999996,1625345999999,124467.1062826,351,20.9919,55695.635838199996,0
2021-07-03 21:00:00,2653.23,2663.64,2643.41,2663.64,49.45164000000001,1625347799999,131417.775578,284,28.150129999999997,74814.7641165,0
2021-07-03 21:30:00,2663.63,2679.47,2634.78,2639.07,146.73343,1625349599999,391483.9257009,899,60.918659999999996,162520.0160703,0
2021-07-03 22:00:00,2637.91,2644.99,2612.74,2616.19,70.13861,1625351399999,184589.55239529998,531,33.70585,88864.8394771,0
2021-07-03 22:30:00,2615.26,2630.0,2608.31,2626.42,79.45448,1625353199999,207987.328748,698,38.29454000000001,100294.7917576,0
2021-07-03 23:00:00,2627.17,2627.29,2593.18,2602.67,141.99808000000004,1625354999999,369930.02011959994,774,47.11957,122698.5347579,0
2021-07-03 23:30:00,2601.07,2641.6,2601.07,2639.23,47.15807,1625356799999,123861.2286957,331,26.053729999999998,68441.3951429,0
2021-07-04 00:00:00,2639.57,2641.39,2617.95,2631.44,27.15635,1625358599999,71393.3773838,257,12.973989999999999,34114.4909652,0
2021-07-04 00:30:00,2629.98,2633.6,2604.33,2606.68,38.08076,1625360399999,99644.07567050001,256,11.60004,30382.2690223,0
2021-07-04 01:00:00,2607.64,2613.41,2580.16,2586.9,65.66808,1625362199999,170245.143845,544,25.58183,66349.1947683,0
2021-07-04 01:30:00,2586.53,2589.98,2572.43,2576.11,57.90659,1625363999999,149404.30733520002,437,14.85854,38347.232889499996,0
2021-07-04 02:00:00,2576.24,2607.11,2572.47,2607.11,101.57309000000001,1625365799999,263439.52189629996,782,36.40995,94477.4129174,0
2021-07-04 02:30:00,2607.85,2627.04,2606.02,2617.44,98.86379000000001,1625367599999,258813.4489593,623,46.94832,122901.00814330002,0
2021-07-04 03:00:00,2615.92,2625.56,2613.12,2620.39,18.42556,1625369399999,48238.0070195,186,10.20776,26718.6776365,0
2021-07-04 03:30:00,2620.37,2621.81,2607.68,2608.77,26.94027,1625371199999,70441.7410227,276,9.10735,23827.383741999998,0
2021-07-04 04:00:00,2607.69,2629.22,2607.32,2622.66,36.13479,1625372999999,94783.6127981,261,20.86551,54744.9951286,0
2021-07-04 04:30:00,2623.24,2635.12,2621.07,2631.99,34.43378,1625374799999,90585.2901256,360,23.1874,60998.54731619999,0
2021-07-04 05:00:00,2631.9,2642.51,2626.58,2634.42,25.687479999999997,1625376599999,67668.66646240001,207,15.24862,40179.73871190001,0
2021-07-04 05:30:00,2637.43,2703.12,2637.43,2690.22,163.15947,1625378399999,436859.174714,1518,96.75739,259103.7740289,0
2021-07-04 06:00:00,2692.62,2703.22,2684.08,2686.46,69.32735,1625380199999,186625.7657299,507,41.37108,111398.439661,0
2021-07-04 06:30:00,2688.19,2728.57,2687.14,2725.01,101.23825,1625381999999,274399.4485271,1046,44.58875,120874.71672289999,0
2021-07-04 07:00:00,2726.93,2740.06,2718.11,2736.61,70.47205,1625383799999,192343.91686260002,671,29.98679000000001,81910.3804139,0
2021-07-04 07:30:00,2737.02,2777.75,2727.35,2773.47,228.16494,1625385599999,629126.0890725,1441,109.7733,302626.5781539,0
2021-07-04 08:00:00,2773.82,2789.1,2762.0,2763.15,239.84862999999999,1625387399999,665983.4032697,1189,83.22456,231168.98820310002,0
2021-07-04 08:30:00,2763.56,2789.38,2763.16,2784.34,201.50988999999998,1625389199999,559621.2780611,937,89.47667,248425.9311681,0
2021-07-04 09:00:00,2784.34,2789.58,2770.57,2782.72,184.79686,1625390999999,513565.5879618,1000,77.42865,215194.42561070004,0
2021-07-04 09:30:00,2781.9,2783.73,2765.75,2773.76,98.7252,1625392799999,273870.7695179,750,51.0166,141560.53321720002,0
2021-07-04 10:00:00,2774.21,2807.74,2769.17,2807.73,135.68988000000002,1625394599999,378189.74924259994,1137,84.23989,234778.24335760003,0
2021-07-04 10:30:00,2806.58,2838.48,2804.15,2814.62,311.10122,1625396399999,877109.2854568001,2131,164.50266000000005,464033.8681491001,0
2021-07-04 11:00:00,2815.76,2819.7,2793.86,2799.9,97.90906,1625398199999,274431.2768529,649,51.27263,143759.6157374,0
2021-07-04 11:30:00,2799.9,2841.42,2794.58,2831.27,200.16815,1625399999999,563155.9950311999,1237,130.16823,366303.5242777,0
2021-07-04 12:00:00,2832.75,2838.0,2796.29,2804.13,105.54361999999999,1625401799999,297333.4159599001,827,54.93229,154775.3309581,0
2021-07-04 12:30:00,2803.61,2809.49,2769.94,2777.15,120.97572,1625403599999,337549.3739036,878,47.77934000000001,133412.79769230002,0
2021-07-04 13:00:00,2775.88,2815.36,2774.39,2795.98,174.67005,1625405399999,488593.6257295,935,113.73456999999999,318221.95335,0
2021-07-04 13:30:00,2796.94,2803.65,2780.36,2784.66,28.12495,1625407199999,78547.2628126,225,13.858410000000001,38716.704178199994,0
2021-07-04 14:00:00,2787.75,2811.78,2780.5,2799.01,69.96724,1625408999999,195933.9940283,516,33.38578,93540.57538360001,0
2021-07-04 14:30:00,2799.3,2815.0,2794.93,2809.37,67.19,1625410799999,188656.623544,709,43.53591,122282.76200290001,0
2021-07-04 15:00:00,2809.87,2819.0,2797.86,2803.08,56.41698,1625412599999,158455.0841134,313,26.04477,73198.5190093,0
2021-07-04 15:30:00,2805.34,2830.0,2802.54,2820.35,181.66933,1625414399999,512737.9418564,1126,93.17599,263020.2575406,0
2021-07-04 16:00:00,2821.07,2849.55,2809.97,2846.81,160.87218000000001,1625416199999,455371.0806955,1123,60.98203,172833.9535891,0
2021-07-04 16:30:00,2849.44,2849.99,2823.07,2828.95,64.28827,1625417999999,182491.1874344,629,27.626379999999997,78444.36926,0
2021-07-04 17:00:00,2827.58,2883.29,2818.0,2872.76,182.28481000000002,1625419799999,520409.0769816,1572,119.64916000000001,341512.5712276,0
2021-07-04 17:30:00,2873.24,2873.8,2856.68,2859.95,98.10641,1625421599999,281177.9808018,705,52.79861,151299.0012141,0
2021-07-04 18:00:00,2861.99,2861.99,2838.8,2852.1,49.44374000000001,1625423399999,140838.32883020001,338,22.372870000000002,63732.4696531,0
2021-07-04 18:30:00,2851.11,2860.2,2840.84,2844.66,33.21411,1625425199999,94670.92544460001,332,16.85331,48045.9170462,0
2021-07-04 19:00:00,2847.24,2865.01,2843.41,2847.98,56.67791,1625426999999,161655.3176429,417,25.998639999999998,74184.6868235,0
2021-07-04 19:30:00,2847.98,2873.3,2846.43,2863.31,98.95682,1625428799999,283056.37805420003,477,63.396469999999994,181405.09019120003,0
2021-07-04 20:00:00,2863.31,2863.32,2835.68,2845.97,55.98344,1625430599999,159113.449575,329,19.441979999999997,55251.053849,0
2021-07-04 20:30:00,2845.97,2862.5,2845.8,2859.0,54.94716999999999,1625432399999,156978.9240684,263,26.36957,75323.61880930001,0
2021-07-04 21:00:00,2858.98,2879.99,2846.82,2873.03,63.89978000000001,1625434199999,183195.4477698,440,37.65003,107946.6513177,0
2021-07-04 21:30:00,2871.7,2899.46,2870.22,2888.34,105.78621000000001,1625435999999,305542.5585624,1349,57.3525,165670.40133259998,0
2021-07-04 22:00:00,2886.78,2906.3,2870.81,2872.88,101.6987,1625437799999,293881.4264319,817,56.22152,162545.90563760002,0
2021-07-04 22:30:00,2874.17,2874.17,2823.66,2830.2,114.641,1625439599999,326395.3345593,894,46.63275,132676.5355189,0
2021-07-04 23:00:00,2832.07,2834.56,2810.09,2826.41,92.00036999999999,1625441399999,259610.666319,736,46.47295,131118.96596230002,0
2021-07-04 23:30:00,2827.25,2836.84,2795.78,2803.29,92.38355,1625443199999,259564.25347720002,664,30.4396,85551.07102789999,0
2021-07-05 00:00:00,2797.46,2799.78,2768.68,2780.4,169.04298,1625444999999,470168.02736199996,1021,82.07146999999998,228370.768922,0
2021-07-05 00:30:00,2780.51,2796.06,2766.88,2769.47,79.85207,1625446799999,221827.4768565,757,40.63896,112972.6835914,0
2021-07-05 01:00:00,2766.76,2786.55,2741.9,2743.64,85.28242,1625448599999,235868.76514099998,725,37.26774,103193.6018702,0
2021-07-05 01:30:00,2742.19,2753.8,2725.53,2730.55,91.84438,1625450399999,251597.4031429,670,60.934219999999996,166930.1578668,0
2021-07-05 02:00:00,2730.55,2738.88,2711.86,2724.01,70.56367,1625452199999,192385.53997009998,897,39.69101,108284.08471160002,0
2021-07-05 02:30:00,2718.35,2730.92,2695.61,2706.6,53.48389,1625453999999,144970.7438387,518,20.0718,54430.39343890001,0
2021-07-05 03:00:00,2708.53,2736.58,2691.09,2729.91,132.97321000000002,1625455799999,361981.0584865,921,51.70574000000001,140626.6026184,0
2021-07-05 03:30:00,2730.9,2737.78,2713.95,2728.58,180.60721999999998,1625457599999,492756.0377646,1100,52.40412,143039.93011220006,0
2021-07-05 04:00:00,2728.58,2735.47,2704.9,2731.86,62.79983000000001,1625459399999,170856.3141136,407,28.956879999999998,78837.0944798,0
2021-07-05 04:30:00,2734.86,2750.28,2719.63,2726.51,80.18372,1625461199999,219478.7627808,623,40.38301,110599.71571670001,0
2021-07-05 05:00:00,2725.04,2745.5,2721.76,2723.76,48.107009999999995,1625462999999,131343.3985794,230,21.03646,57447.3450784,0
2021-07-05 05:30:00,2721.79,2755.48,2720.0,2753.41,76.6777,1625464799999,210121.2646228,442,53.94274,147862.39678070002,0
2021-07-05 06:00:00,2751.53,2765.0,2729.71,2753.31,84.63571,1625466599999,232778.0500799,696,31.3414,86223.5765041,0
2021-07-05 06:30:00,2753.41,2778.56,2748.96,2777.32,77.59664000000002,1625468399999,214651.5221105,450,48.70715,134703.0096964,0
2021-07-05 07:00:00,2776.11,2777.03,2732.07,2734.2,97.87676,1625470199999,270021.4161998,626,47.99485,132488.6267101,0
2021-07-05 07:30:00,2734.26,2754.08,2732.87,2746.66,63.013169999999995,1625471999999,172804.86443679998,439,25.36499,69598.8328058,0
2021-07-05 08:00:00,2746.72,2758.16,2734.06,2735.0,42.27918,1625473799999,115958.55912939999,335,16.15214,44351.3991434,0
2021-07-05 08:30:00,2735.83,2748.37,2728.61,2743.94,36.99191,1625475599999,101335.37719530001,229,13.442620000000002,36845.9154509,0
2021-07-05 09:00:00,2741.0,2765.69,2741.0,2762.83,43.78171,1625477399999,120767.10429070001,248,23.668429999999997,65267.96563280001,0
2021-07-05 09:30:00,2765.69,2765.69,2751.97,2757.29,27.007379999999998,1625479199999,74487.4181501,213,11.57599,31922.477978900002,0
2021-07-05 10:00:00,2754.22,2799.47,2752.76,2795.87,65.90261,1625480999999,183335.3500171,534,35.0202,97370.8413774,0
2021-07-05 10:30:00,2795.78,2823.68,2790.58,2812.81,119.69816000000002,1625482799999,336469.6554102,884,74.5868,209704.345196,0
2021-07-05 11:00:00,2811.55,2812.07,2709.91,2721.28,185.85326,1625484599999,512484.8891844,1300,78.34724,216534.44848850003,0
2021-07-05 11:30:00,2720.92,2727.51,2632.09,2645.18,486.75638,1625486399999,1306742.8477603998,2828,217.4578,583851.2863062,0
2021-07-05 12:00:00,2646.01,2670.35,2638.41,2658.93,134.50988999999998,1625488199999,357490.30809259997,851,55.30084,146959.0762244,0
2021-07-05 12:30:00,2658.93,2672.0,2652.38,2668.0,60.09059,1625489999999,160158.98728779994,422,32.64346,87010.6589902,0
2021-07-05 13:00:00,2668.7,2697.85,2667.33,2695.88,104.78774,1625491799999,281667.4996959,515,55.117909999999995,148205.5353467,0
2021-07-05 13:30:00,2697.31,2714.0,2689.43,2706.37,77.18333,1625493599999,208574.7403288,517,45.476240000000004,122930.76919789998,0
2021-07-05 14:00:00,2704.9,2718.98,2691.92,2695.23,80.71517,1625495399999,218493.1030394,499,50.40579,136453.7267212,0
2021-07-05 14:30:00,2693.69,2719.34,2685.47,2716.32,56.41666,1625497199999,152439.0919677,548,28.133440000000004,76012.493925,0
2021-07-05 15:00:00,2716.31,2716.32,2694.69,2694.69,43.73532,1625498999999,118222.1613296,334,17.22014,46546.353565900004,0
2021-07-05 15:30:00,2694.67,2719.83,2678.67,2684.96,87.49009000000002,1625500799999,236148.2865113,576,41.96782,113318.3559309,0
2021-07-05 16:00:00,2684.95,2707.53,2678.5,2697.24,62.52326,1625502599999,168643.8419543,451,34.989309999999996,94417.2861665,0
2021-07-05 16:30:00,2698.97,2702.0,2686.0,2690.64,28.040029999999998,1625504399999,75559.06290339999,273,16.18839,43626.9490936,0
2021-07-05 17:00:00,2691.39,2701.04,2680.0,2681.54,29.88338,1625506199999,80355.3659546,316,9.66517,26014.450513699998,0
2021-07-05 17:30:00,2681.54,2705.17,2633.57,2695.01,200.66913,1625507999999,534506.9988302,1545,106.50738,283634.9843558,0
2021-07-05 18:00:00,2698.68,2728.91,2696.62,2721.05,129.3012,1625509799999,351035.2551923,894,65.87366999999999,178841.29312790005,0
2021-07-05 18:30:00,2721.05,2728.77,2710.0,2713.89,52.09854,1625511599999,141581.5850446,367,21.87737000000001,59460.379445700004,0
2021-07-05 19:00:00,2714.17,2756.0,2714.17,2743.48,164.45739,1625513399999,450547.0121082,1139,94.2206,258174.75861879997,0
2021-07-05 19:30:00,2747.13,2802.59,2747.13,2776.63,188.09497,1625515199999,522425.44990939996,1234,108.57088999999999,301719.46131020004,0
2021-07-05 20:00:00,2777.12,2789.97,2740.83,2752.19,115.92374,1625516999999,320391.17940069997,669,44.09885,121916.16498339998,0
2021-07-05 20:30:00,2755.08,2765.37,2739.01,2753.01,131.9681,1625518799999,363336.1305185,665,51.05324,140473.14251879998,0
2021-07-05 21:00:00,2753.53,2779.51,2753.53,2777.89,60.204269999999994,1625520599999,166671.9565891,381,22.24781,61580.4381351,0
2021-07-05 21:30:00,2778.11,2794.79,2773.97,2785.66,87.72058,1625522399999,244136.5656651,454,35.71167,99427.16787430001,0
2021-07-05 22:00:00,2785.85,2801.94,2777.0,2796.01,87.34603,1625524199999,243504.65126420002,556,51.09531,142451.353836,0
2021-07-05 22:30:00,2797.45,2798.93,2778.19,2790.65,65.70478,1625525999999,183361.8757439,513,42.48307,118577.1757792,0
2021-07-05 23:00:00,2789.0,2821.04,2785.9,2785.9,160.05895,1625527799999,448554.13606560003,1290,89.99606,252291.92343060003,0
2021-07-05 23:30:00,2786.05,2788.78,2745.11,2745.11,98.48814,1625529599999,272630.12061539997,880,36.22822,100332.5181246,0
2021-07-06 00:00:00,2749.14,2784.6,2742.27,2775.9,86.15261,1625531399999,238098.9135338,630,50.40597,139340.7437988,0
2021-07-06 00:30:00,2775.9,2823.95,2766.68,2809.42,132.8611,1625533199999,373395.9900118,904,66.75905,187434.4085345,0
2021-07-06 01:00:00,2809.78,2819.39,2780.44,2796.5,50.00803,1625534999999,140027.342065,399,22.30866,62546.472647899995,0
2021-07-06 01:30:00,2797.25,2805.32,2783.79,2783.79,35.89563,1625536799999,100409.4368125,314,12.66961,35446.679971599995,0
2021-07-06 02:00:00,2783.7,2796.76,2767.82,2781.16,63.32343,1625538599999,175947.8682045,352,41.0247,113946.3067632,0
2021-07-06 02:30:00,2780.88,2833.39,2778.35,2824.1,127.77403000000001,1625540399999,359088.7952739001,927,79.01796999999998,222140.4153322,0
2021-07-06 03:00:00,2822.09,2844.14,2808.74,2841.68,140.2084,1625542199999,395992.9073905,1038,81.55723,230385.05498400002,0
2021-07-06 03:30:00,2843.07,2843.07,2823.14,2839.52,170.27196,1625543999999,482670.12610299996,716,90.77683,257302.15415170003,0
2021-07-06 04:00:00,2840.49,2957.48,2840.04,2937.91,667.07415,1625545799999,1943814.8225049998,4791,399.57446,1162880.0695469999,0
2021-07-06 04:30:00,2938.09,2985.78,2926.65,2954.43,328.5435700000001,1625547599999,970181.0379733,2674,173.92109,513798.96565409994,0
2021-07-06 05:00:00,2955.88,2993.67,2951.37,2962.07,338.6044100000001,1625549399999,1007351.9650929001,2225,146.85858000000005,437099.7119608,0
2021-07-06 05:30:00,2962.97,2999.0,2962.97,2985.61,187.15768,1625551199999,558176.8799135,1699,106.65631,318198.77499299997,0
2021-07-06 06:00:00,2988.27,3006.85,2964.6,2988.66,185.17224,1625552999999,553588.6542007,1174,85.94059,256832.8021634,0
2021-07-06 06:30:00,2984.93,3002.23,2980.62,2992.35,103.26585,1625554799999,309019.070896,695,50.63586,151576.3036146,0
2021-07-06 07:00:00,2993.93,3015.37,2986.73,2991.38,121.59713,1625556599999,364994.9871939,947,64.74144,194516.60716560003,0
2021-07-06 07:30:00,2992.29,3021.72,2989.85,3013.12,114.03556,1625558399999,342975.4434896,979,52.89338000000001,159178.23061120007,0
2021-07-06 08:00:00,3014.13,3062.92,3004.88,3052.88,359.60699999999997,1625560199999,1089757.3641575,2088,219.64123999999998,665898.7598620999,0
2021-07-06 08:30:00,3055.62,3058.14,3021.84,3049.48,175.35783,1625561999999,532678.1690967999,1258,95.33976,289605.6313507,0
2021-07-06 09:00:00,3049.36,3052.22,2915.94,2936.77,529.12761,1625563799999,1567540.1660635,3093,222.42309,658790.1068669001,0
2021-07-06 09:30:00,2936.63,2996.96,2930.57,2996.96,243.12561000000002,1625565599999,720899.3073867,1579,146.60811999999999,434919.4654561,0
2021-07-06 10:00:00,2994.47,2996.16,2938.0,2957.31,175.39338999999995,1625567399999,519564.26293029997,1325,96.29566,285587.8068876,0
2021-07-06 10:30:00,2958.24,2976.29,2938.29,2951.77,104.65994,1625569199999,309394.2561379,662,59.2865,175403.75951729994,0
2021-07-06 11:00:00,2952.97,2974.09,2933.16,2958.42,101.20770999999999,1625570999999,298984.7330994001,675,53.92131,159405.7794947,0
2021-07-06 11:30:00,2960.14,3036.19,2949.81,3016.62,198.0264,1625572799999,595585.3842249,1587,132.08333000000002,397036.23939370003,0
2021-07-06 12:00:00,3015.86,3063.0,2978.58,3052.28,340.1689,1625574599999,1031195.8017212,2506,190.23018000000002,577699.4526822,0
2021-07-06 12:30:00,3052.98,3105.58,3042.97,3078.03,372.06289,1625576399999,1145636.5923818,2543,208.28793000000002,641236.2512606,0
2021-07-06 13:00:00,3080.42,3094.18,3053.32,3058.84,147.05499,1625578199999,451630.34268129995,1036,75.70798,232569.28499400002,0
2021-07-06 13:30:00,3057.93,3057.93,3000.01,3034.92,170.9058,1625579999999,518100.4418620999,1577,64.81024000000001,196594.26329889998,0
2021-07-06 14:00:00,3034.9,3043.94,3005.27,3012.89,123.27198999999999,1625581799999,372656.8160718,866,66.53927,201207.4450974,0
2021-07-06 14:30:00,3012.89,3024.33,3011.31,3021.67,84.04114,1625583599999,253685.65571279998,724,36.9816,111660.2669746,0
2021-07-06 15:00:00,3019.62,3019.62,2978.05,2990.79,160.58659,1625585399999,480623.099512,1190,64.05714,191690.2024481,0
2021-07-06 15:30:00,2989.32,2998.2,2960.63,2972.39,132.59963,1625587199999,395724.4924765,868,51.25851,152958.4197804,0
2021-07-06 16:00:00,2972.0,2985.19,2920.7,2931.5,240.40579,1625588999999,708700.9207598,1527,84.7583,250151.8667809,0
2021-07-06 16:30:00,2931.32,2935.79,2902.54,2931.32,228.07769,1625590799999,665455.4760345,1500,107.49238999999999,313539.29391029995,0
2021-07-06 17:00:00,2932.0,2937.45,2870.6,2901.96,456.70453,1625592599999,1327883.0868874,2803,233.6138,679670.2855624,0
2021-07-06 17:30:00,2902.05,2910.31,2874.26,2889.54,193.82842,1625594399999,560307.11527,1360,78.25461,226351.0073428,0
2021-07-06 18:00:00,2889.51,2890.63,2861.99,2869.95,193.37839,1625596199999,556300.8299691,1355,94.81984,272828.1549497,0
2021-07-06 18:30:00,2871.84,2878.54,2826.01,2830.91,282.46448,1625597999999,806840.1150125,1827,90.37398,258129.82581100002,0
2021-07-06 19:00:00,2829.8,2836.82,2810.0,2820.53,277.74584,1625599799999,784206.3100548,1470,138.02877,389884.265596,0
2021-07-06 19:30:00,2820.69,2825.06,2810.01,2813.31,186.442,1625601599999,525516.7745861,957,84.53269,238330.6004068,0
2021-07-06 20:00:00,2813.95,2824.94,2780.06,2780.61,504.07095999999996,1625603399999,1411786.6227032,1948,157.75466,441562.06935939996,0
2021-07-06 20:30:00,2780.0,2781.44,2736.82,2778.0,408.62741,1625605199999,1127495.025103,2451,197.7902,546007.6354481,0
2021-07-06 21:00:00,2776.18,2779.6,2755.7,2768.72,191.185,1625606999999,529480.2481296,894,109.89106000000001,304332.9533128,0
2021-07-06 21:30:00,2768.71,2778.59,2736.88,2754.99,94.80508,1625608799999,261609.39002929998,541,37.16626,102509.48706799999,0
2021-07-06 22:00:00,2752.91,2773.74,2745.19,2763.59,181.18046,1625610599999,499860.09738079994,1137,105.50303999999998,290964.1501723,0
2021-07-06 22:30:00,2763.19,2773.03,2740.02,2741.38,135.55958,1625612399999,374220.893685,651,87.99221999999996,243115.92713000003,0
2021-07-06 23:00:00,2740.01,2747.03,2725.29,2730.29,221.88776000000001,1625614199999,607270.1241861,1349,101.18458000000001,276991.37198379997,0
2021-07-06 23:30:00,2728.33,2755.21,2726.01,2745.1,162.60577,1625615999999,445491.8574413,965,74.85323000000002,205119.4408066,0
2021-07-07 00:00:00,2745.79,2805.05,2738.24,2760.87,320.54708,1625617799999,890727.4841442,1962,186.2889,517814.3983219,0
2021-07-07 00:30:00,2758.98,2788.85,2732.62,2777.8,162.87746,1625619599999,450598.7031141,1323,102.58154,283777.73821700003,0
2021-07-07 01:00:00,2777.8,2816.98,2775.8,2812.65,122.03376999999999,1625621399999,341547.79248470004,876,62.744659999999996,175501.2733865,0
2021-07-07 01:30:00,2812.64,2818.18,2775.0,2789.23,183.87487,1625623199999,512956.23230890004,819,106.50258000000001,296921.5767639001,0
2021-07-07 02:00:00,2789.12,2805.43,2777.89,2778.88,100.17841,1625624999999,279838.650047,455,66.42546999999999,185577.39722400001,0
2021-07-07 02:30:00,2778.56,2822.91,2778.56,2820.3,155.81542,1625626799999,436661.87078709994,838,93.66211,262543.7856294,0
2021-07-07 03:00:00,2819.91,2851.67,2816.55,2846.3,199.47013,1625628599999,565742.4864048001,1266,65.13975,184727.21562970002,0
2021-07-07 03:30:00,2848.74,2873.49,2843.53,2847.83,209.05221,1625630399999,597657.8142512,1271,98.79934,282556.5093928,0
2021-07-07 04:00:00,2847.59,2880.0,2834.61,2869.52,218.23561,1625632199999,622292.4258627,1266,101.20959,288658.634012,0
2021-07-07 04:30:00,2871.74,2898.21,2870.07,2895.0,82.61796,1625633999999,238126.60786259998,763,38.74112,111712.160069,0
2021-07-07 05:00:00,2895.46,2897.96,2870.0,2884.08,119.65786000000001,1625635799999,345225.1649799,1155,51.51996,148634.5336111,0
2021-07-07 05:30:00,2883.27,2911.28,2877.45,2904.25,83.81331,1625637599999,242721.8155303,749,44.21158,128094.6911411,0
2021-07-07 06:00:00,2907.51,2914.1,2880.34,2899.79,130.00832,1625639399999,376483.08475309995,721,72.2702,209237.62058579997,0
2021-07-07 06:30:00,2902.24,2913.99,2888.08,2897.93,82.78267,1625641199999,240178.86623,558,46.04721,133585.0702002,0
2021-07-07 07:00:00,2903.51,2903.96,2872.71,2880.61,128.85034,1625642999999,372198.1421033,720,76.64243,221342.6091869,0
2021-07-07 07:30:00,2881.14,2898.33,2843.25,2863.05,195.45151,1625644799999,561338.6609546,1100,102.79265,295236.4502625,0
2021-07-07 08:00:00,2865.45,2898.56,2858.63,2865.98,104.4019,1625646599999,300382.3957112,747,40.34695,116134.0127792,0
2021-07-07 08:30:00,2864.41,2886.68,2850.5,2873.91,159.03145,1625648399999,456166.7914681,769,48.44775,139080.8347536,0
2021-07-07 09:00:00,2876.86,2885.42,2858.0,2867.44,79.65844,1625650199999,228456.6004427,503,32.592890000000004,93506.6198032,0
2021-07-07 09:30:00,2868.39,2895.97,2864.28,2870.52,41.30129,1625651999999,118950.1267448,335,24.70564,71141.8836941,0
2021-07-07 10:00:00,2876.24,2879.87,2835.4,2853.95,108.02336000000001,1625653799999,308005.2523502,667,47.69061,136012.35928210002,0
2021-07-07 10:30:00,2854.64,2877.36,2852.97,2867.31,48.15629000000001,1625655599999,138112.92297870002,363,26.62088,76350.0373599,0
2021-07-07 11:00:00,2867.31,2889.73,2853.78,2880.28,60.55044,1625657399999,174145.4698486,378,27.00323,77629.6776347,0
2021-07-07 11:30:00,2880.02,2885.18,2868.9,2879.4,60.88228,1625659199999,175259.1835815,541,29.52613,85018.7255242,0
2021-07-07 12:00:00,2880.99,2885.35,2868.64,2873.96,68.69532,1625660999999,197628.15868599998,571,26.40585,75965.134369,0
2021-07-07 12:30:00,2871.71,2890.61,2866.7,2890.61,78.48146,1625662799999,225885.78718579997,559,34.207370000000004,98496.3129728,0
2021-07-07 13:00:00,2891.43,2895.46,2876.82,2887.96,64.7638,1625664599999,186817.852182,519,40.83928,117831.86862869999,0
2021-07-07 13:30:00,2887.96,2910.8,2884.56,2907.2,122.12867,1625666399999,353636.1046059,919,83.47188,241763.31773049998,0
2021-07-07 14:00:00,2907.33,2915.0,2891.6,2892.87,77.93115999999998,1625668199999,226104.9723669,627,39.85066,115652.44561460002,0
2021-07-07 14:30:00,2894.56,2901.57,2864.2,2869.25,280.35505,1625669999999,808825.3839649998,1551,179.46893,517834.9410156,0
2021-07-07 15:00:00,2869.26,2884.6,2857.36,2860.51,91.26801999999999,1625671799999,261787.40882490002,493,50.420159999999996,144660.4962636,0
2021-07-07 15:30:00,2861.5,2861.5,2833.02,2855.21,112.37723000000001,1625673599999,319880.9576493,746,48.46235,138006.89545070002,0
2021-07-07 16:00:00,2855.92,2878.77,2843.12,2875.02,70.04943,1625675399999,200422.7633825,506,32.39223,92682.3064472,0
2021-07-07 16:30:00,2874.81,2893.95,2867.82,2887.01,81.22705,1625677199999,234280.792855,562,40.36146,116437.02599119999,0
2021-07-07 17:00:00,2884.2,2889.25,2875.54,2881.07,38.571979999999996,1625678999999,111200.31872550001,322,18.28075,52718.2472021,0
2021-07-07 17:30:00,2880.83,2900.0,2875.85,2889.03,94.06715,1625680799999,271937.69493710005,579,51.560959999999994,149068.3307366,0
2021-07-07 18:00:00,2889.04,2912.0,2880.9,2903.87,77.40168,1625682599999,224761.12532360002,645,36.67569,106479.4315822,0
2021-07-07 18:30:00,2903.87,2910.8,2895.23,2897.89,53.18212,1625684399999,154473.75673229998,459,20.71854,60212.4027998,0
2021-07-07 19:00:00,2897.89,2912.0,2891.47,2907.0,47.45776,1625686199999,137699.6093529,423,26.11371,75775.4169788,0
2021-07-07 19:30:00,2906.34,2913.74,2882.48,2912.53,174.76791,1625687999999,506940.64938129997,799,65.59725,190490.93800029997,0
2021-07-07 20:00:00,2911.03,2939.5,2905.67,2931.83,194.54388,1625689799999,568676.185639,1459,112.00647,327588.7890482,0
2021-07-07 20:30:00,2933.44,2933.44,2909.43,2912.65,85.56925,1625691599999,249802.84459110003,518,49.85425,145583.8204981,0
2021-07-07 21:00:00,2913.43,2913.91,2874.33,2882.1,64.49401999999999,1625693399999,186720.24294489998,543,28.519809999999996,82532.1775024,0
2021-07-07 21:30:00,2881.53,2894.87,2864.03,2887.93,69.19360999999999,1625695199999,199232.4852988,435,31.985540000000004,92154.83650860001,0
2021-07-07 22:00:00,2885.51,2892.11,2857.15,2889.48,44.88838,1625696999999,129194.1887849,413,20.31739,58445.6548354,0
2021-07-07 22:30:00,2886.58,2887.26,2840.0,2855.53,175.42228,1625698799999,500545.4572509,891,103.34378000000001,294857.4589578,0
2021-07-07 23:00:00,2857.27,2860.64,2813.79,2834.74,209.92712999999998,1625700599999,595480.06895,1497,113.11385,320925.6584741,0
2021-07-07 23:30:00,2828.89,2871.56,2825.71,2862.71,137.29626000000002,1625702399999,391385.1224366,656,76.10589,217117.08621739998,0
2021-07-08 00:00:00,2861.68,2867.98,2794.0,2800.36,142.67395,1625704199999,404151.09668009996,1092,62.106,176169.69488229995,0
2021-07-08 00:30:00,2800.46,2807.27,2768.8,2771.66,103.51505999999999,1625705999999,288488.3603211,867,35.4699,98956.33242389999,0
2021-07-08 01:00:00,2769.28,2824.35,2763.31,2795.28,92.8562,1625707799999,260449.80769820005,687,51.04827,143164.8053346,0
2021-07-08 01:30:00,2792.01,2820.41,2781.66,2796.97,66.43104,1625709599999,185840.53129020002,415,30.164140000000003,84331.6099987,0
2021-07-08 02:00:00,2794.94,2794.94,2772.01,2777.06,108.92602,1625711399999,303066.45173070004,787,40.95357,113986.945035,0
2021-07-08 02:30:00,2773.01,2788.49,2767.21,2788.49,30.36679,1625713199999,84312.324869,230,15.913889999999999,44176.2894304,0
2021-07-08 03:00:00,2788.14,2788.14,2720.32,2747.12,131.72822,1625714999999,361974.23175,1063,41.34249000000001,113573.96909530001,0
2021-07-08 03:30:00,2748.04,2784.12,2740.98,2751.26,84.96925999999998,1625716799999,234915.9243031,638,41.94474,116114.4113851,0
2021-07-08 04:00:00,2741.29,2744.76,2720.81,2721.84,87.9701,1625718599999,240454.67552860003,535,33.1204,90521.308562,0
2021-07-08 04:30:00,2723.75,2746.97,2710.3,2746.72,80.02116,1625720399999,218502.60207129997,473,40.74962,111312.9356915,0
2021-07-08 05:00:00,2743.86,2760.71,2713.33,2727.71,61.162259999999996,1625722199999,167619.9280015,399,25.79949,70667.9854548,0
2021-07-08 05:30:00,2727.57,2738.77,2691.96,2694.6,63.31675,1625723999999,171715.15339000002,577,32.5855,88454.9919082,0
2021-07-08 06:00:00,2691.98,2757.49,2686.89,2737.2,163.71397,1625725799999,447178.08810419997,950,86.44295,236253.30035799998,0
2021-07-08 06:30:00,2734.77,2738.17,2696.69,2703.49,52.52316,1625727599999,142540.16028450002,420,24.60154,66818.5454971,0
2021-07-08 07:00:00,2706.58,2732.56,2681.05,2685.8,98.01985,1625729399999,265154.0153547,762,40.56632000000001,109714.54158870001,0
2021-07-08 07:30:00,2683.76,2686.12,2618.11,2649.8,286.17604,1625731199999,760147.2849875,2060,116.54336,309548.8972,0
2021-07-08 08:00:00,2647.17,2664.39,2613.55,2630.38,131.58123,1625732999999,346849.31253,819,63.61643,167678.37227320002,0
2021-07-08 08:30:00,2633.35,2684.74,2627.0,2672.81,157.39524,1625734799999,417864.8447193,810,106.14251000000002,281987.9459071,0
2021-07-08 09:00:00,2675.4,2692.99,2650.13,2667.04,268.97076,1625736599999,720066.0342229998,1141,161.99168,433776.354834,0
2021-07-08 09:30:00,2664.17,2687.98,2649.55,2657.11,92.51148,1625738399999,247016.85959370004,629,51.72614,138172.46815670002,0
2021-07-08 10:00:00,2655.32,2676.14,2647.31,2672.16,41.759190000000004,1625740199999,111257.39762799999,329,19.23977,51257.6097898,0
2021-07-08 10:30:00,2668.95,2685.03,2637.73,2639.15,49.10235,1625741999999,130916.9649464,354,22.7622,60703.888567999995,0
2021-07-08 11:00:00,2637.83,2637.86,2593.6,2619.61,152.74182,1625743799999,399000.9506243,1166,67.5098,176295.63938620003,0
2021-07-08 11:30:00,2619.62,2645.05,2616.68,2638.43,145.64899,1625745599999,383288.400985,770,71.8745,189312.67350670003,0
2021-07-08 12:00:00,2638.18,2640.54,2614.7,2634.99,47.78579000000001,1625747399999,125510.93914549999,362,22.408720000000002,58876.6917359,0
2021-07-08 12:30:00,2637.49,2664.41,2627.47,2635.52,49.46141,1625749199999,131055.19551670001,298,24.88658,65979.92540240001,0
2021-07-08 13:00:00,2633.38,2645.66,2615.91,2618.22,71.93907,1625750999999,189069.3509861,471,36.5346,95973.4920888,0
2021-07-08 13:30:00,2620.71,2625.93,2598.55,2605.94,70.97667,1625752799999,185144.2568256,465,35.35679000000001,92238.6291565,0
2021-07-08 14:00:00,2606.74,2631.33,2601.7,2620.86,34.65779000000001,1625754599999,90761.36094530001,278,18.9301,49590.7853024,0
2021-07-08 14:30:00,2622.97,2636.2,2610.95,2636.2,47.90671,1625756399999,125792.9231943,382,33.18336,87182.3148205,0
2021-07-08 15:00:00,2636.24,2660.5,2618.44,2658.29,68.13991,1625758199999,179962.0917561,546,39.65668,104709.09663180001,0
2021-07-08 15:30:00,2656.94,2680.67,2644.84,2673.52,51.74269,1625759999999,137773.8363572,423,35.23407,93889.6305714,0
2021-07-08 16:00:00,2675.82,2696.57,2666.51,2692.74,181.3141,1625761799999,485224.9694755,838,84.57824000000002,226505.46306500002,0
2021-07-08 16:30:00,2693.03,2698.22,2670.6,2686.79,132.93976,1625763599999,357139.25387009996,697,51.19789,137586.03535129994,0
2021-07-08 17:00:00,2687.12,2708.77,2681.07,2695.84,62.66361,1625765399999,168782.6910195,421,28.08789,75634.72842010001,0
2021-07-08 17:30:00,2694.91,2720.02,2694.68,2708.34,92.27401,1625767199999,250152.7539308,502,46.51644,126044.9001188,0
2021-07-08 18:00:00,2709.96,2714.62,2673.37,2680.6,140.32183,1625768999999,376863.4067454001,582,42.20914000000001,113582.0917328,0
2021-07-08 18:30:00,2682.1,2707.94,2674.94,2701.87,57.04945,1625770799999,153678.13822249998,318,31.47609000000001,84820.5372822,0
2021-07-08 19:00:00,2707.99,2719.81,2681.49,2711.31,90.4634,1625772599999,244150.69370560002,563,47.24702,127537.4474658,0
2021-07-08 19:30:00,2714.15,2721.3,2686.18,2709.46,69.01608,1625774399999,186945.13645750002,475,35.62710999999999,96544.42281889998,0
2021-07-08 20:00:00,2710.97,2717.64,2688.94,2688.94,37.84502,1625776199999,102184.7901494,313,17.99471,48630.0322579,0
2021-07-08 20:30:00,2686.65,2699.08,2663.36,2672.77,61.68943,1625777999999,165264.61576400002,422,29.319340000000004,78596.6911107,0
2021-07-08 21:00:00,2674.25,2703.88,2669.54,2690.82,44.12133,1625779799999,118488.78686069998,374,20.68595,55612.72917940001,0
2021-07-08 21:30:00,2688.81,2691.67,2635.77,2639.15,63.296380000000006,1625781599999,168191.01824,408,23.72334,63100.326549800004,0
2021-07-08 22:00:00,2635.67,2650.18,2604.76,2608.02,131.24227,1625783399999,344460.1106207,779,59.7661,156874.5786473,0
2021-07-08 22:30:00,2609.77,2625.61,2602.82,2617.98,45.88753,1625785199999,119974.0549483,350,16.98726,44451.7852505,0
2021-07-08 23:00:00,2616.41,2664.93,2616.41,2651.42,35.33202,1625786999999,93461.3535385,248,20.56615,54416.0984054,0
2021-07-08 23:30:00,2651.53,2670.51,2636.29,2654.67,30.03114,1625788799999,79807.23879039999,309,18.18531,48347.3666563,0
2021-07-09 00:00:00,2654.52,2656.02,2600.96,2604.65,74.43446999999998,1625790599999,195306.8956297,526,28.106920000000002,73700.0398786,0
2021-07-09 00:30:00,2609.82,2614.89,2570.58,2578.32,88.10246,1625792399999,228067.3319032,850,34.32671,88929.1082416,0
2021-07-09 01:00:00,2580.91,2596.95,2555.99,2574.84,67.51643,1625794199999,173725.6798766,633,36.319309999999994,93500.6203636,0
2021-07-09 01:30:00,2578.02,2589.26,2558.29,2573.09,30.218000000000004,1625795999999,77719.03456310001,248,20.58292,52946.9495242,0
2021-07-09 02:00:00,2574.06,2625.55,2564.08,2616.66,43.9821,1625797799999,113960.03343269999,286,21.03289,54559.630281599995,0
2021-07-09 02:30:00,2614.2,2643.2,2606.42,2640.37,31.339409999999997,1625799599999,82166.4268012,171,17.892210000000006,46910.641823800004,0
2021-07-09 03:00:00,2637.61,2643.09,2627.15,2633.08,37.93944000000001,1625801399999,100033.0892082,188,25.6914,67762.5590208,0
2021-07-09 03:30:00,2640.41,2642.81,2612.77,2627.96,38.89249,1625803199999,102070.4440224,295,11.99506,31483.1529777,0
2021-07-09 04:00:00,2629.21,2669.34,2623.0,2649.82,39.14183,1625804999999,103833.6394808,345,21.12164,55997.23654219999,0
2021-07-09 04:30:00,2648.02,2656.67,2639.95,2654.38,39.059909999999995,1625806799999,103460.1484095,165,23.03255,61022.05950040001,0
2021-07-09 05:00:00,2655.39,2685.1,2655.39,2672.8,55.185430000000004,1625808599999,147629.79954779998,484,27.059459999999998,72428.1118903,0
2021-07-09 05:30:00,2672.54,2679.15,2658.12,2664.01,24.5822,1625810399999,65680.3811132,151,14.152429999999999,37829.2985745,0
2021-07-09 06:00:00,2664.17,2664.22,2629.89,2631.3,33.272529999999996,1625812199999,88021.742975,285,17.151970000000002,45418.856917699995,0
2021-07-09 06:30:00,2627.82,2649.18,2627.45,2640.25,42.40521,1625813999999,111858.14774670001,183,27.82453,73417.2841907,0
2021-07-09 07:00:00,2640.16,2643.37,2623.98,2640.74,15.353589999999999,1625815799999,40421.858713099995,114,10.84901,28535.7633023,0
2021-07-09 07:30:00,2642.13,2645.47,2630.67,2644.21,22.33505,1625817599999,58967.4164627,195,11.832460000000001,31246.0979296,0
2021-07-09 08:00:00,2644.05,2646.2,2597.2,2615.39,53.33978000000001,1625819399999,139552.6021355,298,23.60422,61794.0242201,0
2021-07-09 08:30:00,2616.13,2626.98,2593.59,2594.3,41.957,1625821199999,109296.2001292,301,14.701270000000001,38315.3018465,0
2021-07-09 09:00:00,2596.68,2623.04,2588.48,2623.04,28.210340000000002,1625822999999,73308.45231030001,236,14.94558,38850.1804591,0
2021-07-09 09:30:00,2623.02,2633.09,2600.01,2613.68,41.818909999999995,1625824799999,109440.9159468,279,26.01963,68107.2353256,0
2021-07-09 10:00:00,2613.46,2630.62,2597.5,2615.68,42.52216,1625826599999,111168.3255036,301,24.20528,63273.44630680001,0
2021-07-09 10:30:00,2618.51,2618.89,2601.84,2611.76,23.982689999999998,1625828399999,62630.636063100006,175,14.48712,37846.3928584,0
2021-07-09 11:00:00,2607.68,2609.6,2583.35,2584.06,63.90365,1625830199999,165744.45669720002,411,29.452679999999997,76471.674671,0
2021-07-09 11:30:00,2586.72,2634.16,2586.66,2628.13,187.58183,1625831999999,491469.7681134,1090,112.28967,294174.19029959996,0
2021-07-09 12:00:00,2627.13,2673.45,2623.67,2668.22,209.18436,1625833799999,553770.229255,1293,115.5211,306043.4836264001,0
2021-07-09 12:30:00,2670.79,2697.67,2655.46,2695.81,148.19731000000004,1625835599999,397009.0244312,879,74.91639,200662.6341437,0
2021-07-09 13:00:00,2697.61,2753.15,2691.46,2746.72,137.72175,1625837399999,375724.846503,1033,79.9689,218417.6696568,0
2021-07-09 13:30:00,2749.96,2774.82,2739.4,2745.67,184.96053,1625839199999,510192.12288240006,1301,95.61754,263870.1720114,0
2021-07-09 14:00:00,2745.79,2780.33,2733.08,2760.47,146.48498,1625840999999,404160.0220025,1054,61.3916,169364.360973,0
2021-07-09 14:30:00,2758.78,2800.0,2756.04,2796.09,106.7679,1625842799999,296860.91938000004,688,56.55242,157240.37144970006,0
2021-07-09 15:00:00,2799.96,2820.38,2772.15,2776.53,131.63976,1625844599999,367473.9222109,1018,65.66098000000001,183378.2694941,0
2021-07-09 15:30:00,2776.38,2779.08,2772.17,2774.02,45.32136,1625846399999,125807.1399236,324,19.975929999999998,55461.3105539,0
2021-07-09 16:00:00,2773.72,2782.92,2755.57,2759.48,114.22345,1625848199999,316227.6456683,685,58.98797,163236.7903187,0
2021-07-09 16:30:00,2758.66,2781.54,2757.43,2758.4,44.48438,1625849999999,123173.47004219999,366,16.56181,45848.7031355,0
2021-07-09 17:00:00,2759.03,2767.7,2746.28,2753.37,45.06429,1625851799999,124143.66103039999,431,22.47429,61942.6136332,0
2021-07-09 17:30:00,2751.76,2757.17,2736.87,2739.39,44.02466,1625853599999,120785.26894910002,401,13.880070000000002,38085.6043364,0
2021-07-09 18:00:00,2738.44,2741.61,2716.99,2718.87,48.59364,1625855399999,132547.9138817,425,19.92663,54323.0024087,0
2021-07-09 18:30:00,2716.98,2728.36,2710.21,2711.36,31.252779999999998,1625857199999,84939.625905,317,11.84044,32194.784668299995,0
2021-07-09 19:00:00,2712.27,2720.25,2690.5,2697.9,94.11655999999999,1625858999999,254614.66011929998,524,46.02867,124467.19456230002,0
2021-07-09 19:30:00,2700.38,2714.21,2693.72,2709.44,32.58191,1625860799999,88123.3624865,237,18.85546,51000.44963130001,0
2021-07-09 20:00:00,2710.83,2717.66,2681.45,2686.14,53.524719999999995,1625862599999,144207.1376323,389,15.387789999999999,41430.9064185,0
2021-07-09 20:30:00,2686.78,2699.09,2685.78,2695.51,34.81449,1625864399999,93817.36744660001,268,16.27401,43869.97765340001,0
2021-07-09 21:00:00,2697.84,2697.84,2681.51,2695.97,55.1864,1625866199999,148531.0425567,240,34.75499,93554.4158912,0
2021-07-09 21:30:00,2695.97,2739.91,2695.97,2720.81,216.60295,1625867999999,590603.0825129001,907,101.8359,277288.041923,0
2021-07-09 22:00:00,2721.99,2735.62,2708.08,2735.62,94.05125,1625869799999,255564.55123520002,580,58.0307,157649.25788629998,0
2021-07-09 22:30:00,2733.79,2738.81,2721.5,2731.75,53.39073000000001,1625871599999,145811.2488079,322,25.19621,68817.70099099999,0
2021-07-09 23:00:00,2731.76,2734.3,2707.0,2710.27,74.72499,1625873399999,202944.781652,444,34.86237,94610.74223450001,0
2021-07-09 23:30:00,2713.09,2721.74,2699.61,2707.02,32.486979999999996,1625875199999,88151.6218384,267,15.956079999999998,43289.75116650001,0
2021-07-10 00:00:00,2705.69,2754.59,2702.73,2752.75,42.64501,1625876999999,116717.14444300001,360,17.96644,49205.487293,0
2021-07-10 00:30:00,2753.36,2776.84,2744.26,2748.27,55.401709999999994,1625878799999,152976.939357,564,23.9195,66058.49562100001,0
2021-07-10 01:00:00,2750.0,2754.12,2716.93,2716.93,42.808409999999995,1625880599999,117063.4893184,306,21.39676,58555.96245700001,0
2021-07-10 01:30:00,2717.91,2729.16,2707.91,2708.43,28.93755,1625882399999,78621.8840203,206,14.56166,39612.81701180001,0
2021-07-10 02:00:00,2708.73,2709.23,2688.54,2696.8,66.0045,1625884199999,178131.0126754,472,32.26721,87019.81157739999,0
2021-07-10 02:30:00,2692.22,2704.9,2690.0,2692.73,29.732709999999997,1625885999999,80242.1901548,264,14.94965,40343.3780862,0
2021-07-10 03:00:00,2696.68,2705.89,2684.13,2687.74,48.3656,1625887799999,130281.6693004,266,14.83336,40004.792619199994,0
2021-07-10 03:30:00,2684.82,2705.66,2684.25,2692.36,23.20607,1625889599999,62482.0013311,191,9.84308,26496.4907569,0
2021-07-10 04:00:00,2691.18,2698.56,2683.87,2693.38,15.439060000000001,1625891399999,41556.953946199996,177,7.08755,19078.2499604,0
2021-07-10 04:30:00,2692.42,2700.66,2654.06,2655.29,73.79833,1625893199999,196926.21302470003,515,22.71058,60634.05489470001,0
2021-07-10 05:00:00,2656.0,2672.73,2638.93,2658.03,35.4511,1625894999999,94233.0832008,327,20.32041,54028.0508475,0
2021-07-10 05:30:00,2660.55,2677.97,2659.26,2663.77,93.36314,1625896799999,249250.8691712,267,58.453669999999995,156040.87147610006,0
2021-07-10 06:00:00,2661.17,2667.4,2650.89,2660.47,56.68205,1625898599999,150700.04602439998,288,15.73136,41839.0291429,0
2021-07-10 06:30:00,2660.47,2681.3,2648.23,2677.28,52.74454,1625900399999,140550.5700128,282,24.696270000000002,65851.5626916,0
2021-07-10 07:00:00,2675.3,2675.3,2659.4,2666.98,27.89392,1625902199999,74425.2742855,228,12.02524,32084.3660083,0
2021-07-10 07:30:00,2669.42,2682.95,2665.56,2680.45,20.758010000000002,1625903999999,55520.87204249999,136,10.05414,26878.8048272,0
2021-07-10 08:00:00,2682.94,2696.44,2672.27,2687.32,36.57002,1625905799999,98098.73634710001,255,17.9808,48244.4799242,0
2021-07-10 08:30:00,2685.26,2700.0,2682.49,2689.67,27.25576,1625907599999,73331.1550046,209,17.633020000000005,47454.278332999995,0
2021-07-10 09:00:00,2685.0,2700.5,2681.36,2696.01,52.53272,1625909399999,141565.1692651,216,16.76424,45159.6838435,0
2021-07-10 09:30:00,2695.3,2696.39,2672.13,2677.54,27.97353,1625911199999,75174.9895472,202,16.640279999999994,44758.1145242,0
2021-07-10 10:00:00,2677.54,2683.9,2653.24,2661.85,27.1868,1625912999999,72531.8290787,193,13.87764,37022.6424602,0
2021-07-10 10:30:00,2660.41,2670.59,2646.0,2651.78,21.87433,1625914799999,58032.6921069,155,9.354989999999999,24806.538698199998,0
2021-07-10 11:00:00,2656.63,2671.56,2645.7,2667.62,14.644739999999999,1625916599999,38879.074745699996,109,8.501,22557.1467139,0
2021-07-10 11:30:00,2668.9,2699.65,2666.89,2666.89,69.73047,1625918399999,187322.5136085,422,45.07221,121028.19698780001,0
2021-07-10 12:00:00,2665.88,2685.46,2655.16,2662.18,25.92126,1625920199999,69129.71560660003,162,12.13536,32364.956331,0
2021-07-10 12:30:00,2661.97,2683.46,2661.97,2673.56,31.69834,1625921999999,84619.82092869999,188,11.35539,30314.6767064,0
2021-07-10 13:00:00,2674.0,2684.57,2667.71,2681.65,31.678520000000002,1625923799999,84811.96613169997,217,17.446379999999998,46713.6262195,0
2021-07-10 13:30:00,2675.92,2677.22,2657.21,2661.03,21.58219,1625925599999,57546.424348500004,182,11.038839999999999,29443.84367250001,0
2021-07-10 14:00:00,2661.03,2674.48,2657.2,2671.05,19.9953,1625927399999,53322.74674830001,112,13.030330000000001,34756.619231699995,0
2021-07-10 14:30:00,2674.04,2683.58,2672.73,2678.24,15.04721,1625929199999,40291.8637384,110,9.55032,25583.0338246,0
2021-07-10 15:00:00,2678.54,2685.72,2673.31,2677.0,11.96849,1625930999999,32044.7582047,120,6.23219,16684.1755762,0
2021-07-10 15:30:00,2675.86,2683.85,2662.48,2664.35,26.863590000000002,1625932799999,71810.43245569999,369,20.56458,54977.6911633,0
2021-07-10 16:00:00,2664.58,2697.83,2661.72,2695.64,39.76686,1625934599999,106738.89577799999,394,18.716520000000006,50185.671514300004,0
2021-07-10 16:30:00,2698.87,2700.0,2680.38,2683.5,34.42862,1625936399999,92672.5837385,205,15.932789999999999,42895.6904334,0
2021-07-10 17:00:00,2680.73,2681.88,2610.97,2625.16,146.18516,1625938199999,385832.94141759997,1025,64.31255,169802.9749485,0
2021-07-10 17:30:00,2624.21,2635.42,2604.04,2623.79,51.23475,1625939999999,134190.1779179,447,24.83754,65045.3306868,0
2021-07-10 18:00:00,2620.99,2631.92,2614.25,2626.93,12.622910000000001,1625941799999,33123.2710601,131,6.4580400000000004,16947.0475038,0
2021-07-10 18:30:00,2625.0,2639.11,2622.79,2639.11,8.540519999999999,1625943599999,22480.9254975,82,4.96756,13079.720361299998,0
2021-07-10 19:00:00,2638.24,2653.51,2638.24,2643.93,18.45881,1625945399999,48860.6737401,107,9.98794,26430.597851299997,0
2021-07-10 19:30:00,2643.03,2652.1,2631.78,2639.12,27.6449,1625947199999,73127.0396644,211,21.66114,57312.427011399996,0
2021-07-10 20:00:00,2636.65,2646.62,2608.37,2632.02,56.00935,1625948999999,147047.5846258,335,29.33574,77078.19636799999,0
2021-07-10 20:30:00,2627.3,2643.58,2621.28,2643.58,16.55676,1625950799999,43530.349942,67,10.06143,26470.7891218,0
2021-07-10 21:00:00,2641.35,2657.61,2631.99,2650.28,12.375,1625952599999,32731.61815870001,110,5.76196,15247.2638773,0
2021-07-10 21:30:00,2650.28,2654.27,2642.65,2652.12,5.5709599999999995,1625954399999,14761.3402397,52,2.24938,5963.2304706999985,0
2021-07-10 22:00:00,2654.6,2679.35,2649.24,2674.4,43.9207,1625956199999,117117.16519360001,299,20.588820000000002,54872.694807500004,0
2021-07-10 22:30:00,2673.46,2682.39,2672.04,2676.66,24.97214,1625957999999,66835.7779508,166,20.30951,54361.6339804,0
2021-07-10 23:00:00,2679.03,2688.3,2673.92,2683.02,21.03895,1625959799999,56431.798797899995,164,11.97265,32118.48542120001,0
2021-07-10 23:30:00,2682.99,2685.66,2665.92,2674.71,23.63496,1625961599999,63214.55959380001,151,15.49363,41447.0035796,0
2021-07-11 00:00:00,2677.26,2691.43,2666.39,2668.18,35.91312999999999,1625963399999,96025.0447335,363,16.79004,44907.0858196,0
2021-07-11 00:30:00,2669.04,2693.0,2664.61,2691.98,53.63223000000001,1625965199999,143527.16587599998,324,22.10204,59251.8485316,0
2021-07-11 01:00:00,2692.57,2696.28,2665.05,2668.35,34.8855,1625966999999,93353.5419966,350,20.054679999999998,53685.5950824,0
2021-07-11 01:30:00,2671.59,2675.36,2664.79,2670.31,12.4711,1625968799999,33320.1765508,105,3.03809,8119.7335654,0
2021-07-11 02:00:00,2668.49,2673.17,2662.24,2671.77,15.025870000000001,1625970599999,40096.5959802,114,7.980539999999999,21298.8968756,0
2021-07-11 02:30:00,2669.31,2670.64,2661.89,2661.89,5.46499,1625972399999,14562.502713799999,71,3.3170800000000003,8839.694082,0
2021-07-11 03:00:00,2662.88,2667.35,2657.73,2661.0,22.33476,1625974199999,59459.90555630001,157,11.71531,31202.8317965,0
2021-07-11 03:30:00,2662.39,2671.93,2633.06,2642.56,53.50751999999999,1625975999999,142105.0525609,400,25.47007,67653.6380243,0
2021-07-11 04:00:00,2644.95,2646.33,2613.79,2618.35,65.06926999999999,1625977799999,170704.1018301,455,23.08377,60578.75794980001,0
2021-07-11 04:30:00,2615.82,2635.62,2613.24,2635.47,38.703509999999994,1625979599999,101694.9739316,341,20.189610000000002,53100.0158039,0
2021-07-11 05:00:00,2638.53,2649.77,2626.83,2645.98,27.54431,1625981399999,72692.2033493,217,14.05921,37145.0734551,0
2021-07-11 05:30:00,2649.43,2663.45,2649.43,2653.73,41.37446,1625983199999,109885.1469294,217,25.114079999999998,66696.0797781,0
2021-07-11 06:00:00,2656.0,2664.73,2642.66,2651.24,26.00427,1625984999999,69030.983471,165,14.020560000000001,37254.185994199994,0
2021-07-11 06:30:00,2648.25,2650.11,2630.69,2636.98,32.13674,1625986799999,84818.7200196,201,17.028679999999998,44965.787508099995,0
2021-07-11 07:00:00,2633.16,2648.56,2623.23,2642.42,44.886179999999996,1625988599999,118359.7164496,196,22.7764,60051.51719380001,0
2021-07-11 07:30:00,2642.46,2648.96,2636.61,2641.84,20.09702,1625990399999,53122.175481,158,10.22233,27019.7321657,0
2021-07-11 08:00:00,2646.36,2661.81,2636.26,2659.06,19.63481,1625992199999,51929.6415996,139,12.76806,33782.0248032,0
2021-07-11 08:30:00,2659.76,2663.11,2649.87,2653.51,15.643889999999999,1625993999999,41534.6323385,113,5.01874,13331.0101268,0
2021-07-11 09:00:00,2655.87,2677.0,2650.42,2672.5,21.42759,1625995799999,57054.83384480001,264,14.16869,37713.581934199996,0
2021-07-11 09:30:00,2674.32,2681.76,2664.53,2668.65,24.40267,1625997599999,65194.0799211,318,11.678410000000001,31197.838246799998,0
2021-07-11 10:00:00,2667.5,2688.75,2666.41,2683.43,48.019420000000004,1625999399999,128772.71042519998,304,33.94314,91001.6376792,0
2021-07-11 10:30:00,2683.43,2693.23,2682.1,2686.78,83.23473,1626001199999,223712.2455486,448,54.03532,145243.53270679998,0
2021-07-11 11:00:00,2691.41,2693.29,2673.43,2683.0,80.64322,1626002999999,216184.6440157,461,42.71529,114593.8849908,0
2021-07-11 11:30:00,2680.27,2689.04,2669.37,2678.38,13.80234,1626004799999,36980.7078012,188,7.749039999999999,20781.7208667,0
2021-07-11 12:00:00,2679.37,2697.07,2673.01,2696.57,66.80963,1626006599999,179485.2283938,548,44.93428,120721.5509299,0
2021-07-11 12:30:00,2697.06,2700.0,2683.58,2693.3,18.31575,1626008399999,49310.8669111,238,10.244069999999999,27579.2418957,0
2021-07-11 13:00:00,2692.18,2693.77,2674.33,2685.73,20.88266,1626010199999,56026.2089061,207,11.07793,29712.4015907,0
2021-07-11 13:30:00,2686.92,2709.49,2683.49,2706.16,46.72922,1626011999999,126185.7570132,421,29.858420000000002,80643.5377633,0
2021-07-11 14:00:00,2708.01,2718.43,2694.79,2702.79,76.28393,1626013799999,206573.9080892,569,39.5087,106990.7371402,0
2021-07-11 14:30:00,2702.78,2706.9,2695.88,2704.84,26.697979999999998,1626015599999,72124.371193,311,11.79383,31873.6909463,0
2021-07-11 15:00:00,2704.84,2711.0,2696.28,2702.81,45.8724,1626017399999,124067.2618554,308,25.16356,68091.6189037,0
2021-07-11 15:30:00,2702.4,2707.15,2694.57,2703.06,29.4471,1626019199999,79466.06041399999,252,10.58174,28559.4589871,0
2021-07-11 16:00:00,2701.55,2701.55,2673.74,2690.34,51.94862,1626020999999,139444.4414291,366,22.592579999999998,60644.5591814,0
2021-07-11 16:30:00,2690.36,2711.0,2682.7,2705.15,91.80915999999999,1626022799999,247713.49401229995,557,48.00376,129516.23264389999,0
2021-07-11 17:00:00,2707.2,2707.2,2686.43,2696.21,19.244429999999998,1626024599999,51867.8076151,182,4.93548,13298.046372600002,0
2021-07-11 17:30:00,2697.44,2697.79,2687.08,2689.21,11.331560000000001,1626026399999,30506.8708092,124,6.885389999999999,18535.442167400004,0
2021-07-11 18:00:00,2690.18,2697.57,2684.48,2689.34,30.54012,1626028199999,82151.5018414,277,15.35466,41304.893539699995,0
2021-07-11 18:30:00,2688.52,2695.04,2684.03,2687.02,17.16254,1626029999999,46133.1632432,109,10.54033,28332.8144553,0
2021-07-11 19:00:00,2686.72,2696.45,2679.63,2692.67,13.87079,1626031799999,37260.6811209,97,8.45624,22711.531015,0
2021-07-11 19:30:00,2691.39,2695.36,2679.33,2688.96,9.36085,1626033599999,25171.394734999998,74,3.4185800000000004,9183.1476161,0
2021-07-11 20:00:00,2687.85,2692.75,2677.5,2683.58,17.6827,1626035399999,47457.0684357,206,7.64005,20500.1753083,0
2021-07-11 20:30:00,2685.98,2692.55,2678.92,2681.29,15.36152,1626037199999,41268.6381585,245,7.18698,19310.2253807,0
2021-07-11 21:00:00,2678.19,2702.86,2670.7,2699.0,28.646459999999998,1626038999999,77032.6987422,214,12.71095,34177.4383385,0
2021-07-11 21:30:00,2696.38,2715.39,2691.87,2702.19,76.82444,1626040799999,207749.1989629,372,32.91388,89003.0944974,0
2021-07-11 22:00:00,2703.37,2719.48,2700.06,2700.8,44.147240000000004,1626042599999,119559.5205178,351,15.73679,42648.9300173,0
2021-07-11 22:30:00,2702.42,2702.46,2681.36,2683.83,28.57749,1626044399999,76821.2683203,215,12.57045,33797.0086509,0
2021-07-11 23:00:00,2685.59,2686.11,2668.27,2670.27,36.98486,1626046199999,98944.14469880001,434,15.803770000000002,42278.5171405,0
2021-07-11 23:30:00,2671.89,2673.03,2661.48,2667.9,27.01907000000001,1626047999999,72071.0489391,191,15.63769,41719.0082056,0
2021-07-12 00:00:00,2672.27,2673.46,2647.66,2658.39,58.53373000000001,1626049799999,155537.9871254,513,19.8035,52671.8467949,0
2021-07-12 00:30:00,2660.83,2668.83,2642.47,2655.53,33.10485,1626051599999,87873.1958691,312,12.378,32861.6652061,0
2021-07-12 01:00:00,2650.76,2669.72,2647.48,2666.34,32.01158,1626053399999,85076.5674141,547,13.42893,35705.1451172,0
2021-07-12 01:30:00,2664.76,2676.36,2658.98,2670.42,42.07284,1626055199999,112377.8007981,225,26.33972,70366.0811387,0
2021-07-12 02:00:00,2671.09,2678.54,2653.18,2672.56,86.46710999999998,1626056999999,230252.1218322,542,51.65075,137549.9642105,0
2021-07-12 02:30:00,2673.46,2682.17,2666.23,2678.33,16.35117,1626058799999,43689.4541793,144,8.13529,21729.6439278,0
2021-07-12 03:00:00,2677.37,2692.37,2672.99,2691.14,55.60999,1626060599999,149211.2225762,297,31.58404,84694.58693660001,0
2021-07-12 03:30:00,2689.96,2704.67,2685.27,2700.16,30.88285,1626062399999,83287.0667597,226,14.361920000000001,38736.1151214,0
2021-07-12 04:00:00,2701.9,2737.27,2697.31,2731.64,194.35074,1626064199999,528355.8673191,1297,126.91667,345132.670607,0
2021-07-12 04:30:00,2733.76,2734.72,2700.73,2702.25,71.55357,1626065999999,194128.57680679997,737,40.214059999999996,109128.7428312,0
2021-07-12 05:00:00,2703.8,2708.23,2697.01,2699.84,17.28831,1626067799999,46710.5051475,169,8.23892,22270.3932808,0
2021-07-12 05:30:00,2696.92,2704.37,2688.98,2698.68,19.1454,1626069599999,51636.88257930001,165,11.02849,29752.142770200004,0
2021-07-12 06:00:00,2702.29,2708.81,2689.92,2694.96,21.38884,1626071399999,57779.4481119,217,13.904370000000002,37576.0999411,0
2021-07-12 06:30:00,2697.14,2718.79,2695.0,2708.51,24.165029999999998,1626073199999,65479.510250499996,192,12.11495,32844.8574134,0
2021-07-12 07:00:00,2704.65,2714.92,2700.4,2706.35,22.32899,1626074999999,60473.7527761,141,11.58708,31376.8845134,0
2021-07-12 07:30:00,2703.98,2706.51,2684.62,2691.54,16.55088,1626076799999,44611.7869856,128,5.90474,15920.9619317,0
2021-07-12 08:00:00,2692.86,2705.24,2685.05,2690.81,27.62977,1626078599999,74533.0058225,257,13.130579999999998,35459.4713051,0
2021-07-12 08:30:00,2690.38,2690.38,2680.75,2685.77,18.74296,1626080399999,50306.7626829,160,3.12918,8401.882784399999,0
2021-07-12 09:00:00,2683.05,2689.09,2668.07,2668.09,36.636359999999996,1626082199999,98145.41445589998,214,10.57434,28374.710210600002,0
2021-07-12 09:30:00,2670.06,2675.0,2660.74,2663.34,44.41388,1626083999999,118505.19984919998,220,16.46421,43921.23963030001,0
2021-07-12 10:00:00,2661.33,2661.43,2642.12,2654.0,73.80485999999998,1626085799999,195703.06404360002,501,26.64795,70679.870759,0
2021-07-12 10:30:00,2652.46,2655.42,2626.0,2630.67,191.04281,1626087599999,503916.9297882,1097,110.51005,291359.4282839,0
2021-07-12 11:00:00,2630.15,2637.26,2619.4,2626.94,99.78815,1626089399999,262103.1280139,618,38.18472,100300.2235248,0
2021-07-12 11:30:00,2624.85,2639.4,2620.72,2635.38,36.84279,1626091199999,96926.48546980001,273,22.82333,60072.5788543,0
2021-07-12 12:00:00,2635.28,2648.15,2626.89,2640.33,23.21123,1626092999999,61256.0083104,248,14.51464,38329.1922945,0
2021-07-12 12:30:00,2638.67,2654.44,2638.01,2650.0,21.00816,1626094799999,55603.72737640001,181,15.3,40502.708661000004,0
2021-07-12 13:00:00,2650.0,2652.84,2639.82,2647.46,20.40175,1626096599999,53994.212586,189,10.97257,29039.596784900004,0
2021-07-12 13:30:00,2641.38,2657.47,2636.84,2652.08,30.41058,1626098399999,80405.6531978,199,22.13711,58527.00002070001,0
2021-07-12 14:00:00,2653.35,2661.11,2649.68,2658.31,34.26298,1626100199999,91006.03588560001,178,14.27079,37924.8661166,0
2021-07-12 14:30:00,2655.89,2662.06,2654.43,2656.38,26.246890000000004,1626101999999,69731.965397,154,18.81721,49997.1114322,0
2021-07-12 15:00:00,2654.5,2665.8,2649.63,2661.37,60.22658000000001,1626103799999,159999.5609991,372,36.305479999999996,96467.8186972,0
2021-07-12 15:30:00,2657.62,2668.33,2652.3,2653.13,46.39315,1626105599999,123379.56657869999,256,25.20737,67057.7075908,0
2021-07-12 16:00:00,2653.63,2669.99,2641.78,2653.57,181.84208,1626107399999,482633.51232040004,892,92.09213000000001,244516.1597642,0
2021-07-12 16:30:00,2653.54,2661.21,2621.64,2627.67,116.94873999999999,1626109199999,308914.3010449,550,66.72941,176320.2545438,0
2021-07-12 17:00:00,2625.4,2634.91,2620.0,2630.24,47.82739,1626110999999,125685.9550006,255,21.835820000000002,57389.568313100004,0
2021-07-12 17:30:00,2625.34,2626.68,2601.05,2604.35,39.9373,1626112799999,104276.9131329,339,19.1656,50049.90023380001,0
2021-07-12 18:00:00,2605.3,2612.82,2590.74,2608.48,64.61713,1626114599999,168032.54904100002,326,37.84654000000001,98430.26410089999,0
2021-07-12 18:30:00,2603.81,2619.29,2591.67,2605.95,97.26331,1626116399999,253896.8987711,541,65.99965,172326.72541500002,0
2021-07-12 19:00:00,2601.02,2638.94,2599.13,2605.81,60.86513000000001,1626118199999,159617.0768617,472,39.825520000000004,104422.3264512,0
2021-07-12 19:30:00,2606.41,2606.41,2577.44,2588.6,56.92214,1626119999999,147475.6317913,405,35.21705,91255.0668043,0
2021-07-12 20:00:00,2581.38,2609.36,2569.19,2596.52,112.56553999999998,1626121799999,290994.49652529997,592,71.36178000000002,184490.82570410002,0
2021-07-12 20:30:00,2597.53,2602.21,2582.7,2591.59,26.93283,1626123599999,69789.3911459,215,9.9458,25766.2748958,0
2021-07-12 21:00:00,2593.96,2603.6,2591.09,2593.21,21.30269,1626125399999,55342.6118685,144,9.28532,24112.3921763,0
2021-07-12 21:30:00,2593.99,2599.96,2588.12,2593.62,39.80252,1626127199999,103227.7191018,183,21.710620000000002,56298.7396217,0
2021-07-12 22:00:00,2596.56,2614.6,2591.28,2613.91,59.40016,1626128999999,154969.5792181,222,12.667539999999999,33033.7264676,0
2021-07-12 22:30:00,2613.21,2617.77,2605.97,2607.43,20.551070000000006,1626130799999,53689.8432761,104,7.85883,20533.4595633,0
2021-07-12 23:00:00,2605.65,2611.5,2598.82,2603.14,5.37905,1626132599999,14031.106236399999,63,2.62138,6836.981412100001,0
2021-07-12 23:30:00,2605.0,2614.07,2598.49,2602.98,13.06553,1626134399999,34056.040662,96,7.923789999999999,20650.5131401,0
2021-07-13 00:00:00,2600.0,2600.0,2577.58,2584.89,48.64845,1626136199999,125836.02427189998,326,14.85203,38444.6022501,0
2021-07-13 00:30:00,2586.57,2607.82,2586.57,2592.96,39.56997,1626137999999,102883.0615247,309,25.63764,66677.52509859999,0
2021-07-13 01:00:00,2591.64,2591.95,2572.02,2575.84,21.73238,1626139799999,56079.664889499996,183,5.57484,14387.776186300001,0
2021-07-13 01:30:00,2574.3,2601.92,2574.3,2597.04,27.99581,1626141599999,72523.2303256,153,23.06018,59737.367092299995,0
2021-07-13 02:00:00,2597.75,2601.43,2584.0,2593.44,10.502939999999999,1626143399999,27211.121941600002,92,3.4100900000000003,8835.411047299998,0
2021-07-13 02:30:00,2592.57,2599.99,2588.33,2591.28,7.807,1626145199999,20257.3955972,107,5.02529,13042.4006222,0
2021-07-13 03:00:00,2591.88,2605.13,2591.87,2603.64,16.63198,1626146999999,43244.7949619,137,11.01695,28647.8398298,0
2021-07-13 03:30:00,2601.5,2607.77,2597.91,2597.91,7.6497199999999985,1626148799999,19907.586623599997,59,2.2184,5775.496557500002,0
2021-07-13 04:00:00,2602.3,2605.13,2597.77,2601.4,8.92842,1626150599999,23240.309873599996,56,4.17614,10864.1666232,0
2021-07-13 04:30:00,2601.43,2616.92,2600.06,2601.56,21.06863,1626152399999,54905.16832690001,124,12.183710000000001,31757.46383,0
2021-07-13 05:00:00,2603.76,2607.1,2551.58,2559.99,58.13115,1626154199999,149421.5233932,458,22.22012,57157.3262388,0
2021-07-13 05:30:00,2563.33,2565.97,2540.39,2541.68,53.393130000000006,1626155999999,136155.6012404,384,32.91138,83927.3711092,0
2021-07-13 06:00:00,2542.91,2564.2,2542.91,2563.35,56.47688,1626157799999,144407.1998056,256,39.88315,101987.7332355,0
2021-07-13 06:30:00,2567.4,2587.83,2567.4,2575.78,33.43122,1626159599999,86273.365377,205,22.30153,57547.461064999996,0
2021-07-13 07:00:00,2577.85,2606.99,2577.79,2591.37,87.73391,1626161399999,227501.9875717,474,51.62828,133903.63013459998,0
2021-07-13 07:30:00,2591.05,2602.62,2589.86,2595.3,18.73389,1626163199999,48624.7951023,93,8.92331,23166.018605,0
2021-07-13 08:00:00,2597.78,2601.03,2584.21,2586.92,18.42614,1626164999999,47775.4255093,131,10.2333,26540.905822099998,0
2021-07-13 08:30:00,2588.22,2590.66,2583.23,2585.57,14.96609,1626166799999,38710.9856258,115,6.5694,16996.6952287,0
2021-07-13 09:00:00,2587.56,2588.26,2571.96,2577.96,17.73477,1626168599999,45729.3739299,160,5.4827699999999995,14136.0956498,0
2021-07-13 09:30:00,2578.59,2586.87,2567.35,2586.87,30.23282,1626170399999,77890.5949673,228,17.94816,46211.4879558,0
2021-07-13 10:00:00,2586.88,2593.66,2578.0,2587.35,35.9622,1626172199999,93044.2872298,221,13.38855,34649.900154300005,0
2021-07-13 10:30:00,2587.32,2591.0,2573.9,2578.65,23.63249,1626173999999,61083.1419832,148,8.6795,22457.1968414,0
2021-07-13 11:00:00,2580.0,2582.99,2559.09,2572.35,20.60824,1626175799999,52932.845235500004,169,9.29893,23891.704378799997,0
2021-07-13 11:30:00,2576.6,2598.5,2565.99,2575.34,44.91365,1626177599999,115851.2588559,260,27.25615,70361.6907475,0
2021-07-13 12:00:00,2571.99,2585.32,2565.13,2576.61,45.79600000000001,1626179399999,117918.1074077,270,25.34674,65267.6752327,0
2021-07-13 12:30:00,2577.11,2581.02,2550.08,2569.26,141.35363,1626181199999,362928.78339009994,607,80.11867,205807.108572,0
2021-07-13 13:00:00,2564.88,2590.94,2563.12,2586.24,48.69169,1626182999999,125525.7296897,290,30.8541,79523.8858887,0
2021-07-13 13:30:00,2584.9,2598.22,2576.11,2593.63,73.99944,1626184799999,191400.9803228,384,41.89271,108354.6191727,0
2021-07-13 14:00:00,2593.5,2606.77,2578.43,2587.37,54.1293,1626186599999,140261.8313573,428,28.834220000000002,74684.0977181,0
2021-07-13 14:30:00,2587.05,2592.42,2576.2,2587.36,35.34183,1626188399999,91314.70701950001,221,15.07231,38939.4799247,0
2021-07-13 15:00:00,2582.42,2626.55,2582.42,2617.17,73.05434,1626190199999,190486.5984169,551,50.1353,130749.3310683,0
2021-07-13 15:30:00,2620.2,2628.12,2608.75,2619.25,38.34763,1626191999999,100374.4810022,256,21.138479999999998,55353.0570339,0
2021-07-13 16:00:00,2621.1,2644.66,2609.17,2634.49,46.39443,1626193799999,122006.6254375,470,25.17889,66240.6744528,0
2021-07-13 16:30:00,2636.17,2640.04,2608.42,2615.77,33.64497,1626195599999,88337.4962776,322,22.3962,58888.66774330001,0
2021-07-13 17:00:00,2615.76,2628.61,2605.3,2606.34,35.44343,1626197399999,92631.4232924,253,11.70231,30620.3007085,0
2021-07-13 17:30:00,2606.34,2616.5,2601.76,2606.49,14.489289999999999,1626199199999,37801.0949676,119,7.17403,18716.5626994,0
2021-07-13 18:00:00,2605.93,2612.0,2594.8,2595.94,18.84824,1626200999999,49050.2063499,126,10.03152,26119.9712653,0
2021-07-13 18:30:00,2594.8,2597.6,2578.52,2579.76,32.81951,1626202799999,85094.6227418,158,20.78725,53917.2445334,0
2021-07-13 19:00:00,2577.83,2595.86,2544.28,2549.52,58.7213,1626204599999,151045.8503125,341,19.41799,49964.0692825,0
2021-07-13 19:30:00,2547.54,2563.36,2505.4,2509.48,126.39263999999999,1626206399999,319896.1321233,1130,43.19126,109616.76149360002,0
2021-07-13 20:00:00,2509.08,2535.05,2502.42,2528.71,80.44431999999998,1626208199999,202835.73235210002,511,34.33279,86701.32640739999,0
2021-07-13 20:30:00,2528.1,2543.6,2523.54,2538.73,45.363,1626209999999,114793.7638151,287,25.649279999999997,64937.80033689999,0
2021-07-13 21:00:00,2540.88,2549.47,2525.0,2530.47,38.37425,1626211799999,97536.3934682,244,17.84939,45333.1629648,0
2021-07-13 21:30:00,2527.75,2539.74,2527.75,2537.96,35.39882,1626213599999,89702.6416104,212,15.3524,38905.1975347,0
2021-07-13 22:00:00,2536.91,2538.9,2526.81,2535.85,21.40925,1626215399999,54209.2517388,186,6.34181,16060.215102899998,0
2021-07-13 22:30:00,2535.21,2537.4,2502.29,2519.99,60.52211,1626217199999,152340.57207270002,356,27.38673,68882.55164139999,0
2021-07-13 23:00:00,2520.2,2532.4,2509.19,2528.5,37.2536,1626218999999,93955.30672899999,218,19.10667,48171.1076185,0
2021-07-13 23:30:00,2529.85,2532.22,2508.23,2523.54,16.97391,1626220799999,42803.18168530001,129,9.544960000000001,24077.6330345,0
2021-07-14 00:00:00,2524.43,2532.07,2496.0,2498.34,34.60022,1626222599999,86915.261947,319,13.826989999999999,34776.692922199996,0
2021-07-14 00:30:00,2499.1,2503.41,2444.44,2456.38,120.1234,1626224399999,297050.8661053,884,34.25127,84689.78271900001,0
2021-07-14 01:00:00,2451.73,2459.4,2431.03,2439.09,95.76533,1626226199999,233811.4894696,671,42.08374,102832.25083230001,0
2021-07-14 01:30:00,2438.28,2476.44,2432.84,2464.06,48.78902,1626227999999,119904.6062803,419,23.3628,57495.99065959999,0
2021-07-14 02:00:00,2461.83,2483.91,2457.83,2480.7,23.55665,1626229799999,58218.7032649,195,13.526470000000002,33442.0101013,0
2021-07-14 02:30:00,2476.02,2488.94,2474.21,2485.31,12.683119999999999,1626231599999,31436.6517972,89,7.2496100000000006,17979.2022161,0
2021-07-14 03:00:00,2486.34,2486.34,2400.0,2416.27,72.77360999999998,1626233399999,176967.3285448,538,23.79911,58025.9767306,0
2021-07-14 03:30:00,2417.76,2426.87,2400.0,2422.1,47.30107,1626235199999,114151.36635010001,356,18.38103,44386.4995887,0
2021-07-14 04:00:00,2421.12,2463.11,2419.33,2460.42,52.3258,1626236999999,127730.6514326,387,25.77251,62998.2450523,0
2021-07-14 04:30:00,2455.55,2459.72,2450.81,2453.07,27.620179999999998,1626238799999,67803.8941064,193,16.126360000000002,39601.447914899996,0
2021-07-14 05:00:00,2451.03,2454.7,2441.71,2442.99,78.15321,1626240599999,191377.75682729998,317,26.809959999999997,65612.4641778,0
2021-07-14 05:30:00,2445.89,2447.04,2413.11,2419.87,57.599309999999996,1626242399999,139868.3739013,283,34.53737,83886.19507619999,0
2021-07-14 06:00:00,2422.78,2434.09,2406.4,2420.12,40.06173,1626244199999,96817.6643415,231,19.91114,48101.1125587,0
2021-07-14 06:30:00,2421.61,2436.86,2410.06,2417.09,76.70397,1626245999999,186219.8811816,421,42.99648,104521.8079955,0
2021-07-14 07:00:00,2417.28,2440.34,2416.47,2435.3,20.02409,1626247799999,48636.2674303,122,15.299489999999999,37145.13618459999,0
2021-07-14 07:30:00,2431.91,2451.57,2431.91,2445.17,26.48034,1626249599999,64726.594624,136,11.85361,28972.3496944,0
2021-07-14 08:00:00,2444.09,2459.61,2434.69,2453.8,14.1557,1626251399999,34668.3091077,113,10.235380000000001,25067.8653998,0
2021-07-14 08:30:00,2455.86,2456.42,2422.66,2422.66,33.71907,1626253199999,82152.02289600001,191,23.78477,57930.272907700004,0
2021-07-14 09:00:00,2424.41,2514.26,2416.42,2505.52,107.35842,1626254999999,266849.7553712,770,54.690430000000006,135772.8335753,0
2021-07-14 09:30:00,2502.08,2502.09,2473.29,2485.8,59.360209999999995,1626256799999,147618.3776692,322,37.2767,92734.19818250001,0
2021-07-14 10:00:00,2487.17,2513.15,2480.82,2502.45,157.98304,1626258599999,393259.0138848,1106,96.5099,240185.5418711,0
2021-07-14 10:30:00,2503.96,2505.62,2484.56,2484.56,51.600429999999996,1626260399999,128638.0894537,296,24.2759,60491.8621028,0
2021-07-14 11:00:00,2486.0,2505.0,2486.0,2493.77,25.76034,1626262199999,64333.8549212,149,17.49174,43677.0947032,0
2021-07-14 11:30:00,2491.48,2498.1,2481.17,2492.75,19.08165,1626263999999,47509.8012546,164,7.61337,18946.7531409,0
2021-07-14 12:00:00,2500.0,2502.54,2481.54,2487.77,31.980790000000002,1626265799999,79712.5761638,224,16.760679999999994,41796.5167431,0
2021-07-14 12:30:00,2486.23,2500.25,2482.96,2484.34,20.10303,1626267599999,50117.581487999996,160,10.01475,24966.025157099997,0
2021-07-14 13:00:00,2488.44,2547.38,2488.44,2540.27,95.09685,1626269399999,240374.360027,629,56.771390000000004,143595.1980225,0
2021-07-14 13:30:00,2537.89,2568.2,2533.79,2561.48,77.54969,1626271199999,198060.65462979997,440,34.67145,88541.5902862,0
2021-07-14 14:00:00,2565.0,2574.08,2551.18,2552.39,52.503719999999994,1626272999999,134553.9309306,438,25.07858,64288.4726965,0
2021-07-14 14:30:00,2553.19,2574.09,2553.19,2572.28,26.19663,1626274799999,67143.9888355,219,16.41781,42071.904651699995,0
2021-07-14 15:00:00,2570.26,2579.94,2564.45,2564.45,22.94908,1626276599999,59009.04799090001,197,10.38592,26710.5746527,0
2021-07-14 15:30:00,2566.68,2576.31,2541.53,2549.57,33.444959999999995,1626278399999,85557.66136439999,253,20.72477,53060.8493742,0
2021-07-14 16:00:00,2549.57,2562.16,2541.04,2559.1,38.19741,1626280199999,97435.5263419,179,17.499579999999998,44648.98730930001,0
2021-07-14 16:30:00,2558.62,2563.94,2543.37,2554.71,49.01052,1626281999999,125102.32224010001,249,12.96589,33130.519113300004,0
2021-07-14 17:00:00,2556.03,2557.1,2538.72,2543.95,35.014959999999995,1626283799999,89240.4388104,236,13.091619999999999,33371.761367,0
2021-07-14 17:30:00,2545.4,2552.42,2534.0,2548.69,54.27599,1626285599999,138048.9173427,317,20.51432,52173.6608863,0
2021-07-14 18:00:00,2546.9,2553.9,2537.46,2543.57,33.3856,1626287399999,84979.6660983,192,14.80153,37678.062860699996,0
2021-07-14 18:30:00,2543.02,2559.99,2510.76,2519.55,86.26879,1626289199999,218423.7006481,556,32.22817,81587.94169489999,0
2021-07-14 19:00:00,2520.66,2523.24,2504.47,2511.22,56.01631999999999,1626290999999,140906.8304386,368,26.985770000000002,67872.50761130001,0
2021-07-14 19:30:00,2507.15,2525.13,2501.82,2507.31,39.529509999999995,1626292799999,99490.34217660001,258,23.634629999999998,59500.99174010001,0
2021-07-14 20:00:00,2508.12,2527.19,2505.27,2524.36,17.02131,1626294599999,42853.580277999994,133,11.364239999999999,28600.025679299997,0
2021-07-14 20:30:00,2523.2,2523.2,2509.79,2517.52,30.037540000000003,1626296399999,75527.7397809,157,14.30168,35954.751886,0
2021-07-14 21:00:00,2517.21,2526.92,2517.11,2525.3,19.60549,1626298199999,49465.93579119999,175,6.58638,16621.656503100006,0
2021-07-14 21:30:00,2525.26,2528.1,2506.71,2517.4,37.83833,1626299999999,95335.9370143,250,8.05986,20322.8956655,0
2021-07-14 22:00:00,2518.52,2535.43,2514.93,2526.54,26.377509999999997,1626301799999,66637.4217725,169,10.16431,25684.8411395,0
2021-07-14 22:30:00,2527.78,2536.01,2525.6,2527.25,35.49622,1626303599999,89874.57306,168,21.65455,54825.1874674,0
2021-07-14 23:00:00,2525.75,2529.32,2507.21,2511.88,39.5663,1626305399999,99605.1483359,260,19.62471,49425.65065400001,0
2021-07-14 23:30:00,2510.23,2516.67,2508.0,2514.06,18.76636,1626307199999,47133.112417300006,121,11.3023,28391.648245499997,0
2021-07-15 00:00:00,2515.79,2518.68,2473.19,2491.26,65.1046,1626308999999,162056.8760538,470,33.348440000000004,82998.1213649,0
2021-07-15 00:30:00,2491.79,2509.0,2482.21,2508.15,56.2679,1626310799999,140497.5090279,379,35.07785,87583.77846439999,0
2021-07-15 01:00:00,2510.85,2552.93,2510.85,2527.7,140.71507,1626312599999,356499.3400894,972,63.31296999999999,160336.2392744,0
2021-07-15 01:30:00,2530.0,2530.0,2500.23,2500.5,25.7438,1626314399999,64668.18654909999,219,13.485479999999999,33884.5837699,0
2021-07-15 02:00:00,2503.0,2509.95,2490.23,2493.5,15.12822,1626316199999,37844.44176369999,122,8.65944,21661.408970599998,0
2021-07-15 02:30:00,2490.1,2493.47,2480.63,2490.75,53.83318000000001,1626317999999,133928.51082239999,262,15.44905,38429.656046,0
2021-07-15 03:00:00,2488.56,2504.38,2478.2,2501.28,57.54147,1626319799999,143440.6569438,305,22.34916,55715.19585900001,0
2021-07-15 03:30:00,2504.02,2509.66,2496.29,2498.1,80.0079,1626321599999,200246.6682567,451,34.96485,87510.19208610001,0
2021-07-15 04:00:00,2495.82,2502.06,2475.0,2500.05,134.88098,1626323399999,335440.20914209995,716,86.91233000000004,216044.53211960001,0
2021-07-15 04:30:00,2499.96,2510.63,2486.47,2503.87,65.6748,1626325199999,163964.6524217,395,40.351929999999996,100698.9400797,0
2021-07-15 05:00:00,2502.13,2513.8,2491.47,2508.33,133.23273,1626326999999,333685.34208609996,563,90.36106,226274.57269489998,0
2021-07-15 05:30:00,2508.74,2512.98,2483.46,2504.02,83.66194,1626328799999,209152.3718187,519,41.51314,103789.65023530001,0
2021-07-15 06:00:00,2502.12,2523.11,2484.18,2491.24,142.73021,1626330599999,357881.2578038,754,84.2184,211309.298871,0
2021-07-15 06:30:00,2490.27,2511.22,2481.28,2499.26,96.14976999999999,1626332399999,240376.88972520005,603,45.41366,113561.93618139999,0
2021-07-15 07:00:00,2495.6,2513.65,2485.25,2509.11,104.75676,1626334199999,262186.3666389,553,61.599619999999994,154197.41801589998,0
2021-07-15 07:30:00,2505.87,2509.39,2490.69,2504.88,83.16323,1626335999999,207968.623508,424,40.47522,101216.3351891,0
2021-07-15 08:00:00,2503.55,2526.52,2493.6,2506.86,148.79359,1626337799999,373231.1163855,668,70.96853,178114.327099,0
2021-07-15 08:30:00,2507.08,2521.5,2499.93,2514.08,106.99343999999999,1626339599999,268682.1038706,645,53.62339,134632.089082,0
2021-07-15 09:00:00,2514.08,2537.17,2503.28,2532.94,111.83922,1626341399999,282178.2254586,641,54.67867,138044.3952598,0
2021-07-15 09:30:00,2530.91,2538.73,2519.69,2531.47,121.10042,1626343199999,306391.7199275,540,52.423759999999994,132627.58676530002,0
2021-07-15 10:00:00,2531.99,2547.79,2493.79,2502.92,138.11011000000002,1626344999999,348974.78493,843,63.599309999999996,160697.76731479994,0
2021-07-15 10:30:00,2499.61,2501.36,2462.0,2470.26,226.7129,1626346799999,563369.9076024,1236,111.09142,276106.14348040003,0
2021-07-15 11:00:00,2470.27,2483.06,2450.16,2458.3,148.2568,1626348599999,365729.4076535,837,66.2125,163325.34343620006,0
2021-07-15 11:30:00,2457.41,2495.14,2453.54,2488.32,241.47922999999997,1626350399999,599510.4423555001,1140,131.58636,326467.4845429001,0
2021-07-15 12:00:00,2483.72,2516.07,2466.57,2474.43,224.42892999999998,1626352199999,557718.3802229,1269,101.6071,252478.02103910001,0
2021-07-15 12:30:00,2470.76,2498.12,2464.25,2486.37,147.14219,1626353999999,364751.29172670003,884,71.40371,176971.190409,0
2021-07-15 13:00:00,2481.48,2499.91,2464.76,2486.24,192.77848,1626355799999,478977.77160200005,1055,100.41069,249448.4994842,0
2021-07-15 13:30:00,2480.77,2521.02,2477.12,2514.99,154.8932,1626357599999,388034.1745052,707,77.43791999999998,194011.0761322,0
2021-07-15 14:00:00,2517.17,2531.26,2508.3,2512.86,140.47659,1626359399999,354204.0558050999,726,65.35856,164833.9980198,0
2021-07-15 14:30:00,2511.89,2532.71,2503.4,2525.78,105.58445,1626361199999,266091.0012733,620,42.89928,108145.7921659,0
2021-07-15 15:00:00,2525.03,2540.0,2524.09,2538.56,122.51843000000001,1626362999999,310553.6567659,604,64.78503,164178.3636217,0
2021-07-15 15:30:00,2535.52,2537.45,2525.01,2526.79,96.26565,1626364799999,243657.44753270003,594,47.33169,119787.1976716,0
2021-07-15 16:00:00,2524.5,2533.78,2510.86,2511.03,132.44395,1626366599999,334064.3438785,775,61.626430000000006,155454.0413035,0
2021-07-15 16:30:00,2512.06,2529.33,2501.35,2521.15,156.59982,1626368399999,393696.41833929997,880,69.03915,173551.4224385,0
2021-07-15 17:00:00,2521.13,2521.21,2480.49,2513.09,144.99184,1626370199999,362511.2534803,766,56.01679,140118.9988686,0
2021-07-15 17:30:00,2515.0,2526.75,2498.82,2508.9,132.19576999999998,1626371999999,332270.6610623,625,65.91405999999999,165692.3240325,0
2021-07-15 18:00:00,2511.83,2533.08,2504.24,2519.74,107.4468,1626373799999,271064.9307474,613,58.60981999999999,147811.4300441,0
2021-07-15 18:30:00,2523.09,2548.27,2522.28,2547.02,91.09311,1626375599999,231158.50982059998,511,43.1992,109660.78659300001,0
2021-07-15 19:00:00,2547.02,2591.47,2543.81,2579.55,330.48524,1626377399999,848656.1825101,1845,181.32044,465716.4337326,0
2021-07-15 19:30:00,2577.73,2597.32,2567.68,2587.88,167.72387,1626379199999,432657.1077377,897,78.68178,203065.83978379998,0
2021-07-15 20:00:00,2590.35,2611.0,2590.34,2607.64,125.98936,1626380999999,327728.13212320005,821,76.1934,198242.56732329997,0
2021-07-15 20:30:00,2606.13,2606.13,2578.33,2596.72,113.41106,1626382799999,293909.0763711,625,49.57123,128450.33341010001,0
2021-07-15 21:00:00,2596.72,2597.4,2581.7,2583.79,110.48678000000001,1626384599999,286462.72298990004,452,52.61943,136408.7812081,0
2021-07-15 21:30:00,2584.01,2602.34,2582.04,2598.45,131.48616,1626386399999,341105.5084823,594,78.00648000000002,202400.1567595,0
2021-07-15 22:00:00,2597.95,2629.01,2592.82,2623.03,320.4465600000001,1626388199999,838021.8829655,1354,164.35692,429767.29634239996,0
2021-07-15 22:30:00,2621.11,2630.0,2614.56,2622.72,137.26609,1626389999999,360062.2289373,565,70.04844,183798.5366942,0
2021-07-15 23:00:00,2620.67,2630.14,2598.19,2599.88,38.60454,1626391799999,100836.4512517,358,13.87364,36273.1624288,0
2021-07-15 23:30:00,2599.86,2602.32,2554.96,2566.89,129.65936000000002,1626393599999,333371.3725925,848,44.62395,114599.60086169999,0
2021-07-16 00:00:00,2569.0,2576.58,2538.02,2555.61,112.40303,1626395399999,287567.0455856,1013,51.00362,130532.964109,0
2021-07-16 00:30:00,2554.98,2561.09,2523.36,2546.14,65.36851,1626397199999,166001.20721360002,668,35.02205,89029.6189826,0
2021-07-16 01:00:00,2553.94,2583.93,2548.64,2578.73,84.30327,1626398999999,216453.78067100001,835,56.7235,145748.3691194,0
2021-07-16 01:30:00,2580.07,2580.07,2564.27,2565.32,19.57112,1626400799999,50374.4556071,160,7.7823699999999985,20039.6669197,0
2021-07-16 02:00:00,2565.88,2594.55,2565.88,2589.16,58.853159999999995,1626402599999,152240.9754391,521,23.81706,61600.6073879,0
2021-07-16 02:30:00,2591.46,2601.72,2584.71,2593.6,45.851009999999995,1626404399999,118888.5791409,444,23.33452,60530.6402585,0
2021-07-16 03:00:00,2593.0,2601.68,2591.57,2595.09,24.28271,1626406199999,63039.600397099995,296,14.089920000000001,36577.7849261,0
2021-07-16 03:30:00,2595.48,2610.0,2585.69,2595.24,35.18709000000001,1626407999999,91449.6251588,448,17.39349,45211.7570319,0
2021-07-16 04:00:00,2595.71,2613.28,2577.4,2581.39,53.06468,1626409799999,137767.51141059998,552,24.61189,63921.613636099995,0
2021-07-16 04:30:00,2581.42,2587.93,2570.61,2571.91,38.16227,1626411599999,98356.6961253,446,12.0951,31182.98795720001,0
2021-07-16 05:00:00,2573.17,2583.66,2553.35,2557.49,45.700720000000004,1626413399999,117350.71341430001,635,12.30711,31591.146702099995,0
2021-07-16 05:30:00,2557.4,2573.88,2545.61,2549.36,33.80976,1626415199999,86630.7499423,396,16.5063,42309.64630859999,0
2021-07-16 06:00:00,2549.35,2549.35,2516.57,2520.23,73.70286999999998,1626416999999,186657.39700070003,773,32.34922,81956.7945266,0
2021-07-16 06:30:00,2517.31,2523.27,2504.84,2505.07,82.1766,1626418799999,206623.16174029998,697,35.7314,89853.7792944,0
2021-07-16 07:00:00,2505.25,2515.93,2490.85,2496.37,52.1523,1626420599999,130576.13918310001,532,23.37764,58557.7475492,0
2021-07-16 07:30:00,2496.76,2510.11,2488.0,2509.9,35.03948,1626422399999,87581.4723629,484,15.71349,39294.4303082,0
2021-07-16 08:00:00,2510.9,2511.2,2476.96,2480.7,41.7277,1626424199999,104216.67054480001,494,17.74139,44315.1657518,0
2021-07-16 08:30:00,2480.0,2492.13,2440.0,2464.14,99.44313000000001,1626425999999,244656.57940380002,978,36.52533,89895.17116849998,0
2021-07-16 09:00:00,2460.22,2466.39,2440.0,2446.33,67.41096,1626427799999,165430.40028,542,25.544829999999997,62683.1145199,0
2021-07-16 09:30:00,2449.22,2465.16,2442.7,2459.13,68.66514000000001,1626429599999,168217.89211279998,658,32.13081,78720.7853416,0
2021-07-16 10:00:00,2454.59,2465.66,2437.48,2443.21,31.5612,1626431399999,77378.5029663,310,13.773029999999999,33776.9667017,0
2021-07-16 10:30:00,2448.55,2473.8,2432.86,2457.19,81.99686,1626433199999,201265.76654920002,554,37.10453,91104.9361662,0
2021-07-16 11:00:00,2455.83,2457.63,2426.03,2430.99,94.1417,1626434999999,229851.64740829996,824,34.55608,84355.34916980001,0
2021-07-16 11:30:00,2430.31,2435.26,2407.64,2407.64,95.24535999999999,1626436799999,230728.1337929,542,31.91917,77317.740364,0
2021-07-16 12:00:00,2407.66,2464.48,2406.25,2441.73,144.274,1626438599999,351835.5785146,838,70.87823,173072.50508379994,0
2021-07-16 12:30:00,2442.77,2462.17,2410.13,2456.88,100.26026,1626440399999,243814.8101712,645,38.234590000000004,93007.4523352,0
2021-07-16 13:00:00,2459.46,2489.37,2459.46,2483.3,97.07457,1626442199999,240252.6302048,532,49.97948,123723.19834980002,0
2021-07-16 13:30:00,2484.39,2490.57,2463.98,2466.49,46.509879999999995,1626443999999,115185.1478091,206,23.238970000000002,57565.8161878,0
2021-07-16 14:00:00,2468.55,2480.0,2464.69,2478.33,45.60859,1626445799999,112812.32633930001,224,25.38501,62802.9067768,0
2021-07-16 14:30:00,2473.04,2485.23,2472.23,2481.07,32.75147,1626447599999,81160.904226,156,13.670679999999999,33884.7600444,0
2021-07-16 15:00:00,2482.03,2490.0,2475.09,2480.39,20.929679999999998,1626449399999,51941.6287482,105,13.05385,32388.594290400004,0
2021-07-16 15:30:00,2483.24,2503.5,2482.27,2503.5,42.05767,1626451199999,105000.6496341,255,21.507360000000002,53708.2149264,0
2021-07-16 16:00:00,2503.19,2504.94,2473.64,2490.75,62.36348,1626452999999,155442.2210306,359,24.37519,60732.51735240001,0
2021-07-16 16:30:00,2493.95,2508.37,2484.28,2489.92,41.39402000000001,1626454799999,103254.1132712,256,24.03856,59947.84068069999,0
2021-07-16 17:00:00,2490.76,2499.91,2487.37,2487.37,15.89603,1626456599999,39655.20287430001,128,7.9191600000000015,19750.7167528,0
2021-07-16 17:30:00,2485.76,2488.71,2480.59,2483.37,20.66745,1626458399999,51335.886975,124,11.2707,28000.6769885,0
2021-07-16 18:00:00,2483.65,2483.65,2470.98,2474.01,29.79577,1626460199999,73767.0746924,131,9.46233,23442.1519328,0
2021-07-16 18:30:00,2474.91,2483.0,2470.46,2474.17,19.66067,1626461999999,48711.517307199996,114,8.64461,21423.238082900003,0
2021-07-16 19:00:00,2475.08,2488.46,2473.8,2473.8,17.18918,1626463799999,42630.0856986,109,10.25048,25433.8523558,0
2021-07-16 19:30:00,2474.22,2474.22,2459.88,2463.22,39.17205,1626465599999,96489.40998350001,182,20.08159,49478.6149653,0
2021-07-16 20:00:00,2464.33,2476.13,2450.96,2463.23,29.30842,1626467399999,72179.28137560001,136,15.375929999999999,37870.7388633,0
2021-07-16 20:30:00,2463.63,2466.34,2447.96,2447.96,30.03752,1626469199999,73833.5215133,177,13.636920000000002,33521.9156735,0
2021-07-16 21:00:00,2446.72,2463.0,2445.01,2453.59,21.31525,1626470999999,52261.489117699995,227,8.68795,21293.0383865,0
2021-07-16 21:30:00,2453.26,2477.9,2450.4,2455.94,43.19978,1626472799999,106502.0437499,328,25.65231,63257.689311300004,0
2021-07-16 22:00:00,2455.16,2466.7,2440.13,2440.57,24.55957,1626474599999,60320.9681326,260,12.73719,31280.55974890001,0
2021-07-16 22:30:00,2442.18,2442.18,2414.54,2419.39,39.61542,1626476399999,96067.056849,316,13.583839999999999,32942.2780425,0
2021-07-16 23:00:00,2420.22,2432.4,2415.71,2427.13,55.43711999999999,1626478199999,134383.6925914,218,8.592210000000001,20842.986650900002,0
2021-07-16 23:30:00,2425.09,2434.87,2415.25,2419.6,182.55735,1626479999999,442474.8483207,760,37.7363,91492.4838822,0
2021-07-17 00:00:00,2419.17,2445.39,2401.61,2414.83,139.29296000000002,1626481799999,336478.36599120003,429,63.52065,153419.6513768,0
2021-07-17 00:30:00,2414.85,2454.68,2414.73,2454.68,55.11459,1626483599999,134321.3414123,425,28.37182,69104.27539239997,0
2021-07-17 01:00:00,2454.82,2454.82,2419.63,2428.1,27.04112000000001,1626485399999,65752.052866,186,11.74959,28605.531445599998,0
2021-07-17 01:30:00,2425.34,2432.3,2397.41,2413.34,97.79587,1626487199999,235298.99210179996,480,23.30545,56142.91481230001,0
2021-07-17 02:00:00,2413.3,2413.3,2390.67,2392.15,41.95027,1626488999999,100661.394545,332,16.36252,39301.0662826,0
2021-07-17 02:30:00,2397.49,2409.26,2388.4,2396.1,36.494609999999994,1626490799999,87601.3061838,233,22.315,53598.0919562,0
2021-07-17 03:00:00,2391.68,2419.71,2390.97,2419.71,37.0521,1626492599999,89055.3752816,261,17.957810000000006,43183.9027348,0
2021-07-17 03:30:00,2418.08,2418.08,2403.86,2403.86,17.86349,1626494399999,43065.7873678,181,9.40899,22678.4509942,0
2021-07-17 04:00:00,2402.76,2416.35,2396.14,2410.8,32.38071,1626496199999,77999.28968139997,158,15.166870000000001,36523.782884699984,0
2021-07-17 04:30:00,2411.24,2432.78,2411.24,2425.81,39.077909999999996,1626497999999,94717.6315953,160,29.88769000000001,72420.91060680001,0
2021-07-17 05:00:00,2423.87,2434.01,2419.14,2430.89,39.284240000000004,1626499799999,95277.5850438,274,26.581590000000002,64470.63713080001,0
2021-07-17 05:30:00,2430.87,2435.19,2417.71,2423.15,22.62801,1626501599999,54887.30042740001,193,8.74495,21214.890908200006,0
2021-07-17 06:00:00,2425.47,2430.52,2417.01,2429.06,13.16167,1626503399999,31916.3428394,110,6.91529,16768.4520132,0
2021-07-17 06:30:00,2430.87,2434.28,2424.66,2432.71,16.82464,1626505199999,40884.61810959999,158,4.49673,10924.127876100001,0
2021-07-17 07:00:00,2432.04,2432.44,2403.67,2405.52,43.336059999999996,1626506999999,104596.0525715,231,8.98197,21669.0466042,0
2021-07-17 07:30:00,2405.43,2422.08,2405.43,2417.84,21.876260000000002,1626508799999,52865.5196158,186,8.73103,21103.3959535,0
2021-07-17 08:00:00,2417.22,2417.22,2394.06,2399.54,28.553729999999998,1626510599999,68612.0517666,246,13.974979999999999,33584.2297433,0
2021-07-17 08:30:00,2396.63,2464.73,2396.4,2433.06,90.54528,1626512399999,220775.90960900002,649,58.36711999999999,142274.5590072,0
2021-07-17 09:00:00,2433.2,2441.54,2421.35,2436.17,77.59031999999998,1626514199999,188614.738303,405,40.8019,99147.70454339999,0
2021-07-17 09:30:00,2432.35,2433.51,2408.31,2410.82,24.82696,1626515999999,60081.04554500001,160,11.28561,27301.095977099998,0
2021-07-17 10:00:00,2409.73,2409.85,2379.55,2388.16,66.42545,1626517799999,158857.15018479998,437,22.344179999999998,53414.6625425,0
2021-07-17 10:30:00,2388.46,2398.32,2383.03,2385.07,24.82125,1626519599999,59364.1820398,221,13.27793,31743.335899,0
2021-07-17 11:00:00,2382.74,2406.4,2378.92,2392.6,39.17538,1626521399999,93781.8096109,231,21.55752,51609.067137800004,0
2021-07-17 11:30:00,2397.11,2414.2,2397.11,2412.18,28.10285,1626523199999,67610.33139759999,151,17.64869,42457.682632,0
2021-07-17 12:00:00,2413.59,2415.93,2401.03,2413.19,27.56449000000001,1626524999999,66376.82869319999,235,16.92585,40750.558851099995,0
2021-07-17 12:30:00,2413.82,2418.31,2403.5,2408.12,20.275470000000002,1626526799999,48872.7613349,205,10.998560000000001,26509.9503899,0
2021-07-17 13:00:00,2406.38,2412.24,2384.47,2385.66,40.3944,1626528599999,96925.2053148,210,19.91619,47799.6702862,0
2021-07-17 13:30:00,2385.61,2428.44,2384.38,2411.22,62.650769999999994,1626530399999,151174.1848414,433,33.32945,80451.79293899999,0
2021-07-17 14:00:00,2413.09,2422.12,2407.87,2411.48,15.22807,1626532199999,36766.7831464,136,6.42324,15513.590059099999,0
2021-07-17 14:30:00,2413.24,2415.54,2405.22,2409.2,36.1861,1626533999999,87276.38295930001,171,16.654420000000002,40167.77255630001,0
2021-07-17 15:00:00,2409.93,2413.22,2393.71,2401.76,31.41224,1626535799999,75515.0637538,184,11.4185,27446.306555799998,0
2021-07-17 15:30:00,2403.12,2423.3,2402.32,2421.05,21.81028,1626537599999,52638.6234749,172,9.73142,23495.753097,0
2021-07-17 16:00:00,2423.17,2447.23,2412.27,2447.23,54.20616999999999,1626539399999,131538.39427780002,297,33.658390000000004,81701.1426796,0
2021-07-17 16:30:00,2448.64,2456.94,2435.89,2436.29,48.086929999999995,1626541199999,117532.5075549,288,32.92069,80456.3421712,0
2021-07-17 17:00:00,2442.59,2442.59,2415.92,2420.96,20.84372,1626542999999,50636.2932413,133,9.70279,23598.0550297,0
2021-07-17 17:30:00,2422.38,2428.85,2409.6,2428.85,32.69023,1626544799999,79025.1095789,136,17.72329,42851.5834737,0
2021-07-17 18:00:00,2426.73,2443.05,2423.53,2441.73,36.21458,1626546599999,88125.65496799997,167,14.31069,34859.1161806,0
2021-07-17 18:30:00,2441.19,2449.59,2433.72,2436.32,25.84936,1626548399999,63140.20074830001,142,13.93785,34062.083692500004,0
2021-07-17 19:00:00,2436.07,2462.53,2434.3,2451.42,35.00052,1626550199999,85613.20508300001,323,16.75995,41021.1247226,0
2021-07-17 19:30:00,2452.65,2454.0,2443.08,2444.62,163.57443999999995,1626551999999,400050.0706007,509,93.62261,228837.1638855,0
2021-07-17 20:00:00,2444.62,2451.59,2434.94,2437.18,23.835179999999998,1626553799999,58256.4411278,223,12.20176,29831.714255199997,0
2021-07-17 20:30:00,2439.57,2444.81,2436.35,2436.51,14.33927,1626555599999,34998.0363644,94,7.453760000000001,18190.936470400004,0
2021-07-17 21:00:00,2438.37,2461.08,2437.99,2454.96,30.90594,1626557399999,75683.33673560001,245,19.86119,48604.482633,0
2021-07-17 21:30:00,2456.25,2459.6,2440.2,2444.41,17.20911,1626559199999,42190.4391693,163,8.0942,19844.410979,0
2021-07-17 22:00:00,2443.11,2443.11,2423.88,2423.88,16.57826,1626560999999,40284.742250699994,124,5.36599,13036.3882357,0
2021-07-17 22:30:00,2424.1,2430.32,2422.42,2423.92,15.64959,1626562799999,37965.004418300014,106,5.86684,14239.6810928,0
2021-07-17 23:00:00,2423.93,2430.51,2418.13,2429.25,23.28738,1626564599999,56477.016355199994,196,12.35652,29966.62945080001,0
2021-07-17 23:30:00,2428.81,2433.87,2420.08,2422.94,18.495179999999998,1626566399999,44876.0868417,183,8.56272,20787.4569838,0
2021-07-18 00:00:00,2425.92,2452.47,2423.71,2452.47,25.06705,1626568199999,61195.6416291,236,13.59929,33194.2772722,0
2021-07-18 00:30:00,2451.87,2516.91,2451.87,2514.24,194.014,1626569999999,482898.9296344,988,67.70286999999999,168310.6300481,0
2021-07-18 01:00:00,2515.98,2537.99,2509.58,2535.41,72.32085,1626571799999,182605.5690469,440,27.10257,68434.4972697,0
2021-07-18 01:30:00,2538.0,2546.07,2515.4,2519.64,26.28203,1626573599999,66578.7300337,261,12.42262,31452.4739147,0
2021-07-18 02:00:00,2524.02,2529.95,2514.4,2528.33,26.613879999999998,1626575399999,67150.8869421,193,14.232460000000001,35923.7952815,0
2021-07-18 02:30:00,2530.15,2530.15,2512.09,2514.62,20.82878,1626577199999,52460.0241029,241,6.1157,15412.191560799998,0
2021-07-18 03:00:00,2519.64,2524.79,2511.77,2514.01,24.06446,1626578999999,60593.514735000004,185,8.70551,21926.7131039,0
2021-07-18 03:30:00,2515.07,2519.59,2506.89,2513.0,19.13283,1626580799999,48055.2272905,143,7.76708,19508.334322299997,0
2021-07-18 04:00:00,2514.47,2523.09,2509.94,2516.92,14.99699,1626582599999,37725.2409144,133,5.78052,14533.873601,0
2021-07-18 04:30:00,2516.58,2516.58,2502.14,2506.14,20.4478,1626584399999,51275.5153057,153,10.99238,27564.2796655,0
2021-07-18 05:00:00,2506.91,2524.6,2503.57,2522.43,12.63263,1626586199999,31760.271182200002,140,9.26951,23306.8896575,0
2021-07-18 05:30:00,2521.79,2525.73,2519.6,2520.09,17.73675,1626587999999,44747.539166,251,8.66543,21859.4687651,0
2021-07-18 06:00:00,2521.56,2524.66,2496.04,2507.37,26.90365,1626589799999,67426.2719704,276,8.16076,20456.8935467,0
2021-07-18 06:30:00,2507.38,2507.38,2478.65,2490.02,33.2307,1626591599999,82803.0709952,266,13.50799,33652.7137319,0
2021-07-18 07:00:00,2490.27,2495.95,2487.03,2491.99,14.249179999999999,1626593399999,35490.5290176,122,7.55622,18823.108718,0
2021-07-18 07:30:00,2492.06,2497.58,2482.85,2485.62,11.72405,1626595199999,29179.9823177,123,5.96016,14834.6783842,0
2021-07-18 08:00:00,2487.71,2507.28,2486.02,2498.05,21.70759,1626596999999,54236.9594326,165,12.79317,31967.3074075,0
2021-07-18 08:30:00,2495.21,2504.99,2490.72,2504.99,7.3738100000000015,1626598799999,18406.4665871,66,3.9267199999999995,9805.352005399998,0
2021-07-18 09:00:00,2501.21,2509.99,2496.21,2509.6,26.863559999999996,1626600599999,67263.682554,133,13.21662,33117.0590797,0
2021-07-18 09:30:00,2508.77,2528.44,2507.09,2510.77,34.51897,1626602399999,86902.06138099999,237,20.87945,52534.8657161,0
2021-07-18 10:00:00,2507.48,2519.81,2491.96,2519.6,25.2342,1626604199999,63197.37923860001,196,16.07391,40276.8408252,0
2021-07-18 10:30:00,2516.52,2518.29,2504.79,2518.05,12.85164,1626605999999,32272.2150477,129,6.34046,15914.6435021,0
2021-07-18 11:00:00,2516.11,2523.57,2500.65,2511.07,18.28515,1626607799999,45976.85676619999,146,9.36778,23568.0267817,0
2021-07-18 11:30:00,2509.69,2521.13,2507.02,2515.75,18.94354,1626609599999,47617.801169599996,167,7.07785,17803.148454299993,0
2021-07-18 12:00:00,2512.87,2514.8,2498.61,2501.21,13.76044,1626611399999,34507.082255400004,163,7.1215,17870.877598099996,0
2021-07-18 12:30:00,2498.58,2510.17,2497.68,2499.54,17.155179999999998,1626613199999,42958.6353924,174,8.59401,21518.9734045,0
2021-07-18 13:00:00,2497.02,2499.54,2487.38,2489.87,13.651760000000001,1626614999999,34019.6413069,130,5.78177,14408.856843399999,0
2021-07-18 13:30:00,2487.53,2492.79,2473.06,2474.3,27.035529999999998,1626616799999,67121.5907018,218,9.1492,22743.035275,0
2021-07-18 14:00:00,2472.61,2491.45,2466.88,2484.81,22.65993,1626618599999,56115.80710850001,218,9.71642,24041.0454433,0
2021-07-18 14:30:00,2484.04,2484.82,2427.18,2443.06,72.7466,1626620399999,178145.0950293,613,34.83909,85292.6307983,0
2021-07-18 15:00:00,2438.79,2453.18,2426.03,2431.22,28.68123,1626622199999,69983.9633532,313,15.52905,37889.658658800014,0
2021-07-18 15:30:00,2430.09,2439.01,2420.63,2427.15,21.419079999999997,1626623999999,51972.2074693,177,8.42966,20465.8605002,0
2021-07-18 16:00:00,2424.3,2424.73,2403.8,2421.55,41.69719,1626625799999,100718.2162357,343,14.263639999999999,34473.3619147,0
2021-07-18 16:30:00,2421.73,2432.81,2418.19,2425.48,26.34726,1626627599999,63818.501701199995,149,8.46262,20522.4522381,0
2021-07-18 17:00:00,2423.7,2438.91,2421.0,2438.91,17.10315,1626629399999,41532.463159300016,94,10.6198,25780.027345599996,0
2021-07-18 17:30:00,2438.11,2462.7,2433.17,2457.8,146.20153,1626631199999,358370.48587440007,776,44.23073,108421.13103810001,0
2021-07-18 18:00:00,2457.64,2473.11,2457.64,2471.48,128.53406,1626632999999,316911.7567643,572,50.36249,124172.24280639998,0
2021-07-18 18:30:00,2471.48,2475.64,2468.77,2472.83,73.66291,1626634799999,182151.2516998,278,18.768320000000006,46416.1733986,0
2021-07-18 19:00:00,2471.91,2478.08,2465.62,2469.17,49.68967,1626636599999,122819.98626389999,249,37.91838,93736.3232165,0
2021-07-18 19:30:00,2467.95,2469.87,2457.3,2459.37,19.06639,1626638399999,46953.8999744,135,8.84442,21779.634236500002,0
2021-07-18 20:00:00,2457.33,2474.42,2444.71,2463.94,61.38029,1626640199999,151072.2707845,513,39.309490000000004,96778.7798458,0
2021-07-18 20:30:00,2460.42,2476.79,2454.65,2460.49,32.28705,1626641999999,79660.78267510001,168,18.28741,45107.3703943,0
2021-07-18 21:00:00,2457.33,2472.18,2454.89,2460.59,25.45608,1626643799999,62637.24812819999,172,15.374220000000001,37822.7476317,0
2021-07-18 21:30:00,2461.28,2484.12,2452.98,2481.17,72.22969,1626645599999,178142.434206,530,41.93867,103454.8919357,0
2021-07-18 22:00:00,2484.56,2499.53,2460.99,2466.77,81.80036,1626647399999,202560.8877206,482,40.46774,100213.118807,0
2021-07-18 22:30:00,2471.73,2472.55,2451.67,2460.24,22.56586,1626649199999,55541.2834337,139,10.80575,26598.0896688,0
2021-07-18 23:00:00,2456.61,2466.37,2454.44,2455.11,17.90106,1626650999999,44026.7644916,79,8.7899,21617.1331868,0
2021-07-18 23:30:00,2457.83,2488.0,2457.83,2468.06,22.68323,1626652799999,56200.5473487,148,13.09362,32434.484024799996,0
2021-07-19 00:00:00,2468.89,2479.41,2447.0,2448.09,37.59928,1626654599999,92613.13770650001,349,14.58026,35924.8791329,0
2021-07-19 00:30:00,2452.19,2458.29,2426.7,2449.01,112.28554,1626656399999,274110.3148462,585,43.54958,106267.2372061,0
2021-07-19 01:00:00,2446.74,2448.28,2426.36,2435.49,17.35456,1626658199999,42261.3592023,143,10.651869999999999,25939.994732599996,0
2021-07-19 01:30:00,2433.92,2455.83,2427.12,2443.97,21.56494,1626659999999,52629.812232,139,17.740660000000005,43277.5405893,0
2021-07-19 02:00:00,2441.74,2452.95,2440.03,2450.82,13.858070000000001,1626661799999,33905.281751,107,9.1696,22441.110862,0
2021-07-19 02:30:00,2445.45,2447.41,2430.88,2434.39,25.235689999999998,1626663599999,61518.57883890001,128,10.75653,26247.4255586,0
2021-07-19 03:00:00,2434.46,2444.18,2429.27,2439.47,12.79545,1626665399999,31163.490839,77,8.80203,21435.0485137,0
2021-07-19 03:30:00,2439.81,2446.44,2430.62,2433.5,56.40789,1626667199999,137723.023632,202,40.227309999999996,98257.8398575,0
2021-07-19 04:00:00,2434.57,2442.57,2431.2,2442.57,26.96872,1626668999999,65816.92488790001,100,22.937179999999998,55984.6870146,0
2021-07-19 04:30:00,2439.8,2448.42,2435.8,2446.9,33.123090000000005,1626670799999,80864.8474766,264,30.21902,73773.7396839,0
2021-07-19 05:00:00,2446.02,2453.46,2441.84,2447.75,20.3963,1626672599999,49939.0672382,147,6.38084,15625.9277409,0
2021-07-19 05:30:00,2448.66,2465.46,2443.82,2456.01,30.15335,1626674399999,73972.4940754,290,16.82312,41252.821659400004,0
2021-07-19 06:00:00,2458.69,2470.89,2457.08,2460.43,38.16856,1626676199999,94090.2872416,361,22.928520000000002,56521.313579999995,0
2021-07-19 06:30:00,2461.27,2479.27,2457.48,2472.45,35.42052,1626677999999,87457.3821097,398,20.07712,49655.3369255,0
2021-07-19 07:00:00,2471.51,2477.84,2460.41,2460.41,15.47414,1626679799999,38244.792622099994,116,5.82273,14392.716906,0
2021-07-19 07:30:00,2461.37,2464.92,2445.61,2448.58,39.17194,1626681599999,96103.24129349999,225,12.772839999999999,31330.176481200004,0
2021-07-19 08:00:00,2448.62,2458.22,2445.74,2455.57,21.03165,1626683399999,51543.331595699994,134,7.25242,17772.1672318,0
2021-07-19 08:30:00,2455.57,2459.07,2426.24,2426.68,29.53837,1626685199999,72064.1674976,205,10.11224,24693.8902975,0
2021-07-19 09:00:00,2426.63,2433.54,2408.8,2412.37,123.30901999999999,1626686999999,298046.21624509996,599,28.41168,68648.8061028,0
2021-07-19 09:30:00,2411.56,2413.08,2400.92,2410.48,160.84841,1626688799999,387159.71796959994,1284,41.68526,100349.155233,0
2021-07-19 10:00:00,2409.68,2412.95,2407.42,2407.42,43.22518,1626690599999,104215.3449701,343,5.48398,13226.3646626,0
2021-07-19 10:30:00,2409.67,2409.67,2392.25,2395.72,57.08595,1626692399999,137071.7948358,397,31.366659999999996,75293.02716789999,0
2021-07-19 11:00:00,2394.71,2408.27,2392.76,2397.96,22.68519,1626694199999,54442.1280334,171,10.0553,24129.71356420001,0
2021-07-19 11:30:00,2397.44,2404.83,2383.68,2383.68,29.88853,1626695999999,71431.1925507,311,11.69962,27959.9327305,0
2021-07-19 12:00:00,2383.68,2401.08,2375.84,2380.32,54.93289,1626697799999,131194.5597628,325,31.011020000000002,74113.4123304,0
2021-07-19 12:30:00,2377.83,2377.84,2323.79,2334.72,138.88953999999998,1626699599999,326514.9626927,1324,69.14965,162625.63563570002,0
2021-07-19 13:00:00,2331.89,2351.43,2315.08,2330.55,85.53355,1626701399999,199636.3427224,656,44.02146,102836.86598330001,0
2021-07-19 13:30:00,2328.93,2328.93,2300.0,2302.35,56.7738,1626703199999,131222.5180303,501,27.11089,62696.19840580001,0
2021-07-19 14:00:00,2300.44,2327.05,2296.92,2314.75,79.40999000000002,1626704999999,183607.0589219,608,31.76969,73496.895563,0
2021-07-19 14:30:00,2312.79,2335.91,2309.69,2325.41,64.00225999999999,1626706799999,148843.0902709,459,32.90568,76494.94024299999,0
2021-07-19 15:00:00,2321.36,2340.0,2313.45,2323.62,57.17879,1626708599999,133217.4724842,359,29.5483,68892.6188728,0
2021-07-19 15:30:00,2318.46,2324.52,2305.7,2307.73,32.35652,1626710399999,74897.82081260001,250,12.24446,28385.5554545,0
2021-07-19 16:00:00,2309.58,2323.48,2302.91,2308.01,17.7544,1626712199999,41097.6105576,202,10.49953,24328.5582061,0
2021-07-19 16:30:00,2309.21,2330.61,2297.79,2314.3,114.95902,1626713999999,266281.8698902,696,60.87383000000001,140997.11738900002,0
2021-07-19 17:00:00,2312.19,2326.06,2305.87,2321.93,28.30687,1626715799999,65606.3639674,158,14.053189999999999,32574.25192530001,0
2021-07-19 17:30:00,2322.7,2328.0,2304.69,2309.18,20.29559,1626717599999,46994.641156599995,175,10.11701,23444.9724516,0
2021-07-19 18:00:00,2311.68,2316.98,2304.05,2306.94,17.65824,1626719399999,40790.8444721,163,5.06516,11703.017021,0
2021-07-19 18:30:00,2306.65,2310.0,2282.12,2285.73,75.10651,1626721199999,172194.5166749,467,17.31972,39779.943968,0
2021-07-19 19:00:00,2286.93,2297.42,2277.15,2297.42,53.21665,1626722999999,121586.2361598,344,30.59406,69921.0790825,0
2021-07-19 19:30:00,2297.74,2317.72,2296.02,2310.78,63.39709000000001,1626724799999,146415.7980155,474,48.54179,112091.62964730001,0
2021-07-19 20:00:00,2312.89,2321.46,2297.34,2299.33,26.821170000000002,1626726599999,61963.891024699995,191,14.65042,33817.762714,0
2021-07-19 20:30:00,2302.63,2315.13,2298.86,2298.94,30.08819,1626728399999,69409.04188280001,137,16.2656,37511.9280761,0
2021-07-19 21:00:00,2301.82,2311.66,2298.9,2299.37,15.5646,1626730199999,35850.0955945,121,4.0169,9247.960584299999,0
2021-07-19 21:30:00,2300.69,2300.69,2271.6,2276.5,53.42868000000001,1626731999999,121981.82868210001,398,16.77976,38303.1976972,0
2021-07-19 22:00:00,2276.39,2319.68,2276.39,2318.12,58.51824000000001,1626733799999,134436.49744719994,452,30.45818,70029.1355746,0
2021-07-19 22:30:00,2317.12,2328.55,2309.1,2310.91,60.10853,1626735599999,139353.5098994,305,39.272009999999995,91041.9954599,0
2021-07-19 23:00:00,2309.63,2319.92,2296.17,2302.48,19.209,1626737399999,44276.154804800004,179,8.82884,20350.7185895,0
2021-07-19 23:30:00,2300.0,2314.06,2280.0,2293.82,41.20585,1626739199999,94565.53824239998,388,19.638460000000002,45095.0501502,0
2021-07-20 00:00:00,2295.67,2327.99,2273.81,2312.97,86.29342,1626740999999,198319.4224786,734,39.4519,90814.4577957,0
2021-07-20 00:30:00,2315.14,2320.13,2271.28,2273.47,35.85934,1626742799999,82190.7273713,282,19.055220000000002,43735.2969334,0
2021-07-20 01:00:00,2275.35,2281.59,2227.5,2237.69,94.42478,1626744599999,212994.76228199998,775,40.36505,90967.7855883,0
2021-07-20 01:30:00,2234.89,2245.65,2231.77,2239.38,26.419909999999998,1626746399999,59156.3479541,242,14.0116,31373.977048400004,0
2021-07-20 02:00:00,2239.8,2249.59,2212.78,2216.77,228.95682000000002,1626748199999,512033.8003512,984,131.03703000000002,293097.4023278,0
2021-07-20 02:30:00,2211.8,2217.72,2177.95,2177.95,141.96488,1626749999999,311381.31961509987,750,53.89265,118330.4602398,0
2021-07-20 03:00:00,2181.2,2193.59,2146.53,2153.73,146.37113,1626751799999,317209.0934441,856,47.50196,102990.0294823,0
2021-07-20 03:30:00,2153.04,2160.92,2134.21,2143.07,80.71998,1626753599999,173294.890883,523,30.78435,66172.63898609999,0
2021-07-20 04:00:00,2144.82,2158.29,2133.5,2140.77,30.6977,1626755399999,65795.6430877,215,16.5124,35410.528879000005,0
2021-07-20 04:30:00,2135.72,2171.49,2133.88,2151.14,58.9419,1626757199999,126750.1775043,376,28.62523,61535.76257969999,0
2021-07-20 05:00:00,2149.09,2168.5,2146.15,2167.89,38.97124,1626758999999,84146.7257786,336,19.09552,41270.9995822,0
2021-07-20 05:30:00,2169.18,2173.1,2158.2,2169.53,23.19671,1626760799999,50231.2284373,164,12.71833,27548.426788700002,0
2021-07-20 06:00:00,2172.13,2176.7,2164.3,2165.75,24.64182000000001,1626762599999,53470.758268800004,146,10.3824,22512.01412040001,0
2021-07-20 06:30:00,2168.42,2180.11,2158.01,2167.6,63.08172,1626764399999,136875.23936160002,274,23.02741,50018.3880988,0
2021-07-20 07:00:00,2170.0,2196.23,2168.61,2184.64,30.618759999999998,1626766199999,67034.6462562,223,13.6611,29901.4203291,0
2021-07-20 07:30:00,2188.14,2207.83,2177.47,2194.75,142.26747,1626767999999,312809.6261572,575,93.59188,205806.2246176,0
2021-07-20 08:00:00,2195.49,2199.17,2163.27,2172.11,106.19508,1626769799999,231616.24107929997,561,46.72103,101824.47065510001,0
2021-07-20 08:30:00,2172.09,2172.94,2134.68,2137.48,124.57144,1626771599999,267912.6494564,490,32.85581,70583.6173813,0
2021-07-20 09:00:00,2137.73,2156.37,2137.33,2140.59,67.42969000000001,1626773399999,144571.1091231,279,43.26401,92715.7727281,0
2021-07-20 09:30:00,2139.42,2142.58,2110.83,2129.17,88.85721,1626775199999,189390.3616506,547,39.53347,84308.9955812,0
2021-07-20 10:00:00,2128.31,2151.46,2118.2,2144.19,76.10996,1626776999999,162707.5287208,477,42.3271,90500.9294617,0
2021-07-20 10:30:00,2146.51,2172.19,2137.85,2172.16,68.24839,1626778799999,146686.27250179998,431,35.41826,76176.6478464,0
2021-07-20 11:00:00,2172.11,2181.85,2154.51,2154.61,38.61179,1626780599999,83712.093562,290,21.10153,45757.588067000004,0
2021-07-20 11:30:00,2155.29,2181.89,2155.24,2164.85,45.90325,1626782399999,99715.4695155,260,32.53608,70706.48811779999,0
2021-07-20 12:00:00,2164.86,2174.02,2149.61,2150.91,39.79224,1626784199999,86126.2863157,309,22.66103,49048.438170099995,0
2021-07-20 12:30:00,2149.23,2171.66,2147.75,2166.94,26.03106,1626785999999,56299.775029699995,150,12.72648,27528.034789999998,0
2021-07-20 13:00:00,2165.81,2173.75,2145.01,2145.3,42.79688,1626787799999,92470.3176084,305,19.936420000000002,43081.0608145,0
2021-07-20 13:30:00,2150.89,2155.81,2131.77,2135.88,40.86926,1626789599999,87418.73158410001,258,18.00524,38504.0754793,0
2021-07-20 14:00:00,2137.35,2166.69,2126.0,2153.7,128.32399999999998,1626791399999,275033.96244050004,984,54.50476999999999,116895.6347461,0
2021-07-20 14:30:00,2156.11,2168.0,2134.35,2168.0,60.319430000000004,1626793199999,129603.3153283,487,32.38176,69597.9641746,0
2021-07-20 15:00:00,2168.76,2207.34,2163.63,2207.34,52.88928000000001,1626794999999,115228.38901160001,503,35.3764,77128.13763130001,0
2021-07-20 15:30:00,2207.87,2216.65,2199.77,2215.94,69.95579000000001,1626796799999,154577.91499320001,404,44.8252,99040.35754560001,0
2021-07-20 16:00:00,2215.31,2229.05,2199.06,2213.19,28.82256,1626798599999,63712.32431240001,224,19.82375,43833.1450689,0
2021-07-20 16:30:00,2215.95,2216.03,2183.83,2184.81,15.175120000000001,1626800399999,33399.9758638,246,6.91154,15186.005285899999,0
2021-07-20 17:00:00,2184.53,2193.65,2184.53,2193.65,20.36075,1626802199999,44568.1262499,151,9.98299,21863.0178838,0
2021-07-20 17:30:00,2191.87,2194.99,2185.89,2191.07,15.65595,1626803999999,34291.722249,115,8.77148,19223.6908059,0
2021-07-20 18:00:00,2194.99,2211.61,2188.01,2208.29,15.747020000000001,1626805799999,34680.8809766,107,9.445969999999999,20803.1025223,0
2021-07-20 18:30:00,2208.24,2215.29,2203.74,2213.05,13.455639999999999,1626807599999,29749.1426981,94,6.7339899999999995,14878.2341007,0
2021-07-20 19:00:00,2211.79,2219.48,2202.65,2215.79,16.29224,1626809399999,36028.9294836,96,10.929680000000001,24172.1143646,0
2021-07-20 19:30:00,2217.67,2217.67,2198.67,2203.98,12.41105,1626811199999,27420.280302,111,5.56275,12286.4435666,0
2021-07-20 20:00:00,2205.41,2220.86,2205.0,2218.77,37.180659999999996,1626812999999,82217.52281689999,325,14.02348,30996.747993599998,0
2021-07-20 20:30:00,2220.37,2220.37,2214.74,2214.94,16.420720000000006,1626814799999,36414.0594607,154,9.60772,21308.5613119,0
2021-07-20 21:00:00,2215.0,2222.12,2198.49,2198.49,41.45256,1626816599999,91627.5958286,211,12.862039999999999,28398.392788300003,0
2021-07-20 21:30:00,2199.33,2207.12,2195.02,2200.88,27.7496,1626818399999,61084.7109493,171,12.854280000000001,28281.857482599997,0
2021-07-20 22:00:00,2201.9,2212.51,2192.23,2192.23,11.88815,1626820199999,26185.415842299997,94,6.1135800000000025,13463.0090012,0
2021-07-20 22:30:00,2195.97,2201.06,2177.0,2179.3,26.30823,1626821999999,57464.584501900004,153,13.096589999999999,28623.759479400003,0
2021-07-20 23:00:00,2181.79,2188.83,2178.55,2180.35,17.18076,1626823799999,37488.45105990001,127,10.3859,22660.090140599998,0
2021-07-20 23:30:00,2180.35,2197.8,2180.35,2186.19,25.32476,1626825599999,55379.610351100004,169,5.4787099999999995,11991.0174362,0
2021-07-21 00:00:00,2185.31,2214.27,2182.01,2183.93,49.498059999999995,1626827399999,108607.2618756,298,30.6056,67162.6290956,0
2021-07-21 00:30:00,2185.69,2185.7,2158.41,2159.95,107.87558999999999,1626829199999,234407.80539060003,730,58.50151999999999,127125.63296700001,0
2021-07-21 01:00:00,2159.95,2176.82,2152.68,2168.69,39.220259999999996,1626830999999,84774.627573,326,18.03915,38993.4672987,0
2021-07-21 01:30:00,2172.38,2192.84,2170.47,2190.45,21.78039,1626832799999,47498.7077768,168,11.24532,24489.7291215,0
2021-07-21 02:00:00,2188.55,2207.17,2186.93,2204.44,36.48407,1626834599999,80240.3174263,306,25.25089,55529.13972869999,0
2021-07-21 02:30:00,2206.07,2222.48,2200.83,2221.96,66.19145999999999,1626836399999,146324.26924979998,360,29.42925,65036.4117023,0
2021-07-21 03:00:00,2224.08,2225.78,2211.33,2222.7,20.23066,1626838199999,44885.4680443,215,11.2669,24990.9839935,0
2021-07-21 03:30:00,2223.77,2233.37,2221.66,2226.2,26.755770000000002,1626839999999,59543.2928878,289,17.54469,39039.3475477,0
2021-07-21 04:00:00,2226.2,2300.23,2226.2,2300.23,157.54076,1626841799999,358017.7247954001,972,100.22492,227879.17924320002,0
2021-07-21 04:30:00,2300.23,2311.0,2285.91,2309.08,118.38436999999999,1626843599999,272358.7904571,802,70.86159,162989.54837629994,0
2021-07-21 05:00:00,2309.69,2310.49,2291.09,2300.99,23.44347,1626845399999,53897.6268054,212,10.716569999999999,24642.5117449,0
2021-07-21 05:30:00,2299.41,2313.87,2296.63,2307.61,64.95238,1626847199999,149704.8044044,266,37.53892000000001,86516.7816493,0
2021-07-21 06:00:00,2307.9,2312.48,2294.0,2310.26,38.21848,1626848999999,87970.4662983,461,15.708,36164.4281055,0
2021-07-21 06:30:00,2310.91,2330.04,2308.28,2324.03,38.13133,1626850799999,88435.5875913,294,25.69615,59592.3646416,0
2021-07-21 07:00:00,2324.75,2327.06,2314.73,2327.02,17.53217,1626852599999,40689.9913597,160,12.685360000000001,29439.0594883,0
2021-07-21 07:30:00,2327.02,2337.5,2317.7,2331.52,35.6587,1626854399999,83029.41109439997,375,21.103720000000006,49118.64435259999,0
2021-07-21 08:00:00,2332.67,2336.7,2306.17,2309.71,69.26193,1626856199999,160842.9259197,353,38.25627,88780.27651139998,0
2021-07-21 08:30:00,2308.12,2318.2,2305.94,2310.56,17.78513,1626857999999,41107.87183500001,160,8.45898,19564.6535816,0
2021-07-21 09:00:00,2310.35,2319.64,2308.0,2314.64,25.078429999999997,1626859799999,58008.8909146,152,18.507920000000002,42817.826918,0
2021-07-21 09:30:00,2314.24,2354.07,2314.24,2349.75,69.8137,1626861599999,162917.6310306,587,44.59902,104051.8086604,0
2021-07-21 10:00:00,2350.74,2387.11,2347.9,2380.59,233.30446,1626863399999,553379.3151371999,1132,86.1414,204423.0823387,0
2021-07-21 10:30:00,2380.3,2389.17,2377.78,2388.68,125.36425,1626865199999,298639.661316,416,62.430519999999994,148782.1085979,0
2021-07-21 11:00:00,2388.65,2394.17,2380.66,2381.17,33.23514,1626866999999,79231.1372332,230,14.95817,35690.8720514,0
2021-07-21 11:30:00,2380.87,2384.83,2378.99,2382.19,42.7857,1626868799999,101884.9098911,220,10.9524,26078.8637099,0
2021-07-21 12:00:00,2381.39,2398.32,2380.0,2390.12,56.66123,1626870599999,135291.4358482,337,31.04125,74109.7642659,0
2021-07-21 12:30:00,2388.37,2388.37,2375.08,2376.89,79.17214,1626872399999,188402.8122161,256,25.75714,61313.8573431,0
2021-07-21 13:00:00,2378.76,2398.7,2376.73,2384.89,56.05099000000001,1626874199999,133911.1532139,330,39.12567,93508.21709510002,0
2021-07-21 13:30:00,2381.7,2398.14,2379.95,2386.75,26.27703,1626875999999,62775.1095459,189,11.31447,27037.5302143,0
2021-07-21 14:00:00,2386.68,2409.48,2386.66,2401.04,61.941959999999995,1626877799999,148804.2717314,446,29.49271,70836.2099959,0
2021-07-21 14:30:00,2400.53,2411.53,2396.73,2407.56,28.42653,1626879599999,68338.60050619999,215,10.909889999999999,26234.834514500002,0
2021-07-21 15:00:00,2409.7,2438.99,2407.44,2437.52,114.81156999999999,1626881399999,277774.8414129,770,67.25905,162780.5988075,0
2021-07-21 15:30:00,2436.81,2438.49,2413.22,2434.24,60.24514,1626883199999,146085.4088701,365,25.11862,60922.6931431,0
2021-07-21 16:00:00,2435.07,2450.55,2422.71,2448.45,79.69491,1626884999999,194536.31007670003,489,46.41476,113263.90689679999,0
2021-07-21 16:30:00,2450.6,2473.74,2450.29,2461.34,381.31723999999997,1626886799999,936919.8152333,1359,259.92315,638307.0527268001,0
2021-07-21 17:00:00,2462.32,2462.32,2410.65,2411.99,129.16706000000002,1626888599999,313929.8675095,766,66.28772,160968.4766909,0
2021-07-21 17:30:00,2412.5,2435.47,2412.5,2435.45,162.66114,1626890399999,393925.8920335,777,54.98689,133295.93794849998,0
2021-07-21 18:00:00,2433.99,2487.1,2431.0,2456.55,179.3781,1626892199999,440570.7670531,1155,84.55698000000002,208012.64176220002,0
2021-07-21 18:30:00,2459.21,2459.3,2420.0,2420.73,313.97254,1626893999999,764219.5139583,1265,83.53384,203513.1046996,0
2021-07-21 19:00:00,2420.0,2444.34,2403.74,2405.28,300.84615,1626895799999,729027.6990793,936,97.12533,235737.7358013,0
2021-07-21 19:30:00,2405.89,2417.33,2386.71,2387.26,37.29756,1626897599999,89634.0832448,238,18.02883,43345.3669812,0
2021-07-21 20:00:00,2390.0,2391.07,2370.08,2372.82,58.95641,1626899399999,140250.9129317,386,22.135839999999998,52673.66708080001,0
2021-07-21 20:30:00,2371.66,2392.14,2363.47,2390.41,57.233999999999995,1626901199999,135808.9169345,354,28.025509999999997,66494.7149942,0
2021-07-21 21:00:00,2390.07,2392.13,2381.0,2383.0,33.64053,1626902999999,80281.7483588,228,12.83372,30632.354568199997,0
2021-07-21 21:30:00,2381.27,2399.22,2380.27,2392.65,39.148720000000004,1626904799999,93445.1959692,167,26.90295,64151.5523642,0
2021-07-21 22:00:00,2393.54,2425.1,2393.54,2420.7,38.88787,1626906599999,93559.9227351,204,18.82909,45352.41150990001,0
2021-07-21 22:30:00,2420.71,2437.96,2408.91,2436.45,12.6909,1626908399999,30730.1981568,129,9.17212,22204.3361425,0
2021-07-21 23:00:00,2437.41,2437.41,2419.67,2423.67,24.02982,1626910199999,58290.06111130001,184,8.893130000000003,21556.3363178,0
2021-07-21 23:30:00,2420.45,2440.9,2414.06,2440.9,31.087220000000002,1626911999999,75414.3267278,177,11.77763,28634.5846763,0
2021-07-22 00:00:00,2441.65,2476.5,2431.21,2472.36,43.57444,1626913799999,106810.1904147,450,22.01214,54006.736349,0
2021-07-22 00:30:00,2469.82,2476.99,2431.0,2431.84,39.09125,1626915599999,95799.8143245,293,27.464709999999997,67247.07768439999,0
2021-07-22 01:00:00,2431.52,2434.88,2411.06,2420.43,31.26457000000001,1626917399999,75644.77490820001,269,9.49264,22973.8075017,0
2021-07-22 01:30:00,2419.64,2429.06,2407.0,2421.56,53.12562,1626919199999,128527.49996960002,297,32.50739,78640.21335339999,0
2021-07-22 02:00:00,2419.38,2420.04,2403.24,2413.36,17.50548,1626920999999,42212.7040296,187,6.39676,15441.113566799999,0
2021-07-22 02:30:00,2409.19,2410.85,2396.54,2399.06,20.2839,1626922799999,48745.7860173,167,12.80515,30761.3234075,0
2021-07-22 03:00:00,2396.2,2432.95,2396.2,2414.74,42.597609999999996,1626924599999,102994.1477242,291,24.61551,59513.49469580001,0
2021-07-22 03:30:00,2409.62,2428.94,2406.6,2419.36,17.10227,1626926399999,41366.7496809,189,11.44898,27706.493716900004,0
2021-07-22 04:00:00,2420.91,2457.14,2418.81,2457.13,71.09658,1626928199999,173442.1718491,566,44.57365,108798.35639389999,0
2021-07-22 04:30:00,2453.19,2459.81,2430.55,2435.13,24.89442,1626929999999,60851.4725284,225,13.677539999999999,33452.9212335,0
2021-07-22 05:00:00,2434.77,2442.32,2411.4,2418.27,12.92188,1626931799999,31325.533505,163,5.31099,12881.535717899998,0
2021-07-22 05:30:00,2421.82,2427.75,2396.95,2398.67,11.03645,1626933599999,26587.556438599997,145,4.49828,10836.475700799998,0
2021-07-22 06:00:00,2396.54,2419.25,2395.39,2416.23,24.70348,1626935399999,59583.10346009999,188,11.83371,28516.5574959,0
2021-07-22 06:30:00,2416.34,2429.64,2406.49,2428.02,12.87153,1626937199999,31153.931371900013,93,5.47931,13265.5327015,0
2021-07-22 07:00:00,2430.0,2457.9,2425.7,2456.55,39.025420000000004,1626938999999,95332.4997704,274,25.84296,63106.65001590001,0
2021-07-22 07:30:00,2454.42,2458.06,2435.65,2445.04,27.35155,1626940799999,66942.814748,222,17.32584,42424.5435379,0
2021-07-22 08:00:00,2444.99,2444.99,2423.9,2431.99,240.71957999999998,1626942599999,585670.476236,1074,189.29008000000002,460642.2047898,0
2021-07-22 08:30:00,2432.0,2438.01,2424.31,2433.4,47.615,1626944399999,115738.41303010001,372,11.56145,28111.615082999997,0
2021-07-22 09:00:00,2432.99,2437.1,2418.46,2436.38,21.36042,1626946199999,51851.2660734,208,5.43928,13198.065174700001,0
2021-07-22 09:30:00,2436.36,2437.13,2380.0,2401.68,55.35065,1626947999999,133041.41851689998,594,15.7553,37838.3907652,0
2021-07-22 10:00:00,2400.08,2406.94,2390.48,2404.35,65.94586,1626949799999,158195.4929364,469,40.07352,96120.0637851,0
2021-07-22 10:30:00,2404.56,2422.61,2396.39,2406.5,20.19089,1626951599999,48656.6287758,187,12.783380000000001,30806.898159200002,0
2021-07-22 11:00:00,2406.78,2418.13,2396.18,2405.77,37.92437,1626953399999,91238.91291900001,210,21.8205,52501.8890138,0
2021-07-22 11:30:00,2406.55,2421.64,2406.55,2418.71,31.40297,1626955199999,75820.1037045,221,23.15665,55914.897626800004,0
2021-07-22 12:00:00,2415.53,2419.7,2377.45,2386.91,72.5218,1626956999999,173949.32184529994,436,40.25806,96556.65055369999,0
2021-07-22 12:30:00,2389.19,2442.2,2387.71,2437.39,58.84516,1626958799999,142280.8436951,589,39.00849,94255.9580119,0
2021-07-22 13:00:00,2439.53,2449.66,2419.18,2423.02,41.77995,1626960599999,101719.4239504,366,20.60199,50115.447086,0
2021-07-22 13:30:00,2424.21,2427.28,2411.61,2413.94,16.68029,1626962399999,40297.7308184,99,4.19862,10159.0037244,0
2021-07-22 14:00:00,2415.9,2428.33,2405.44,2420.94,21.924879999999998,1626964199999,53079.7971155,179,9.663739999999999,23415.397404,0
2021-07-22 14:30:00,2414.56,2425.15,2399.77,2419.64,81.80534,1626965999999,197807.8075062,264,60.345009999999995,145954.44841689998,0
2021-07-22 15:00:00,2419.52,2437.89,2415.53,2435.63,52.37505,1626967799999,127049.79320469999,391,25.28647,61337.916083899996,0
2021-07-22 15:30:00,2436.2,2449.96,2423.25,2445.64,319.24703,1626969599999,778248.37078,1615,218.75101,533454.3363852,0
2021-07-22 16:00:00,2447.28,2458.07,2430.72,2436.62,72.58268000000002,1626971399999,177437.0648323,564,27.34687000000001,66909.4034944,0
2021-07-22 16:30:00,2435.08,2441.62,2431.08,2436.96,27.004609999999996,1626973199999,65819.39869090001,228,12.47033,30400.200183999998,0
2021-07-22 17:00:00,2438.69,2451.76,2434.29,2451.69,23.52044,1626974999999,57541.84256619999,201,10.39179,25438.3596057,0
2021-07-22 17:30:00,2446.23,2451.69,2438.96,2450.15,21.079279999999997,1626976799999,51556.0635395,139,9.90943,24249.6096442,0
2021-07-22 18:00:00,2449.12,2472.31,2435.01,2439.59,78.90972,1626978599999,193531.4241709,684,52.89593000000001,129757.96315329999,0
2021-07-22 18:30:00,2436.5,2468.66,2433.52,2453.75,144.30875,1626980399999,353949.4709037001,643,108.07496,265064.0923026,0
2021-07-22 19:00:00,2453.28,2468.17,2452.78,2457.29,65.95262,1626982199999,162351.3396343,268,39.65402,97636.4312171,0
2021-07-22 19:30:00,2457.47,2469.77,2454.79,2463.93,32.08079,1626983999999,79011.7752768,150,23.25326,57267.177973399994,0
2021-07-22 20:00:00,2463.93,2463.93,2451.27,2453.52,35.29400000000001,1626985799999,86762.4654598,174,15.6861,38561.99562169999,0
2021-07-22 20:30:00,2453.51,2458.93,2440.46,2441.85,18.07309,1626987599999,44336.1519643,85,6.47394,15866.1149044,0
2021-07-22 21:00:00,2440.22,2448.71,2440.09,2444.89,12.70895,1626989399999,31060.2737669,104,8.80004,21507.3780054,0
2021-07-22 21:30:00,2444.73,2459.05,2419.64,2419.64,37.24819,1626991199999,90596.00690539999,303,10.80771,26340.8065606,0
2021-07-22 22:00:00,2418.36,2431.34,2406.03,2416.13,44.15472000000001,1626992999999,106849.7230472,225,23.59055,57111.2587632,0
2021-07-22 22:30:00,2415.71,2420.6,2410.03,2411.41,28.289640000000002,1626994799999,68341.3136514,225,12.83742,31009.748515499996,0
2021-07-22 23:00:00,2412.63,2432.08,2404.0,2428.41,35.52147,1626996599999,85828.2809903,226,13.961160000000001,33790.096465599985,0
2021-07-22 23:30:00,2428.41,2449.0,2424.78,2435.13,38.761759999999995,1626998399999,94605.55570289999,294,15.20331,37092.54701130001,0
2021-07-23 00:00:00,2438.09,2450.0,2422.37,2433.97,21.56966,1627000199999,52564.3917151,155,13.49571,32913.2092806,0
2021-07-23 00:30:00,2432.55,2452.19,2431.74,2450.0,7.35733,1627001999999,17956.560700799993,69,4.01165,9790.664438,0
2021-07-23 01:00:00,2452.0,2494.68,2452.0,2466.87,149.25113000000005,1627003799999,369074.95075629995,1017,89.96919,222370.5743177,0
2021-07-23 01:30:00,2468.43,2499.24,2467.67,2491.59,83.77341,1627005599999,208449.6624296,782,43.36094,107828.990898,0
2021-07-23 02:00:00,2493.47,2511.01,2490.65,2504.22,90.90116,1627007399999,227370.67760039997,625,50.31004,125811.8741943,0
2021-07-23 02:30:00,2504.23,2509.71,2490.18,2508.59,44.85185,1627009199999,112250.17660769999,369,21.80114,54558.9680711,0
2021-07-23 03:00:00,2508.64,2518.24,2498.43,2504.56,43.96859,1627010999999,110312.9437921,326,31.02223,77794.5016697,0
2021-07-23 03:30:00,2505.79,2505.79,2483.05,2487.99,27.72775,1627012799999,69029.47058200001,205,8.44762,21025.0442371,0
2021-07-23 04:00:00,2486.77,2509.72,2481.06,2501.77,35.405229999999996,1627014599999,88243.83511819998,363,18.592779999999998,46345.95575280001,0
2021-07-23 04:30:00,2503.1,2515.19,2496.0,2510.05,22.65072,1627016399999,56722.0130664,268,12.61074,31583.0840316,0
2021-07-23 05:00:00,2509.91,2524.36,2508.41,2517.58,34.85538,1627018199999,87796.0181116,343,19.16251,48264.081383,0
2021-07-23 05:30:00,2524.35,2536.65,2505.28,2519.51,55.28386,1627019999999,139352.1413894,548,23.578670000000002,59421.6614901,0
2021-07-23 06:00:00,2523.59,2525.19,2504.19,2513.3,43.36613,1627021799999,108920.44424960001,289,30.09538,75564.3419298,0
2021-07-23 06:30:00,2512.72,2525.08,2506.62,2512.63,28.106040000000004,1627023599999,70646.1455541,193,14.49525,36426.899131699996,0
2021-07-23 07:00:00,2514.4,2514.88,2485.01,2485.65,31.9833,1627025399999,79906.9433472,238,7.379,18448.8189251,0
2021-07-23 07:30:00,2486.47,2503.08,2486.31,2500.0,106.36131999999999,1627027199999,265618.7530751,224,13.69605,34195.944284599995,0
2021-07-23 08:00:00,2503.1,2507.3,2486.0,2491.25,97.13678,1627028999999,242061.0222368,376,14.827129999999999,36982.507808999995,0
2021-07-23 08:30:00,2496.47,2502.3,2481.34,2484.1,65.31614,1627030799999,162471.37839770006,484,19.3837,48250.1676416,0
2021-07-23 09:00:00,2481.23,2518.8,2480.0,2514.99,43.861709999999995,1627032599999,109595.19273970001,304,21.84313,54585.13643230001,0
2021-07-23 09:30:00,2511.93,2514.22,2502.47,2504.93,27.38291,1627034399999,68625.1691238,163,12.80008,32090.3303282,0
2021-07-23 10:00:00,2502.29,2508.41,2485.35,2494.53,51.09263,1627036199999,127442.50866600001,335,19.96167,49744.9548255,0
2021-07-23 10:30:00,2492.21,2514.45,2486.85,2502.52,31.739009999999997,1627037999999,79427.35796689999,211,17.29071,43238.9969551,0
2021-07-23 11:00:00,2499.66,2523.0,2499.66,2519.28,41.77485,1627039799999,105145.3912319,272,23.17043,58322.3806694,0
2021-07-23 11:30:00,2517.4,2519.55,2501.32,2502.09,33.76115,1627041599999,84730.8059265,273,16.89548,42384.0496764,0
2021-07-23 12:00:00,2501.41,2511.88,2483.13,2490.08,30.689659999999996,1627043399999,76654.0728855,235,8.43271,21055.854043799998,0
2021-07-23 12:30:00,2492.0,2509.15,2484.34,2509.14,18.995079999999998,1627045199999,47346.6757687,141,9.32812,23236.437605900002,0
2021-07-23 13:00:00,2506.71,2525.04,2506.71,2520.89,31.26533,1627046999999,78653.0257437,265,20.855710000000002,52472.5274441,0
2021-07-23 13:30:00,2519.64,2523.0,2499.41,2502.65,108.7315,1627048799999,272808.9002423,707,52.02902,130557.14052019999,0
2021-07-23 14:00:00,2500.17,2501.33,2492.68,2500.14,58.84607,1627050599999,147038.713428,332,19.6399,49090.2697976,0
2021-07-23 14:30:00,2500.58,2500.78,2488.82,2489.38,21.21114,1627052399999,52873.956339899996,203,5.52859,13775.991950200001,0
2021-07-23 15:00:00,2489.38,2489.39,2465.16,2468.56,83.26997,1627054199999,205991.0732354,618,28.40158,70228.42416810001,0
2021-07-23 15:30:00,2470.19,2479.53,2459.34,2464.23,42.0834,1627055999999,103921.7367548,314,21.81495,53879.41685580001,0
2021-07-23 16:00:00,2464.52,2467.23,2426.69,2428.79,89.0355,1627057799999,217852.30825960002,649,41.61592,101806.30743480001,0
2021-07-23 16:30:00,2431.05,2434.86,2411.33,2419.91,79.60258,1627059599999,192601.17099779999,603,32.98178,79778.4721134,0
2021-07-23 17:00:00,2420.88,2422.04,2402.32,2411.42,70.75979,1627061399999,170715.3048776,369,22.155910000000002,53411.112788,0
2021-07-23 17:30:00,2413.07,2432.76,2398.0,2425.22,48.015,1627063199999,115946.0262333,246,35.00065,84559.7542533,0
2021-07-23 18:00:00,2423.67,2423.67,2408.52,2420.42,189.78826,1627064999999,458365.50320929993,570,162.76934,393097.7721592,0
2021-07-23 18:30:00,2419.93,2420.42,2398.44,2406.21,83.66868000000002,1627066799999,201688.7880869,486,47.2748,113984.3155602,0
2021-07-23 19:00:00,2407.9,2418.03,2405.84,2415.14,17.389120000000002,1627068599999,41931.885603099996,191,4.76804,11507.074780399998,0
2021-07-23 19:30:00,2411.48,2422.43,2411.48,2416.14,14.6591,1627070399999,35433.282834199985,161,9.37068,22650.9188002,0
2021-07-23 20:00:00,2413.42,2437.88,2408.45,2432.95,22.06681,1627072199999,53587.890488,137,13.112520000000002,31842.280889499998,0
2021-07-23 20:30:00,2434.68,2435.28,2409.59,2426.14,161.222,1627073999999,390901.2096983,698,28.38157,68852.4875869,0
2021-07-23 21:00:00,2425.82,2428.52,2413.9,2428.52,50.22027,1627075799999,121609.0002598,285,17.34339,42047.1919685,0
2021-07-23 21:30:00,2428.03,2450.87,2426.57,2448.93,36.47616,1627077599999,88970.7424045,244,21.59338,52721.484262699996,0
2021-07-23 22:00:00,2450.31,2466.83,2442.05,2457.27,31.37677,1627079399999,77047.7739263,391,11.600760000000001,28525.8122371,0
2021-07-23 22:30:00,2460.0,2485.91,2460.0,2481.29,121.27691000000002,1627081199999,300059.314709,623,73.19905,181084.4861165,0
2021-07-23 23:00:00,2482.31,2500.38,2470.46,2498.58,64.24642,1627082999999,159813.0593198,475,34.706070000000004,86396.4495379,0
2021-07-23 23:30:00,2500.13,2517.29,2495.25,2517.1,62.93751999999999,1627084799999,157862.8359369,382,37.97316,95326.34666830002,0
2021-07-24 00:00:00,2514.69,2559.13,2490.9,2549.59,281.9312,1627086599999,715128.2790898002,2246,129.7708,329145.8998805,0
2021-07-24 00:30:00,2551.26,2555.57,2527.29,2531.58,116.37348,1627088399999,296333.9294623,681,58.68995,149475.38155750002,0
2021-07-24 01:00:00,2534.81,2555.57,2532.22,2541.0,66.74548,1627090199999,169707.9057569,476,36.70883,93319.2522518,0
2021-07-24 01:30:00,2542.91,2551.0,2539.14,2540.58,16.89601,1627091999999,42955.6717813,158,7.52385,19133.0849355,0
2021-07-24 02:00:00,2541.15,2544.26,2533.43,2540.69,19.23222,1627093799999,48834.2694543,221,13.15066,33400.388717400005,0
2021-07-24 02:30:00,2541.08,2542.92,2529.53,2532.74,16.76137,1627095599999,42496.4178395,186,6.6612,16906.9185639,0
2021-07-24 03:00:00,2535.5,2535.5,2522.19,2527.91,25.407629999999997,1627097399999,64230.18604630001,168,9.0189,22816.348175400002,0
2021-07-24 03:30:00,2528.13,2538.25,2521.31,2535.43,34.76101,1627099199999,87891.7409762,212,12.895539999999999,32634.979673,0
2021-07-24 04:00:00,2538.95,2543.61,2522.63,2526.35,30.76422,1627100999999,77847.49773789999,206,8.70882,22030.5972203,0
2021-07-24 04:30:00,2527.3,2540.48,2522.59,2528.98,38.6267,1627102799999,97740.192385,230,18.630689999999998,47153.6571759,0
2021-07-24 05:00:00,2528.99,2532.09,2518.26,2525.95,12.818769999999999,1627104599999,32343.4231322,143,5.40865,13660.063048299999,0
2021-07-24 05:30:00,2525.5,2539.81,2520.71,2536.27,16.64594,1627106399999,42128.2496491,126,8.792710000000001,22253.72081,0
2021-07-24 06:00:00,2538.19,2540.53,2524.03,2531.08,20.189220000000002,1627108199999,51131.3982507,190,7.058910000000001,17884.228854900004,0
2021-07-24 06:30:00,2531.84,2546.52,2528.95,2546.34,20.77967,1627109999999,52758.1189171,179,10.93947,27765.8855105,0
2021-07-24 07:00:00,2547.1,2548.43,2534.71,2535.86,14.572829999999998,1627111799999,37038.987815099994,116,7.032719999999999,17878.2205597,0
2021-07-24 07:30:00,2538.08,2538.96,2520.0,2526.06,32.34898,1627113599999,81760.2822053,294,15.15755,38285.7461558,0
2021-07-24 08:00:00,2526.54,2526.54,2503.33,2508.56,44.43626,1627115399999,111779.7577202,301,17.21804,43302.40880219999,0
2021-07-24 08:30:00,2511.03,2514.4,2502.93,2505.91,14.33924,1627117199999,35946.232309300016,143,6.27722,15732.709743599999,0
2021-07-24 09:00:00,2507.53,2518.18,2504.93,2509.32,13.99155,1627118999999,35138.210865699984,99,6.03876,15170.4617315,0
2021-07-24 09:30:00,2513.22,2532.27,2510.78,2529.82,18.69055,1627120799999,47177.649525199995,112,12.448189999999999,31434.4903864,0
2021-07-24 10:00:00,2530.13,2532.47,2516.3,2532.47,18.24856,1627122599999,46024.91410930001,138,5.86417,14798.6597783,0
2021-07-24 10:30:00,2531.09,2547.26,2530.2,2531.95,56.38444000000001,1627124399999,143133.99552410006,393,25.79774,65523.954958300004,0
2021-07-24 11:00:00,2531.74,2546.74,2510.38,2515.55,44.960770000000004,1627126199999,113533.1342193,332,19.110129999999998,48314.612215400004,0
2021-07-24 11:30:00,2516.88,2539.26,2507.01,2539.26,38.51705,1627127999999,97203.47617929999,211,19.73459,49827.726062,0
2021-07-24 12:00:00,2535.79,2560.38,2529.95,2558.19,41.11553,1627129799999,104818.7222031,359,27.73815,70770.1509006,0
2021-07-24 12:30:00,2557.68,2563.49,2551.35,2556.58,40.81351,1627131599999,104378.4681645,276,22.9132,58616.0611174,0
2021-07-24 13:00:00,2556.58,2557.78,2550.64,2550.89,11.619819999999999,1627133399999,29680.0986959,106,5.75295,14699.5837666,0
2021-07-24 13:30:00,2550.62,2550.62,2534.4,2539.67,25.85795,1627135199999,65777.41766009999,180,10.66227,27117.670835900004,0
2021-07-24 14:00:00,2539.24,2546.52,2532.53,2546.52,14.14465,1627136999999,35926.5234746,124,6.809019999999999,17299.7560131,0
2021-07-24 14:30:00,2547.14,2565.56,2542.03,2548.8,61.427440000000004,1627138799999,156960.6341914,375,34.44767,87978.4735542,0
2021-07-24 15:00:00,2547.11,2564.99,2539.14,2552.84,31.512009999999997,1627140599999,80536.7615424,211,16.53646,42297.9168976,0
2021-07-24 15:30:00,2555.8,2555.8,2528.39,2529.24,26.957759999999997,1627142399999,68578.4840691,217,7.14763,18154.792128,0
2021-07-24 16:00:00,2527.92,2558.81,2519.01,2552.8,49.2629,1627144199999,125075.178378,331,31.5479,80061.4220991,0
2021-07-24 16:30:00,2559.01,2583.72,2552.23,2581.63,52.91996999999999,1627145999999,135834.8696647,410,33.68872,86489.245371,0
2021-07-24 17:00:00,2580.96,2600.0,2573.19,2586.7,65.34147,1627147799999,169259.9015579,787,40.73278,105535.0175619,0
2021-07-24 17:30:00,2586.17,2611.38,2583.38,2590.0,68.94005,1627149599999,179157.60842489995,561,38.399809999999995,99853.84827789999,0
2021-07-24 18:00:00,2590.0,2597.78,2580.13,2584.93,24.16137,1627151399999,62537.5469051,202,13.85757,35864.837855800004,0
2021-07-24 18:30:00,2585.24,2591.66,2575.56,2581.04,23.44809,1627153199999,60514.37441690001,129,14.091420000000001,36378.0930726,0
2021-07-24 19:00:00,2579.8,2588.75,2561.27,2563.99,42.24031,1627154999999,108787.4360407,251,20.663520000000002,53313.03679130001,0
2021-07-24 19:30:00,2564.46,2566.67,2526.37,2529.41,120.55735,1627156799999,306939.7478249,698,70.25511999999999,179106.2805091,0
2021-07-24 20:00:00,2526.37,2539.85,2516.76,2528.07,48.6336,1627158599999,122990.2867029,342,18.716910000000002,47359.84346780001,0
2021-07-24 20:30:00,2525.21,2534.99,2520.09,2529.4,17.85444,1627160399999,45147.5195593,168,6.5228800000000025,16492.7767895,0
2021-07-24 21:00:00,2532.27,2532.27,2514.49,2514.99,44.34515,1627162199999,111864.74438860001,390,16.33116,41192.0269606,0
2021-07-24 21:30:00,2515.86,2548.32,2515.86,2546.77,28.80453,1627163999999,72930.80809660001,191,17.95117,45383.92644700001,0
2021-07-24 22:00:00,2545.93,2548.29,2531.3,2542.36,22.74085,1627165799999,57770.9376426,194,10.8855,27635.050647500004,0
2021-07-24 22:30:00,2540.99,2563.77,2535.73,2561.25,17.1138,1627167599999,43673.8158503,154,13.29676,33941.5923373,0
2021-07-24 23:00:00,2561.58,2564.25,2544.7,2560.17,19.7264,1627169399999,50371.0986119,96,9.57853,24451.7692888,0
2021-07-24 23:30:00,2562.58,2579.71,2561.69,2577.23,18.37033,1627171199999,47241.061868699995,156,10.680010000000001,27471.657267900002,0
2021-07-25 00:00:00,2577.03,2587.85,2562.35,2570.84,40.14181,1627172999999,103319.4083712,306,19.34561,49815.46076530001,0
2021-07-25 00:30:00,2575.13,2580.52,2510.0,2524.55,77.73931,1627174799999,196989.8626926,522,31.70849,80532.7277271,0
2021-07-25 01:00:00,2524.32,2535.1,2513.64,2526.38,42.60365,1627176599999,107505.59261830001,289,20.43606,51567.220615499995,0
2021-07-25 01:30:00,2526.89,2535.32,2505.24,2507.95,66.21636,1627178399999,166824.2786135,431,32.97917,83046.6985727,0
2021-07-25 02:00:00,2507.47,2514.83,2477.39,2496.35,161.73292,1627180199999,402419.501003,1339,65.39652,162753.7436161,0
2021-07-25 02:30:00,2499.33,2521.37,2498.22,2518.15,29.53534,1627181999999,74032.5867086,245,16.7727,42039.8570841,0
2021-07-25 03:00:00,2518.33,2533.58,2518.33,2532.34,13.705570000000002,1627183799999,34651.0322298,90,9.13463,23094.48480870001,0
2021-07-25 03:30:00,2532.35,2532.77,2508.09,2511.27,25.991120000000002,1627185599999,65618.6165819,105,9.282580000000001,23412.340168400002,0
2021-07-25 04:00:00,2508.8,2525.38,2500.5,2509.08,33.821090000000005,1627187399999,85047.8274486,210,19.97604,50203.4350819,0
2021-07-25 04:30:00,2507.81,2537.64,2507.81,2526.15,30.31761,1627189199999,76737.99274470001,146,13.553379999999999,34280.6384786,0
2021-07-25 05:00:00,2529.94,2539.28,2508.58,2522.9,29.475929999999998,1627190999999,74450.42255060001,172,17.769389999999994,44971.1037801,0
2021-07-25 05:30:00,2524.03,2527.97,2515.05,2517.01,9.72057,1627192799999,24522.9255751,79,5.67706,14324.2049773,0
2021-07-25 06:00:00,2516.36,2534.64,2515.44,2525.16,17.26289,1627194599999,43596.1849102,92,8.41261,21241.0397197,0
2021-07-25 06:30:00,2528.93,2536.04,2525.79,2534.93,11.23814,1627196399999,28432.1102753,61,6.011019999999999,15207.431681200002,0
2021-07-25 07:00:00,2536.77,2550.0,2534.25,2547.01,19.614639999999998,1627198199999,49847.59165430001,116,11.2066,28486.54826470001,0
2021-07-25 07:30:00,2550.0,2572.12,2547.67,2553.49,98.10521,1627199999999,251285.5560224,672,57.87766,148306.54689020006,0
2021-07-25 08:00:00,2553.47,2559.5,2543.69,2549.44,43.77099000000001,1627201799999,111682.2524618,333,27.06253,69062.98812030001,0
2021-07-25 08:30:00,2551.27,2551.27,2524.49,2530.28,44.47065,1627203599999,112839.4693506,376,19.55244,49622.7579382,0
2021-07-25 09:00:00,2533.44,2533.45,2516.12,2527.83,16.033739999999998,1627205399999,40482.1685312,141,5.4032599999999995,13637.8382655,0
2021-07-25 09:30:00,2528.25,2540.33,2527.86,2540.31,18.85312,1627207199999,47775.0073998,121,8.20541,20796.3585491,0
2021-07-25 10:00:00,2535.91,2549.59,2535.91,2542.51,6.66869,1627208999999,16962.742194,57,1.6747299999999998,4258.1731282,0
2021-07-25 10:30:00,2542.6,2543.84,2512.0,2513.19,26.00067,1627210799999,65687.2603954,274,6.5052900000000005,16467.984551100002,0
2021-07-25 11:00:00,2512.01,2522.49,2499.3,2500.7,53.87068000000001,1627212599999,135126.4789602,379,18.35449,45978.3635823,0
2021-07-25 11:30:00,2499.27,2515.63,2495.21,2502.79,28.056929999999998,1627214399999,70266.1674111,154,8.37693,20969.5810977,0
2021-07-25 12:00:00,2503.94,2507.91,2488.36,2493.89,67.2538,1627216199999,168014.9724717,324,37.775009999999995,94436.04798139998,0
2021-07-25 12:30:00,2494.05,2507.33,2481.16,2491.22,54.09564,1627217999999,134862.0279843,320,17.0049,42375.554595999994,0
2021-07-25 13:00:00,2488.91,2495.31,2464.84,2473.52,64.62911,1627219799999,160343.0371787,520,31.65594,78542.0018214,0
2021-07-25 13:30:00,2472.58,2496.76,2468.59,2480.17,51.858909999999995,1627221599999,128903.75660929999,329,30.11717,74856.0487523,0
2021-07-25 14:00:00,2477.09,2483.78,2459.06,2459.68,28.93944,1627223399999,71498.2110977,233,11.863560000000001,29331.705593299997,0
2021-07-25 14:30:00,2459.6,2476.75,2459.6,2474.45,28.03652,1627225199999,69185.13510510001,203,14.960220000000001,36917.9814138,0
2021-07-25 15:00:00,2473.0,2492.12,2469.15,2475.24,32.965579999999996,1627226999999,81731.8121701,190,15.709679999999999,38984.8689546,0
2021-07-25 15:30:00,2475.24,2500.61,2474.24,2488.28,31.22073,1627228799999,77746.3957672,190,18.33494,45692.9245333,0
2021-07-25 16:00:00,2490.43,2491.81,2480.9,2481.1,9.76198,1627230599999,24266.080688,126,5.6451400000000005,14030.4886136,0
2021-07-25 16:30:00,2482.8,2488.21,2465.54,2473.16,19.50013,1627232399999,48218.7053399,118,4.328869999999998,10715.7612983,0
2021-07-25 17:00:00,2470.97,2505.46,2464.79,2503.74,27.0116,1627234199999,67056.79630650001,150,15.95084,39662.4352439,0
2021-07-25 17:30:00,2503.74,2507.95,2494.12,2507.95,20.26039,1627235999999,50652.90574040001,92,8.261460000000001,20659.0649769,0
2021-07-25 18:00:00,2508.89,2513.29,2503.12,2511.04,23.018929999999997,1627237799999,57723.73289269999,106,6.6439699999999995,16669.1219602,0
2021-07-25 18:30:00,2511.99,2516.95,2510.07,2513.79,11.69267,1627239599999,29394.090756,76,7.11176,17884.6779856,0
2021-07-25 19:00:00,2512.38,2516.95,2500.75,2509.39,12.77341,1627241399999,32042.3801093,103,5.17329,12975.188280700002,0
2021-07-25 19:30:00,2509.06,2519.29,2505.31,2507.04,22.463279999999997,1627243199999,56412.2204841,174,11.420689999999999,28705.3422422,0
2021-07-25 20:00:00,2504.82,2513.63,2491.48,2509.24,14.53611,1627244999999,36380.5724177,92,4.79331,12005.4168594,0
2021-07-25 20:30:00,2509.55,2513.65,2502.05,2510.35,16.07875,1627246799999,40329.2239096,105,4.8181,12082.3450299,0
2021-07-25 21:00:00,2513.06,2519.5,2503.46,2515.66,21.333660000000002,1627248599999,53612.307379699996,121,11.85017,29782.3116072,0
2021-07-25 21:30:00,2517.27,2517.98,2511.1,2516.61,7.83926,1627250399999,19714.2113176,68,2.38961,6012.1214626,0
2021-07-25 22:00:00,2518.09,2518.09,2509.59,2512.64,5.82876,1627252199999,14640.1314759,65,4.18812,10518.933685799999,0
2021-07-25 22:30:00,2511.16,2520.0,2510.77,2518.48,8.2338,1627253999999,20704.252667700002,83,4.1753599999999995,10502.4505702,0
2021-07-25 23:00:00,2518.11,2582.14,2512.27,2568.0,113.1606,1627255799999,289363.0164124,1130,77.99186999999998,199297.26711689998,0
2021-07-25 23:30:00,2565.43,2594.95,2557.62,2570.69,187.99864,1627257599999,484489.95619470003,1474,111.41377,287159.3293328,0
2021-07-26 00:00:00,2567.37,2608.0,2549.54,2600.77,116.13208,1627259399999,300272.76010759996,821,50.42558,130403.02280150002,0
2021-07-26 00:30:00,2601.94,2645.12,2596.91,2642.05,131.62006,1627261199999,344738.81507079996,981,62.69533000000001,164253.8559089,0
2021-07-26 01:00:00,2642.44,2703.0,2639.54,2676.88,440.50415999999996,1627262999999,1180429.9030334998,3504,210.79227000000003,564770.1595812,0
2021-07-26 01:30:00,2675.7,2738.21,2670.77,2710.41,181.00273,1627264799999,490612.28688359994,1367,99.89690999999999,270784.38355749997,0
2021-07-26 02:00:00,2713.47,2717.33,2669.8,2713.29,80.9409,1627266599999,218287.75526550002,663,35.65041,96144.9401663,0
2021-07-26 02:30:00,2712.65,2727.49,2703.06,2704.69,69.96493000000001,1627268399999,190105.50543479997,574,27.12118,73691.3461629,0
2021-07-26 03:00:00,2705.04,2731.14,2699.04,2730.99,85.99799999999998,1627270199999,234041.81811929998,548,37.47423,101989.6321708,0
2021-07-26 03:30:00,2731.14,2742.72,2711.79,2740.5,65.36334000000001,1627271999999,178385.44268779995,604,38.27198,104426.76635510002,0
2021-07-26 04:00:00,2740.48,2750.0,2723.29,2745.67,95.54954000000001,1627273799999,261755.911881,796,44.40802,121638.4894793,0
2021-07-26 04:30:00,2743.86,2768.75,2729.26,2744.5,126.56725,1627275599999,348586.3940742,1197,81.92843,225626.757899,0
2021-07-26 05:00:00,2745.71,2765.83,2731.86,2758.1,51.64243,1627277399999,141928.165419,365,22.80227,62675.8592661,0
2021-07-26 05:30:00,2757.64,2771.5,2749.35,2765.82,43.80559,1627279199999,120941.90874500001,397,21.91197,60554.3021226,0
2021-07-26 06:00:00,2771.7,2816.04,2762.63,2808.51,117.92971000000001,1627280999999,329436.2265167,1418,71.7726,200508.790636,0
2021-07-26 06:30:00,2808.53,2819.63,2745.95,2764.62,99.75438,1627282799999,277161.1056595,789,31.52044,87736.24585510003,0
2021-07-26 07:00:00,2762.53,2789.81,2762.53,2762.57,80.79895,1627284599999,224593.98500160003,569,49.40104,137322.7540882,0
2021-07-26 07:30:00,2761.99,2768.65,2710.99,2729.26,146.83016,1627286399999,402101.4221127,1200,51.50707,140994.8970524,0
2021-07-26 08:00:00,2731.46,2742.93,2695.85,2716.37,106.6752,1627288199999,289386.97575259994,986,53.842890000000004,146024.76700020002,0
2021-07-26 08:30:00,2716.37,2732.11,2702.41,2728.13,43.92408,1627289999999,119480.32476630001,389,18.88886,51422.490096099995,0
2021-07-26 09:00:00,2728.62,2747.87,2726.27,2738.49,36.63358,1627291799999,100260.46867639999,327,16.98199,46492.1838245,0
2021-07-26 09:30:00,2740.61,2761.16,2727.76,2755.85,112.35681000000001,1627293599999,307970.20351709996,466,38.349709999999995,105388.2723948,0
2021-07-26 10:00:00,2756.74,2766.74,2753.25,2757.11,72.67567,1627295399999,200610.64864929998,452,30.7507,84891.55079760001,0
2021-07-26 10:30:00,2758.95,2789.53,2753.94,2788.26,109.12918,1627297199999,302693.8053462,770,50.02855,138786.0930099,0
2021-07-26 11:00:00,2787.0,2787.0,2741.98,2747.06,72.91544,1627298999999,200909.2358074,545,19.67698,54230.2719694,0
2021-07-26 11:30:00,2747.28,2767.91,2747.28,2762.63,24.94949,1627300799999,68725.73484169999,245,14.52384,40029.5918791,0
2021-07-26 12:00:00,2764.63,2777.47,2736.41,2763.32,55.64009,1627302599999,153704.7067778,499,32.0946,88679.908004,0
2021-07-26 12:30:00,2765.0,2779.94,2756.62,2758.58,32.75605,1627304399999,90718.84484430001,250,15.365260000000001,42577.793177399995,0
2021-07-26 13:00:00,2754.92,2754.92,2680.0,2706.67,141.78088,1627306199999,383699.6963755,1118,55.1053,149007.19854289998,0
2021-07-26 13:30:00,2710.3,2731.54,2694.13,2723.67,49.4369,1627307999999,134093.1989716,424,28.66845,77747.8187015,0
2021-07-26 14:00:00,2727.57,2748.99,2727.57,2742.31,33.57452,1627309799999,92019.1909205,229,20.0609,54990.370204499995,0
2021-07-26 14:30:00,2742.53,2743.33,2707.9,2716.62,53.383219999999994,1627311599999,145327.2482246,352,31.701359999999998,86290.34128119999,0
2021-07-26 15:00:00,2716.08,2732.43,2709.23,2721.95,36.64098,1627313399999,99689.31586900001,272,14.220979999999999,38729.62296569999,0
2021-07-26 15:30:00,2725.08,2744.59,2725.08,2732.68,31.11892000000001,1627315199999,85188.72433150001,194,16.165370000000006,44255.6685333,0
2021-07-26 16:00:00,2732.02,2782.13,2726.0,2776.26,69.50766999999999,1627316999999,191319.5994665,587,42.42023,116775.6266,0
2021-07-26 16:30:00,2777.04,2777.13,2755.0,2769.68,58.021069999999995,1627318799999,160526.7680822,418,33.12308,91625.07561900001,0
2021-07-26 17:00:00,2772.03,2791.25,2757.48,2787.45,75.09683000000003,1627320599999,208535.1735071,691,46.08655,128086.2374129,0
2021-07-26 17:30:00,2787.67,2795.0,2776.22,2778.11,82.28593000000002,1627322399999,229365.15407529997,616,47.20365,131603.0016246,0
2021-07-26 18:00:00,2776.39,2782.98,2755.8,2766.55,77.6332,1627324199999,214802.532079,710,33.33488,92295.9769118,0
2021-07-26 18:30:00,2769.01,2799.0,2765.75,2792.94,78.38248,1627325999999,218203.6040591,646,37.90761,105591.7599847,0
2021-07-26 19:00:00,2792.72,2846.32,2785.2,2830.05,139.94118999999998,1627327799999,394922.08829429996,1688,81.18768,229177.13172670003,0
2021-07-26 19:30:00,2830.0,2833.61,2755.66,2755.66,159.08317,1627329599999,445021.430995,1168,80.96379,227112.67551690002,0
2021-07-26 20:00:00,2755.67,2759.94,2620.44,2648.42,293.25286,1627331399999,788204.0206556999,2797,125.19686000000002,336119.265259,0
2021-07-26 20:30:00,2647.22,2664.08,2619.15,2650.67,169.33808,1627333199999,447438.29824279994,1047,79.75993000000003,210900.9900316,0
2021-07-26 21:00:00,2652.84,2655.52,2624.1,2626.29,67.55360999999999,1627334999999,178248.9467425,413,38.73225,102207.27569610001,0
2021-07-26 21:30:00,2624.78,2631.22,2585.67,2615.32,121.79213999999999,1627336799999,317758.8041271,802,38.27036,99876.8269145,0
2021-07-26 22:00:00,2615.34,2630.71,2582.37,2585.28,76.09429,1627338599999,198511.73181620002,491,34.01809,88770.23457849998,0
2021-07-26 22:30:00,2588.01,2623.27,2582.66,2622.18,61.38166,1627340399999,159722.06163960006,496,34.41345,89533.68271000002,0
2021-07-26 23:00:00,2619.4,2622.96,2590.49,2605.28,46.94459000000001,1627342199999,122331.91135280002,397,23.02869,59997.24709119999,0
2021-07-26 23:30:00,2606.48,2614.55,2587.97,2595.3,34.37995,1627343999999,89270.5958316,274,15.13807,39292.0963253,0
2021-07-27 00:00:00,2590.87,2621.74,2566.53,2619.54,52.60592,1627345799999,136442.8399205,486,27.037340000000004,70184.0684792,0
2021-07-27 00:30:00,2616.91,2617.64,2582.38,2603.14,18.43362,1627347599999,48008.4590131,174,9.393239999999999,24466.7913303,0
2021-07-27 01:00:00,2601.01,2605.04,2541.69,2554.9,71.34447,1627349399999,182592.9688764,563,31.461140000000004,80528.3619742,0
2021-07-27 01:30:00,2553.12,2564.7,2524.22,2530.42,49.62608,1627351199999,125965.67248970001,512,27.79253,70533.2859944,0
2021-07-27 02:00:00,2524.11,2556.18,2518.92,2531.65,36.02412,1627352999999,91569.1741927,271,19.75072,50226.7912982,0
2021-07-27 02:30:00,2530.56,2537.17,2507.75,2515.79,50.28275,1627354799999,126871.53318459999,400,21.819029999999998,55054.741664199995,0
2021-07-27 03:00:00,2516.03,2542.4,2506.51,2537.07,21.21861,1627356599999,53602.357860000004,218,12.03541,30428.566485299998,0
2021-07-27 03:30:00,2541.27,2550.28,2532.39,2539.04,16.04579,1627358399999,40779.888437300004,220,8.4647,21507.2540922,0
2021-07-27 04:00:00,2538.12,2556.37,2526.12,2537.48,17.949679999999994,1627360199999,45697.2102541,191,7.4874199999999975,19052.7139031,0
2021-07-27 04:30:00,2538.89,2558.83,2521.51,2538.39,37.52554,1627361999999,95199.7051291,325,11.01282,28004.9578559,0
2021-07-27 05:00:00,2532.71,2560.5,2529.06,2556.63,31.13438,1627363799999,79142.918505,321,15.67185,39834.3719549,0
2021-07-27 05:30:00,2557.03,2563.57,2546.41,2555.31,79.15361,1627365599999,202191.8168717,882,14.48655,37010.0024003,0
2021-07-27 06:00:00,2555.13,2568.68,2548.49,2567.1,37.37254,1627367399999,95673.1990287,287,22.83428,58444.1007805,0
2021-07-27 06:30:00,2565.44,2569.04,2550.01,2559.6,16.709789999999998,1627369199999,42803.2897325,188,8.96808,22968.067023800002,0
2021-07-27 07:00:00,2560.6,2579.8,2557.56,2566.71,51.44869,1627370999999,132230.9413057,466,31.32139,80484.2523998,0
2021-07-27 07:30:00,2565.09,2584.95,2561.37,2581.94,25.89873,1627372799999,66660.8415916,286,19.46046,50101.7323119,0
2021-07-27 08:00:00,2581.23,2600.85,2571.04,2594.83,33.00069000000001,1627374599999,85418.0336607,252,20.73002,53671.322877599996,0
2021-07-27 08:30:00,2597.18,2597.7,2586.31,2589.97,21.19289,1627376399999,54883.34434630001,193,13.27021,34362.9356295,0
2021-07-27 09:00:00,2588.08,2600.42,2578.91,2594.58,63.83426,1627378199999,165195.8218816,289,47.726409999999994,123484.2503309,0
2021-07-27 09:30:00,2593.47,2612.28,2591.25,2605.0,36.67735,1627379999999,95501.58872110001,243,16.96891,44170.980614199994,0
2021-07-27 10:00:00,2605.01,2608.95,2592.07,2603.73,24.4025,1627381799999,63422.7603541,169,9.95651,25881.6782092,0
2021-07-27 10:30:00,2608.21,2621.57,2606.15,2621.34,53.01432,1627383599999,138623.729875,343,20.25096,52916.6682382,0
2021-07-27 11:00:00,2621.76,2638.54,2616.49,2636.39,58.46657,1627385399999,153703.73043559998,550,25.02488,65815.7276897,0
2021-07-27 11:30:00,2637.1,2663.16,2634.41,2656.67,54.7387,1627387199999,144757.7656066,428,36.39078,96224.7718592,0
2021-07-27 12:00:00,2658.2,2664.64,2641.24,2664.1,41.85977000000001,1627388999999,111189.9315279,314,24.49645,65065.499436399994,0
2021-07-27 12:30:00,2663.93,2703.65,2662.85,2702.43,107.11513000000001,1627390799999,287777.7583725,662,32.31087,86842.0419189,0
2021-07-27 13:00:00,2703.06,2723.82,2701.21,2710.07,197.11997,1627392599999,535146.5067614,978,68.42331,185575.3138277,0
2021-07-27 13:30:00,2707.37,2723.71,2698.67,2707.16,100.74679,1627394399999,272802.19102150004,379,85.21579,230723.4630878,0
2021-07-27 14:00:00,2701.22,2713.46,2642.06,2670.41,98.3762,1627396199999,262720.72466,787,48.63511,129830.30894919999,0
2021-07-27 14:30:00,2669.75,2702.42,2656.04,2680.63,53.809430000000006,1627397999999,144113.294824,455,30.2314,80965.9387213,0
2021-07-27 15:00:00,2684.38,2706.67,2677.15,2686.07,40.59789,1627399799999,109450.60185420001,253,18.86794,50857.677931,0
2021-07-27 15:30:00,2683.95,2683.95,2653.61,2670.43,44.05147,1627401599999,117351.64783229999,342,10.75089,28663.5374075,0
2021-07-27 16:00:00,2670.28,2675.81,2620.87,2628.02,47.22835,1627403399999,124920.19048339999,513,15.808229999999998,41719.7013048,0
2021-07-27 16:30:00,2628.46,2655.45,2605.08,2605.81,37.95674,1627405199999,99767.8632538,368,15.156170000000001,39887.4652948,0
2021-07-27 17:00:00,2607.36,2624.45,2601.17,2611.26,40.17425,1627406999999,104922.4546647,215,19.408170000000002,50667.6615472,0
2021-07-27 17:30:00,2608.95,2625.85,2608.05,2622.49,22.16221,1627408799999,57976.2591252,128,11.11099,29071.6684944,0
2021-07-27 18:00:00,2618.08,2632.48,2593.85,2619.07,70.21334,1627410599999,183437.9027049,477,33.259440000000005,87005.2696633,0
2021-07-27 18:30:00,2624.81,2648.89,2622.52,2634.64,42.73715,1627412399999,112423.24278469999,308,21.467389999999998,56503.525177999996,0
2021-07-27 19:00:00,2632.23,2647.99,2627.67,2630.26,13.691189999999999,1627414199999,36067.710769699996,106,6.7168399999999995,17685.331901700003,0
2021-07-27 19:30:00,2635.67,2643.4,2624.92,2626.85,18.02058,1627415999999,47459.4063856,97,8.5365,22476.7126872,0
2021-07-27 20:00:00,2629.37,2661.22,2629.37,2653.0,27.348259999999996,1627417799999,72514.1478148,191,17.3419,45985.585931300004,0
2021-07-27 20:30:00,2653.6,2669.91,2648.29,2660.84,41.00969,1627419599999,109159.095594,239,28.360409999999998,75499.3732213,0
2021-07-27 21:00:00,2660.85,2672.63,2657.07,2671.06,22.6144,1627421399999,60261.0767385,239,14.2286,37915.6495845,0
2021-07-27 21:30:00,2669.64,2676.0,2649.23,2649.23,32.787890000000004,1627423199999,87303.87556849999,283,9.175180000000001,24452.9302866,0
2021-07-27 22:00:00,2648.87,2650.16,2624.31,2640.13,125.22726999999999,1627424999999,330092.2436761,594,45.08822,118787.76080910001,0
2021-07-27 22:30:00,2643.51,2693.62,2642.76,2674.2,54.857169999999996,1627426799999,146757.06182879998,512,33.75634,90183.0069217,0
2021-07-27 23:00:00,2679.9,2679.9,2647.06,2668.06,32.23093,1627428599999,85672.3396338,219,17.16232,45613.8185898,0
2021-07-27 23:30:00,2659.09,2691.85,2651.57,2688.33,17.35902,1627430399999,46505.7946869,139,15.340010000000001,41092.6983389,0
2021-07-28 00:00:00,2687.25,2695.58,2663.27,2672.74,40.089909999999996,1627432199999,107536.5839957,450,20.15267,54044.7304915,0
2021-07-28 00:30:00,2673.31,2683.45,2664.26,2672.12,13.25349,1627433999999,35427.6001346,162,8.2244,21987.7439662,0
2021-07-28 01:00:00,2670.63,2692.29,2656.6,2682.33,15.998970000000002,1627435799999,42822.250595699996,223,11.31065,30297.2140035,0
2021-07-28 01:30:00,2687.68,2710.0,2677.04,2706.02,90.60218,1627437599999,243984.20452079998,711,60.8172,163729.0085106,0
2021-07-28 02:00:00,2707.6,2715.8,2690.49,2703.03,53.25962,1627439399999,144166.8001887,430,24.583660000000002,66585.4811579,0
2021-07-28 02:30:00,2702.2,2704.07,2682.43,2682.64,31.67739000000001,1627441199999,85300.33208939999,272,8.45697,22801.6582949,0
2021-07-28 03:00:00,2687.06,2687.06,2655.83,2670.27,46.81565,1627442999999,124777.172585,450,13.817070000000001,36843.2251023,0
2021-07-28 03:30:00,2668.0,2689.93,2660.1,2661.02,29.847140000000003,1627444799999,79931.2348244,274,8.37009,22425.431759,0
2021-07-28 04:00:00,2662.9,2679.3,2645.5,2657.12,45.45881,1627446599999,120804.53991519999,449,21.62003,57465.63361440001,0
2021-07-28 04:30:00,2657.16,2665.32,2647.79,2649.24,13.17881,1627448399999,34984.2058711,167,7.02889,18662.0017827,0
2021-07-28 05:00:00,2648.44,2674.58,2645.49,2671.66,14.37941,1627450199999,38346.73938550001,171,4.88481,13024.4792027,0
2021-07-28 05:30:00,2675.18,2680.0,2661.95,2675.73,14.283170000000002,1627451999999,38184.1595557,206,9.56765,25591.866104900004,0
2021-07-28 06:00:00,2674.96,2675.79,2645.69,2645.69,15.093079999999999,1627453799999,40155.7509312,238,1.44495,3848.9731497000002,0
2021-07-28 06:30:00,2652.73,2658.23,2614.62,2624.93,25.94667,1627455599999,68370.965543,367,10.98633,28960.690759900004,0
2021-07-28 07:00:00,2624.87,2650.75,2624.48,2647.28,22.84411,1627457399999,60149.195898800004,183,13.87985,36501.56079980001,0
2021-07-28 07:30:00,2651.09,2703.55,2629.44,2692.16,67.89364,1627459199999,182477.0892141,746,50.49435,135759.03742469999,0
2021-07-28 08:00:00,2691.52,2722.43,2684.01,2705.91,71.80837,1627460999999,194287.14765139998,857,40.63442,109963.1017441,0
2021-07-28 08:30:00,2703.34,2703.34,2668.85,2676.07,24.12512000000001,1627462799999,64687.051693400004,307,13.37163,35888.89442790001,0
2021-07-28 09:00:00,2676.44,2680.04,2661.59,2679.68,17.51821,1627464599999,46814.0481023,211,9.21552,24646.598856599998,0
2021-07-28 09:30:00,2676.07,2689.77,2670.54,2689.77,16.03685,1627466399999,42965.5162513,191,2.39045,6406.4586772,0
2021-07-28 10:00:00,2687.16,2699.1,2676.35,2682.65,53.10083,1627468199999,142614.0848054,515,10.44087,28072.9920326,0
2021-07-28 10:30:00,2685.15,2692.08,2669.91,2674.31,13.99235,1627469999999,37519.0474018,200,6.13693,16469.5837544,0
2021-07-28 11:00:00,2671.54,2695.77,2665.2,2695.77,77.36502,1627471799999,207448.7665368,498,36.32825,97443.73216810002,0
2021-07-28 11:30:00,2695.78,2713.09,2693.07,2702.82,53.40087,1627473599999,144278.859568,547,18.390439999999998,49689.3441503,0
2021-07-28 12:00:00,2702.84,2713.37,2694.05,2705.19,25.3959,1627475399999,68659.7131794,263,15.28231,41315.86023219999,0
2021-07-28 12:30:00,2701.92,2703.49,2644.89,2647.7,48.83419,1627477199999,130187.41017349999,543,15.88693,42355.2819809,0
2021-07-28 13:00:00,2649.41,2671.53,2644.92,2664.06,17.114639999999998,1627478999999,45562.4271189,204,7.18752,19126.7657135,0
2021-07-28 13:30:00,2661.35,2668.56,2637.27,2655.07,49.01155,1627480799999,129838.92289060002,328,10.60245,28088.6103722,0
2021-07-28 14:00:00,2655.08,2681.14,2647.14,2675.36,33.14679,1627482599999,88217.0098729,261,20.46765,54414.0141386,0
2021-07-28 14:30:00,2666.87,2679.89,2653.33,2676.56,28.261309999999998,1627484399999,75439.9577811,236,20.631829999999997,55101.3390045,0
2021-07-28 15:00:00,2679.64,2682.41,2668.03,2680.74,5.05502,1627486199999,13529.613850200001,78,3.06394,8199.357437100001,0
2021-07-28 15:30:00,2676.21,2699.48,2676.21,2687.48,21.29691,1627487999999,57254.00241950001,239,14.62019,39313.6266228,0
2021-07-28 16:00:00,2691.9,2710.0,2678.94,2703.7,34.03461,1627489799999,91799.9799767,491,23.2944,62802.3370143,0
2021-07-28 16:30:00,2703.16,2714.0,2691.34,2705.77,19.859029999999997,1627491599999,53695.443492499995,263,14.43477,39048.343303300004,0
2021-07-28 17:00:00,2705.76,2710.94,2673.13,2676.42,47.53581,1627493399999,128013.90709460001,312,13.203879999999998,35600.419836,0
2021-07-28 17:30:00,2675.39,2681.68,2639.2,2643.71,30.00178,1627495199999,79543.549446,385,13.70785,36323.88787850001,0
2021-07-28 18:00:00,2639.2,2673.98,2635.0,2666.47,27.15948,1627496999999,72197.2093374,342,8.889610000000003,23649.6669692,0
2021-07-28 18:30:00,2659.13,2691.21,2644.16,2687.86,68.96,1627498799999,183920.2561344,649,36.15702,96445.12613080001,0
2021-07-28 19:00:00,2689.97,2711.81,2675.96,2685.35,58.169880000000006,1627500599999,156745.6642798,624,27.683940000000003,74714.8582329,0
2021-07-28 19:30:00,2683.08,2711.12,2682.11,2708.11,32.69332,1627502399999,88403.4327011,383,21.77889,58898.35381930001,0
2021-07-28 20:00:00,2708.03,2726.86,2674.2,2679.71,96.61695,1627504199999,261757.9316855,1060,60.64617,164386.882026,0
2021-07-28 20:30:00,2677.01,2685.23,2665.86,2672.28,16.40652,1627505999999,43876.8020725,228,3.4763699999999997,9296.156690799999,0
2021-07-28 21:00:00,2672.29,2673.97,2657.03,2657.03,12.540239999999999,1627507799999,33413.386105699996,169,4.1336699999999995,11003.2559668,0
2021-07-28 21:30:00,2657.04,2668.56,2645.77,2662.69,71.52296,1627509599999,189905.20440070002,548,23.75968,63110.3199783,0
2021-07-28 22:00:00,2664.5,2681.97,2660.58,2676.76,18.43441,1627511399999,49293.3015312,203,6.49132,17357.1353145,0
2021-07-28 22:30:00,2676.92,2681.36,2627.04,2641.88,43.97538,1627513199999,116464.7517858,527,19.263170000000002,51042.2470628,0
2021-07-28 23:00:00,2637.41,2658.63,2627.21,2647.76,55.3176,1627514999999,146083.7704061,380,20.02086,52921.9650138,0
2021-07-28 23:30:00,2649.87,2659.94,2634.25,2657.35,11.06378,1627516799999,29299.2554095,181,4.19232,11112.771497900001,0
2021-07-29 00:00:00,2655.81,2661.13,2632.77,2632.77,44.45787,1627518599999,117793.2691423,502,27.25501,72267.0729685,0
2021-07-29 00:30:00,2634.58,2638.54,2612.5,2614.14,43.31958,1627520399999,113709.9843066,508,12.481910000000001,32821.5586519,0
2021-07-29 01:00:00,2614.28,2633.53,2604.78,2615.14,37.3394,1627522199999,97671.0357361,317,19.813779999999998,51852.257618,0
2021-07-29 01:30:00,2618.5,2643.86,2615.36,2643.86,37.20229000000001,1627523999999,97735.6851007,283,17.68178,46467.69834800001,0
2021-07-29 02:00:00,2640.37,2661.14,2639.82,2658.36,14.82194,1627525799999,39323.2362254,159,12.69932,33699.1718243,0
2021-07-29 02:30:00,2656.89,2660.6,2642.12,2645.46,11.89865,1627527599999,31565.7904874,138,4.159,11026.3697116,0
2021-07-29 03:00:00,2645.83,2651.49,2638.41,2642.06,33.08675,1627529399999,87539.0979018,368,20.986629999999998,55525.6680406,0
2021-07-29 03:30:00,2639.2,2651.48,2632.75,2639.65,14.14061,1627531199999,37345.70661,223,8.80262,23246.185326900002,0
2021-07-29 04:00:00,2639.66,2671.31,2629.09,2669.24,47.85502,1627532999999,127285.8533389,400,29.20307,77676.1164788,0
2021-07-29 04:30:00,2671.87,2689.99,2664.89,2685.81,23.84459,1627534799999,63885.428831,402,15.3712,41160.82496509999,0
2021-07-29 05:00:00,2689.12,2833.7,2679.8,2831.0,494.5365,1627536599999,1367762.6004161001,4865,306.35893,847888.5781099,0
2021-07-29 05:30:00,2830.91,2831.91,2796.9,2811.8,278.28933,1627538399999,783067.2541645,2750,129.01527,363196.74923970003,0
2021-07-29 06:00:00,2811.76,2831.74,2809.0,2812.16,70.0345,1627540199999,197569.09992970002,743,34.17391,96452.06015389999,0
2021-07-29 06:30:00,2812.05,2816.8,2793.36,2793.85,46.06864,1627541999999,129315.77402449999,404,15.30192,42985.960934800016,0
2021-07-29 07:00:00,2794.67,2820.67,2793.23,2806.95,46.17476,1627543799999,129557.16988710001,637,27.70257,77733.1513725,0
2021-07-29 07:30:00,2804.56,2817.09,2792.25,2797.18,31.80862,1627545599999,89130.106873,459,12.36824,34673.7081314,0
2021-07-29 08:00:00,2797.32,2810.34,2773.47,2777.59,43.50592,1627547399999,121256.4618273,514,15.04183,41950.3239384,0
2021-07-29 08:30:00,2779.24,2799.88,2770.28,2780.2,48.016659999999995,1627549199999,133715.9110015,480,14.02095,39052.179228199995,0
2021-07-29 09:00:00,2782.76,2805.45,2782.76,2800.22,21.19782,1627550999999,59328.9366846,251,12.11697,33912.5883294,0
2021-07-29 09:30:00,2800.22,2820.0,2786.13,2806.46,117.64068999999999,1627552799999,329805.88940690004,851,47.29801,132667.2930744,0
2021-07-29 10:00:00,2808.86,2817.3,2794.07,2794.07,38.04573,1627554599999,106683.27760449999,355,16.78503,47081.2309619,0
2021-07-29 10:30:00,2797.2,2801.55,2780.87,2792.82,22.744510000000002,1627556399999,63451.8948357,191,8.446639999999999,23578.0528923,0
2021-07-29 11:00:00,2792.82,2795.0,2777.81,2792.17,21.23949,1627558199999,59189.8365255,188,10.91737,30416.684907200004,0
2021-07-29 11:30:00,2788.95,2790.26,2741.17,2760.95,81.22989,1627559999999,224349.67254979996,697,19.54007,53873.4886041,0
2021-07-29 12:00:00,2763.8,2763.8,2742.47,2760.24,32.43501,1627561799999,89216.8669381,321,12.27091,33751.4478139,0
2021-07-29 12:30:00,2760.93,2773.51,2751.88,2772.37,18.26292,1627563599999,50406.362528800004,196,7.969639999999999,22022.3336848,0
2021-07-29 13:00:00,2772.44,2804.66,2768.49,2801.03,39.99795,1627565399999,111747.24612980001,440,24.75248,69202.72570610001,0
2021-07-29 13:30:00,2802.75,2807.67,2788.22,2795.51,33.9624,1627567199999,95057.6122013,239,21.485129999999998,60155.204163300004,0
2021-07-29 14:00:00,2794.1,2805.73,2769.14,2794.96,27.133229999999998,1627568999999,75711.6986237,225,14.645389999999999,40884.645251300004,0
2021-07-29 14:30:00,2796.81,2809.42,2774.8,2791.47,15.65081,1627570799999,43693.61555330001,197,5.96165,16666.8127315,0
2021-07-29 15:00:00,2792.06,2800.14,2776.46,2787.24,22.76343,1627572599999,63524.048748099995,137,10.58959,29585.409033599997,0
2021-07-29 15:30:00,2788.52,2792.0,2781.42,2792.0,9.64978,1627574399999,26887.976776599997,72,5.19256,14481.823532600001,0
2021-07-29 16:00:00,2792.0,2812.86,2780.72,2794.99,51.49547000000001,1627576199999,144071.6756101,446,25.66934,71807.7318893,0
2021-07-29 16:30:00,2798.74,2799.09,2779.68,2784.3,25.08276,1627577999999,69932.83592889999,195,7.57015,21115.501248,0
2021-07-29 17:00:00,2782.44,2795.6,2775.0,2786.51,19.2522,1627579799999,53617.9511524,190,8.96447,24973.9987161,0
2021-07-29 17:30:00,2788.52,2793.52,2771.93,2775.0,29.14537,1627581599999,81082.7754202,182,10.79473,30028.764762700004,0
2021-07-29 18:00:00,2776.13,2799.96,2772.48,2776.95,32.597,1627583399999,90840.56681189999,244,12.17463,33938.8435073,0
2021-07-29 18:30:00,2779.48,2780.71,2765.76,2768.71,23.59544,1627585199999,65412.780836599995,217,5.6619,15693.9466179,0
2021-07-29 19:00:00,2765.28,2769.42,2754.98,2759.02,25.87278,1627586999999,71473.5082764,200,12.19027,33683.560938200004,0
2021-07-29 19:30:00,2758.76,2765.34,2754.48,2760.5,16.43364,1627588799999,45341.714663599996,199,5.97403,16492.9008541,0
2021-07-29 20:00:00,2760.73,2789.71,2756.59,2788.67,26.04019,1627590599999,72122.4846554,338,13.1251,36389.0109286,0
2021-07-29 20:30:00,2784.94,2788.7,2777.18,2784.36,9.19488,1627592399999,25583.8270451,67,6.0304800000000025,16785.5919843,0
2021-07-29 21:00:00,2782.55,2790.72,2776.87,2783.67,15.88846,1627594199999,44266.3475605,186,9.328560000000001,26005.138957599997,0
2021-07-29 21:30:00,2783.94,2800.68,2781.98,2799.78,24.16528,1627595999999,67420.2567906,368,17.268729999999998,48210.8432632,0
2021-07-29 22:00:00,2799.83,2820.11,2795.88,2809.39,88.55303,1627597799999,248943.56362920004,844,56.83223,159757.37631400002,0
2021-07-29 22:30:00,2810.38,2816.27,2801.06,2810.98,35.825179999999996,1627599599999,100604.3724412,284,13.725470000000001,38556.381407199995,0
2021-07-29 23:00:00,2813.61,2878.51,2811.61,2868.43,139.66669,1627601399999,398567.80572470004,1598,66.09151,188300.7858335,0
2021-07-29 23:30:00,2868.43,2899.5,2857.69,2898.46,141.49581,1627603199999,407853.2137428,1152,75.29024,217092.66060889998,0
2021-07-30 00:00:00,2896.42,2900.0,2853.58,2888.91,92.93275,1627604999999,267197.7779553,880,52.847390000000004,151955.25881949998,0
2021-07-30 00:30:00,2887.84,2898.93,2872.0,2883.62,23.08244,1627606799999,66682.3612872,245,7.07357,20430.653908099997,0
2021-07-30 01:00:00,2883.02,2904.84,2875.69,2886.08,27.930229999999998,1627608599999,80790.23098110003,471,13.49366,39034.4957948,0
2021-07-30 01:30:00,2885.42,2936.65,2885.39,2919.0,133.93641000000002,1627610399999,390710.1621486,1163,63.813019999999995,186214.126876,0
2021-07-30 02:00:00,2919.16,2936.65,2904.53,2913.34,34.52332,1627612199999,100871.7322057,441,14.5137,42429.0741584,0
2021-07-30 02:30:00,2915.52,2950.05,2910.47,2913.42,144.9222,1627613999999,425308.92326229997,964,87.95563,258105.6167481,0
2021-07-30 03:00:00,2911.82,2944.23,2911.72,2938.88,41.52905,1627615799999,121683.9017828,294,23.39706,68501.5554854,0
2021-07-30 03:30:00,2937.7,2937.7,2904.77,2910.06,31.15195,1627617599999,90828.0404416,280,11.3492,33091.0724924,0
2021-07-30 04:00:00,2912.32,2921.86,2887.87,2892.17,51.4356,1627619399999,149301.0327536,394,20.52911,59632.35707969999,0
2021-07-30 04:30:00,2888.14,2900.0,2880.6,2898.6,62.51589,1627621199999,180761.4226396,441,31.53665,91208.4926383,0
2021-07-30 05:00:00,2897.93,2901.86,2881.0,2886.08,23.22211,1627622999999,67136.1820739,230,8.43174,24406.931289900003,0
2021-07-30 05:30:00,2884.58,2910.58,2880.03,2900.94,39.51596,1627624799999,114584.42294789999,272,25.47792,73866.70024169999,0
2021-07-30 06:00:00,2900.54,2904.86,2870.0,2882.98,80.83176,1627626599999,232996.7257968,477,52.78963,152158.14736300005,0
2021-07-30 06:30:00,2882.78,2886.99,2868.43,2879.48,26.82971,1627628399999,77177.11689199999,267,12.621889999999999,36324.0018885,0
2021-07-30 07:00:00,2879.48,2881.01,2855.73,2859.99,59.31137,1627630199999,169995.42446379998,479,10.63207,30466.3638624,0
2021-07-30 07:30:00,2861.19,2870.15,2856.25,2862.79,21.42715,1627631999999,61328.378719199995,242,6.48771,18584.1125107,0
2021-07-30 08:00:00,2867.32,2877.9,2855.52,2876.2,29.54267,1627633799999,84748.6925912,294,12.84958,36852.049090699984,0
2021-07-30 08:30:00,2875.66,2877.26,2788.12,2803.7,127.31159,1627635599999,358780.53948609997,1166,61.294219999999996,172712.0688973,0
2021-07-30 09:00:00,2802.73,2810.78,2768.59,2771.51,75.51546,1627637399999,210595.7490199,494,39.13606,109232.456777,0
2021-07-30 09:30:00,2778.07,2806.57,2775.31,2805.8,35.28582,1627639199999,98489.8701601,259,18.57901,51864.4475101,0
2021-07-30 10:00:00,2805.8,2805.89,2781.08,2799.08,23.63276,1627640999999,65982.55406980001,150,4.444369999999998,12403.7965233,0
2021-07-30 10:30:00,2800.25,2818.41,2795.47,2813.43,32.37409,1627642799999,90993.628164,243,14.68566,41278.8078659,0
2021-07-30 11:00:00,2812.33,2812.64,2798.59,2806.64,15.6996,1627644599999,44042.8440327,146,5.05808,14183.692516799998,0
2021-07-30 11:30:00,2802.2,2811.21,2779.29,2779.29,22.49713,1627646399999,63010.24288200001,175,9.77707,27420.7442462,0
2021-07-30 12:00:00,2777.81,2805.76,2770.0,2789.42,43.64031,1627648199999,121613.24582639999,373,14.29999,39856.0064369,0
2021-07-30 12:30:00,2789.04,2792.78,2770.35,2772.75,25.4462,1627649999999,70728.94478789999,229,9.75458,27109.6148931,0
2021-07-30 13:00:00,2771.26,2795.18,2766.32,2791.99,41.08145,1627651799999,114368.1622421,302,16.80931,46795.0239925,0
2021-07-30 13:30:00,2794.72,2805.45,2782.55,2785.34,30.25705,1627653599999,84686.3613255,144,24.712410000000002,69180.75776830001,0
2021-07-30 14:00:00,2787.06,2810.6,2782.53,2798.4,15.244629999999999,1627655399999,42664.1364284,128,10.282639999999999,28748.7733016,0
2021-07-30 14:30:00,2799.56,2799.56,2786.78,2798.11,19.939989999999998,1627657199999,55679.00463150001,100,15.47071,43207.606059699996,0
2021-07-30 15:00:00,2799.61,2799.61,2778.96,2782.69,77.78115,1627658999999,216722.3136559,355,59.26093,165161.02628770002,0
2021-07-30 15:30:00,2782.16,2783.48,2772.71,2781.17,52.3737,1627660799999,145491.72387370002,429,5.54899,15416.9130646,0
2021-07-30 16:00:00,2782.31,2786.78,2770.0,2778.09,38.8254,1627662599999,107915.8035175,336,14.54739,40455.1792864,0
2021-07-30 16:30:00,2778.2,2786.14,2775.83,2776.74,18.67785,1627664399999,51918.662278699994,165,7.41412,20608.948942500007,0
2021-07-30 17:00:00,2775.6,2797.94,2775.6,2797.94,21.73687,1627666199999,60605.1868339,185,14.562779999999998,40589.38551930001,0
2021-07-30 17:30:00,2797.07,2820.99,2785.45,2808.97,30.48602,1627667999999,85430.73627929999,270,15.492629999999998,43462.2708755,0
2021-07-30 18:00:00,2810.03,2813.58,2790.02,2805.84,22.95228,1627669799999,64393.7448846,200,12.68533,35577.453184,0
2021-07-30 18:30:00,2806.3,2808.01,2802.69,2803.24,10.49842,1627671599999,29452.4428124,89,6.35211,17821.6770565,0
2021-07-30 19:00:00,2804.86,2816.39,2800.76,2812.29,18.08604,1627673399999,50784.4317991,166,9.831,27613.571939899997,0
2021-07-30 19:30:00,2813.73,2824.06,2803.06,2819.17,24.92504,1627675199999,70166.3468247,192,10.65035,29976.112213599998,0
2021-07-30 20:00:00,2821.72,2866.14,2817.87,2862.77,40.18724,1627676999999,114445.7048279,499,19.64293,55922.3489799,0
2021-07-30 20:30:00,2866.2,2906.08,2859.85,2876.9,150.92334,1627678799999,434901.0407919001,1172,79.62711,229540.3962356,0
2021-07-30 21:00:00,2879.64,2902.82,2879.64,2899.19,22.56622,1627680599999,65268.953174,202,11.13852,32215.816940599994,0
2021-07-30 21:30:00,2897.57,2909.66,2882.72,2892.92,107.52203,1627682399999,311696.02201879997,630,48.01974000000001,139343.491588,0
2021-07-30 22:00:00,2896.05,2904.94,2866.79,2881.33,42.86658,1627684199999,123595.2925569,314,16.7631,48331.9148378,0
2021-07-30 22:30:00,2881.3,2893.81,2877.49,2891.48,31.585929999999998,1627685999999,91056.7695734,267,12.22524,35251.031867900005,0
2021-07-30 23:00:00,2891.91,2899.95,2877.8,2885.97,29.27927,1627687799999,84589.3493143,335,18.5778,53641.3384714,0
2021-07-30 23:30:00,2888.73,2919.65,2888.73,2911.59,70.29969,1627689599999,204303.5768957,578,39.19831,113920.26283580001,0
2021-07-31 00:00:00,2912.66,2922.62,2877.17,2920.5,91.62605,1627691399999,266091.16994479997,745,35.39734,102906.1413207,0
2021-07-31 00:30:00,2920.0,2920.0,2898.52,2913.48,14.93404,1627693199999,43455.47536880001,154,11.8834,34577.3346954,0
2021-07-31 01:00:00,2913.56,2925.0,2877.13,2880.4,52.50316,1627694999999,151991.50983839994,433,24.3279,70477.3201258,0
2021-07-31 01:30:00,2881.37,2910.14,2881.27,2910.14,26.23857000000001,1627696799999,75984.9693563,238,13.08302,37893.077878,0
2021-07-31 02:00:00,2908.45,2929.25,2905.54,2924.07,38.807109999999994,1627698599999,113304.50845669999,342,23.78896,69501.0538042,0
2021-07-31 02:30:00,2923.14,2927.09,2912.29,2914.63,10.38885,1627700399999,30311.584462900002,155,4.34479,12676.3737614,0
2021-07-31 03:00:00,2915.51,2931.71,2901.27,2910.44,27.83554,1627702199999,81093.94098039999,257,21.82884,63570.2103824,0
2021-07-31 03:30:00,2910.32,2915.2,2898.19,2905.41,13.60356,1627703999999,39535.4612492,108,3.11829,9055.150072600001,0
2021-07-31 04:00:00,2904.57,2914.39,2880.68,2890.65,18.22842,1627705799999,52725.1588253,196,7.443519999999999,21525.4209441,0
2021-07-31 04:30:00,2893.72,2902.7,2884.9,2901.35,8.02088,1627707599999,23216.4484773,91,4.06559,11765.9961909,0
2021-07-31 05:00:00,2902.39,2905.21,2868.73,2870.56,16.24381,1627709399999,46947.5278496,208,4.06789,11783.641036399995,0
2021-07-31 05:30:00,2871.67,2893.3,2855.36,2889.38,53.25883,1627711199999,153121.31980539998,351,22.84434,65697.95407949999,0
2021-07-31 06:00:00,2889.39,2891.83,2869.0,2869.0,6.56119,1627712999999,18914.915263799998,64,3.81719,11007.4048972,0
2021-07-31 06:30:00,2867.45,2884.74,2865.7,2880.66,7.7217,1627714799999,22208.288373599997,75,3.94768,11345.722333299998,0
2021-07-31 07:00:00,2879.37,2921.82,2878.48,2901.29,80.93499,1627716599999,235141.4536745,497,52.3005,151911.20647879998,0
2021-07-31 07:30:00,2900.9,2902.42,2884.15,2886.07,24.8513,1627718399999,71895.00663510001,248,8.345310000000001,24134.0537228,0
2021-07-31 08:00:00,2887.83,2904.48,2884.0,2902.0,26.51577,1627720199999,76849.0693613,283,16.203429999999994,46957.0814478,0
2021-07-31 08:30:00,2904.83,2914.41,2903.27,2909.92,33.06485,1627721999999,96203.1220441,257,19.39487,56439.523711,0
2021-07-31 09:00:00,2909.02,2913.38,2898.09,2902.8,22.40832,1627723799999,65078.707938600004,362,10.467410000000001,30410.3746501,0
2021-07-31 09:30:00,2902.08,2903.29,2892.97,2901.32,10.85089,1627725599999,31451.497331200004,153,4.46809,12949.8253354,0
2021-07-31 10:00:00,2902.0,2917.43,2898.64,2912.09,24.944979999999997,1627727399999,72535.10741819999,405,8.61897,25084.4720812,0
2021-07-31 10:30:00,2912.09,2929.44,2906.81,2921.17,40.59174,1627729199999,118603.7290389,316,23.82555,69636.68884239999,0
2021-07-31 11:00:00,2919.26,2927.64,2883.0,2916.6,48.65417,1627730999999,141180.87110470005,437,20.972720000000002,60860.8252766,0
2021-07-31 11:30:00,2916.56,2917.27,2892.83,2904.49,40.81082,1627732799999,118578.21706319999,240,26.20606,76116.4625209,0
2021-07-31 12:00:00,2901.8,2917.5,2892.37,2916.68,11.9614,1627734599999,34755.8563432,135,6.03258,17532.12952,0
2021-07-31 12:30:00,2913.81,2916.45,2902.66,2911.29,26.602109999999996,1627736399999,77377.68625880001,171,12.35949,35934.1209754,0
2021-07-31 13:00:00,2909.86,2912.84,2881.5,2882.62,22.7843,1627738199999,65930.63347409999,233,6.63342,19200.3312488,0
2021-07-31 13:30:00,2881.51,2897.03,2878.13,2886.0,41.14165,1627739999999,118722.50558469999,339,15.238420000000001,43995.18206580001,0
2021-07-31 14:00:00,2884.3,2891.67,2863.13,2885.49,41.26415,1627741799999,118588.14369360001,483,13.73957,39476.5535503,0
2021-07-31 14:30:00,2887.21,2892.42,2869.95,2888.04,41.874790000000004,1627743599999,120519.0917799,316,26.239490000000004,75477.30012939997,0
2021-07-31 15:00:00,2887.67,2903.21,2879.68,2897.25,18.84896,1627745399999,54547.3167036,374,12.74987,36881.4339436,0
2021-07-31 15:30:00,2892.16,2901.74,2888.5,2901.74,11.12193,1627747199999,32184.7124199,183,5.76434,16688.7452498,0
2021-07-31 16:00:00,2901.75,2914.99,2896.06,2908.54,21.91656,1627748999999,63691.2680356,304,13.06965,37990.4895982,0
2021-07-31 16:30:00,2907.3,2919.49,2902.87,2907.62,26.7717,1627750799999,77985.46633730001,220,14.39684,41936.9343792,0
2021-07-31 17:00:00,2907.7,2914.28,2903.72,2905.83,18.952460000000002,1627752599999,55113.0177584,171,10.9714,31904.9115295,0
2021-07-31 17:30:00,2906.62,2907.19,2883.43,2883.43,23.14144,1627754399999,66920.2652789,218,13.170879999999999,38110.1196083,0
2021-07-31 18:00:00,2882.52,2888.42,2866.53,2875.36,32.6697,1627756199999,93937.1730599,434,12.68864,36484.7455812,0
2021-07-31 18:30:00,2875.28,2895.06,2873.22,2892.26,31.48994,1627757999999,90863.77103589999,318,13.82001,39874.746398,0
2021-07-31 19:00:00,2890.74,2894.53,2883.68,2891.0,17.70713,1627759799999,51182.6879748,158,9.8058,28339.439322000002,0
2021-07-31 19:30:00,2893.52,2899.47,2882.82,2886.09,21.86165,1627761599999,63218.28579939999,199,4.1414,11984.464272700001,0
2021-07-31 20:00:00,2883.59,2886.55,2858.3,2884.87,88.5985,1627763399999,254220.6163338,1055,34.99371,100405.97489360001,0
2021-07-31 20:30:00,2884.6,2920.0,2884.6,2915.0,35.18574,1627765199999,102364.66145099999,404,16.33369,47518.9336742,0
2021-07-31 21:00:00,2914.73,3002.38,2914.73,2998.11,413.22024,1627766999999,1232932.5687038999,4287,263.17208,785348.5377008,0
2021-07-31 21:30:00,2999.48,3009.35,2994.3,2998.88,72.83957,1627768799999,218613.29659239997,564,31.570529999999998,94824.43270339999,0
2021-07-31 22:00:00,3000.72,3010.0,2971.78,2980.73,59.0349,1627770599999,176780.7877029,656,23.74261,71172.3946293,0
2021-07-31 22:30:00,2979.22,3002.9,2979.22,2995.13,23.6576,1627772399999,70831.6756679,230,5.8552300000000015,17503.4032016,0
2021-07-31 23:00:00,2994.94,3002.72,2987.98,2998.28,14.51949,1627774199999,43501.501464,204,4.86531,14574.8201511,0
2021-07-31 23:30:00,2998.39,3012.34,2971.48,2977.72,43.30054000000001,1627775999999,129729.8263746,421,12.1843,36563.0442237,0
2021-08-01 00:00:00,2980.75,3019.06,2953.13,3016.96,50.498670000000004,1627777799999,151096.6100704,654,27.665440000000004,82919.85631389999,0
2021-08-01 00:30:00,3019.15,3036.79,3010.69,3032.3,53.58602,1627779599999,162236.79108310002,745,25.40498,76924.72942239999,0
2021-08-01 01:00:00,3034.92,3034.92,3005.91,3011.97,24.671529999999997,1627781399999,74502.63752,326,8.616769999999999,26009.3639013,0
2021-08-01 01:30:00,3013.61,3021.87,3008.62,3018.62,17.721770000000006,1627783199999,53442.3297313,220,9.31782,28105.6367445,0
2021-08-01 02:00:00,3017.92,3034.6,3009.91,3033.2,14.079189999999999,1627784999999,42518.0136766,160,8.921510000000003,26956.3547111,0
2021-08-01 02:30:00,3034.62,3037.19,3023.52,3026.61,10.35343,1627786799999,31391.4839635,153,4.20787,12765.622678799999,0
2021-08-01 03:00:00,3028.53,3028.92,3012.57,3023.79,19.21258,1627788599999,58061.783074599996,186,9.1016,27515.7425272,0
2021-08-01 03:30:00,3023.52,3050.0,3015.93,3048.02,52.03429000000001,1627790399999,157898.07723370002,622,25.16751,76407.734592,0
2021-08-01 04:00:00,3048.01,3061.16,3035.5,3050.94,36.78099,1627792199999,112217.03013429999,575,21.48175,65546.0120351,0
2021-08-01 04:30:00,3051.4,3059.97,3041.9,3046.83,46.76667,1627793999999,142719.1739053,413,16.64923,50834.0745445,0
2021-08-01 05:00:00,3047.31,3051.7,3017.9,3029.95,46.132059999999996,1627795799999,139797.734127,308,13.408220000000002,40617.8762508,0
2021-08-01 05:30:00,3029.32,3048.71,3029.32,3038.2,20.47856,1627797599999,62256.82514269999,159,10.28707,31278.1390357,0
2021-08-01 06:00:00,3039.93,3045.18,3025.0,3037.94,12.1628,1627799399999,36934.680806699995,151,7.35198,22324.9356186,0
2021-08-01 06:30:00,3037.94,3046.14,3026.96,3026.96,8.10486,1627801199999,24595.792084599998,135,3.3395300000000003,10143.7558551,0
2021-08-01 07:00:00,3029.25,3046.07,3018.85,3034.45,19.67035,1627802999999,59611.881178699994,208,12.874989999999999,39009.874900999996,0
2021-08-01 07:30:00,3032.03,3032.37,2992.66,3002.86,54.45535,1627804799999,163844.4612263,680,18.59818,55961.1052382,0
2021-08-01 08:00:00,3004.49,3009.48,2993.04,3009.48,36.48557,1627806599999,109524.79612489998,566,14.054129999999999,42183.1440854,0
2021-08-01 08:30:00,3009.37,3009.37,2987.5,2997.67,46.86972,1627808399999,140462.5091937,626,18.71056,56064.04149430001,0
2021-08-01 09:00:00,2999.96,3022.61,2992.58,3011.3,44.07679,1627810199999,132823.6482572,515,12.50618,37689.946106699994,0
2021-08-01 09:30:00,3012.54,3021.79,3004.77,3020.42,15.4997,1627811999999,46747.1615032,284,7.898519999999999,23822.0244204,0
2021-08-01 10:00:00,3019.84,3019.97,3000.0,3000.0,18.96977,1627813799999,57011.6755633,281,7.01892,21084.488317299998,0
2021-08-01 10:30:00,3000.0,3004.25,2970.92,2982.65,34.13666,1627815599999,101886.5291643,431,19.09875,56999.91744580001,0
2021-08-01 11:00:00,2979.61,2999.99,2963.05,2974.02,41.279109999999996,1627817399999,122969.93304689998,385,21.81825,64996.5794816,0
2021-08-01 11:30:00,2972.5,2999.54,2972.5,2992.63,31.16021,1627819199999,93066.3011103,322,19.936870000000006,59520.3865859,0
2021-08-01 12:00:00,2992.63,3018.07,2986.14,3014.37,24.41572,1627820999999,73456.99631889997,225,15.209570000000001,45739.445321499996,0
2021-08-01 12:30:00,3015.4,3023.11,3004.43,3007.94,11.38007,1627822799999,34294.6565831,175,6.3884099999999995,19251.7325218,0
2021-08-01 13:00:00,3004.61,3015.67,2994.0,2997.48,16.10531,1627824599999,48407.1512504,133,8.35777,25103.3971125,0
2021-08-01 13:30:00,3001.01,3001.01,2985.14,2989.11,8.455639999999999,1627826399999,25307.641373599996,113,4.65989,13945.4545977,0
2021-08-01 14:00:00,2988.02,3008.39,2978.29,2984.51,12.47817,1627828199999,37359.714702499994,152,4.55631,13633.975333700002,0
2021-08-01 14:30:00,2984.51,2995.38,2970.11,2980.78,11.99672,1627829999999,35752.6020507,122,8.1777,24382.7708017,0
2021-08-01 15:00:00,2977.27,3000.0,2969.48,2998.91,13.66155,1627831799999,40795.883815199995,166,8.5716,25587.436936000002,0
2021-08-01 15:30:00,3000.42,3000.44,2968.14,2974.25,13.16344,1627833599999,39252.8992893,109,5.96442,17757.7560215,0
2021-08-01 16:00:00,2973.23,2974.57,2917.9,2927.26,84.4382,1627835399999,248503.5535212,1011,29.902390000000004,87929.4047129,0
2021-08-01 16:30:00,2925.82,2965.0,2915.57,2957.34,37.21171,1627837199999,109341.3099812,385,18.23779,53599.386439199996,0
2021-08-01 17:00:00,2960.0,2975.11,2936.16,2936.16,21.44104,1627838999999,63420.320703499994,271,9.2282,27328.129461799996,0
2021-08-01 17:30:00,2939.4,2964.99,2936.7,2948.9,31.89498,1627840799999,94083.23278589999,176,19.0735,56318.5844867,0
2021-08-01 18:00:00,2945.98,2988.09,2944.21,2981.91,24.11755,1627842599999,71585.8024795,270,8.917010000000003,26468.1878159,0
2021-08-01 18:30:00,2979.24,3004.08,2979.24,2999.2,35.24985,1627844399999,105545.4124361,306,19.24299,57632.0129214,0
2021-08-01 19:00:00,2998.36,3009.7,2957.14,2997.35,34.24487,1627846199999,102084.23384530001,306,16.32219,48704.075994599996,0
2021-08-01 19:30:00,2997.0,3072.41,2997.0,3063.26,97.3294,1627847999999,295725.4244663,1380,63.73865,193665.8136446,0
2021-08-01 20:00:00,3063.26,3088.0,3048.73,3075.04,71.31568,1627849799999,219128.98326729998,926,41.91465,128774.01759060001,0
2021-08-01 20:30:00,3073.01,3074.46,3042.98,3055.42,25.5064,1627851599999,77934.0668224,355,11.310139999999999,34563.564602499995,0
2021-08-01 21:00:00,3053.6,3072.92,3048.85,3053.4,52.52135,1627853399999,160427.2175558,252,20.2109,61731.5040431,0
2021-08-01 21:30:00,3053.04,3090.36,3049.35,3080.41,80.173,1627855199999,246394.4282349,624,56.21185,172814.39781379994,0
2021-08-01 22:00:00,3080.28,3088.42,3002.22,3003.08,89.4648,1627856999999,272565.5602589,734,46.51566,141911.3461179,0
2021-08-01 22:30:00,3002.77,3002.77,2957.63,2980.2,85.38410999999998,1627858799999,254796.14636810002,834,32.48507,97066.81168510001,0
2021-08-01 23:00:00,2978.93,2996.25,2896.95,2906.72,90.11623,1627860599999,265585.4398514,918,35.34287,104176.6345006,0
2021-08-01 23:30:00,2908.31,2940.74,2881.5,2895.92,138.67778,1627862399999,402986.6248566,1144,57.89344000000001,168318.71409229998,0
2021-08-02 00:00:00,2896.27,2933.75,2890.82,2897.72,95.80769000000001,1627864199999,278655.04046570003,905,33.55673,97607.4790522,0
2021-08-02 00:30:00,2897.68,2897.68,2847.41,2850.73,92.22348000000001,1627865999999,264622.7927262,880,40.45477,116064.4388715,0
2021-08-02 01:00:00,2850.73,2878.4,2836.3,2868.5,45.31922,1627867799999,129705.74827389998,366,29.431390000000004,84217.26303660001,0
2021-08-02 01:30:00,2872.17,2883.43,2861.62,2870.56,15.226339999999999,1627869599999,43764.816790300014,168,3.65219,10497.433293600001,0
2021-08-02 02:00:00,2862.89,2880.57,2855.29,2871.47,14.615179999999999,1627871399999,41943.2448581,108,8.221789999999999,23606.280722,0
2021-08-02 02:30:00,2873.05,2909.32,2868.31,2901.83,29.54255,1627873199999,85573.45458019999,334,9.95268,28836.8435887,0
2021-08-02 03:00:00,2904.97,2913.68,2902.64,2904.7,14.34195,1627874999999,41706.575508,240,7.85723,22854.9106479,0
2021-08-02 03:30:00,2905.04,2906.31,2887.8,2888.0,21.951,1627876799999,63631.9880723,261,9.7846,28384.155564099998,0
2021-08-02 04:00:00,2889.18,2897.77,2863.55,2897.77,37.77969,1627878599999,108747.33815839999,432,14.28176,41105.92840290001,0
2021-08-02 04:30:00,2898.2,2901.18,2875.05,2876.24,21.03375,1627880399999,60765.6943347,375,5.84082,16864.254327399998,0
2021-08-02 05:00:00,2878.36,2894.56,2873.3,2877.63,10.49916,1627882199999,30279.807652099997,107,6.7915399999999995,19598.348125,0
2021-08-02 05:30:00,2878.96,2901.17,2875.83,2893.54,18.861079999999998,1627883999999,54586.682686800006,275,8.90465,25787.1012464,0
2021-08-02 06:00:00,2890.76,2897.73,2872.13,2894.68,36.05662,1627885799999,103944.52899319999,260,17.39347,50184.08961790001,0
2021-08-02 06:30:00,2896.26,2961.36,2890.25,2956.51,31.26902,1627887599999,91918.96353400001,383,14.2432,41813.2021255,0
2021-08-02 07:00:00,2956.5,2975.7,2944.17,2954.31,42.15959,1627889399999,124822.52483839999,336,25.97382,76913.2113375,0
2021-08-02 07:30:00,2959.91,2959.91,2942.92,2951.15,19.5156,1627891199999,57574.10474630001,129,12.967889999999999,38257.4828093,0
2021-08-02 08:00:00,2953.84,2960.15,2921.0,2921.0,19.875870000000006,1627892999999,58437.628799599996,169,10.530439999999999,30984.0452922,0
2021-08-02 08:30:00,2922.41,2926.29,2905.79,2909.55,23.96368,1627894799999,69863.854674,227,10.145380000000001,29589.446028,0
2021-08-02 09:00:00,2904.78,2924.77,2895.28,2911.32,21.52463,1627896599999,62580.5056382,242,13.20075,38363.5829148,0
2021-08-02 09:30:00,2913.0,2940.02,2904.08,2934.67,17.50282,1627898399999,51223.11015769999,268,4.55558,13332.946202299998,0
2021-08-02 10:00:00,2935.28,2942.81,2925.57,2938.44,11.54883,1627900199999,33896.284887199996,166,6.21025,18236.1157023,0
2021-08-02 10:30:00,2935.18,2948.76,2931.97,2946.8,7.43495,1627901999999,21869.2678877,94,1.96471,5781.4475945,0
2021-08-02 11:00:00,2946.21,2953.35,2922.05,2948.03,38.12289000000001,1627903799999,112073.85766960001,303,15.050579999999998,44280.1035941,0
2021-08-02 11:30:00,2946.08,2952.45,2933.9,2946.7,15.5947,1627905599999,45934.7629821,181,6.11332,18007.8409461,0
2021-08-02 12:00:00,2950.63,2956.36,2908.91,2917.54,34.67689,1627907399999,101449.8729779,308,11.05668,32361.4120226,0
2021-08-02 12:30:00,2914.04,2952.84,2902.72,2946.01,12.3878,1627909199999,36281.6954749,196,8.00098,23449.96470890001,0
2021-08-02 13:00:00,2945.82,2949.75,2928.89,2938.86,18.809929999999998,1627910999999,55286.55123169999,256,11.39955,33490.5358394,0
2021-08-02 13:30:00,2940.83,2980.96,2940.83,2972.66,40.41373,1627912799999,119933.89305310001,352,29.07287,86319.2929138,0
2021-08-02 14:00:00,2978.66,3028.54,2975.15,3005.27,184.91919,1627914599999,557130.3492413,2030,121.13788000000001,364984.68858779996,0
2021-08-02 14:30:00,3005.36,3012.14,2988.69,3004.16,36.99865,1627916399999,111013.3688784,452,22.20786,66640.99660900001,0
2021-08-02 15:00:00,3007.55,3018.18,2994.14,3004.06,20.065520000000006,1627918199999,60322.9921544,251,4.23108,12711.771463299998,0
2021-08-02 15:30:00,3006.73,3019.99,2996.5,3006.08,41.56313,1627919999999,125250.8712919,288,6.3094,18992.36297,0
2021-08-02 16:00:00,3005.54,3028.1,3002.27,3021.69,30.56387,1627921799999,92211.3157513,356,8.38744,25329.2344449,0
2021-08-02 16:30:00,3024.25,3027.88,3004.15,3027.88,34.17357,1627923599999,103196.3556638,300,18.57111,56101.551762,0
2021-08-02 17:00:00,3025.69,3027.2,2994.5,3014.51,34.77125,1627925399999,104646.27114410001,300,13.60931,40932.5279646,0
2021-08-02 17:30:00,3014.59,3024.53,3006.62,3018.18,8.22064,1627927199999,24789.6321964,112,4.12127,12428.2971421,0
2021-08-02 18:00:00,3022.02,3025.1,2997.75,3010.54,32.0657,1627928999999,96440.0964649,246,17.09732,51419.4426008,0
2021-08-02 18:30:00,3014.69,3020.85,3007.7,3013.54,18.09447,1627930799999,54522.2299845,133,13.229239999999999,39863.0729852,0
2021-08-02 19:00:00,3011.47,3023.27,2987.95,2999.74,35.46723,1627932599999,106594.36605299999,230,17.08912,51365.223607199994,0
2021-08-02 19:30:00,2997.42,2999.3,2959.28,2966.66,37.00761,1627934399999,110014.45539489998,396,19.49403,57936.28148409999,0
2021-08-02 20:00:00,2968.28,2978.6,2935.94,2953.26,67.2516,1627936199999,198334.9945099,524,45.84923,135186.8014426,0
2021-08-02 20:30:00,2953.26,2953.26,2927.89,2938.53,56.198069999999994,1627937999999,165042.9192748,346,33.46852,98233.6015589,0
2021-08-02 21:00:00,2934.0,2943.57,2910.75,2919.37,103.74035,1627939799999,303869.2517354,681,31.544829999999997,92391.2471832,0
2021-08-02 21:30:00,2920.74,2945.16,2920.74,2942.88,19.039620000000006,1627941599999,55780.4258781,236,10.80592,31648.331327999997,0
2021-08-02 22:00:00,2943.43,2956.11,2935.0,2952.17,19.88191,1627943399999,58519.24119930001,210,13.666770000000001,40234.444768,0
2021-08-02 22:30:00,2956.41,2963.05,2913.45,2943.0,132.96839,1627945199999,390130.987776,1017,70.82969,207783.171941,0
2021-08-02 23:00:00,2945.05,2954.3,2930.09,2936.3,12.1203,1627946999999,35694.7713773,158,3.76818,11110.8695756,0
2021-08-02 23:30:00,2937.57,2939.07,2915.1,2917.36,21.82685,1627948799999,63832.6115104,173,6.01032,17622.2328075,0
2021-08-03 00:00:00,2918.1,2928.54,2888.72,2923.32,49.2922,1627950599999,143230.30594000002,469,24.63826,71573.5950751,0
2021-08-03 00:30:00,2929.46,2948.19,2912.0,2916.72,29.973029999999998,1627952399999,87899.60263089999,288,13.04948,38280.4419547,0
2021-08-03 01:00:00,2915.94,2915.94,2874.62,2880.46,33.86262,1627954199999,97948.81299510002,402,9.31978,26940.0952118,0
2021-08-03 01:30:00,2881.65,2891.96,2842.97,2845.57,54.898419999999994,1627955999999,157235.4502664,574,24.11785,69197.48074069999,0
2021-08-03 02:00:00,2842.93,2857.5,2825.0,2855.15,76.41225,1627957799999,216991.488011,815,29.21054,82993.36280539999,0
2021-08-03 02:30:00,2856.0,2866.98,2844.21,2848.12,23.3149,1627959599999,66620.1012977,429,6.24057,17833.5860732,0
2021-08-03 03:00:00,2849.88,2866.75,2847.93,2862.04,32.12075,1627961399999,91765.06374550001,371,19.96069,57031.200412,0
2021-08-03 03:30:00,2865.12,2865.12,2826.71,2846.08,29.863740000000004,1627963199999,85024.42607619999,334,14.72755,41914.727627199994,0
2021-08-03 04:00:00,2838.16,2858.48,2829.15,2844.1,13.24859,1627964999999,37700.5097327,194,8.02816,22847.067948199998,0
2021-08-03 04:30:00,2846.71,2850.79,2799.94,2802.13,47.81127,1627966799999,134908.8301626,549,19.06033,53781.737979499994,0
2021-08-03 05:00:00,2799.77,2801.35,2766.06,2787.92,78.71769,1627968599999,218977.2686363,753,42.95921,119437.0115905,0
2021-08-03 05:30:00,2786.66,2801.52,2786.66,2792.32,13.809320000000001,1627970399999,38598.995599199996,157,7.47368,20887.7656644,0
2021-08-03 06:00:00,2790.73,2823.57,2782.84,2813.85,28.868509999999997,1627972199999,81162.17588539999,294,17.17535,48297.4588201,0
2021-08-03 06:30:00,2813.1,2814.58,2795.34,2795.34,20.746589999999998,1627973999999,58263.685269099995,175,12.01527,33755.7832785,0
2021-08-03 07:00:00,2792.39,2817.31,2780.0,2817.11,32.1106,1627975799999,89766.5644255,300,21.72395,60740.6625097,0
2021-08-03 07:30:00,2814.15,2817.52,2794.29,2802.3,37.669959999999996,1627977599999,105626.1703087,307,12.618139999999999,35395.957323,0
2021-08-03 08:00:00,2801.13,2803.25,2779.18,2802.91,24.03819,1627979399999,67132.6628793,287,7.516610000000001,20990.6519777,0
2021-08-03 08:30:00,2803.01,2806.99,2789.37,2797.53,15.789420000000002,1627981199999,44215.99253030001,169,7.51243,21042.690417299997,0
2021-08-03 09:00:00,2796.17,2801.46,2775.16,2795.05,26.88759000000001,1627982999999,74998.78094400001,301,16.0688,44838.22745219999,0
2021-08-03 09:30:00,2790.88,2799.74,2782.44,2799.74,15.247160000000001,1627984799999,42595.1843763,163,5.35002,14950.3764447,0
2021-08-03 10:00:00,2801.29,2803.96,2788.48,2793.92,12.99214,1627986599999,36306.7340922,160,6.92937,19370.8837938,0
2021-08-03 10:30:00,2794.43,2818.75,2790.45,2812.94,40.24496,1627988399999,113038.98508069999,341,18.18356,51063.87369569999,0
2021-08-03 11:00:00,2811.95,2816.67,2804.71,2807.71,16.89414,1627990199999,47484.4757172,260,4.49805,12649.285001999999,0
2021-08-03 11:30:00,2808.1,2808.53,2782.4,2787.48,35.43519000000001,1627991999999,99043.676297,368,15.30441,42775.8727867,0
2021-08-03 12:00:00,2789.82,2811.92,2745.71,2784.62,101.8787,1627993799999,282636.5292545,948,57.70841,160111.67229529994,0
2021-08-03 12:30:00,2785.78,2811.63,2772.69,2805.29,20.2968,1627995599999,56693.7343896,169,8.72461,24351.684429099998,0
2021-08-03 13:00:00,2806.58,2819.9,2804.83,2814.1,20.539939999999998,1627997399999,57788.9006053,253,9.645710000000001,27137.8145875,0
2021-08-03 13:30:00,2813.22,2827.88,2812.54,2814.67,21.29208,1627999199999,60033.6460829,252,12.35117,34813.248070300004,0
2021-08-03 14:00:00,2815.4,2819.18,2807.15,2812.72,44.16796,1628000999999,124246.69705369999,318,29.849159999999998,83964.89195689997,0
2021-08-03 14:30:00,2814.94,2823.96,2787.8,2795.84,68.91843,1628002799999,193195.92802229998,506,39.356629999999996,110361.23039289999,0
2021-08-03 15:00:00,2795.74,2800.82,2754.1,2766.74,80.41816999999998,1628004599999,223397.80215029998,648,31.50954,87535.9940525,0
2021-08-03 15:30:00,2766.68,2790.19,2757.89,2778.97,58.08056,1628006399999,160973.2829361,426,35.2215,97626.6806763,0
2021-08-03 16:00:00,2778.01,2791.67,2764.25,2766.67,30.839540000000003,1628008199999,85685.3483949,264,18.73105,52089.105807,0
2021-08-03 16:30:00,2767.15,2787.92,2761.23,2784.48,28.68603,1628009999999,79452.4149855,239,12.39667,34335.0033136,0
2021-08-03 17:00:00,2784.35,2799.95,2771.76,2774.19,20.385189999999998,1628011799999,56789.87536180001,261,9.10548,25383.8791293,0
2021-08-03 17:30:00,2776.64,2787.54,2752.22,2755.07,31.15333,1628013599999,86220.9974296,395,10.11621,28040.8990815,0
2021-08-03 18:00:00,2757.88,2764.0,2741.19,2755.31,49.76059,1628015399999,137089.2424601,448,26.32508,72498.926038,0
2021-08-03 18:30:00,2755.13,2776.78,2748.46,2774.84,9.581539999999999,1628017199999,26514.3446312,122,5.89519,16329.255393200001,0
2021-08-03 19:00:00,2775.66,2787.11,2771.11,2784.99,15.3338,1628018999999,42644.107303699995,141,12.07071,33581.9924875,0
2021-08-03 19:30:00,2785.52,2787.71,2754.99,2760.37,26.19989,1628020799999,72737.8090792,167,10.30066,28605.1104265,0
2021-08-03 20:00:00,2758.56,2766.75,2738.6,2758.58,36.58162,1628022599999,100561.6041851,343,12.64878,34794.32076,0
2021-08-03 20:30:00,2761.29,2772.21,2741.11,2764.24,16.766029999999994,1628024399999,46244.4409064,252,7.1334800000000005,19683.7557022,0
2021-08-03 21:00:00,2763.4,2773.84,2762.61,2773.45,7.0780600000000025,1628026199999,19591.778259900002,85,3.9043900000000002,10807.483002500001,0
2021-08-03 21:30:00,2771.7,2778.85,2762.5,2769.38,11.05146,1628027999999,30622.0530552,112,5.01124,13902.1422688,0
2021-08-03 22:00:00,2771.45,2799.78,2770.25,2797.4,38.84541,1628029799999,108259.192546,327,24.04156,66985.2303048,0
2021-08-03 22:30:00,2799.98,2804.77,2779.75,2795.62,32.72142,1628031599999,91405.96516369999,337,11.788160000000001,32952.3085906,0
2021-08-03 23:00:00,2795.21,2804.05,2790.48,2790.48,7.9451899999999975,1628033399999,22226.8087366,97,2.40678,6732.5033546999975,0
2021-08-03 23:30:00,2791.23,2799.63,2774.46,2787.34,15.85421,1628035199999,44172.4401279,190,5.1169,14264.7518181,0
2021-08-04 00:00:00,2790.19,2797.98,2753.4,2758.06,26.47845,1628036999999,73239.53251610001,311,6.70776,18564.408020299998,0
2021-08-04 00:30:00,2760.56,2788.16,2741.21,2785.7,51.29779,1628038799999,141445.6489394,476,20.796,57290.1487082,0
2021-08-04 01:00:00,2787.52,2799.99,2781.56,2798.18,13.9301,1628040599999,38872.64448,205,2.29724,6412.6035409,0
2021-08-04 01:30:00,2799.98,2821.7,2797.84,2809.75,31.241329999999998,1628042399999,87816.37479219999,332,20.13966,56621.292848599995,0
2021-08-04 02:00:00,2811.77,2837.71,2804.6,2805.74,70.92249,1628044199999,200291.2644088,601,39.45616,111430.5569635,0
2021-08-04 02:30:00,2806.35,2821.46,2799.76,2813.68,27.13342,1628045999999,76244.3548279,227,18.70992,52560.344518599995,0
2021-08-04 03:00:00,2815.91,2820.82,2784.63,2784.63,30.891109999999998,1628047799999,86706.15818320001,253,14.17711,39856.3181922,0
2021-08-04 03:30:00,2785.05,2798.55,2768.82,2771.49,24.0807,1628049599999,66992.6672461,212,11.75177,32693.571197,0
2021-08-04 04:00:00,2774.4,2780.99,2753.62,2763.27,26.72073,1628051399999,73934.6302581,193,9.67568,26834.258286099997,0
2021-08-04 04:30:00,2764.52,2772.26,2752.39,2765.13,37.56503,1628053199999,103833.1047107,280,11.24902,31105.5092065,0
2021-08-04 05:00:00,2768.4,2801.35,2767.92,2796.38,71.77129000000002,1628054999999,200028.7778721,459,41.115829999999995,114608.05150639999,0
2021-08-04 05:30:00,2797.76,2801.91,2782.53,2783.63,18.25123,1628056799999,50996.1696165,150,5.06907,14151.322895299998,0
2021-08-04 06:00:00,2785.0,2789.83,2777.79,2783.25,14.66673,1628058599999,40826.108061,123,8.65992,24106.3170782,0
2021-08-04 06:30:00,2782.5,2795.72,2769.19,2778.1,18.05463,1628060399999,50253.2489764,140,8.28403,23028.5872815,0
2021-08-04 07:00:00,2774.95,2780.22,2765.54,2766.47,11.49594,1628062199999,31881.4060064,102,4.24823,11778.041471999999,0
2021-08-04 07:30:00,2773.28,2773.36,2756.8,2764.0,12.40658,1628063999999,34326.7445666,169,4.87289,13492.9311556,0
2021-08-04 08:00:00,2763.21,2776.13,2757.09,2762.15,24.60117,1628065799999,68013.28553159999,172,10.21472,28256.0633117,0
2021-08-04 08:30:00,2762.46,2771.6,2746.97,2767.61,23.59988,1628067599999,65047.0329018,235,10.45363,28818.762038700002,0
2021-08-04 09:00:00,2764.93,2774.69,2753.98,2766.44,12.22943,1628069399999,33834.37552,233,9.21296,25487.153447099998,0
2021-08-04 09:30:00,2765.83,2775.36,2760.0,2769.58,10.80354,1628071199999,29911.3714421,183,3.6978699999999995,10234.557393899999,0
2021-08-04 10:00:00,2768.08,2774.11,2757.54,2772.48,10.49392,1628072999999,29030.079212299996,107,4.45479,12315.2622619,0
2021-08-04 10:30:00,2774.69,2799.69,2774.69,2792.8,14.04548,1628074799999,39144.6000941,148,6.61325,18429.8438237,0
2021-08-04 11:00:00,2793.14,2814.4,2793.14,2811.53,27.31144,1628076599999,76590.9193768,257,16.156670000000002,45319.3352055,0
2021-08-04 11:30:00,2812.7,2856.0,2808.12,2812.24,243.94275,1628078399999,691046.1133612,1419,146.43871000000001,414836.3124724,0
2021-08-04 12:00:00,2810.1,2820.22,2806.38,2809.87,50.776109999999996,1628080199999,142837.2248339,424,16.77948,47208.551965599996,0
2021-08-04 12:30:00,2813.24,2893.85,2806.66,2891.53,134.54287,1628081999999,384133.51980059996,1082,58.016369999999995,165819.8396218,0
2021-08-04 13:00:00,2891.13,2908.38,2862.56,2900.31,139.56877,1628083799999,403034.61699159996,1049,70.60325,203799.4302034,0
2021-08-04 13:30:00,2900.33,2917.44,2887.49,2889.57,146.37317,1628085599999,425339.9853318,866,71.2602,206946.53025399998,0
2021-08-04 14:00:00,2889.98,2910.0,2874.88,2895.56,56.45952,1628087399999,163327.16393520002,393,31.989859999999997,92554.27588019999,0
2021-08-04 14:30:00,2895.49,2911.44,2885.11,2909.6,52.935430000000004,1628089199999,153571.85785670002,273,28.19934000000001,81794.5011004,0
2021-08-04 15:00:00,2910.18,2963.05,2906.99,2953.83,196.06427,1628090999999,576937.6526514,1709,106.82583999999999,314384.15562,0
2021-08-04 15:30:00,2953.81,2957.2,2887.64,2896.59,110.30421000000001,1628092799999,321775.04940869997,1079,45.11634,131743.4106142,0
2021-08-04 16:00:00,2898.79,2929.21,2892.25,2922.56,98.70430999999999,1628094599999,287343.2376735,879,54.07329,157262.8194085,0
2021-08-04 16:30:00,2923.73,2959.13,2916.15,2955.0,66.24035,1628096399999,195015.8159146,613,40.86674,120335.24802639999,0
2021-08-04 17:00:00,2955.96,2955.97,2936.07,2943.09,69.88144,1628098199999,205794.9096095,567,38.55418,113488.101174,0
2021-08-04 17:30:00,2945.19,2956.6,2923.58,2937.95,45.75502,1628099999999,134554.6467026,370,19.46548,57240.7556778,0
2021-08-04 18:00:00,2936.39,2956.7,2927.36,2941.98,79.20917,1628101799999,233335.94331029998,574,46.31198,136461.671862,0
2021-08-04 18:30:00,2941.27,2956.04,2931.63,2935.85,45.92781,1628103599999,135300.6541713,366,22.26659,65599.37196719999,0
2021-08-04 19:00:00,2936.25,2940.85,2924.87,2940.0,14.35963,1628105399999,42142.3582995,171,5.80206,17034.2700231,0
2021-08-04 19:30:00,2938.59,2940.96,2924.91,2932.77,15.31642,1628107199999,44906.3692765,135,8.597489999999999,25209.676224400002,0
2021-08-04 20:00:00,2938.68,2967.34,2930.05,2949.2,74.80396,1628108999999,220911.22380970002,519,40.11489,118495.50661630002,0
2021-08-04 20:30:00,2952.97,2957.98,2936.66,2951.16,27.59848,1628110799999,81364.6567352,209,13.182179999999999,38876.970053300014,0
2021-08-04 21:00:00,2950.2,2965.26,2936.8,2960.35,29.24522,1628112599999,86433.65569380001,353,13.23608,39122.929242800004,0
2021-08-04 21:30:00,2960.75,2962.16,2940.17,2960.64,20.994320000000002,1628114399999,61970.860793499996,182,10.250760000000001,30250.69330670001,0
2021-08-04 22:00:00,2962.16,2995.36,2960.75,2991.39,79.74033,1628116199999,237974.3700238,1132,35.71395,106566.1574025,0
2021-08-04 22:30:00,2992.11,2992.47,2931.74,2956.61,129.06385,1628117999999,381007.7692114,943,60.35554000000001,178105.3405073,0
2021-08-04 23:00:00,2960.5,2974.73,2935.88,2974.11,14.57208,1628119799999,43012.0906934,164,7.7809300000000015,22981.2540876,0
2021-08-04 23:30:00,2973.33,2981.08,2957.83,2967.22,15.38574,1628121599999,45668.6098352,157,8.636000000000001,25616.8188392,0
2021-08-05 00:00:00,2968.44,3009.77,2956.37,2974.45,95.83117,1628123399999,286349.629166,836,56.87675,169953.063232,0
2021-08-05 00:30:00,2973.01,2985.82,2933.12,2934.27,53.48185,1628125199999,158492.07807000002,489,24.28441,71953.300563,0
2021-08-05 01:00:00,2935.56,2937.25,2905.14,2906.25,88.39922,1628126999999,258053.9779409,804,24.84423,72473.7973272,0
2021-08-05 01:30:00,2908.05,2948.78,2908.05,2937.37,30.983109999999996,1628128799999,90836.36523069999,273,14.7873,43355.9614955,0
2021-08-05 02:00:00,2937.0,2948.11,2927.89,2938.42,16.55966,1628130599999,48652.9619741,171,8.08585,23732.4241387,0
2021-08-05 02:30:00,2936.42,2939.33,2914.58,2920.99,30.79253,1628132399999,90002.9817728,317,22.64867000000001,66211.6156944,0
2021-08-05 03:00:00,2920.01,2944.32,2918.38,2929.62,36.74913,1628134199999,107851.9846102,283,17.822979999999994,52315.8952433,0
2021-08-05 03:30:00,2930.42,2944.07,2921.55,2938.38,16.2251,1628135999999,47574.18027300001,203,7.58713,22240.1450886,0
2021-08-05 04:00:00,2937.24,2950.93,2932.4,2941.85,29.474990000000002,1628137799999,86759.08652669999,301,9.19792,27085.328605799998,0
2021-08-05 04:30:00,2942.14,2943.74,2896.77,2899.38,90.23266,1628139599999,262412.85823260003,803,26.402959999999997,76777.0764394,0
2021-08-05 05:00:00,2899.38,2918.75,2896.09,2913.22,36.72546,1628141399999,106821.67951880001,277,18.708560000000002,54439.641748899994,0
2021-08-05 05:30:00,2911.5,2918.98,2904.98,2914.68,19.968,1628143199999,58157.8782351,187,6.54433,19061.5758527,0
2021-08-05 06:00:00,2914.0,2919.66,2897.53,2901.33,59.99296,1628144999999,174631.2291505,397,26.17203,76225.4626328,0
2021-08-05 06:30:00,2902.82,2922.86,2901.42,2919.54,17.6606,1628146799999,51403.419452999995,180,9.29535,27051.1403633,0
2021-08-05 07:00:00,2917.9,2934.0,2906.64,2909.36,81.30421,1628148599999,237803.3651791,550,38.68847,113140.91814879999,0
2021-08-05 07:30:00,2910.15,2942.58,2904.2,2939.92,95.38462,1628150399999,279105.6677666,614,50.7753,148514.977243,0
2021-08-05 08:00:00,2938.8,2961.25,2935.43,2955.6,145.41258,1628152199999,429005.007151,928,81.31961,239849.4680735,0
2021-08-05 08:30:00,2952.36,2955.33,2897.03,2899.06,85.28814,1628153999999,249968.36413509998,628,51.38783,150642.516126,0
2021-08-05 09:00:00,2899.99,2920.22,2847.93,2864.22,119.99323000000001,1628155799999,344991.7091195,1145,61.824569999999994,177902.4707598,0
2021-08-05 09:30:00,2863.75,2872.49,2835.71,2850.54,83.73428,1628157599999,238773.900868,729,43.84875,125021.35638180001,0
2021-08-05 10:00:00,2849.88,2875.88,2846.05,2865.74,37.40525,1628159399999,107201.2177254,260,19.57241,56104.133398399994,0
2021-08-05 10:30:00,2868.39,2877.26,2850.4,2874.26,37.337579999999996,1628161199999,106912.392821,263,24.42645,69942.65479530001,0
2021-08-05 11:00:00,2871.85,2895.0,2859.06,2886.83,58.413219999999995,1628162999999,168186.2642802,423,34.58167,99692.2375326,0
2021-08-05 11:30:00,2887.94,2887.94,2853.03,2868.85,23.644029999999997,1628164799999,67861.9255906,232,11.50303,33037.0158889,0
2021-08-05 12:00:00,2867.37,2887.75,2847.83,2849.96,49.116929999999996,1628166599999,140723.06616629998,424,17.91496,51337.957794,0
2021-08-05 12:30:00,2847.47,2864.21,2791.36,2844.52,182.48826,1628168399999,516214.46073829994,1405,73.21304,207043.0047683,0
2021-08-05 13:00:00,2845.78,2871.42,2830.98,2847.09,64.38429000000001,1628170199999,183474.8768353,335,26.56092,75786.86304099999,0
2021-08-05 13:30:00,2847.07,2907.14,2847.07,2907.14,60.677730000000004,1628171999999,174374.6651601,488,32.5737,93567.80625549999,0
2021-08-05 14:00:00,2905.87,3043.93,2892.85,3004.26,343.50802999999996,1628173799999,1027052.8217988001,3601,186.00968,555933.4848840999,0
2021-08-05 14:30:00,3005.31,3022.32,2986.0,3014.0,151.31493,1628175599999,455301.91456319997,1255,59.87365,180181.3130836,0
2021-08-05 15:00:00,3017.08,3022.16,2987.61,3007.09,95.35177,1628177399999,286716.4562299,638,48.03516,144412.5917093,0
2021-08-05 15:30:00,3005.76,3025.03,2958.41,2975.42,131.46445,1628179199999,393169.1616945,996,66.93443,200336.6231541,0
2021-08-05 16:00:00,2975.65,3011.47,2973.32,2998.88,105.48805,1628180999999,315829.3548522,586,68.51429,205185.7865592,0
2021-08-05 16:30:00,2994.38,3026.67,2971.16,3016.93,150.95468,1628182799999,453655.52561240003,932,102.12832,307070.9029761,0
2021-08-05 17:00:00,3020.81,3048.26,3002.27,3036.34,152.6075,1628184599999,461932.9513698,1172,76.35906999999997,231226.1560372,0
2021-08-05 17:30:00,3037.61,3061.54,3028.94,3060.29,114.1033,1628186399999,347735.56862659997,801,66.16384000000001,201649.8586186,0
2021-08-05 18:00:00,3061.87,3066.96,3031.03,3057.74,70.53277,1628188199999,215531.6407278,715,42.15198,128796.8581352,0
2021-08-05 18:30:00,3056.49,3073.39,3039.97,3042.45,50.53399,1628189999999,154433.7923005,556,28.65302,87626.3419778,0
2021-08-05 19:00:00,3044.35,3072.71,3044.35,3053.11,42.87356,1628191799999,130999.21141670001,446,19.415029999999998,59287.1977158,0
2021-08-05 19:30:00,3053.62,3059.64,3040.25,3048.85,34.6725,1628193599999,105765.7341403,328,17.23275,52579.4444748,0
2021-08-05 20:00:00,3053.95,3064.99,3040.48,3048.76,35.34838,1628195399999,107912.6857541,240,14.55546,44473.703526699996,0
2021-08-05 20:30:00,3053.88,3063.99,3040.65,3044.16,26.910359999999997,1628197199999,82130.3493737,242,10.74414,32799.3292337,0
2021-08-05 21:00:00,3047.46,3057.24,3040.57,3051.57,50.76939,1628198999999,154828.33432979998,455,32.36351,98758.48473910001,0
2021-08-05 21:30:00,3049.12,3074.27,3048.91,3070.48,36.82863,1628200799999,112905.89592139999,362,16.85002,51683.7375444,0
2021-08-05 22:00:00,3072.99,3074.99,3052.07,3061.87,37.122409999999995,1628202599999,113796.96981160002,326,11.59455,35555.9780585,0
2021-08-05 22:30:00,3063.49,3090.74,3047.83,3064.64,69.56794000000001,1628204399999,213973.8887244,746,33.06545,101677.40174189999,0
2021-08-05 23:00:00,3065.36,3100.0,3059.13,3079.66,83.97736,1628206199999,259177.9011375,781,48.568020000000004,149894.80138879994,0
2021-08-05 23:30:00,3079.13,3300.0,3075.17,3290.54,1958.3922300000002,1628207999999,6302216.9206024,17788,1199.94766,3859576.7608923996,0
2021-08-06 00:00:00,3291.45,3301.6,3237.45,3254.09,295.08408,1628209799999,965708.5392740999,2543,156.48689,511958.3212415999,0
2021-08-06 00:30:00,3255.13,3268.57,3209.76,3238.3,164.66197,1628211599999,533007.8653673,1509,82.04813,265224.4735758,0
2021-08-06 01:00:00,3238.24,3267.11,3228.57,3241.0,137.3374,1628213399999,446163.3725941,1079,70.51033000000002,229116.6282704,0
2021-08-06 01:30:00,3235.64,3254.55,3229.04,3243.51,75.39788,1628215199999,244431.3273352,635,32.0692,103917.09751519999,0
2021-08-06 02:00:00,3243.54,3253.84,3204.11,3206.85,69.07189,1628216999999,223287.0881017,624,30.47383,98677.3757666,0
2021-08-06 02:30:00,3205.43,3227.17,3186.48,3194.78,55.6111,1628218799999,178388.3385835,709,16.1233,51768.75197190001,0
2021-08-06 03:00:00,3195.41,3228.31,3194.86,3203.02,49.24601,1628220599999,158331.1674655,643,23.56999,75780.069711,0
2021-08-06 03:30:00,3206.84,3224.06,3183.26,3186.45,35.3129,1628222399999,113203.536296,336,14.355579999999998,46039.408407,0
2021-08-06 04:00:00,3186.07,3208.84,3161.03,3176.71,81.31134,1628224199999,258461.0452512,638,35.31319000000001,112431.8949181,0
2021-08-06 04:30:00,3178.95,3188.09,3165.56,3172.17,25.82377,1628225999999,82039.5446125,384,8.732380000000001,27754.8167302,0
2021-08-06 05:00:00,3172.43,3197.98,3170.81,3187.68,36.09839,1628227799999,115038.5074025,416,12.89356,41083.459745199994,0
2021-08-06 05:30:00,3187.1,3207.47,3187.09,3199.3,25.44528,1628229599999,81290.3424519,282,13.573979999999999,43365.5880942,0
2021-08-06 06:00:00,3199.26,3232.42,3188.87,3230.17,72.30527,1628231399999,232604.37282600004,707,48.6095,156365.257544,0
2021-08-06 06:30:00,3232.89,3232.93,3174.58,3207.32,107.96496,1628233199999,345585.3982252,934,63.440259999999995,203056.23380370002,0
2021-08-06 07:00:00,3207.07,3209.64,3176.94,3178.73,75.50823000000003,1628234999999,240943.2774652,458,26.610979999999998,84897.18353260001,0
2021-08-06 07:30:00,3178.62,3219.8,3177.8,3199.75,106.59867,1628236799999,340996.87299959996,768,84.81381,271359.4650914,0
2021-08-06 08:00:00,3197.51,3223.18,3180.49,3209.14,50.4814,1628238599999,161538.585849,443,26.22113,83941.54249310003,0
2021-08-06 08:30:00,3206.76,3243.47,3201.37,3224.95,90.68212,1628240399999,292532.00897709996,776,52.22705,168476.2892776,0
2021-08-06 09:00:00,3219.67,3222.01,3198.77,3204.57,67.62171,1628242199999,216811.7934572,608,37.51291,120290.0095943,0
2021-08-06 09:30:00,3204.29,3205.7,3176.84,3185.49,56.798790000000004,1628243999999,181063.66869020002,631,26.244790000000002,83673.713124,0
2021-08-06 10:00:00,3184.18,3190.45,3157.84,3172.26,40.6691,1628245799999,129120.676594,492,21.86338,69422.56879199999,0
2021-08-06 10:30:00,3169.69,3194.48,3163.73,3182.63,14.256979999999999,1628247599999,45347.5967239,238,6.21664,19760.301507199998,0
2021-08-06 11:00:00,3182.63,3185.96,3169.29,3180.8,21.35671,1628249399999,67873.13400800001,230,10.66429,33895.8637354,0
2021-08-06 11:30:00,3178.25,3188.49,3124.74,3128.06,140.60291,1628251199999,441491.3636276,1257,28.28255,88985.7775828,0
2021-08-06 12:00:00,3125.78,3182.3,3110.78,3177.24,190.77358999999998,1628252999999,599986.7147818,1546,72.65716,228847.08147520004,0
2021-08-06 12:30:00,3174.28,3178.02,3158.43,3173.0,33.5173,1628254799999,106253.773301,296,12.35566,39173.0285714,0
2021-08-06 13:00:00,3172.04,3195.77,3164.39,3188.09,48.53698,1628256599999,154562.84386479994,546,29.17663,92901.51022030001,0
2021-08-06 13:30:00,3192.2,3194.42,3178.91,3186.14,43.36586,1628258399999,138158.7252579,333,13.90405,44323.0654995,0
2021-08-06 14:00:00,3188.32,3190.0,3167.42,3185.84,48.73816,1628260199999,154951.38247629994,479,27.363559999999996,86952.72424139999,0
2021-08-06 14:30:00,3186.08,3220.0,3179.93,3210.82,170.72705,1628261999999,548074.9742337,1023,89.25446,286406.4406508,0
2021-08-06 15:00:00,3210.0,3264.15,3201.7,3255.74,284.0926100000001,1628263799999,921230.9750154,2050,144.27832,467804.23777179996,0
2021-08-06 15:30:00,3255.74,3262.68,3234.59,3261.63,130.87094,1628265599999,425150.7438902,1384,60.544090000000004,196712.32320570003,0
2021-08-06 16:00:00,3261.27,3297.6,3247.93,3270.64,227.32257,1628267399999,743784.6159949,2541,125.12411999999999,409476.56902359996,0
2021-08-06 16:30:00,3270.64,3285.0,3252.98,3271.16,147.00246,1628269199999,481163.8011653,1066,54.73361,179111.14886760004,0
2021-08-06 17:00:00,3269.19,3315.03,3262.49,3302.4,84.03047,1628270999999,276387.8562851,1124,43.57349,143352.4667591,0
2021-08-06 17:30:00,3305.62,3324.49,3291.45,3318.67,112.88956,1628272799999,373176.01840949996,1233,50.77046,167838.06372479998,0
2021-08-06 18:00:00,3319.24,3332.3,3301.62,3304.47,78.71358000000002,1628274599999,260931.4889494,903,37.55859,124516.11932639999,0
2021-08-06 18:30:00,3307.34,3327.86,3302.69,3326.5,51.38389,1628276399999,170401.94753039998,534,25.56825,84792.0633154,0
2021-08-06 19:00:00,3327.75,3334.16,3308.46,3330.54,90.45748,1628278199999,300541.2929532,945,32.25288,107205.9328195,0
2021-08-06 19:30:00,3333.98,3373.23,3300.0,3321.08,172.39351000000005,1628279999999,574457.6331476999,2156,83.25144,277128.5141292,0
2021-08-06 20:00:00,3321.83,3332.68,3245.21,3263.94,134.84949,1628281799999,443269.5173134,1274,57.59996999999999,189578.6053333,0
2021-08-06 20:30:00,3265.59,3294.46,3265.59,3284.53,74.5446,1628283599999,244517.5586396,617,35.44737999999999,116271.45089089999,0
2021-08-06 21:00:00,3289.51,3291.63,3251.44,3252.74,70.89316,1628285399999,231653.16503779998,503,38.22847,124830.88813050001,0
2021-08-06 21:30:00,3250.46,3260.29,3233.6,3236.31,112.05384,1628287199999,363930.91983729997,703,49.5645,160990.2191787,0
2021-08-06 22:00:00,3236.65,3266.45,3236.65,3256.97,34.04116,1628288999999,110883.4090378,343,16.18647,52733.4759102,0
2021-08-06 22:30:00,3254.89,3273.34,3245.57,3273.34,27.723540000000003,1628290799999,90399.8050402,259,15.8327,51625.9518215,0
2021-08-06 23:00:00,3272.68,3273.45,3252.42,3266.03,23.19892,1628292599999,75709.0119167,230,10.90222,35571.8023875,0
2021-08-06 23:30:00,3267.96,3273.67,3247.99,3250.85,24.60357,1628294399999,80313.4474969,311,10.05139,32815.5822497,0
2021-08-07 00:00:00,3258.16,3264.23,3223.08,3257.37,123.97258000000001,1628296199999,401650.1188724,801,51.59288,167398.1921863,0
2021-08-07 00:30:00,3255.52,3307.92,3250.26,3306.28,91.42727,1628297999999,299546.0807197,760,58.43976,191455.134552,0
2021-08-07 01:00:00,3306.28,3306.3,3267.07,3291.67,63.76149,1628299799999,209506.9892274,530,33.98577,111667.26853399999,0
2021-08-07 01:30:00,3291.19,3309.74,3286.68,3302.09,37.86981,1628301599999,125004.6186964,299,26.77879,88395.39230539998,0
2021-08-07 02:00:00,3302.0,3307.35,3288.71,3303.0,50.78579000000001,1628303399999,167703.3406945,429,25.626379999999997,84626.8601075,0
2021-08-07 02:30:00,3306.43,3307.36,3281.76,3305.16,93.72803,1628305199999,308949.62502190005,594,35.53585,117256.69810510002,0
2021-08-07 03:00:00,3305.35,3312.25,3281.89,3307.02,62.465630000000004,1628306999999,206331.13656729998,532,34.75354,114780.5786316,0
2021-08-07 03:30:00,3306.36,3325.81,3296.66,3304.83,90.37015,1628308799999,299240.4535684,907,47.11979,156048.956443,0
2021-08-07 04:00:00,3306.05,3343.65,3304.38,3333.84,99.132,1628310599999,329679.6067439,1128,48.11333,159940.0011544,0
2021-08-07 04:30:00,3337.44,3347.43,3297.88,3302.76,86.01741,1628312399999,285915.06288790004,1199,29.61995,98483.9312375,0
2021-08-07 05:00:00,3304.42,3351.99,3303.71,3336.65,154.08862,1628314199999,514021.1570453,1365,107.5156,358628.55780949997,0
2021-08-07 05:30:00,3338.67,3354.0,3325.64,3334.57,34.47167,1628315999999,115121.80077480001,479,12.74078,42560.130009699984,0
2021-08-07 06:00:00,3334.57,3338.92,3320.45,3322.15,44.11554,1628317799999,146862.9438494,366,12.884780000000001,42915.6379376,0
2021-08-07 06:30:00,3321.99,3321.99,3292.8,3311.51,68.02911,1628319599999,224749.4129338,715,24.76483,81810.61165800001,0
2021-08-07 07:00:00,3309.48,3331.33,3306.38,3317.92,54.8942,1628321399999,182211.6888539,508,32.073809999999995,106455.5976506,0
2021-08-07 07:30:00,3318.19,3347.68,3317.18,3324.37,37.19437,1628323199999,123881.3445007,433,16.37424,54537.6751076,0
2021-08-07 08:00:00,3324.53,3347.58,3312.94,3341.26,31.052609999999998,1628324999999,103328.8460726,348,17.46386,58122.4171914,0
2021-08-07 08:30:00,3342.37,3348.6,3329.28,3338.87,31.38164,1628326799999,104811.63730689998,337,10.77621,36012.2830527,0
2021-08-07 09:00:00,3339.03,3364.27,3325.6,3364.27,79.4104,1628328599999,266096.9730795,1062,37.25347,124857.29971830001,0
2021-08-07 09:30:00,3365.12,3387.58,3361.42,3382.62,83.23456999999998,1628330399999,281175.2911802,1374,32.18407,108686.94630410001,0
2021-08-07 10:00:00,3382.22,3425.0,3374.99,3400.26,122.8044,1628332199999,418054.5266158,2047,49.42246,168247.7929711,0
2021-08-07 10:30:00,3400.5,3406.38,3381.68,3391.51,79.65736,1628333999999,270328.9124928,884,25.91421,87918.8676751,0
2021-08-07 11:00:00,3393.79,3413.07,3373.98,3403.03,86.31981,1628335799999,292978.2874024,1065,32.03902,108799.6801484,0
2021-08-07 11:30:00,3400.66,3422.25,3385.0,3413.86,51.45601,1628337599999,175186.1023489,655,20.15835,68671.3725577,0
2021-08-07 12:00:00,3413.97,3464.69,3405.45,3455.59,145.05007,1628339399999,499478.0437776,2059,57.1562,196776.5749405,0
2021-08-07 12:30:00,3455.57,3477.56,3339.71,3370.04,242.93316000000002,1628341199999,824582.5923381,2671,105.64121999999999,358521.3229491,0
2021-08-07 13:00:00,3370.04,3408.5,3332.35,3387.37,117.11026000000001,1628342999999,394256.6087708,1096,57.84228,194746.82345310002,0
2021-08-07 13:30:00,3386.76,3396.92,3343.69,3346.63,79.31306,1628344799999,267435.1227158,696,33.77877,113889.8545637,0
2021-08-07 14:00:00,3349.25,3376.83,3349.25,3370.66,54.96059,1628346599999,185015.688178,402,29.17026,98204.20009510001,0
2021-08-07 14:30:00,3369.13,3395.25,3352.14,3369.48,102.613,1628348399999,346443.5245647,761,56.49077,190739.508675,0
2021-08-07 15:00:00,3364.34,3389.72,3347.94,3369.14,90.60195,1628350199999,304990.5767669,635,42.95374,144640.0377844,0
2021-08-07 15:30:00,3368.91,3374.47,3347.94,3354.0,59.51949000000001,1628351999999,199868.13893410002,444,33.60155,112854.31076269998,0
2021-08-07 16:00:00,3351.74,3356.17,3258.01,3284.92,192.73481999999998,1628353799999,636564.0337874001,1855,82.62557,272724.1842129,0
2021-08-07 16:30:00,3286.29,3365.84,3286.28,3361.93,131.53562,1628355599999,437203.49215059995,1011,71.08463,236026.1257077,0
2021-08-07 17:00:00,3364.17,3364.18,3303.35,3319.69,85.33945,1628357399999,284168.1330394,627,41.422090000000004,137896.835631,0
2021-08-07 17:30:00,3318.59,3318.8,3282.38,3305.39,58.41066,1628359199999,192850.90079120002,487,26.874109999999998,88736.8477533,0
2021-08-07 18:00:00,3305.04,3313.39,3284.42,3312.13,37.1709,1628360999999,122604.56816960001,360,21.57926,71176.9546635,0
2021-08-07 18:30:00,3313.39,3327.1,3305.46,3321.83,28.22571,1628362799999,93594.6655343,249,16.331970000000002,54164.4559929,0
2021-08-07 19:00:00,3321.83,3346.33,3315.9,3334.44,33.96165,1628364599999,113181.1455738,331,20.32568,67718.1182174,0
2021-08-07 19:30:00,3334.44,3353.74,3299.97,3337.6,31.48905,1628366399999,104717.88731689999,330,15.272860000000001,50780.5807441,0
2021-08-07 20:00:00,3335.94,3359.07,3319.17,3340.03,33.23133,1628368199999,110871.6299697,301,18.61735,62138.91558759999,0
2021-08-07 20:30:00,3339.44,3348.53,3329.53,3332.91,17.94102,1628369999999,59906.692017400004,181,5.9603800000000025,19900.887311099996,0
2021-08-07 21:00:00,3335.3,3370.77,3329.26,3355.63,55.28085,1628371799999,185680.1696655,629,24.25967,81493.50188530001,0
2021-08-07 21:30:00,3359.24,3378.43,3325.75,3330.73,64.82689,1628373599999,217463.3758553,738,25.14712,84334.9586899,0
2021-08-07 22:00:00,3330.09,3370.32,3327.22,3369.67,36.488820000000004,1628375399999,122359.6474435,409,19.836479999999998,66500.6295524,0
2021-08-07 22:30:00,3364.37,3382.36,3357.58,3358.44,21.670370000000002,1628377199999,73021.827751,239,10.481819999999999,35327.022090599996,0
2021-08-07 23:00:00,3360.12,3390.07,3355.19,3386.54,45.80247,1628378999999,154350.1887887,248,39.46803,132998.0860274,0
2021-08-07 23:30:00,3387.47,3418.78,3382.77,3408.77,43.94526,1628380799999,149482.20823620007,677,23.02026,78349.64779830001,0
2021-08-08 00:00:00,3408.76,3449.99,3382.9,3390.24,67.62597,1628382599999,231034.9298088,1188,34.05572,116388.61155080001,0
2021-08-08 00:30:00,3390.3,3437.24,3377.52,3413.26,56.78552,1628384399999,193420.7061796,531,29.536459999999998,100629.6808215,0
2021-08-08 01:00:00,3414.58,3417.08,3345.02,3360.53,121.81626000000001,1628386199999,410121.0758163,934,66.91984000000001,225275.58784060003,0
2021-08-08 01:30:00,3351.62,3355.18,3322.32,3346.48,71.8945,1628387999999,239984.13355980002,716,28.07609,93733.8203273,0
2021-08-08 02:00:00,3343.37,3344.68,3308.6,3317.5,26.0625,1628389799999,86663.4219861,314,12.48695,41565.3916561,0
2021-08-08 02:30:00,3314.69,3338.91,3310.68,3317.28,29.27875,1628391599999,97335.78759289999,280,14.67601,48764.4240043,0
2021-08-08 03:00:00,3314.35,3367.41,3309.93,3367.41,35.70098,1628393399999,119315.3550514,392,22.01793,73566.4452283,0
2021-08-08 03:30:00,3364.82,3375.06,3357.63,3369.85,15.30895,1628395199999,51536.93225950001,223,7.48727,25211.2350759,0
2021-08-08 04:00:00,3370.13,3386.77,3354.87,3375.71,11.87098,1628396999999,40027.695589999996,205,4.9532300000000005,16706.9318344,0
2021-08-08 04:30:00,3370.76,3370.76,3347.55,3362.25,8.348310000000001,1628398799999,28018.5003661,155,4.31271,14478.9067615,0
2021-08-08 05:00:00,3362.81,3370.04,3335.92,3365.37,25.955370000000002,1628400599999,87068.2959328,268,14.564789999999999,48893.0232825,0
2021-08-08 05:30:00,3369.97,3384.11,3361.14,3375.13,19.38334,1628402399999,65393.136047,195,10.65793,35970.463671199985,0
2021-08-08 06:00:00,3379.78,3398.43,3373.06,3389.18,22.498639999999998,1628404199999,76225.6837093,321,12.744439999999999,43200.2247805,0
2021-08-08 06:30:00,3389.18,3427.3,3383.1,3403.87,96.43925,1628405999999,328745.62629770004,1066,60.33105,205656.74978679998,0
2021-08-08 07:00:00,3404.09,3428.76,3388.39,3420.01,49.08822,1628407799999,167439.5173831,513,31.41733,107216.7774011,0
2021-08-08 07:30:00,3423.08,3427.25,3391.57,3392.5,31.273229999999998,1628409599999,106626.1510786,390,14.70604,50137.063576,0
2021-08-08 08:00:00,3399.72,3418.28,3387.55,3401.87,23.68073,1628411399999,80596.23876369999,335,10.90175,37112.6190841,0
2021-08-08 08:30:00,3399.29,3410.04,3373.76,3376.8,48.6879,1628413199999,165333.4964026,574,32.94271,111901.22654189999,0
2021-08-08 09:00:00,3376.09,3411.35,3376.09,3405.81,37.20857,1628414999999,126436.6485416,435,21.63131,73484.061213,0
2021-08-08 09:30:00,3403.58,3412.21,3386.86,3404.01,32.42824,1628416799999,110194.5222944,404,18.960160000000002,64445.0816611,0
2021-08-08 10:00:00,3407.04,3413.62,3352.39,3362.18,43.25777,1628418599999,146168.1449614,546,20.1804,68193.26509380003,0
2021-08-08 10:30:00,3361.23,3371.27,3347.22,3359.33,34.30348,1628420399999,115187.86787690001,452,13.82121,46412.03889119999,0
2021-08-08 11:00:00,3359.31,3374.16,3338.24,3360.29,42.70324,1628422199999,143281.2618486,444,24.09504,80869.9116396,0
2021-08-08 11:30:00,3360.08,3370.45,3338.42,3340.87,15.93295,1628423999999,53487.6833953,293,5.4683699999999975,18359.3862198,0
2021-08-08 12:00:00,3338.23,3366.85,3333.33,3363.36,47.89568,1628425799999,160443.37792529998,469,17.478170000000002,58588.4889339,0
2021-08-08 12:30:00,3366.2,3382.84,3353.44,3371.63,29.31645,1628427599999,98679.33457080001,351,15.77721,53128.3375421,0
2021-08-08 13:00:00,3374.92,3393.16,3356.92,3356.92,33.81515,1628429399999,114247.51035669999,331,17.53885,59284.047176,0
2021-08-08 13:30:00,3360.1,3370.71,3342.71,3359.12,17.90999,1628431199999,60122.722553199994,280,9.392560000000001,31548.33051280001,0
2021-08-08 14:00:00,3355.23,3367.14,3329.62,3333.4,50.60115,1628432999999,169172.10140470002,578,26.502979999999997,88625.03097,0
2021-08-08 14:30:00,3334.65,3334.65,3270.43,3276.29,74.25874,1628434799999,245191.5199914,1037,25.70818,84916.0258084,0
2021-08-08 15:00:00,3276.29,3294.46,3267.33,3275.51,39.54252,1628436599999,129657.2346849,576,18.82495,61735.27672080001,0
2021-08-08 15:30:00,3275.51,3285.85,3258.69,3267.03,33.95575,1628438399999,111136.2051648,408,15.09951,49472.3649741,0
2021-08-08 16:00:00,3269.13,3298.12,3246.1,3276.52,41.41834,1628440199999,135521.0033115,552,24.12071,78975.92700669999,0
2021-08-08 16:30:00,3275.04,3275.44,3234.77,3240.06,31.10073,1628441999999,101064.33123189998,383,11.45513,37233.5252836,0
2021-08-08 17:00:00,3240.05,3249.2,3190.88,3217.39,124.16252,1628443799999,398575.24399479997,1236,56.05454,179952.04572720005,0
2021-08-08 17:30:00,3219.43,3239.55,3211.52,3215.02,32.373329999999996,1628445599999,104456.8384343,361,18.53236,59815.385279999995,0
2021-08-08 18:00:00,3214.58,3229.56,3204.07,3224.83,25.74452,1628447399999,82847.0983583,251,13.82121,44495.19729,0
2021-08-08 18:30:00,3224.89,3231.37,3170.57,3179.92,59.78402,1628449199999,190928.5392951,758,19.75852,63156.63674249999,0
2021-08-08 19:00:00,3178.79,3189.43,3148.61,3185.0,64.77688,1628450999999,205277.54253170002,738,31.459220000000002,99755.5663087,0
2021-08-08 19:30:00,3185.73,3199.8,3160.56,3186.33,38.83783,1628452799999,123639.7148098,383,16.44729,52353.47148,0
2021-08-08 20:00:00,3181.51,3224.24,3155.33,3194.55,52.453340000000004,1628454599999,167436.62120320002,503,30.64793,97813.360763,0
2021-08-08 20:30:00,3202.58,3206.59,3171.18,3194.18,29.39915,1628456399999,93752.8268263,280,12.36302,39430.842207199996,0
2021-08-08 21:00:00,3194.08,3217.25,3179.4,3217.25,24.77775,1628458199999,79273.1610886,334,16.00713,51230.276791000004,0
2021-08-08 21:30:00,3215.68,3248.6,3201.0,3241.86,30.77295,1628459999999,99238.7305472,353,16.1616,52171.509887,0
2021-08-08 22:00:00,3241.62,3270.62,3239.38,3262.56,25.661070000000002,1628461799999,83585.477472,369,15.86069,51666.1902602,0
2021-08-08 22:30:00,3253.85,3282.93,3250.37,3268.47,20.04468,1628463599999,65523.47682969999,306,14.53026,47506.0044935,0
2021-08-08 23:00:00,3268.49,3285.46,3251.82,3261.68,14.558539999999999,1628465399999,47656.7729922,239,5.3729,17563.731489200003,0
2021-08-08 23:30:00,3261.68,3272.36,3218.49,3232.57,24.49162,1628467199999,79358.2234623,358,9.578339999999999,30989.697157200004,0
2021-08-09 00:00:00,3232.3,3243.42,3165.33,3171.86,69.5481,1628468999999,222198.78081929998,759,28.109840000000002,89763.4780703,0
2021-08-09 00:30:00,3171.27,3180.72,3120.38,3128.34,54.7916,1628470799999,172346.30900979994,773,21.28714,66966.986487,0
2021-08-09 01:00:00,3129.74,3132.68,3081.26,3116.0,79.89662,1628472599999,248037.692327,1057,40.8461,126901.4945326,0
2021-08-09 01:30:00,3114.54,3131.25,3100.0,3106.92,34.277590000000004,1628474399999,106774.6623732,357,18.99887,59199.6700153,0
2021-08-09 02:00:00,3105.73,3121.72,3097.91,3116.53,16.06909,1628476199999,50018.3024476,206,9.83648,30612.910163099998,0
2021-08-09 02:30:00,3114.99,3134.53,3111.59,3130.75,31.176779999999997,1628477999999,97439.8700588,268,18.1082,56580.5115637,0
2021-08-09 03:00:00,3130.25,3130.73,3115.13,3126.25,17.27705,1628479799999,53946.043856699995,183,9.30519,29064.076101200004,0
2021-08-09 03:30:00,3123.26,3149.02,3123.26,3139.56,10.31098,1628481599999,32374.551421599997,204,7.01973,22045.0889332,0
2021-08-09 04:00:00,3135.55,3140.55,3116.3,3128.95,35.94158,1628483399999,112323.55433099999,408,19.103679999999997,59697.7940196,0
2021-08-09 04:30:00,3126.62,3150.55,3126.62,3145.72,17.44764,1628485199999,54835.7621108,274,7.26317,22837.015889200004,0
2021-08-09 05:00:00,3145.26,3155.14,3142.88,3153.18,17.94138,1628486999999,56521.09377969999,226,9.50796,29959.3532122,0
2021-08-09 05:30:00,3153.41,3158.98,3123.07,3138.96,27.73397000000001,1628488799999,87091.4924735,380,13.32257,41823.31503419999,0
2021-08-09 06:00:00,3137.84,3147.97,3096.68,3108.33,46.40872,1628490599999,144895.44110959998,716,28.24049,88154.1615525,0
2021-08-09 06:30:00,3109.37,3143.25,3109.37,3130.95,42.30954000000001,1628492399999,132399.6919032,583,25.96179,81227.3467318,0
2021-08-09 07:00:00,3129.59,3147.95,3123.96,3129.54,27.52015,1628494199999,86292.1437652,506,15.6769,49161.8439704,0
2021-08-09 07:30:00,3129.18,3171.2,3125.02,3165.79,35.04473,1628495999999,110617.6853004,525,25.547079999999998,80664.6541503,0
2021-08-09 08:00:00,3165.2,3171.65,3156.0,3163.42,34.78617,1628497799999,109967.35346730001,389,23.27234,73579.7222642,0
2021-08-09 08:30:00,3164.57,3196.93,3164.57,3187.5,31.04968,1628499599999,98879.67800469999,475,21.86197,69629.27335260001,0
2021-08-09 09:00:00,3189.25,3249.96,3181.93,3241.52,64.81711999999999,1628501399999,208684.0797221,738,49.2319,158506.34028829998,0
2021-08-09 09:30:00,3243.24,3263.87,3228.83,3256.78,41.54548,1628503199999,135069.6743543,500,23.31242,75789.2318951,0
2021-08-09 10:00:00,3263.58,3279.64,3255.3,3271.27,66.33492,1628504999999,217008.0275538,747,25.93773,84882.4020814,0
2021-08-09 10:30:00,3271.8,3308.99,3270.84,3307.03,56.17574000000001,1628506799999,184936.59167579998,723,28.863229999999998,95104.2985612,0
2021-08-09 11:00:00,3308.0,3351.36,3303.44,3335.38,90.57959,1628508599999,301989.31108970003,1220,53.04535,176877.731903,0
2021-08-09 11:30:00,3334.16,3350.59,3326.0,3343.78,50.266259999999996,1628510399999,167711.3360159,602,32.157740000000004,107305.68942919999,0
2021-08-09 12:00:00,3347.5,3350.5,3314.44,3324.66,52.98546999999999,1628512199999,176342.9879278,616,34.95377,116273.0558329,0
2021-08-09 12:30:00,3324.17,3340.9,3318.0,3327.9,44.8956,1628513999999,149444.9666182,521,27.7457,92361.98027,0
2021-08-09 13:00:00,3331.87,3345.14,3314.13,3329.8,51.84698,1628515799999,172622.803629,477,31.80987,105826.8742526,0
2021-08-09 13:30:00,3329.62,3342.07,3291.25,3306.26,69.43552,1628517599999,230361.1989531,606,33.470620000000004,111208.6774185,0
2021-08-09 14:00:00,3305.07,3375.71,3305.07,3350.0,113.71745,1628519399999,380425.13457470003,1446,68.34435,228394.1511087,0
2021-08-09 14:30:00,3347.31,3353.17,3316.92,3319.61,30.28261,1628521199999,101046.9840747,529,11.08232,36997.546828,0
2021-08-09 15:00:00,3319.6,3364.24,3319.6,3359.52,90.6194,1628522999999,303604.8038613,607,24.43781,81809.8999725,0
2021-08-09 15:30:00,3357.96,3382.5,3350.74,3369.63,51.38358,1628524799999,173051.4341801,641,29.024759999999997,97741.4409359,0
2021-08-09 16:00:00,3368.52,3377.67,3329.69,3333.28,58.96078000000001,1628526599999,197723.23944620002,556,27.31079,91667.97658439999,0
2021-08-09 16:30:00,3334.37,3348.04,3320.73,3343.73,60.61184,1628528399999,201892.0420066,397,10.88422,36330.9605426,0
2021-08-09 17:00:00,3341.63,3352.02,3330.15,3345.16,53.44083000000001,1628530199999,178572.2453897,459,21.611620000000002,72202.89735669999,0
2021-08-09 17:30:00,3344.05,3347.67,3332.2,3337.9,17.08353,1628531999999,57045.7598862,220,8.667910000000001,28949.434938899998,0
2021-08-09 18:00:00,3338.48,3363.1,3338.47,3356.53,46.4583,1628533799999,155758.16711460002,383,28.288159999999998,94767.8275834,0
2021-08-09 18:30:00,3356.49,3378.56,3353.73,3363.63,57.4585,1628535599999,193506.6101602,553,30.5577,102908.809936,0
2021-08-09 19:00:00,3362.51,3372.04,3348.56,3353.95,37.269690000000004,1628537399999,125255.68970769999,424,19.0074,63880.8802622,0
2021-08-09 19:30:00,3355.95,3356.87,3321.63,3330.05,30.03166,1628539199999,100245.5676601,300,12.02243,40125.5992632,0
2021-08-09 20:00:00,3330.05,3356.17,3330.05,3347.12,22.28729,1628540999999,74538.6779133,289,12.78932,42774.4332129,0
2021-08-09 20:30:00,3347.1,3347.1,3286.83,3291.31,49.26443,1628542799999,163157.3782593,753,20.6493,68321.0781931,0
2021-08-09 21:00:00,3291.38,3307.23,3255.87,3273.4,43.66964,1628544599999,143251.0331603,777,23.801379999999998,78097.5610329,0
2021-08-09 21:30:00,3276.13,3324.24,3275.0,3302.21,35.24527,1628546399999,116493.2104852,475,16.221610000000002,53623.7536561,0
2021-08-09 22:00:00,3302.38,3324.53,3295.49,3315.97,26.41558,1628548199999,87445.499656,321,12.45416,41228.072128900014,0
2021-08-09 22:30:00,3322.56,3346.44,3319.04,3346.3,19.92268,1628549999999,66414.89365499999,343,12.35265,41170.0073941,0
2021-08-09 23:00:00,3342.78,3371.85,3339.89,3364.44,33.5923,1628551799999,112875.4674411,659,11.08685,37250.8953186,0
2021-08-09 23:30:00,3363.97,3371.1,3349.01,3361.99,32.3737,1628553599999,108730.888083,381,13.45982,45214.57582,0
2021-08-10 00:00:00,3362.03,3383.42,3320.15,3358.81,91.8166,1628555399999,307902.3313819,1054,38.17695,128179.9218289,0
2021-08-10 00:30:00,3357.68,3368.4,3297.8,3306.16,37.76533,1628557199999,125258.08876360001,583,20.579629999999998,68209.9062324,0
2021-08-10 01:00:00,3305.32,3307.4,3263.15,3275.26,86.74605,1628558999999,284542.626018,994,37.0773,121527.49277589998,0
2021-08-10 01:30:00,3275.26,3304.26,3272.92,3299.57,49.25138,1628560799999,161891.02353099998,542,27.32573,89858.4143624,0
2021-08-10 02:00:00,3298.23,3298.23,3271.49,3284.4,42.05053,1628562599999,137952.61416379994,823,17.52751,57513.049038900004,0
2021-08-10 02:30:00,3287.97,3335.74,3279.73,3333.52,73.43302,1628564399999,242605.32470420003,554,41.06359000000001,135883.0460148,0
2021-08-10 03:00:00,3333.79,3337.78,3323.04,3326.2,201.00158000000002,1628566199999,669186.1668266,1023,35.57327,118441.5602192,0
2021-08-10 03:30:00,3325.32,3337.09,3325.0,3335.36,57.914390000000004,1628567999999,192721.6443227,637,34.23462,113963.26194489999,0
2021-08-10 04:00:00,3332.88,3344.51,3312.86,3340.48,107.22429,1628569799999,356958.0173988,732,30.749059999999997,102522.16983710001,0
2021-08-10 04:30:00,3340.43,3340.95,3309.88,3311.01,17.71172,1628571599999,58855.59770290001,294,9.89824,32924.3714129,0
2021-08-10 05:00:00,3309.73,3386.58,3303.93,3380.94,273.116,1628573399999,918090.8380152,2759,176.58755,593272.2384791999,0
2021-08-10 05:30:00,3380.94,3423.75,3357.63,3380.78,342.70817,1628575199999,1162130.9323693002,2816,194.16886,658934.7199484999,0
2021-08-10 06:00:00,3380.78,3411.95,3375.09,3394.63,101.18503,1628576999999,343627.63401140005,935,54.817569999999996,186084.14659629998,0
2021-08-10 06:30:00,3393.69,3424.36,3390.1,3418.79,64.22752,1628578799999,219027.83629839998,785,36.61225,124841.06674789998,0
2021-08-10 07:00:00,3416.4,3418.66,3381.94,3391.87,34.65704,1628580599999,117701.22178780001,424,18.67439,63419.220192299996,0
2021-08-10 07:30:00,3391.03,3409.05,3383.28,3406.23,26.41537000000001,1628582399999,89708.6405893,412,19.09072,64847.572611,0
2021-08-10 08:00:00,3406.23,3440.32,3403.45,3430.55,114.38816000000001,1628584199999,391837.27577,1406,65.42896999999999,223971.87985539998,0
2021-08-10 08:30:00,3434.33,3435.1,3415.0,3425.64,32.643640000000005,1628585999999,111744.78697999999,474,11.96108,40948.5869995,0
2021-08-10 09:00:00,3425.85,3435.28,3415.06,3418.82,22.21872,1628587799999,76089.0345525,433,11.09835,38015.5824917,0
2021-08-10 09:30:00,3418.8,3425.64,3399.5,3410.59,29.657940000000004,1628589599999,101229.1386662,506,15.072679999999998,51448.6111505,0
2021-08-10 10:00:00,3412.45,3419.56,3385.57,3395.39,38.38985,1628591399999,130582.83838569999,576,22.40768,76226.67205499999,0
2021-08-10 10:30:00,3395.39,3395.39,3356.53,3362.49,64.53618,1628593199999,217497.2408759,733,22.88598,77130.18383139999,0
2021-08-10 11:00:00,3361.39,3406.86,3359.53,3406.23,41.65147,1628594999999,140976.8337082,575,20.15271,68239.61376519999,0
2021-08-10 11:30:00,3406.52,3407.03,3365.58,3379.94,25.30037,1628596799999,85642.8760133,365,12.2013,41284.1952435,0
2021-08-10 12:00:00,3380.69,3421.62,3367.88,3421.62,38.653420000000004,1628598599999,131172.74201339998,446,21.1722,71845.31593160001,0
2021-08-10 12:30:00,3421.58,3431.31,3400.42,3410.23,140.16543000000001,1628600399999,478282.16446400003,976,27.02725,92287.0448277,0
2021-08-10 13:00:00,3410.28,3438.81,3408.22,3434.27,95.54584,1628602199999,327471.31800759997,1065,53.498569999999994,183404.5211062,0
2021-08-10 13:30:00,3437.03,3465.42,3384.47,3403.81,142.40903,1628603999999,488748.6041345,1992,58.12274,199479.19298599998,0
2021-08-10 14:00:00,3410.93,3413.09,3394.69,3401.6,24.51,1628605799999,83429.0365925,361,15.78236,53723.0373022,0
2021-08-10 14:30:00,3401.58,3409.75,3373.39,3386.81,48.88289,1628607599999,165817.80924620002,518,29.60538,100475.568625,0
2021-08-10 15:00:00,3387.42,3406.0,3366.35,3368.43,50.1149,1628609399999,170146.2415789,428,25.68669,87185.37310619999,0
2021-08-10 15:30:00,3368.8,3400.39,3347.76,3383.0,54.6225,1628611199999,184545.0083442,588,28.68099,97010.4816106,0
2021-08-10 16:00:00,3382.09,3386.82,3338.13,3339.07,55.438219999999994,1628612999999,186418.8964694,693,26.1204,87860.9018262,0
2021-08-10 16:30:00,3340.65,3349.68,3320.0,3334.13,84.92935,1628614799999,283002.50499640004,703,35.77817,119417.87886540001,0
2021-08-10 17:00:00,3334.13,3353.36,3321.84,3329.46,63.556490000000004,1628616599999,212164.1717234,812,23.68937,79112.91283860001,0
2021-08-10 17:30:00,3330.15,3332.65,3320.0,3331.89,30.634320000000002,1628618399999,101853.48270960001,506,12.16522,40465.2736679,0
2021-08-10 18:00:00,3332.19,3350.0,3316.32,3326.65,88.40396,1628620199999,294641.8509778,835,48.370459999999994,161295.87466929998,0
2021-08-10 18:30:00,3326.65,3352.41,3324.66,3335.35,104.82771,1628621999999,349884.8085033,980,42.71215,142547.2492264,0
2021-08-10 19:00:00,3335.35,3353.97,3332.86,3343.86,36.95344,1628623799999,123563.20961039998,432,20.18404,67485.8170827,0
2021-08-10 19:30:00,3347.53,3357.83,3333.61,3350.58,63.231809999999996,1628625599999,211505.7280684,677,23.103920000000002,77335.2802085,0
2021-08-10 20:00:00,3347.48,3365.28,3342.33,3351.6,48.56906,1628627399999,162775.53047179998,662,24.82424,83241.249257,0
2021-08-10 20:30:00,3352.76,3378.55,3349.09,3371.3,43.23519,1628629199999,145695.5806457,366,20.77245,69992.0230597,0
2021-08-10 21:00:00,3370.0,3388.8,3350.62,3381.29,44.390879999999996,1628630999999,149583.1175964,566,27.232909999999997,91793.4172962,0
2021-08-10 21:30:00,3381.27,3388.11,3374.89,3384.82,34.011720000000004,1628632799999,115050.86525769999,423,12.23329,41394.007599900004,0
2021-08-10 22:00:00,3381.9,3435.57,3381.6,3408.35,114.29948999999999,1628634599999,389740.8157317,1416,81.50912,278034.56726640003,0
2021-08-10 22:30:00,3406.27,3418.23,3386.55,3387.02,62.32289,1628636399999,212177.0852758,580,32.82857,111860.9190901,0
2021-08-10 23:00:00,3388.41,3398.03,3378.56,3378.56,34.47892,1628638199999,116834.7851763,432,14.40405,48830.005388599995,0
2021-08-10 23:30:00,3377.69,3399.35,3377.69,3391.81,11.30119,1628639999999,38314.56164009999,251,3.7404800000000002,12682.251281,0
2021-08-11 00:00:00,3393.36,3427.08,3387.17,3413.6,33.7045,1628641799999,114831.2016157,543,18.64141,63551.0730365,0
2021-08-11 00:30:00,3411.53,3426.5,3406.11,3420.26,14.935120000000001,1628643599999,51012.810808099995,300,6.56078,22424.2576842,0
2021-08-11 01:00:00,3420.26,3433.03,3410.54,3426.71,58.45494,1628645399999,200003.51982739998,557,21.51231,73651.22146160001,0
2021-08-11 01:30:00,3426.69,3432.7,3405.1,3423.26,34.88166,1628647199999,119296.79530750001,460,26.67782,91255.6248842,0
2021-08-11 02:00:00,3423.26,3443.64,3416.35,3428.74,78.21087,1628648999999,268416.1344548,715,40.83191,140186.2230957,0
2021-08-11 02:30:00,3426.39,3426.39,3383.5,3396.38,21.515639999999998,1628650799999,73216.00500539999,361,9.02031,30640.911265099996,0
2021-08-11 03:00:00,3396.16,3417.58,3390.01,3406.45,35.5948,1628652599999,121223.37355310001,382,22.0137,74991.7539122,0
2021-08-11 03:30:00,3404.22,3417.93,3398.18,3413.95,16.78451,1628654399999,57212.405511599994,403,12.34281,42081.25244110001,0
2021-08-11 04:00:00,3413.97,3432.71,3410.69,3427.75,35.4942,1628656199999,121485.3508858,435,13.95701,47766.8292647,0
2021-08-11 04:30:00,3430.65,3437.15,3411.54,3434.01,13.751370000000001,1628657999999,47112.07311380001,244,6.26849,21513.0281112,0
2021-08-11 05:00:00,3433.82,3440.89,3421.15,3434.42,16.96275,1628659799999,58220.30345369999,354,7.978389999999999,27394.9510635,0
2021-08-11 05:30:00,3437.23,3459.54,3434.66,3451.05,38.00128,1628661599999,131093.3965122,762,23.07883,79607.80460060001,0
2021-08-11 06:00:00,3454.77,3464.94,3448.49,3457.8,31.88692,1628663399999,110193.20754330001,490,21.00956,72623.1047002,0
2021-08-11 06:30:00,3456.89,3482.72,3424.8,3472.43,162.76693999999995,1628665199999,563500.2978535999,1722,85.28666,295635.36067990004,0
2021-08-11 07:00:00,3469.99,3491.89,3463.97,3473.78,65.00538,1628666999999,226110.75361410002,1046,33.66879,117125.8879813,0
2021-08-11 07:30:00,3477.02,3477.02,3449.93,3471.15,42.63837,1628668799999,147813.3071207,706,22.52386,78137.1247987,0
2021-08-11 08:00:00,3467.81,3476.94,3438.21,3451.26,39.70032,1628670599999,137163.2318256,758,15.39611,53218.20405290001,0
2021-08-11 08:30:00,3448.0,3462.05,3440.06,3461.56,17.58383,1628672399999,60685.4204638,317,10.69262,36907.187621499994,0
2021-08-11 09:00:00,3463.01,3467.17,3445.29,3457.74,16.43773,1628674199999,56795.157266999995,298,6.16066,21298.5507626,0
2021-08-11 09:30:00,3457.17,3478.41,3456.44,3470.36,31.47332,1628675999999,109177.790049,389,22.681810000000002,78670.57294510001,0
2021-08-11 10:00:00,3470.78,3494.02,3448.61,3463.06,60.2778,1628677799999,209492.9187448,622,32.1087,111639.37804980001,0
2021-08-11 10:30:00,3461.21,3489.01,3446.89,3482.97,37.16305,1628679599999,129178.0853394,383,24.897560000000002,86579.3487423,0
2021-08-11 11:00:00,3478.83,3500.0,3466.83,3492.03,67.51646,1628681399999,235595.403527,902,39.93945,139405.5304677,0
2021-08-11 11:30:00,3492.66,3492.66,3440.0,3442.62,36.79636,1628683199999,127357.81952489998,576,16.75293,57928.177786800006,0
2021-08-11 12:00:00,3444.09,3461.2,3440.0,3445.39,32.15338,1628684999999,110898.5997346,363,12.41155,42820.99739790001,0
2021-08-11 12:30:00,3448.43,3478.74,3446.87,3470.74,25.99869,1628686799999,90184.0795623,384,12.770760000000001,44287.8917258,0
2021-08-11 13:00:00,3473.25,3506.0,3462.58,3505.99,58.32249,1628688599999,203793.88109389998,737,38.78244,135512.24892820002,0
2021-08-11 13:30:00,3505.98,3515.03,3483.15,3501.15,46.92015,1628690399999,164310.29008489999,1232,32.64271,114331.92137720001,0
2021-08-11 14:00:00,3498.81,3528.62,3484.16,3516.7,66.5028,1628692199999,233639.34912920004,1362,43.17906,151721.9623779,0
2021-08-11 14:30:00,3516.11,3527.79,3484.61,3486.99,139.7447,1628693999999,489548.0417507,1563,72.98042,255619.99220420004,0
2021-08-11 15:00:00,3486.89,3493.95,3470.66,3484.65,89.14815,1628695799999,310229.49165650003,985,45.26007,157573.4472614,0
2021-08-11 15:30:00,3485.25,3487.4,3458.23,3468.62,77.86854,1628697599999,270533.209892,841,50.8333,176633.19151170005,0
2021-08-11 16:00:00,3471.07,3481.3,3450.0,3470.0,82.7201,1628699399999,286494.3683637,839,32.217009999999995,111591.0034151,0
2021-08-11 16:30:00,3469.92,3492.68,3466.33,3474.18,68.34366999999999,1628701199999,237977.10791429997,710,45.82864,159598.0763914,0
2021-08-11 17:00:00,3475.05,3477.76,3457.36,3468.18,61.62514,1628702999999,213590.02271460003,570,20.98709,72757.71093710001,0
2021-08-11 17:30:00,3468.18,3498.34,3465.93,3485.83,36.58611,1628704799999,127392.9331456,457,25.47643,88730.3224392,0
2021-08-11 18:00:00,3488.96,3494.56,3465.1,3475.06,25.97735,1628706599999,90336.06225189999,439,15.83865,55105.01194909999,0
2021-08-11 18:30:00,3472.3,3488.05,3464.38,3473.9,24.85465,1628708399999,86347.4404998,347,13.06053,45384.5837811,0
2021-08-11 19:00:00,3475.86,3481.99,3462.71,3471.58,14.335770000000002,1628710199999,49722.20269180001,276,5.60642,19455.1777115,0
2021-08-11 19:30:00,3474.84,3501.46,3464.53,3498.03,28.49253,1628711999999,99380.0915908,467,17.06634,59517.992306500004,0
2021-08-11 20:00:00,3498.03,3523.91,3495.56,3509.98,71.14303000000002,1628713799999,249956.30031410002,921,44.69706,157095.8083079,0
2021-08-11 20:30:00,3509.9,3525.0,3483.5,3485.57,71.54509,1628715599999,250890.9003084,639,37.112809999999996,130297.2083351,0
2021-08-11 21:00:00,3482.81,3487.53,3395.66,3411.39,234.3268,1628717399999,804432.7497644,2292,72.57021999999998,249502.02021339998,0
2021-08-11 21:30:00,3411.38,3474.46,3411.27,3454.22,138.82634,1628719199999,478451.77199350006,1805,70.29115,242298.2155895,0
2021-08-11 22:00:00,3453.8,3457.4,3328.88,3356.05,210.57586,1628720999999,711740.8098632,2110,111.14023999999999,375850.9372342,0
2021-08-11 22:30:00,3352.69,3389.21,3341.46,3364.01,113.04758999999999,1628722799999,380198.2862339,1119,52.5138,176747.9593905,0
2021-08-11 23:00:00,3362.85,3382.66,3346.25,3353.48,51.33137,1628724599999,172568.8390937,536,29.170809999999996,98103.4130613,0
2021-08-11 23:30:00,3351.11,3381.24,3346.56,3368.46,58.69866999999999,1628726399999,197462.6770437,553,29.28105,98518.59418680001,0
2021-08-12 00:00:00,3365.33,3400.07,3336.08,3391.54,119.8693,1628728199999,403079.2517495,1135,47.82374,161134.59105360002,0
2021-08-12 00:30:00,3390.81,3406.3,3371.63,3402.71,41.96735,1628729999999,142106.1498733,605,27.77955,94064.416014,0
2021-08-12 01:00:00,3400.21,3414.17,3384.62,3402.79,59.42983,1628731799999,202113.02652,722,29.82022000000001,101458.5901239,0
2021-08-12 01:30:00,3402.79,3416.66,3398.94,3409.05,57.638009999999994,1628733599999,196413.07863720003,723,35.79181,122006.57303710001,0
2021-08-12 02:00:00,3406.56,3419.91,3399.99,3414.56,55.25962,1628735399999,188489.5635526,732,38.84482,132518.37410010002,0
2021-08-12 02:30:00,3414.9,3425.99,3410.61,3421.31,63.190509999999996,1628737199999,215980.92334520002,631,40.710879999999996,139134.3970958,0
2021-08-12 03:00:00,3421.62,3421.62,3396.29,3404.85,51.29526,1628738999999,174726.3434296,663,36.91646,125751.834076,0
2021-08-12 03:30:00,3404.24,3410.32,3379.06,3381.53,72.25964,1628740799999,245244.2156737,943,42.550259999999994,144482.3312526,0
2021-08-12 04:00:00,3383.63,3399.14,3347.61,3350.13,92.65836999999999,1628742599999,312376.2717316,921,37.48648,126345.2906486,0
2021-08-12 04:30:00,3349.46,3374.69,3347.82,3355.33,58.51456999999999,1628744399999,196558.1720406,578,40.096379999999996,134721.0817034,0
2021-08-12 05:00:00,3355.33,3361.58,3253.5,3296.96,216.82656,1628746199999,716502.2435412,2483,103.89679,343598.04927129997,0
2021-08-12 05:30:00,3296.96,3298.98,3250.03,3265.51,133.57897,1628747999999,436847.4235191,1299,64.55634,210969.97582629998,0
2021-08-12 06:00:00,3262.87,3276.92,3248.97,3268.65,70.4188,1628749799999,229677.0128309,768,42.92881,140008.3151147,0
2021-08-12 06:30:00,3268.63,3277.83,3233.6,3277.83,54.6989,1628751599999,177951.37177020003,743,24.77724,80666.61439360003,0
2021-08-12 07:00:00,3278.12,3310.57,3264.66,3308.64,51.24724000000001,1628753399999,168611.0445879,636,28.51577,93890.4687848,0
2021-08-12 07:30:00,3305.95,3328.18,3290.56,3327.42,64.95598000000001,1628755199999,215176.9002507,700,47.836059999999996,158496.7338583,0
2021-08-12 08:00:00,3325.97,3336.86,3313.09,3330.89,39.8661,1628756999999,132491.28155050002,478,23.06757,76674.8988615,0
2021-08-12 08:30:00,3333.25,3338.18,3322.09,3326.82,51.99576,1628758799999,173194.5415198,462,26.89922,89648.7468702,0
2021-08-12 09:00:00,3325.45,3338.23,3288.65,3335.68,76.06108,1628760599999,252150.5392825,606,35.0317,116102.04514989999,0
2021-08-12 09:30:00,3337.83,3361.52,3326.66,3340.45,36.41954000000001,1628762399999,121766.61745280001,547,24.841279999999998,83056.0534527,0
2021-08-12 10:00:00,3338.5,3361.0,3338.5,3351.39,46.68023,1628764199999,156471.1449209,433,21.7439,72853.06623899999,0
2021-08-12 10:30:00,3352.98,3361.0,3345.96,3354.24,31.763959999999997,1628765999999,106565.9767901,321,11.39724,38247.2642435,0
2021-08-12 11:00:00,3354.22,3362.68,3324.63,3347.24,76.67564,1628767799999,256506.87461240002,682,35.19955,117732.36495880001,0
2021-08-12 11:30:00,3347.68,3347.68,3290.94,3290.95,64.29236,1628769599999,213347.80559729997,609,26.00002000000001,86334.109184,0
2021-08-12 12:00:00,3290.95,3316.88,3259.89,3270.47,125.8797,1628771399999,412224.5980527,727,78.56803000000002,256932.5429263,0
2021-08-12 12:30:00,3268.2,3313.53,3254.31,3293.43,214.31962000000001,1628773199999,703819.5454446998,1168,131.99841,433516.7929912,0
2021-08-12 13:00:00,3294.95,3323.07,3268.43,3319.49,76.87303,1628774999999,252773.70608329997,717,41.64612,136912.03822790002,0
2021-08-12 13:30:00,3317.58,3322.25,3269.12,3278.38,36.88574000000001,1628776799999,121601.78521269998,461,14.7321,48542.8853741,0
2021-08-12 14:00:00,3278.35,3278.35,3210.0,3215.73,99.31698,1628778599999,322127.72117699997,1035,36.15932,117213.6206484,0
2021-08-12 14:30:00,3215.73,3229.77,3186.77,3201.07,79.55769000000002,1628780399999,255404.032033,961,29.925109999999997,96063.9089715,0
2021-08-12 15:00:00,3193.12,3220.23,3193.12,3208.98,32.08798,1628782199999,102972.8183583,358,12.879669999999999,41345.864615599996,0
2021-08-12 15:30:00,3205.45,3227.66,3205.45,3206.38,58.25459,1628783999999,187531.4105865,452,39.31674,126536.85541110001,0
2021-08-12 16:00:00,3207.73,3219.12,3171.12,3171.59,56.8371,1628785799999,181310.31400739998,616,30.679240000000004,97844.2955686,0
2021-08-12 16:30:00,3175.69,3207.8,3163.15,3176.27,66.04136,1628787599999,210372.2680356,729,33.79172,107678.478909,0
2021-08-12 17:00:00,3175.29,3222.83,3164.77,3215.04,49.41335,1628789399999,158290.6318373,422,18.51474,59213.374129100004,0
2021-08-12 17:30:00,3216.89,3232.37,3205.82,3212.68,22.34067000000001,1628791199999,72023.30191889999,243,11.90465,38359.227995199995,0
2021-08-12 18:00:00,3215.61,3245.24,3214.77,3244.23,23.1295,1628792999999,74819.5650239,311,13.8477,44831.6454183,0
2021-08-12 18:30:00,3242.72,3265.12,3235.92,3264.65,27.38234000000001,1628794799999,89103.6784177,366,18.94509,61674.522652199994,0
2021-08-12 19:00:00,3264.8,3264.8,3247.92,3260.13,18.498739999999998,1628796599999,60219.4782809,305,12.51309,40743.5125325,0
2021-08-12 19:30:00,3260.81,3264.1,3247.37,3250.3,9.50277,1628798399999,30923.4468592,167,5.3388800000000005,17386.2751923,0
2021-08-12 20:00:00,3255.0,3271.65,3250.41,3263.8,7.8760600000000025,1628800199999,25676.1970583,190,5.08225,16569.560617,0
2021-08-12 20:30:00,3260.46,3279.99,3229.16,3261.63,26.987,1628801999999,87941.9229346,417,17.17959,56017.950400099995,0
2021-08-12 21:00:00,3262.33,3271.0,3226.74,3249.1,34.73298,1628803799999,112910.0803092,422,16.86831,54870.2203213,0
2021-08-12 21:30:00,3247.92,3261.85,3224.0,3242.76,21.80537,1628805599999,70624.0827247,227,13.03346,42211.582883999996,0
2021-08-12 22:00:00,3241.87,3247.67,3203.26,3205.94,19.4797,1628807399999,62800.3845191,319,10.18088,32762.2794767,0
2021-08-12 22:30:00,3203.87,3212.37,3180.84,3187.78,28.72761,1628809199999,91750.0843567,254,9.342889999999999,29809.8364738,0
2021-08-12 23:00:00,3192.27,3231.91,3191.3,3226.45,36.355129999999996,1628810999999,116874.85278760002,474,14.506020000000001,46648.106668199995,0
2021-08-12 23:30:00,3228.86,3252.64,3224.77,3250.89,19.59327,1628812799999,63412.69110930001,316,13.04905,42244.0219316,0
2021-08-13 00:00:00,3250.11,3287.27,3234.43,3257.87,86.22455,1628814599999,281424.44640420005,899,47.93383,156568.32259260002,0
2021-08-13 00:30:00,3260.88,3314.63,3244.18,3295.57,132.05598,1628816399999,434686.979585,1156,90.5617,298106.1812772001,0
2021-08-13 01:00:00,3295.57,3316.63,3287.3,3305.28,37.9236,1628818199999,125240.6020691,494,27.72159000000001,91512.0965353,0
2021-08-13 01:30:00,3306.31,3310.59,3286.96,3291.07,38.282,1628819999000,126295.20319389999,485,17.8138,58800.6900311,0
2021-08-13 06:30:00,3294.92,3546.25,3294.92,3521.46,332.64968999999996,1628837999999,1153413.9168524,5108,178.48356,613886.5103804,0
2021-08-13 07:00:00,3521.51,3550.0,3518.11,3532.42,124.86271,1628839799999,441680.0454107,1515,54.4376,192666.13132339998,0
2021-08-13 07:30:00,3535.64,3570.87,3530.49,3564.15,75.50962,1628841599999,267898.7880455,1395,40.72544,144549.32149489998,0
2021-08-13 08:00:00,3566.34,3623.12,3561.76,3571.55,186.39372,1628843399999,669651.7803952,2816,98.3691,353458.1531867,0
2021-08-13 08:30:00,3571.56,3609.28,3567.31,3602.81,67.76907,1628845199999,243482.15268889998,775,31.193509999999996,112064.33449789998,0
2021-08-13 09:00:00,3602.81,3625.0,3585.33,3594.15,75.81886999999998,1628846999999,273346.0860001,1059,38.54287,139042.9274381,0
2021-08-13 09:30:00,3591.91,3618.0,3586.41,3601.59,79.90007,1628848799999,287861.2944225,1043,47.89358,172586.3681172,0
2021-08-13 10:00:00,3600.48,3650.0,3592.93,3638.57,115.58443,1628850599999,419145.7829323,2044,74.62773,270755.1871028,0
2021-08-13 10:30:00,3637.03,3647.21,3611.22,3615.54,36.98992,1628852399999,134211.5450782,582,19.44364,70510.2599075,0
2021-08-13 11:00:00,3615.26,3626.34,3598.2,3601.33,39.48857,1628854199999,142742.42421270002,602,20.59638,74503.9512172,0
2021-08-13 11:30:00,3601.33,3646.33,3580.67,3588.77,106.45447,1628855999999,384647.11025749997,1015,51.01709,184475.1856224,0
2021-08-13 12:00:00,3588.76,3633.84,3588.76,3623.21,82.26898,1628857799999,297493.8303317,920,58.425219999999996,211281.8857144,0
2021-08-13 12:30:00,3622.92,3640.65,3616.4,3632.79,47.138690000000004,1628859599999,171026.337362,433,16.84805,61140.400747,0
2021-08-13 13:00:00,3632.79,3633.67,3618.13,3625.25,24.47012,1628861399999,88724.1328652,373,10.94782,39715.4041875,0
2021-08-13 13:30:00,3623.01,3630.27,3600.88,3623.64,41.30265,1628863199999,149279.6153155,532,24.22681,87537.14521310001,0
2021-08-13 14:00:00,3624.39,3631.14,3600.19,3608.34,31.201659999999997,1628864999999,112844.0075754,497,15.23006,55086.79968740001,0
2021-08-13 14:30:00,3605.34,3608.43,3571.37,3597.72,65.60908,1628866799999,235400.0407738,809,29.721859999999996,106709.48618089998,0
2021-08-13 15:00:00,3596.58,3616.86,3551.57,3557.55,89.13792,1628868599999,318557.2386678,1098,50.48938,180510.0821077,0
2021-08-13 15:30:00,3561.33,3612.2,3553.37,3600.0,36.44967000000001,1628870399999,130412.6520678,599,20.99251,75087.9661193,0
2021-08-13 16:00:00,3596.73,3614.34,3576.55,3608.34,46.76724,1628872199999,168368.0796286,698,21.59058,77768.804547,0
2021-08-13 16:30:00,3610.03,3626.97,3596.31,3626.94,52.36786,1628873999999,189196.1825468,770,32.45916,117289.6993135,0
2021-08-13 17:00:00,3623.75,3627.26,3607.53,3615.48,16.09532,1628875799999,58198.9727258,375,8.63835,31253.935963300002,0
2021-08-13 17:30:00,3619.53,3624.87,3604.12,3619.32,28.84856,1628877599999,104348.96160149999,481,15.244320000000002,55161.0648382,0
2021-08-13 18:00:00,3619.33,3619.78,3598.53,3610.78,16.76098,1628879399999,60523.6259115,349,6.406569999999999,23140.138378,0
2021-08-13 18:30:00,3610.79,3619.5,3596.0,3619.5,30.11205,1628881199999,108686.1752273,476,15.407429999999998,55622.358166699996,0
2021-08-13 19:00:00,3617.12,3642.0,3601.09,3603.0,101.77416,1628882999999,368647.2478604,1456,46.69917,169265.01879129998,0
2021-08-13 19:30:00,3601.59,3629.44,3575.52,3590.08,84.53793,1628884799999,304270.58109820005,1102,45.1901,162731.75990779998,0
2021-08-13 20:00:00,3586.76,3665.98,3573.66,3650.51,211.20272000000003,1628886599999,767672.5664695,2621,92.80566,337295.968486,0
2021-08-13 20:30:00,3650.57,3654.57,3628.58,3645.72,35.47353,1628888399999,129215.6616865,637,20.30022,73954.2395563,0
2021-08-13 21:00:00,3647.83,3685.23,3637.9,3663.06,148.5703,1628890199999,544394.327177,1771,101.04233,370174.255182,0
2021-08-13 21:30:00,3663.63,3663.63,3632.26,3635.23,28.01607000000001,1628891999999,102148.3950407,594,10.8673,39621.1040588,0
2021-08-13 22:00:00,3636.07,3644.7,3625.24,3630.87,18.94686,1628893799999,68856.4113478,402,8.31264,30225.5681935,0
2021-08-13 22:30:00,3630.37,3651.71,3626.92,3648.68,31.48118,1628895599999,114678.566663,473,19.611710000000002,71443.97123760001,0
2021-08-13 23:00:00,3645.14,3685.09,3644.67,3683.76,32.17295,1628897399999,117910.71684349999,648,16.49011,60429.41035499999,0
2021-08-13 23:30:00,3683.76,3714.68,3676.8,3711.02,75.16963,1628899199999,277994.4848388,1205,38.49309,142343.218575,0
2021-08-14 00:00:00,3711.36,3716.57,3680.38,3696.07,48.017340000000004,1628900999999,177678.92206379995,1070,28.30825,104702.1247204,0
2021-08-14 00:30:00,3697.05,3702.98,3651.46,3668.59,39.821870000000004,1628902799999,146201.3806805,668,20.438470000000002,74974.643877,0
2021-08-14 01:00:00,3668.59,3703.34,3661.13,3697.87,50.25889,1628904599999,185179.4181911,737,26.49095,97658.2664757,0
2021-08-14 01:30:00,3697.58,3705.42,3679.0,3684.43,30.58287,1628906399999,112809.7639503,626,15.70865,57901.0100844,0
2021-08-14 02:00:00,3685.32,3705.33,3682.03,3683.09,37.08177,1628908199999,137077.0993217,350,8.22344,30362.087054699998,0
2021-08-14 02:30:00,3685.86,3700.23,3675.67,3691.61,22.182679999999998,1628909999999,81758.5962521,344,8.43776,31097.1810122,0
2021-08-14 03:00:00,3692.59,3706.44,3682.5,3693.93,30.16272,1628911799999,111519.2926651,513,18.83416,69633.4634533,0
2021-08-14 03:30:00,3690.46,3700.45,3675.22,3689.49,23.06112000000001,1628913599999,85068.2267874,359,11.274939999999999,41599.5444704,0
2021-08-14 04:00:00,3689.48,3695.78,3655.89,3661.83,91.92413,1628915399999,337152.268666,1108,30.08682,110412.19141239999,0
2021-08-14 04:30:00,3662.43,3670.93,3632.68,3638.17,49.63471,1628917199999,181209.7065461,786,18.100939999999998,66122.72228819999,0
2021-08-14 05:00:00,3634.55,3660.58,3632.82,3657.54,22.44822000000001,1628918999999,81910.299864,318,12.518880000000001,45680.8362756,0
2021-08-14 05:30:00,3652.76,3660.61,3642.33,3657.09,24.881,1628920799999,90894.4025867,364,10.188419999999999,37222.5371219,0
2021-08-14 06:00:00,3657.14,3670.89,3653.21,3669.24,34.31433,1628922599999,125669.9020452,519,13.93109,51046.291754699996,0
2021-08-14 06:30:00,3665.73,3681.97,3662.97,3673.47,24.00512,1628924399999,88195.772902,491,13.23776,48644.69408,0
2021-08-14 07:00:00,3670.92,3693.98,3670.92,3687.14,26.477659999999997,1628926199999,97512.3949492,461,13.2356,48728.665478099996,0
2021-08-14 07:30:00,3690.44,3693.51,3672.08,3673.34,28.535320000000002,1628927999999,105024.76252769999,602,8.62219,31754.898564,0
2021-08-14 08:00:00,3673.34,3689.39,3666.02,3683.35,15.59349,1628929799999,57325.5683915,394,8.54957,31425.15441140001,0
2021-08-14 08:30:00,3683.97,3697.27,3674.97,3686.81,24.257189999999998,1628931599999,89454.1578264,499,8.22446,30337.912131999998,0
2021-08-14 09:00:00,3684.37,3705.94,3682.55,3700.02,32.60949,1628933399999,120567.1314696,546,20.39799,75425.9460485,0
2021-08-14 09:30:00,3701.02,3724.41,3591.17,3608.56,196.95235,1628935199999,721807.4033369998,2759,89.74245,329816.704217,0
2021-08-14 10:00:00,3610.57,3633.9,3561.02,3576.94,264.42933999999997,1628936999999,948810.6174437,2471,105.40721,378140.97269629996,0
2021-08-14 10:30:00,3576.95,3596.4,3556.87,3583.62,79.6843,1628938799999,285101.21775879996,1121,36.55516,130836.10775210001,0
2021-08-14 11:00:00,3583.95,3614.83,3559.39,3608.5,89.86861999999998,1628940599999,323293.65634090005,866,55.685919999999996,200358.63223820002,0
2021-08-14 11:30:00,3606.81,3638.06,3595.0,3631.67,99.49094000000001,1628942399999,360343.1103686,793,69.06893000000001,250233.1389284,0
2021-08-14 12:00:00,3633.31,3636.67,3580.73,3583.93,89.91136,1628944199999,324285.277277,958,38.744479999999996,139780.7959956,0
2021-08-14 12:30:00,3583.92,3596.81,3571.48,3575.21,35.88728,1628945999999,128650.6870052,556,10.10895,36252.7281033,0
2021-08-14 13:00:00,3571.52,3593.59,3559.78,3584.75,24.86065,1628947799999,88911.7985367,397,5.85069,20932.378168799998,0
2021-08-14 13:30:00,3588.98,3600.54,3583.75,3598.4,12.64628,1628949599999,45408.5359575,194,8.9555,32163.0755953,0
2021-08-14 14:00:00,3598.63,3764.7,3598.63,3761.81,442.29658,1628951399999,1625346.6990806004,3721,188.32156,691824.8990704,0
2021-08-14 14:30:00,3761.86,3783.27,3742.13,3780.33,103.35488000000001,1628953199999,388724.4929406,1924,48.34791,181872.78789140002,0
2021-08-14 15:00:00,3780.42,3821.94,3776.81,3802.03,224.62466,1628954999999,854329.1435813,2863,147.37173,560637.5894741,0
2021-08-14 15:30:00,3800.52,3829.22,3757.21,3807.09,253.48703999999998,1628956799999,965021.6875231,1921,123.03491000000001,468262.7948362001,0
2021-08-14 16:00:00,3807.41,3867.0,3799.78,3856.67,168.29573,1628958599999,644808.6914488,1969,72.30621,277125.56472769997,0
2021-08-14 16:30:00,3856.21,3904.2,3851.0,3878.55,359.09472,1628960399999,1393694.6978603995,2901,225.70508999999998,875900.851531,0
2021-08-14 17:00:00,3878.52,3878.52,3815.0,3848.99,111.46166000000001,1628962199999,428458.7688584,1135,44.67694,171897.6161924,0
2021-08-14 17:30:00,3852.87,3879.6,3840.7,3867.85,52.91209,1628963999999,204513.17219160002,606,33.05369,127793.63678569999,0
2021-08-14 18:00:00,3866.38,3882.53,3854.7,3863.42,48.66859,1628965799999,188426.1834617,562,26.777279999999998,103698.01385039999,0
2021-08-14 18:30:00,3866.5,3879.56,3855.87,3874.39,55.36408,1628967599999,214163.754499,641,29.25382,113187.30182790001,0
2021-08-14 19:00:00,3874.5,3890.34,3850.1,3852.77,68.85296,1628969399999,267045.386286,752,34.28311,132984.5209883,0
2021-08-14 19:30:00,3850.78,3914.46,3850.78,3876.9,76.07042,1628971199999,295707.3533147,1100,33.839929999999995,131481.7304612,0
2021-08-14 20:00:00,3875.13,3875.27,3775.61,3782.19,134.52586000000002,1628972999999,512474.6810962,1590,51.465070000000004,195992.88335750002,0
2021-08-14 20:30:00,3785.33,3825.34,3781.81,3821.65,42.686479999999996,1628974799999,162322.3129495,559,25.37721,96533.0095642,0
2021-08-14 21:00:00,3821.67,3865.49,3819.54,3856.39,98.78418,1628976599999,380197.1459128,908,55.089059999999996,211943.0446181,0
2021-08-14 21:30:00,3856.38,3872.71,3852.09,3856.14,51.01527,1628978399999,197117.59682429998,599,27.47637000000001,106152.09740389998,0
2021-08-14 22:00:00,3856.84,3859.69,3838.58,3858.66,43.7588,1628980199999,168443.85686139998,517,29.76783,114593.74194549999,0
2021-08-14 22:30:00,3854.92,3859.29,3816.5,3819.71,61.63668000000001,1628981999999,236536.7024531,898,37.9891,145817.465531,0
2021-08-14 23:00:00,3819.71,3857.96,3810.42,3852.0,53.81216,1628983799999,206213.8586944,780,23.66093,90738.27722989999,0
2021-08-14 23:30:00,3853.86,3877.46,3849.69,3871.41,28.205779999999997,1628985599999,108939.2704641,718,14.588629999999998,56353.3106306,0
2021-08-15 00:00:00,3865.37,3883.53,3865.37,3870.58,46.71355,1628987399999,181031.1089043,831,30.38117,117757.2141233,0
2021-08-15 00:30:00,3870.58,3872.43,3828.27,3871.23,37.30927,1628989199999,143714.9040577,723,19.93264,76812.0682171,0
2021-08-15 01:00:00,3871.23,3877.87,3847.6,3859.53,66.38154,1628990999999,256525.73172150002,775,35.95142,138947.29666479994,0
2021-08-15 01:30:00,3859.63,3869.27,3837.78,3838.0,26.390159999999998,1628992799999,101660.42265,403,10.843860000000001,41812.3316497,0
2021-08-15 02:00:00,3841.18,3842.76,3825.78,3839.75,31.37146,1628994599999,120276.289443,582,11.32199,43426.8559245,0
2021-08-15 02:30:00,3840.0,3861.52,3830.01,3833.87,53.46423000000001,1628996399999,205635.893797,623,20.43712,78604.48498919999,0
2021-08-15 03:00:00,3835.1,3839.48,3802.0,3806.4,43.02528,1628998199999,164243.59948270002,605,15.77389,60248.94421830001,0
2021-08-15 03:30:00,3808.34,3818.67,3777.36,3777.73,29.415340000000004,1628999999999,111673.02478539999,517,8.55504,32509.518197099995,0
2021-08-15 04:00:00,3777.66,3781.67,3741.84,3777.17,66.66016,1629001799999,250503.6269579,893,21.963379999999997,82525.0057788,0
2021-08-15 04:30:00,3777.19,3792.43,3772.92,3786.27,14.399579999999998,1629003599999,54471.1778566,300,6.1012699999999995,23083.1051963,0
2021-08-15 05:00:00,3787.66,3799.12,3776.72,3787.94,23.868679999999998,1629005399999,90428.1769073,396,11.079239999999999,41997.874095499996,0
2021-08-15 05:30:00,3788.5,3803.03,3780.25,3794.08,23.79572000000001,1629007199999,90255.2867875,511,14.031920000000001,53221.1710708,0
2021-08-15 06:00:00,3794.08,3835.32,3751.97,3764.85,122.5177,1629008999999,465874.4775982,1192,84.05523000000002,319719.0684386,0
2021-08-15 06:30:00,3763.78,3775.77,3746.92,3746.92,24.99485,1629010799999,94079.2396767,361,10.15499,38250.681343699995,0
2021-08-15 07:00:00,3746.98,3751.08,3704.19,3728.62,166.46827,1629012599999,620734.8863494,1452,82.98855,309719.8557584,0
2021-08-15 07:30:00,3729.03,3730.81,3653.42,3669.24,105.35009,1629014399999,388319.73456209997,1432,37.35064000000001,137494.7824153,0
2021-08-15 08:00:00,3669.19,3681.52,3612.81,3658.09,150.25085,1629016199999,547899.1250055999,1576,48.77679000000001,177788.2240206,0
2021-08-15 08:30:00,3658.13,3684.55,3650.0,3655.04,82.94918,1629017999999,304155.73342209996,618,25.27731,92598.1157928,0
2021-08-15 09:00:00,3658.34,3679.32,3636.75,3667.05,57.546569999999996,1629019799999,210878.1150526,681,21.71471,79609.9949022,0
2021-08-15 09:30:00,3661.74,3687.85,3654.49,3677.4,54.810559999999995,1629021599999,201504.38847890001,566,29.95164,110144.0143618,0
2021-08-15 10:00:00,3677.4,3700.75,3664.05,3680.36,57.37112,1629023399999,211393.5261708,543,31.08092000000001,114549.47123069999,0
2021-08-15 10:30:00,3681.76,3688.67,3655.4,3668.87,32.881,1629025199999,120618.5899484,419,17.32691,63556.60969530001,0
2021-08-15 11:00:00,3669.5,3670.33,3631.09,3667.21,30.049229999999998,1629026999999,109766.57226169998,378,14.38734,52576.555808,0
2021-08-15 11:30:00,3667.13,3704.34,3667.13,3682.09,77.27071,1629028799999,284956.9816009,655,49.76148,183497.99397060002,0
2021-08-15 12:00:00,3678.96,3701.84,3653.5,3671.17,54.82086999999999,1629030599999,201506.52971379997,786,31.349709999999998,115221.12685969999,0
2021-08-15 12:30:00,3669.66,3669.66,3646.23,3656.4,26.485770000000002,1629032399999,96823.95543160001,260,12.57883,45986.43099,0
2021-08-15 13:00:00,3655.1,3680.39,3648.57,3664.23,26.453490000000002,1629034199999,97084.2690049,270,11.07034,40636.8794357,0
2021-08-15 13:30:00,3666.53,3680.66,3620.01,3672.43,51.18555,1629035999999,186901.9089641,674,19.66895,71821.1114451,0
2021-08-15 14:00:00,3675.56,3718.5,3651.71,3711.34,132.53108999999998,1629037799999,490125.7189028,1379,63.38805,234470.84526339997,0
2021-08-15 14:30:00,3711.21,3714.61,3640.9,3642.82,63.068690000000004,1629039599999,231977.014403,672,32.63731,120276.6724902,0
2021-08-15 15:00:00,3642.86,3663.86,3639.36,3656.24,31.67607000000001,1629041399999,115699.2080231,450,12.431560000000001,45419.830563699994,0
2021-08-15 15:30:00,3652.71,3680.07,3643.62,3673.72,32.74123,1629043199999,119913.27680839998,323,15.87873,58158.9022508,0
2021-08-15 16:00:00,3673.72,3699.98,3662.84,3680.55,42.5463,1629044999999,156502.6573902,542,19.1113,70295.8245611,0
2021-08-15 16:30:00,3679.61,3679.61,3656.85,3664.27,33.0345,1629046799999,121174.1771694,444,17.98818,65984.47503330001,0
2021-08-15 17:00:00,3663.77,3666.75,3634.39,3657.41,33.2382,1629048599999,121147.55507850001,441,19.618570000000002,71527.1907873,0
2021-08-15 17:30:00,3654.96,3686.74,3642.34,3680.89,80.73866,1629050399999,295623.2819414,647,36.242309999999996,132912.4398778,0
2021-08-15 18:00:00,3677.68,3706.74,3672.87,3686.24,63.0977,1629052199999,233034.5731427,507,43.80542,161883.06684520002,0
2021-08-15 18:30:00,3689.03,3716.88,3674.46,3713.68,57.18353000000001,1629053999999,211098.3354273,645,34.08057,125828.58546789999,0
2021-08-15 19:00:00,3716.39,3728.33,3685.76,3705.42,119.21838999999999,1629055799999,441268.1402762,1005,70.85200999999998,262159.1682516,0
2021-08-15 19:30:00,3705.64,3734.99,3702.85,3728.91,42.47218,1629057599999,157848.3284681,577,20.93901,77868.9073265,0
2021-08-15 20:00:00,3730.6,3749.3,3721.24,3743.66,37.66907,1629059399999,140600.0214945,635,19.558410000000002,73025.6756235,0
2021-08-15 20:30:00,3745.46,3766.91,3742.19,3762.82,30.505229999999997,1629061199999,114521.45540810001,488,16.166120000000006,60727.64274419999,0
2021-08-15 21:00:00,3763.35,3783.97,3757.47,3770.42,92.02048,1629062999999,346831.314976,738,19.737029999999997,74478.8243642,0
2021-08-15 21:30:00,3770.83,3782.76,3748.98,3772.96,28.87412,1629064799999,108773.78836889999,411,12.63547,47606.2674981,0
2021-08-15 22:00:00,3773.67,3800.0,3771.63,3797.31,31.66259,1629066599999,119978.95931589999,620,19.52384,74006.06768110003,0
2021-08-15 22:30:00,3794.31,3822.97,3789.32,3819.61,42.73872,1629068399999,162607.20182589995,809,26.82037,102093.08960980001,0
2021-08-15 23:00:00,3822.98,3832.34,3795.0,3808.0,50.47319,1629070199999,192198.70383399999,645,32.77391,124734.0480895,0
2021-08-15 23:30:00,3809.38,3809.38,3788.61,3802.37,29.342709999999997,1629071999999,111467.0319352,412,12.7768,48555.2563839,0
2021-08-16 00:00:00,3802.37,3877.38,3780.93,3847.46,242.13595,1629073799999,932322.8746131001,2316,98.23246,377752.09944970004,0
2021-08-16 00:30:00,3852.08,3872.54,3834.71,3839.26,158.39741999999995,1629075599999,610507.6363594,960,103.7609,400053.1249916,0
2021-08-16 01:00:00,3840.03,3851.29,3832.0,3841.35,32.70199,1629077399999,125573.42971289999,459,19.911920000000002,76483.0651238,0
2021-08-16 01:30:00,3846.87,3860.05,3837.17,3847.74,30.404709999999998,1629079199999,117053.56763080001,447,11.53608,44401.920795599995,0
2021-08-16 02:00:00,3850.12,3860.78,3836.46,3857.45,55.72874,1629080999999,214504.58254560002,697,31.501009999999997,121283.8192224,0
2021-08-16 02:30:00,3857.44,3891.22,3838.68,3855.77,147.91215,1629082799999,571943.0048509,2030,83.0286,321083.728789,0
2021-08-16 03:00:00,3852.16,3857.97,3820.02,3823.58,59.86646,1629084599999,229686.3046229,744,20.639470000000006,79112.16506849999,0
2021-08-16 03:30:00,3820.15,3829.09,3784.94,3785.77,42.989290000000004,1629086399999,163469.6851341,826,16.909010000000002,64307.677354499996,0
2021-08-16 04:00:00,3795.5,3837.57,3791.37,3831.23,25.63562,1629088199999,97780.6907418,571,13.762270000000001,52492.822914,0
2021-08-16 04:30:00,3831.21,3857.96,3829.68,3846.31,40.93697,1629089999999,157545.31272309998,780,20.75478,79901.99135960001,0
2021-08-16 05:00:00,3843.46,3868.25,3836.78,3841.65,45.69487,1629091799999,175924.0445574,1005,29.7011,114357.37396560001,0
2021-08-16 05:30:00,3841.24,3858.12,3835.15,3858.11,29.525240000000004,1629093599999,113492.11821670001,802,20.01132,76938.20295669997,0
2021-08-16 06:00:00,3858.11,3863.95,3800.0,3814.12,44.4984,1629095399999,170745.0822796,854,23.04826,88447.602248,0
2021-08-16 06:30:00,3813.32,3853.74,3813.32,3830.39,16.60231,1629097199999,63717.87028639999,533,8.82845,33864.8477009,0
2021-08-16 07:00:00,3829.46,3846.98,3827.06,3845.25,13.7996,1629098999999,52952.9161157,575,8.43041,32357.572344099997,0
2021-08-16 07:30:00,3841.96,3854.72,3834.05,3843.89,26.61808,1629100799999,102299.5928173,536,12.34821,47464.7251063,0
2021-08-16 08:00:00,3840.59,3855.99,3797.04,3829.71,58.41222,1629102599999,223871.44506630002,1303,40.60683,155674.68632160002,0
2021-08-16 08:30:00,3829.14,3848.67,3826.1,3842.01,35.324329999999996,1629104399999,135581.1934154,773,15.53116,59620.921732200004,0
2021-08-16 09:00:00,3840.38,3844.99,3825.7,3825.95,23.13335,1629106199999,88751.6790697,539,12.87355,49410.3759731,0
2021-08-16 09:30:00,3825.9,3846.04,3821.65,3836.92,43.707609999999995,1629107999999,167488.9938196,794,32.2304,123519.4518779,0
2021-08-16 10:00:00,3836.92,3863.24,3836.92,3853.0,45.441140000000004,1629109799999,175211.2723182,749,26.14209,100799.5370843,0
2021-08-16 10:30:00,3852.91,3867.47,3851.44,3860.3,31.961809999999996,1629111599999,123331.4977675,570,17.42574,67268.1187395,0
2021-08-16 11:00:00,3858.8,3879.37,3853.31,3863.59,42.9151,1629113399999,165898.5538794,697,17.65135,68269.5905126,0
2021-08-16 11:30:00,3863.65,3872.7,3855.03,3863.09,36.97949000000001,1629115199999,142915.51521789999,655,22.293129999999998,86161.9551504,0
2021-08-16 12:00:00,3863.51,3863.51,3818.87,3832.49,80.89029000000002,1629116999999,310349.1374951,924,27.96135,107396.81598960001,0
2021-08-16 12:30:00,3831.13,3837.88,3811.82,3833.36,31.9512,1629118799999,122292.47445699999,509,11.74285,44927.2088106,0
2021-08-16 13:00:00,3832.09,3854.83,3811.62,3813.95,34.87404,1629120599999,133754.8064997,498,18.532,71057.35540739997,0
2021-08-16 13:30:00,3815.21,3819.33,3712.41,3741.0,132.36591,1629122399999,496772.36541040003,2187,57.24653000000001,214659.06583379998,0
2021-08-16 14:00:00,3743.98,3774.03,3735.37,3765.92,39.89605,1629124199999,149976.3817147,720,15.81906,59481.47122459999,0
2021-08-16 14:30:00,3766.32,3767.89,3714.88,3719.15,23.80487,1629125999999,89001.1816675,483,12.9171,48325.6027881,0
2021-08-16 15:00:00,3715.14,3748.35,3693.11,3714.4,60.281890000000004,1629127799999,223784.230023,864,28.44719000000001,105710.1498848,0
2021-08-16 15:30:00,3714.16,3747.26,3696.55,3746.14,54.12908,1629129599999,201995.5133198,745,27.3881,102280.38120539999,0
2021-08-16 16:00:00,3746.65,3764.0,3729.13,3746.4,54.01311,1629131399999,202882.9366624,413,22.55707,84759.0272195,0
2021-08-16 16:30:00,3745.78,3765.5,3734.87,3761.21,14.43353,1629133199999,54194.089798099994,352,7.777,29207.5555351,0
2021-08-16 17:00:00,3763.88,3763.88,3726.38,3736.66,27.36255,1629134999999,102485.80282150001,584,12.37604,46376.1543545,0
2021-08-16 17:30:00,3735.17,3762.85,3731.7,3756.92,9.81525,1629136799999,36820.3306617,242,6.662669999999999,25004.466503599997,0
2021-08-16 18:00:00,3758.11,3773.32,3743.89,3767.95,34.318870000000004,1629138599999,129096.4082936,381,24.01493,90374.6782974,0
2021-08-16 18:30:00,3768.35,3770.49,3755.15,3760.31,34.84044,1629140399999,131033.0418207,499,14.12253,53116.1203487,0
2021-08-16 19:00:00,3756.87,3759.35,3714.83,3718.89,39.95178,1629142199999,149524.5332898,443,15.00477,56100.38265640001,0
2021-08-16 19:30:00,3718.72,3741.16,3676.02,3687.8,63.06425,1629143999999,233247.7105323,835,22.89189,84649.46320700001,0
2021-08-16 20:00:00,3682.64,3686.34,3583.3,3621.85,254.07042,1629145799999,923300.6988208999,3528,96.66502,351248.7958314,0
2021-08-16 20:30:00,3619.36,3643.54,3602.4,3637.24,66.8169,1629147599999,242146.71685609999,646,31.324140000000003,113523.0372306,0
2021-08-16 21:00:00,3634.99,3642.79,3608.55,3621.13,88.43273,1629149399999,319994.7678473,916,72.99233000000002,264050.328749,0
2021-08-16 21:30:00,3621.05,3656.72,3616.8,3620.26,182.98112,1629151199999,665878.4100438,1635,128.77376999999998,468514.74888719997,0
2021-08-16 22:00:00,3615.33,3649.45,3606.02,3637.25,30.7443,1629152999999,111665.00898380001,391,17.94005,65153.6450243,0
2021-08-16 22:30:00,3637.51,3644.38,3618.31,3630.86,31.04205,1629154799999,112652.95210669999,436,11.98397,43499.3874917,0
2021-08-16 23:00:00,3630.36,3631.31,3562.5,3578.18,170.23625,1629156599999,612005.0232274,1381,91.98345,330920.34273409995,0
2021-08-16 23:30:00,3579.94,3605.7,3566.9,3575.25,42.05624,1629158399999,150831.1213036,501,16.31883,58591.35977439999,0
2021-08-17 00:00:00,3572.37,3594.28,3496.47,3525.0,127.9376,1629160199999,452613.3170057,1708,54.35689,192581.5853422,0
2021-08-17 00:30:00,3526.14,3587.18,3513.97,3581.56,88.6585,1629161999999,314370.391025,974,45.62741,161872.1366346,0
2021-08-17 01:00:00,3580.0,3625.97,3576.92,3623.75,48.25898,1629163799999,173793.14969970006,557,28.0797,101104.5660745,0
2021-08-17 01:30:00,3625.23,3643.79,3591.5,3641.11,36.50431,1629165599999,132047.98999889998,664,22.60373,81808.6943413,0
2021-08-17 02:00:00,3641.11,3663.74,3632.23,3646.06,91.82746999999999,1629167399999,335156.9232985,885,52.2489,190795.74142,0
2021-08-17 02:30:00,3646.07,3677.13,3645.96,3675.64,36.20411,1629169199999,132725.7718584,514,16.71213,61280.1325275,0
2021-08-17 03:00:00,3675.64,3688.77,3663.25,3684.43,34.474779999999996,1629170999999,126783.18600850001,618,20.2834,74588.6085823,0
2021-08-17 03:30:00,3684.65,3702.04,3672.13,3695.75,54.94598000000001,1629172799999,202812.4592364,766,31.13682,114920.18077189999,0
2021-08-17 04:00:00,3695.75,3707.66,3662.7,3668.36,36.96485,1629174599999,136487.686865,562,24.40038,90150.76055980001,0
2021-08-17 04:30:00,3666.74,3695.36,3666.52,3683.83,10.447519999999999,1629176399999,38454.9714915,282,4.77124,17560.991606400006,0
2021-08-17 05:00:00,3683.32,3690.24,3638.59,3680.74,43.78512,1629178199999,160510.6671555,449,21.49771,78847.0461075,0
2021-08-17 05:30:00,3687.31,3687.76,3640.07,3642.36,29.33788,1629179999999,107721.099822,426,20.996270000000006,77162.3627538,0
2021-08-17 06:00:00,3639.84,3653.59,3626.01,3651.47,14.38299,1629181799999,52325.679732599994,312,6.60765,24042.9528663,0
2021-08-17 06:30:00,3651.8,3651.8,3614.07,3617.01,19.46162,1629183599999,70593.7012085,362,7.5496300000000005,27415.459832099998,0
2021-08-17 07:00:00,3615.84,3632.14,3597.31,3611.75,134.27047,1629185399999,484126.981105,995,75.07633,270730.0397966,0
2021-08-17 07:30:00,3611.77,3639.17,3589.02,3634.83,102.05365,1629187199999,368122.63710580004,862,43.20288,155771.87486220006,0
2021-08-17 08:00:00,3637.78,3683.66,3625.0,3683.66,116.38478,1629188999999,423367.61367240007,1081,50.32891,183136.53255779998,0
2021-08-17 08:30:00,3683.35,3684.92,3662.87,3667.63,18.32687,1629190799999,67371.37889939999,452,11.93047,43864.9908737,0
2021-08-17 09:00:00,3667.63,3711.5,3667.62,3704.48,56.47605,1629192599999,208471.5268802,811,28.20862,104126.9275281,0
2021-08-17 09:30:00,3704.51,3733.29,3704.51,3728.73,43.86932,1629194399999,163307.86724420002,717,20.45575,76157.4255017,0
2021-08-17 10:00:00,3732.34,3742.37,3719.11,3736.23,33.53275,1629196199999,125150.12914589999,491,16.44248,61407.510738699995,0
2021-08-17 10:30:00,3736.23,3746.63,3688.76,3702.7,66.25648000000001,1629197999999,247101.63044590002,806,37.804359999999996,140976.65553179994,0
2021-08-17 11:00:00,3698.91,3744.53,3698.91,3735.72,44.41117,1629199799999,165410.1581823,622,21.26118,79138.0901973,0
2021-08-17 11:30:00,3739.91,3778.25,3738.18,3759.72,77.76659000000002,1629201599999,292254.60267209995,1599,45.2455,170069.1835883,0
2021-08-17 12:00:00,3754.33,3781.89,3748.1,3772.03,32.10364000000001,1629203399999,120917.46767950001,602,17.66152,66546.7821413,0
2021-08-17 12:30:00,3772.03,3775.54,3710.74,3710.74,41.29874,1629205199999,154498.7882054,588,15.15766,56700.57095549999,0
2021-08-17 13:00:00,3710.74,3729.87,3670.49,3703.84,53.83756999999999,1629206999999,199224.6747178,886,21.92727,81180.8923959,0
2021-08-17 13:30:00,3702.33,3726.79,3690.59,3705.92,31.87915,1629208799999,118236.06549070001,378,13.45704,49910.514104,0
2021-08-17 14:00:00,3703.59,3724.13,3644.48,3647.11,71.65956,1629210599999,263460.9607508,600,34.69174,127547.27457260001,0
2021-08-17 14:30:00,3648.64,3665.56,3640.61,3649.26,37.71967,1629212399999,137769.4742316,462,17.04863,62297.0525997,0
2021-08-17 15:00:00,3649.54,3662.99,3627.96,3633.05,24.20303,1629214199999,88154.96923300003,394,9.64428,35122.86050330001,0
2021-08-17 15:30:00,3640.1,3643.89,3609.56,3611.32,40.60465,1629215999999,147105.68963439998,551,21.37415,77440.69547460001,0
2021-08-17 16:00:00,3611.21,3645.88,3594.11,3632.7,66.46242,1629217799999,240600.90658049998,751,36.26558,131393.811329,0
2021-08-17 16:30:00,3635.17,3639.84,3564.18,3568.33,83.26325,1629219599999,299180.6327154,1256,31.49049,113276.7026842,0
2021-08-17 17:00:00,3567.51,3594.17,3559.64,3594.06,83.43867,1629221399999,298003.8279209,842,53.73413000000001,191927.5758785,0
2021-08-17 17:30:00,3588.01,3632.88,3580.21,3613.79,35.68009,1629223199999,128686.41478210001,394,15.66034,56451.61044780001,0
2021-08-17 18:00:00,3610.47,3654.84,3610.13,3646.57,40.918659999999996,1629224999999,149031.78171429998,491,26.64395,97035.8911322,0
2021-08-17 18:30:00,3646.6,3646.6,3595.76,3618.91,40.47916,1629226799999,146490.2585406,484,22.98257000000001,83202.520215,0
2021-08-17 19:00:00,3615.76,3620.07,3564.17,3606.02,61.18154000000001,1629228599999,219390.530962,668,27.34787,98022.46386619999,0
2021-08-17 19:30:00,3600.95,3611.37,3555.55,3589.16,52.16601,1629230399999,187050.88755279998,636,30.327740000000002,108723.33505580001,0
2021-08-17 20:00:00,3581.14,3606.56,3482.85,3490.86,150.58992,1629232199999,532655.4587179,1661,84.25676,298125.5394487,0
2021-08-17 20:30:00,3491.78,3524.66,3444.62,3510.48,138.32287,1629233999999,481966.4383777001,1479,46.67175,162791.7101738,0
2021-08-17 21:00:00,3513.09,3515.2,3475.39,3483.3,49.91576,1629235799999,174323.3688244,663,25.64076,89543.1515518,0
2021-08-17 21:30:00,3483.3,3501.74,3460.01,3463.08,56.91155,1629237599999,197961.5922447,631,25.6142,89131.9592181,0
2021-08-17 22:00:00,3460.0,3478.74,3427.56,3461.64,78.07119,1629239399999,269746.6988741,1254,38.58325,133325.12699949995,0
2021-08-17 22:30:00,3463.88,3513.91,3459.48,3511.96,79.96455999999998,1629241199999,278894.401428,615,49.95234,174398.6363094,0
2021-08-17 23:00:00,3512.18,3512.18,3472.14,3478.67,38.96157,1629242999999,135966.0553658,564,19.39463,67671.495126,0
2021-08-17 23:30:00,3478.19,3492.69,3437.46,3450.9,43.40271,1629244799999,150240.13443079998,557,22.12546,76635.0589958,0
2021-08-18 00:00:00,3448.48,3495.13,3441.79,3461.87,41.15041,1629246599999,142867.6152832,532,17.87463,62075.33185680001,0
2021-08-18 00:30:00,3459.67,3477.92,3410.77,3474.63,132.96518,1629248399999,457855.13539709995,1284,47.07262,161976.8818813,0
2021-08-18 01:00:00,3474.3,3474.3,3370.0,3409.87,129.87888999999998,1629250199999,442341.1805449,1321,49.49308,168130.7935457,0
2021-08-18 01:30:00,3411.67,3483.0,3405.61,3477.41,101.21259,1629251999999,349214.6944064,686,54.90379,189267.01227520002,0
2021-08-18 02:00:00,3478.07,3495.6,3460.23,3477.86,33.21158,1629253799999,115631.60908919999,531,20.186989999999998,70312.5642918,0
2021-08-18 02:30:00,3478.84,3490.79,3424.16,3467.54,41.546659999999996,1629255599999,143700.85542160002,503,19.5569,67690.8190553,0
2021-08-18 03:00:00,3471.49,3472.58,3429.58,3433.01,27.04243,1629257399999,93245.96965039999,353,8.26446,28466.622226,0
2021-08-18 03:30:00,3434.43,3488.04,3424.49,3488.04,22.14755,1629259199999,76318.3448757,334,10.34249,35659.1910707,0
2021-08-18 04:00:00,3488.53,3513.08,3481.43,3502.65,38.77682,1629260999999,135676.6581444,554,21.78947,76253.29244489997,0
2021-08-18 04:30:00,3498.8,3506.43,3470.85,3489.99,20.80357,1629262799999,72566.47338360001,300,13.14415,45830.660221,0
2021-08-18 05:00:00,3486.88,3520.81,3481.92,3517.66,29.11902000000001,1629264599999,102173.6156111,414,19.70535,69160.8949158,0
2021-08-18 05:30:00,3520.16,3547.86,3517.64,3540.1,30.587509999999998,1629266399999,108119.11676069998,508,18.996560000000002,67135.2835784,0
2021-08-18 06:00:00,3542.06,3547.93,3522.65,3529.53,28.44245,1629268199999,100484.48220560001,442,16.68931,58976.25722869999,0
2021-08-18 06:30:00,3529.94,3542.07,3514.22,3528.33,25.50319,1629269999999,89929.87515549998,313,15.150129999999999,53412.2235453,0
2021-08-18 07:00:00,3531.36,3540.23,3490.64,3490.64,33.189820000000005,1629271799999,116754.46496339998,388,20.318720000000006,71533.8908065,0
2021-08-18 07:30:00,3494.95,3505.64,3460.66,3461.97,24.84369,1629273599999,86466.1504137,317,7.4083,25783.660785099997,0
2021-08-18 08:00:00,3462.55,3505.38,3459.61,3470.1,38.8356,1629275399999,135239.7705633,452,11.23932,39158.6893884,0
2021-08-18 08:30:00,3474.01,3496.24,3454.07,3492.02,17.19997,1629277199999,59819.0587929,322,8.79316,30618.580778500003,0
2021-08-18 09:00:00,3493.85,3540.95,3484.45,3516.17,67.59421,1629278999999,237819.05420669998,680,47.22741,166302.6272147,0
2021-08-18 09:30:00,3516.27,3544.9,3513.46,3528.18,41.93506,1629280799999,147930.41035939998,501,30.835279999999997,108754.72499789999,0
2021-08-18 10:00:00,3528.42,3550.0,3483.6,3483.6,89.01758000000002,1629282599999,314318.53493009997,725,43.19021,152389.185462,0
2021-08-18 10:30:00,3486.82,3506.26,3475.06,3486.38,29.68325,1629284399999,103710.4433834,335,13.83409,48339.5596726,0
2021-08-18 11:00:00,3482.65,3517.56,3476.66,3476.66,28.15148,1629286199999,98471.3519408,350,12.569989999999999,43972.9029927,0
2021-08-18 11:30:00,3475.21,3486.08,3428.6,3440.61,38.163470000000004,1629287999999,131612.6310576,639,15.2422,52528.9015312,0
2021-08-18 12:00:00,3440.37,3487.24,3425.7,3474.1,45.89282,1629289799999,158743.7244823,614,17.02982,58933.9620212,0
2021-08-18 12:30:00,3474.78,3506.42,3462.29,3497.96,24.271620000000002,1629291599999,84609.8918033,392,14.11628,49229.44009230001,0
2021-08-18 13:00:00,3499.99,3559.72,3499.99,3552.03,37.95339,1629293399999,134178.99720019998,642,23.51026,83147.55651889999,0
2021-08-18 13:30:00,3552.87,3568.85,3536.17,3543.11,142.54748,1629295199999,506721.66593009996,1430,95.63611999999999,339953.00991559995,0
2021-08-18 14:00:00,3542.57,3576.14,3540.09,3573.28,44.81238,1629296999999,159704.282659,699,23.93891,85291.2035883,0
2021-08-18 14:30:00,3573.41,3603.43,3556.24,3588.03,70.53933,1629298799999,252625.9568481,1177,43.57604,156130.4202592,0
2021-08-18 15:00:00,3591.02,3594.0,3550.82,3554.08,54.27421999999999,1629300599999,193411.5989345,488,21.81295,77773.38823410001,0
2021-08-18 15:30:00,3552.46,3610.13,3541.63,3606.48,62.82017,1629302399999,224721.77574019998,780,35.49841,127073.23292000001,0
2021-08-18 16:00:00,3606.0,3613.34,3585.4,3590.88,58.242819999999995,1629304199999,209615.4158921,818,21.941489999999998,78980.81395630001,0
2021-08-18 16:30:00,3591.3,3630.6,3590.68,3621.65,38.01719,1629305999999,137386.0077876,773,20.16336,72825.42259500001,0
2021-08-18 17:00:00,3624.97,3638.57,3616.83,3624.53,41.890679999999996,1629307799999,151930.9836525,625,25.10393,91089.8189901,0
2021-08-18 17:30:00,3623.23,3626.67,3597.94,3604.09,25.93773,1629309599999,93634.18817889999,622,13.61933,49189.874900999996,0
2021-08-18 18:00:00,3607.59,3623.5,3552.25,3559.76,53.31678,1629311399999,190706.78318179998,837,19.34112,69263.50043019999,0
2021-08-18 18:30:00,3559.35,3578.2,3538.25,3542.95,15.609470000000002,1629313199999,55567.2352844,409,5.82661,20767.1679268,0
2021-08-18 19:00:00,3542.86,3556.89,3503.26,3503.46,27.70099,1629314999999,97758.6926087,640,16.0027,56467.79249930001,0
2021-08-18 19:30:00,3506.99,3516.57,3458.11,3471.35,138.85279,1629316799999,483116.0902266,1776,58.95956999999999,205151.18803770002,0
2021-08-18 20:00:00,3473.27,3479.0,3444.18,3457.74,60.15411999999999,1629318599999,207984.9852772,1062,28.4213,98284.5928457,0
2021-08-18 20:30:00,3461.44,3461.99,3443.77,3458.11,53.139340000000004,1629320399999,183522.45448279998,807,28.5374,98575.8149536,0
2021-08-18 21:00:00,3460.03,3490.5,3445.91,3473.29,64.8682,1629322199999,225181.65914,906,40.62147,141083.16846520005,0
2021-08-18 21:30:00,3473.48,3491.32,3458.07,3480.92,56.65181,1629323999999,196705.2886909,666,32.04126,111234.0047035,0
2021-08-18 22:00:00,3478.62,3521.57,3465.92,3520.37,69.24291,1629325799999,242131.78266670002,869,42.83922000000001,149699.4179204,0
2021-08-18 22:30:00,3519.76,3542.0,3507.76,3537.86,38.72056,1629327599999,136611.2756727,580,27.881190000000004,98355.7678482,0
2021-08-18 23:00:00,3540.3,3550.0,3534.06,3548.79,38.28273,1629329399999,135608.2788992,791,29.93194,106043.3239763,0
2021-08-18 23:30:00,3548.82,3559.12,3509.61,3513.01,51.21498,1629331199999,181309.6433658,731,31.04165,109903.66290869999,0
2021-08-19 00:00:00,3515.39,3554.0,3488.93,3510.32,49.64178,1629332999999,174660.701123,843,24.98735,87885.684965,0
2021-08-19 00:30:00,3510.32,3564.9,3495.79,3561.03,54.54942,1629334799999,193032.535253,820,24.5174,86751.37174360003,0
2021-08-19 01:00:00,3559.61,3592.95,3538.8,3591.79,123.70827,1629336599999,442036.824712,1795,83.89437,299883.3070545,0
2021-08-19 01:30:00,3591.03,3594.11,3564.36,3567.42,45.316109999999995,1629338399999,162521.0775751,754,28.48735,102203.4955666,0
2021-08-19 02:00:00,3568.01,3568.01,3517.51,3518.87,35.91237,1629340199999,127015.9762941,795,15.16721,53634.6902117,0
2021-08-19 02:30:00,3518.87,3546.37,3516.34,3520.35,29.65948,1629341999999,104800.8990857,451,10.11805,35729.6655449,0
2021-08-19 03:00:00,3523.05,3528.56,3482.34,3484.22,30.686729999999997,1629343799999,107371.0908428,503,16.268320000000006,56936.307892799996,0
2021-08-19 03:30:00,3482.65,3495.34,3451.39,3455.05,88.26703,1629345599999,306144.8032968,1136,29.67752,102952.7812563,0
2021-08-19 04:00:00,3454.18,3497.4,3442.61,3496.03,30.92203,1629347399999,107075.9443131,605,13.67711,47408.7058966,0
2021-08-19 04:30:00,3493.71,3521.2,3488.72,3495.67,53.59803,1629349199999,187912.8098199,657,35.36138,123994.7187792,0
2021-08-19 05:00:00,3492.3,3515.8,3472.5,3515.8,39.30108,1629350999999,137084.9333871,572,26.177989999999998,91290.49446239999,0
2021-08-19 05:30:00,3513.11,3521.77,3503.93,3512.76,28.067520000000002,1629352799999,98660.4617195,365,15.977229999999999,56186.137069300006,0
2021-08-19 06:00:00,3512.54,3521.59,3497.81,3518.32,40.09689,1629354599999,140781.9283704,584,24.24167000000001,85139.2413393,0
2021-08-19 06:30:00,3518.31,3538.69,3514.92,3527.23,46.85084000000001,1629356399999,165177.6934351,571,21.20368,74758.20811860001,0
2021-08-19 07:00:00,3528.5,3550.56,3517.7,3517.7,29.50075,1629358199999,104363.2481428,497,19.3799,68554.2456498,0
2021-08-19 07:30:00,3519.11,3520.28,3480.91,3519.24,21.78587000000001,1629359999999,76295.2915678,451,8.75464,30704.0722111,0
2021-08-19 08:00:00,3518.33,3572.6,3517.27,3559.83,110.83532,1629361799999,393343.4094572,1489,68.45255999999999,242988.1068442,0
2021-08-19 08:30:00,3561.14,3580.07,3548.07,3554.62,30.954279999999997,1629363599999,110232.8930211,559,21.470860000000002,76458.5605697,0
2021-08-19 09:00:00,3557.24,3581.84,3554.7,3575.73,42.793459999999996,1629365399999,152766.6124591,695,30.07268,107373.6271457,0
2021-08-19 09:30:00,3577.1,3584.16,3569.9,3576.05,38.39237,1629367199999,137395.8248174,524,24.970779999999998,89368.3143402,0
2021-08-19 10:00:00,3577.46,3582.77,3526.66,3550.72,115.36585,1629368999999,409090.0444338,1168,42.29311,150049.9777978,0
2021-08-19 10:30:00,3550.73,3551.93,3522.63,3524.19,61.29841999999999,1629370799999,216593.460775,647,22.059,77903.4183507,0
2021-08-19 11:00:00,3524.19,3549.86,3522.63,3542.26,43.325559999999996,1629372599999,153213.6294156,670,25.57955,90490.9114097,0
2021-08-19 11:30:00,3540.3,3557.81,3509.95,3512.23,67.0944,1629374399999,236677.69127880002,659,24.395410000000002,86097.781063,0
2021-08-19 12:00:00,3513.82,3522.94,3497.5,3521.93,42.076679999999996,1629376199999,147754.428777,528,19.99445,70247.3446638,0
2021-08-19 12:30:00,3522.24,3548.31,3516.07,3538.33,48.29096,1629377999999,170759.94274429994,476,31.08826,109985.49983839998,0
2021-08-19 13:00:00,3541.49,3569.09,3537.23,3537.23,37.69885,1629379799999,133996.35133469998,526,20.8256,74012.6791553,0
2021-08-19 13:30:00,3536.63,3578.99,3536.32,3578.99,29.19213,1629381599999,103871.7621845,354,17.7215,63026.162677199995,0
2021-08-19 14:00:00,3578.99,3654.05,3578.99,3621.47,114.14076000000001,1629383399999,413341.93874250003,1769,69.68392,252349.6440527,0
2021-08-19 14:30:00,3621.47,3628.26,3603.82,3611.11,50.4352,1629385199999,182244.40944229998,623,32.29456,116712.7691543,0
2021-08-19 15:00:00,3611.88,3625.24,3600.68,3614.72,27.366970000000002,1629386999999,98902.86118960001,459,12.97529,46897.0376901,0
2021-08-19 15:30:00,3613.92,3699.58,3613.92,3675.04,167.54771000000005,1629388799999,614814.707215,2199,96.98862,355946.6506939,0
2021-08-19 16:00:00,3675.33,3690.17,3659.72,3662.02,65.52241,1629390599999,240628.85560910002,1237,34.70386,127512.67829819999,0
2021-08-19 16:30:00,3662.96,3676.02,3625.79,3625.79,81.80858,1629392399999,298298.55087690003,956,25.55655,93258.9063714,0
2021-08-19 17:00:00,3625.89,3640.69,3598.0,3618.38,34.83198,1629394199999,126023.2046474,689,13.335939999999999,48263.304133699996,0
2021-08-19 17:30:00,3620.89,3626.06,3610.01,3624.28,34.31275,1629395999999,124163.24376900001,382,10.988660000000001,39772.2568905,0
2021-08-19 18:00:00,3620.01,3686.97,3617.44,3674.82,58.25353000000001,1629397799999,213047.4687788,761,35.004459999999995,128287.9284066,0
2021-08-19 18:30:00,3676.82,3727.34,3676.82,3726.01,102.08017,1629399599999,378503.4312109,1551,48.56265,180172.6614173,0
2021-08-19 19:00:00,3727.63,3736.0,3710.65,3721.79,49.08252,1629401399999,182782.3686861,649,24.59668,91625.6079072,0
2021-08-19 19:30:00,3722.3,3722.3,3695.99,3711.89,23.5632,1629403199999,87407.82575389999,362,7.0461,26140.4336997,0
2021-08-19 20:00:00,3710.52,3725.92,3690.31,3704.95,56.116119999999995,1629404999999,208079.81088,630,25.23922,93589.3183084,0
2021-08-19 20:30:00,3705.86,3717.12,3691.61,3709.74,22.56203,1629406799999,83573.71510700001,346,8.74034,32372.6370661,0
2021-08-19 21:00:00,3710.59,3716.8,3700.87,3708.74,18.97956,1629408599999,70393.14346060001,265,5.9276599999999995,21997.786930500002,0
2021-08-19 21:30:00,3708.39,3731.9,3700.0,3725.13,18.149160000000002,1629410399999,67463.4464187,313,8.85554,32902.2668673,0
2021-08-19 22:00:00,3724.47,3733.46,3693.38,3719.83,29.41757,1629412199999,109284.30864919999,370,11.45327,42571.5820773,0
2021-08-19 22:30:00,3720.23,3732.66,3700.85,3730.7,23.847260000000002,1629413999999,88505.32469570002,301,14.54636,53987.47941950001,0
2021-08-19 23:00:00,3733.6,3750.84,3714.58,3729.18,33.4996,1629415799999,125113.5680592,536,20.36585,76110.4221816,0
2021-08-19 23:30:00,3729.99,3748.4,3722.28,3748.4,15.02636,1629417599999,56096.5206801,235,5.60412,20927.8354759,0
2021-08-20 00:00:00,3748.4,3770.7,3676.0,3751.68,243.69477,1629419399999,910061.3339691,2578,98.99155,369838.8740687,0
2021-08-20 00:30:00,3754.3,3769.77,3742.82,3745.89,97.33267,1629421199999,365540.8409892,1076,44.95288,168712.2990748,0
2021-08-20 01:00:00,3745.89,3759.9,3736.92,3745.75,67.70619,1629422999999,253739.56353120002,825,28.33215,106205.4917736,0
2021-08-20 01:30:00,3748.89,3771.43,3743.62,3770.65,29.616329999999998,1629424799999,111322.71607869999,402,18.50459,69584.3012038,0
2021-08-20 02:00:00,3770.65,3771.6,3722.14,3751.59,57.13494,1629426599999,213941.3392542,509,9.46429,35444.57144280001,0
2021-08-20 02:30:00,3752.18,3772.93,3750.0,3761.03,35.97920999999999,1629428399999,135349.50617550002,622,14.49155,54535.54450980001,0
2021-08-20 03:00:00,3762.18,3767.76,3732.25,3743.65,38.43953,1629430199999,144168.9397394,528,10.446069999999999,39161.647483099994,0
2021-08-20 03:30:00,3743.51,3775.27,3742.62,3769.36,43.20198,1629431999999,162659.3304879,639,21.483439999999998,80858.1932365,0
2021-08-20 04:00:00,3770.58,3796.0,3758.41,3783.16,63.59323000000001,1629433799999,240397.7653585,1152,42.40406,160307.10361649998,0
2021-08-20 04:30:00,3779.66,3794.91,3771.47,3793.0,27.52539,1629435599999,104243.6768846,413,16.69388,63224.02942660001,0
2021-08-20 05:00:00,3793.0,3793.12,3751.81,3772.29,33.97206,1629437399999,128262.3672029,534,17.44616,65831.3140327,0
2021-08-20 05:30:00,3772.61,3787.52,3768.33,3782.66,23.87689,1629439199999,90239.95219,411,14.14325,53451.02885169999,0
2021-08-20 06:00:00,3782.65,3785.37,3770.02,3776.18,21.57272,1629440999999,81485.02662969999,288,11.70914,44227.329134,0
2021-08-20 06:30:00,3776.59,3802.08,3763.42,3798.54,76.73940999999998,1629442799999,290790.6279374,872,47.7345,180931.2985543,0
2021-08-20 07:00:00,3801.21,3813.88,3768.28,3768.28,82.62408,1629444599999,313880.88301630004,1089,46.68546,177341.6677256,0
2021-08-20 07:30:00,3767.78,3771.62,3716.22,3731.99,105.38356,1629446399999,393746.57976740005,1222,21.84521,81628.7335545,0
2021-08-20 08:00:00,3730.32,3750.0,3710.05,3738.74,66.24588,1629448199999,247312.2974567,729,32.147059999999996,120083.776742,0
2021-08-20 08:30:00,3739.37,3740.97,3718.83,3733.08,35.480579999999996,1629449999999,132354.3554437,396,13.39119,49954.8355393,0
2021-08-20 09:00:00,3736.7,3750.9,3728.63,3731.83,44.59852,1629451799999,166731.88146039998,481,19.79985,74049.47913089997,0
2021-08-20 09:30:00,3728.81,3745.76,3718.27,3737.06,24.97241,1629453599999,93308.47165650001,330,12.676039999999999,47369.9445505,0
2021-08-20 10:00:00,3736.15,3736.29,3714.41,3718.85,49.74349,1629455399999,185066.6454222,522,16.928179999999998,62984.35152490001,0
2021-08-20 10:30:00,3721.3,3731.89,3714.92,3730.22,33.00922,1629457199999,122937.6968185,498,12.73521,47438.254127,0
2021-08-20 11:00:00,3731.99,3750.26,3720.0,3748.32,38.55325,1629458999999,144014.32925779998,618,25.45191,95108.5028643,0
2021-08-20 11:30:00,3749.99,3750.0,3703.54,3706.08,42.36613,1629460799999,157636.1523026,509,22.64744,84210.2195073,0
2021-08-20 12:00:00,3703.54,3739.21,3700.0,3737.37,38.98615,1629462599999,145054.75698739995,449,28.27777,105254.27206760002,0
2021-08-20 12:30:00,3740.67,3743.49,3722.68,3741.71,35.71605,1629464399999,133430.73059289998,378,13.384739999999999,50013.7740068,0
2021-08-20 13:00:00,3743.05,3787.16,3735.63,3781.93,83.50981,1629466199999,314421.3879164,1090,34.09042,128318.1482803,0
2021-08-20 13:30:00,3784.93,3810.63,3777.36,3797.18,103.41712,1629467999999,392871.812499,1430,64.41601999999999,244698.3318361,0
2021-08-20 14:00:00,3794.93,3806.45,3783.91,3799.54,38.20449,1629469799999,145081.3102524,529,17.521729999999998,66576.09263500001,0
2021-08-20 14:30:00,3802.52,3857.66,3787.43,3844.4,127.36526,1629471599999,487451.3269481,2184,80.70402,308867.9920529,0
2021-08-20 15:00:00,3844.46,3849.65,3802.16,3816.92,54.88494,1629473399999,209348.0455379,768,29.727790000000002,113416.2023089,0
2021-08-20 15:30:00,3812.27,3823.37,3804.63,3813.93,36.98139000000001,1629475199999,141054.1967591,427,23.345879999999998,89092.038862,0
2021-08-20 16:00:00,3813.97,3822.09,3793.42,3814.47,75.36516999999998,1629476999999,286798.34948509996,1051,25.464029999999998,96930.4841415,0
2021-08-20 16:30:00,3814.79,3818.13,3758.96,3779.45,60.95151,1629478799999,230478.1547789,877,33.54428,126743.70806080001,0
2021-08-20 17:00:00,3775.3,3810.44,3774.79,3794.25,42.100159999999995,1629480599999,159692.2565735,751,21.34587,80974.8100665,0
2021-08-20 17:30:00,3792.71,3804.12,3777.63,3784.21,22.09452000000001,1629482399999,83780.73935660001,297,9.17026,34779.343149,0
2021-08-20 18:00:00,3785.68,3793.4,3750.0,3757.02,26.45505,1629484199999,99804.5249113,467,12.78531,48261.96537980001,0
2021-08-20 18:30:00,3753.68,3756.61,3720.46,3735.03,41.51859,1629485999999,155176.2652084,692,20.74103,77557.29329680001,0
2021-08-20 19:00:00,3735.34,3760.98,3735.34,3751.59,9.4059,1629487799999,35266.506226599995,276,4.25295,15950.3573526,0
2021-08-20 19:30:00,3752.95,3766.32,3751.47,3761.71,19.5338,1629489599999,73407.08645039999,257,12.43928,46758.355426300004,0
2021-08-20 20:00:00,3763.88,3775.11,3749.73,3773.37,22.6321,1629491399999,85106.1268248,551,10.16774,38265.027566000004,0
2021-08-20 20:30:00,3771.47,3775.59,3757.88,3771.02,15.92552,1629493199999,59997.3253511,259,7.32032,27580.311509299998,0
2021-08-20 21:00:00,3767.93,3780.23,3764.8,3775.98,28.21759,1629494999999,106448.694763,508,16.83898,63538.32507490001,0
2021-08-20 21:30:00,3778.04,3801.03,3771.38,3799.41,20.67774,1629496799999,78320.1195783,429,11.018089999999999,41712.359161,0
2021-08-20 22:00:00,3801.1,3802.46,3761.41,3778.35,47.57506,1629498599999,179736.112551,635,14.29367,54023.31066819999,0
2021-08-20 22:30:00,3778.01,3785.51,3751.72,3770.4,19.832060000000002,1629500399999,74739.1054876,376,11.01593,41535.69875990001,0
2021-08-20 23:00:00,3770.57,3796.75,3760.0,3789.01,46.3839,1629502199999,175353.78332309998,668,33.03955,124921.24372019999,0
2021-08-20 23:30:00,3789.08,3817.74,3782.61,3815.06,29.8678,1629503999999,113592.47840010002,536,13.066130000000001,49705.960734800006,0
2021-08-21 00:00:00,3816.54,3816.69,3755.01,3759.47,32.92686,1629505799999,124583.6910099,608,17.56696,66539.8647243,0
2021-08-21 00:30:00,3757.73,3779.22,3750.0,3754.33,49.1786,1629507599999,184914.7403956,561,26.17649,98426.0211479,0
2021-08-21 01:00:00,3754.37,3764.95,3706.98,3718.96,105.97476999999999,1629509399999,395656.75111959997,1603,64.52728,241126.9254331,0
2021-08-21 01:30:00,3719.11,3778.43,3694.59,3776.84,137.8199,1629511199999,514863.2670342,1738,58.52473000000001,218840.7605919,0
2021-08-21 02:00:00,3771.96,3804.45,3764.89,3804.29,77.76536,1629512999999,294347.2890213,1271,53.11329,201062.7372284,0
2021-08-21 02:30:00,3804.45,3807.14,3773.13,3785.42,59.85847,1629514799999,227028.59193239998,957,39.87234,151285.0907568,0
2021-08-21 03:00:00,3785.89,3807.07,3774.41,3800.02,63.07885,1629516599999,239191.18280629997,872,43.70185,165748.21874789998,0
2021-08-21 03:30:00,3800.39,3825.32,3797.06,3819.77,68.98498000000001,1629518399999,263264.327281,1258,52.773630000000004,201427.01873779998,0
2021-08-21 04:00:00,3819.62,3838.11,3802.01,3820.99,165.51899,1629520199999,632639.5224701,1779,107.39491000000001,410575.2124755,0
2021-08-21 04:30:00,3824.94,3827.08,3808.79,3814.1,95.82467,1629521999999,366094.7890932,1128,52.18099,199366.29413599998,0
2021-08-21 05:00:00,3814.1,3843.77,3808.47,3843.77,91.06885,1629523799999,348663.471858,1318,41.53168,158988.0909945,0
2021-08-21 05:30:00,3843.84,3861.77,3835.73,3859.58,80.30595,1629525599999,309006.1004831,1636,36.08786,138898.9334564,0
2021-08-21 06:00:00,3859.58,3866.67,3844.66,3851.83,98.86009,1629527399999,381329.3590612,1486,58.43324000000001,225413.0322928,0
2021-08-21 06:30:00,3849.86,3849.86,3826.03,3839.89,74.19991999999998,1629529199999,284698.4399213,1237,37.60339000000001,144304.9466659,0
2021-08-21 07:00:00,3839.89,3873.05,3831.07,3858.42,147.014,1629530999999,566904.5593193001,2197,93.89918,362212.3531749,0
2021-08-21 07:30:00,3857.18,3870.49,3848.7,3865.41,76.41185,1629532799999,295131.15896729997,1210,36.55522,141216.82960929998,0
2021-08-21 08:00:00,3866.12,3897.94,3864.75,3878.7,166.00611999999995,1629534599999,644346.2925378,3029,89.09252,345884.6695835,0
2021-08-21 08:30:00,3878.96,3896.93,3865.54,3881.46,79.86976,1629536399999,310103.7208078,1321,39.675059999999995,154050.5202253,0
2021-08-21 09:00:00,3881.53,3882.48,3857.06,3875.46,101.57889,1629538199999,393224.49070059997,1503,47.764540000000004,184904.329743,0
2021-08-21 09:30:00,3874.15,3891.82,3860.07,3869.79,89.68681,1629539999999,347229.8333523,1304,42.709309999999995,165360.2941343,0
2021-08-21 10:00:00,3869.93,3869.96,3835.0,3855.27,114.28975,1629541799999,440144.3069035,2368,48.25659,185940.0935419,0
2021-08-21 10:30:00,3855.3,3885.71,3845.35,3879.05,91.34599,1629543599999,353411.4191222,1605,45.90591,177615.0976714,0
2021-08-21 11:00:00,3879.08,3882.68,3770.0,3822.47,161.47701,1629545399999,616419.2016161999,2482,60.45591999999999,231095.208909,0
2021-08-21 11:30:00,3822.47,3850.62,3818.69,3848.33,79.44821,1629547199999,305014.3864064,1342,48.04134000000001,184459.76152960001,0
2021-08-21 12:00:00,3848.33,3910.0,3841.69,3899.04,233.95666,1629548999999,909003.5250450001,3189,159.85128,621216.3923322,0
2021-08-21 12:30:00,3898.93,3914.8,3877.71,3913.7,112.79368000000001,1629550799999,439779.4877413,2301,58.92471,229652.43386999998,0
2021-08-21 13:00:00,3913.76,3920.0,3883.23,3917.0,123.75513000000001,1629552599999,483567.11025359994,1995,56.65198,221401.75908060002,0
2021-08-21 13:30:00,3918.64,3935.78,3917.39,3924.0,111.47063999999999,1629554399999,437715.2614023,2013,63.6751,250060.07695620004,0
2021-08-21 14:00:00,3924.0,3955.45,3896.01,3937.13,323.40189,1629556199999,1272391.7133363,4249,175.16805,689286.3074687,0
2021-08-21 14:30:00,3935.65,3956.6,3905.77,3937.53,194.03939,1629557999999,763720.2723209001,1875,73.20251999999998,287900.1746027,0
2021-08-21 15:00:00,3937.6,3951.8,3925.75,3948.98,89.71027,1629559799999,353583.95106020005,1333,42.800979999999996,168710.34195839998,0
2021-08-21 15:30:00,3949.22,3958.84,3936.02,3941.2,88.08012,1629561599999,347842.86222059996,1492,42.308,167105.5250902,0
2021-08-21 16:00:00,3941.2,3974.46,3919.66,3972.85,92.80314,1629563399999,366279.6265057,1744,45.43116,179343.5456464,0
2021-08-21 16:30:00,3972.85,3983.17,3945.74,3960.55,104.35967,1629565199999,413856.56542440003,1871,53.996759999999995,214120.75421560003,0
2021-08-21 17:00:00,3960.56,3970.76,3935.95,3945.63,107.65775,1629566999999,425671.8546376,1578,45.97728,181788.7766209,0
2021-08-21 17:30:00,3945.63,3946.21,3897.63,3933.01,118.19469,1629568799999,464275.6277533,1589,44.367259999999995,174369.72384279998,0
2021-08-21 18:00:00,3933.32,3933.33,3878.06,3897.76,112.44635,1629570599999,438745.1001844,1759,40.77451,159087.29957429998,0
2021-08-21 18:30:00,3897.77,3932.1,3885.29,3929.11,88.81453,1629572399999,347148.0754414,1352,43.36036,169601.3769842,0
2021-08-21 19:00:00,3929.06,3936.14,3869.99,3897.03,92.15186,1629574199999,360222.1528369001,1646,52.7869,206412.0380147,0
2021-08-21 19:30:00,3895.35,3914.16,3873.58,3888.41,76.48769,1629575999999,297922.1294412,1396,33.48205,130460.7930075,0
2021-08-21 20:00:00,3892.62,3909.5,3878.0,3890.7,81.3335,1629577799999,316500.626406,1303,42.726859999999995,166264.474588,0
2021-08-21 20:30:00,3890.7,3911.84,3881.87,3890.7,58.83586999999999,1629579599999,229486.85560889996,897,32.97983,128609.7591296,0
2021-08-21 21:00:00,3890.01,3912.77,3877.43,3906.13,61.480669999999996,1629581399999,239417.2656912,755,38.63892,150532.790894,0
2021-08-21 21:30:00,3905.99,3951.82,3905.26,3947.53,58.39431999999999,1629583199999,229560.4814811,1022,39.4081,155019.7939154,0
2021-08-21 22:00:00,3948.7,3958.32,3936.43,3943.82,53.55845,1629584999999,211391.7510936,560,33.26317,131300.8074753,0
2021-08-21 22:30:00,3945.24,3946.41,3898.18,3930.25,29.246190000000002,1629586799999,114727.28647489999,608,17.66095,69290.4891252,0
2021-08-21 23:00:00,3932.17,3937.65,3892.47,3898.99,26.774829999999998,1629588599999,104837.4037253,474,11.291269999999999,44202.2331749,0
2021-08-21 23:30:00,3901.74,3905.66,3864.14,3870.29,16.79044,1629590399999,65175.102727499994,486,5.9048099999999994,22927.7529355,0
2021-08-22 00:00:00,3870.62,3883.79,3846.09,3878.75,104.41954,1629592199999,403398.13177740003,1685,34.045559999999995,131538.0748939,0
2021-08-22 00:30:00,3878.77,3887.54,3847.35,3874.36,37.036809999999996,1629593999999,143249.69248379994,560,12.20123,47168.9445693,0
2021-08-22 01:00:00,3871.6,3875.96,3855.46,3865.94,21.10254,1629595799999,81567.78968110001,474,8.6126,33291.5106783,0
2021-08-22 01:30:00,3869.85,3872.51,3841.8,3850.83,107.84165,1629597599999,416012.4884775,1090,46.909240000000004,181040.2251184,0
2021-08-22 02:00:00,3849.63,3849.63,3823.76,3826.63,50.20001,1629599399999,192381.7564625,893,14.0936,54012.268713,0
2021-08-22 02:30:00,3829.02,3840.08,3812.1,3818.79,69.84314,1629601199999,267218.1496836,1004,26.534990000000004,101561.58818060001,0
2021-08-22 03:00:00,3814.93,3845.52,3801.5,3805.81,47.95244,1629602999999,183320.7541924,607,23.84462000000001,91193.65820030001,0
2021-08-22 03:30:00,3805.81,3836.4,3796.06,3829.55,35.22583,1629604799999,134351.1345876,393,20.23957,77216.55942050001,0
2021-08-22 04:00:00,3822.92,3846.32,3822.92,3842.89,40.35344,1629606599999,154926.0435079,347,27.058090000000004,103899.0164159,0
2021-08-22 04:30:00,3843.15,3844.91,3826.14,3841.81,10.44183,1629608399999,40038.7071763,232,5.33129,20453.6371445,0
2021-08-22 05:00:00,3843.26,3852.94,3831.22,3836.77,33.1109,1629610199999,127184.0665036,407,21.57473,82828.77488,0
2021-08-22 05:30:00,3833.61,3841.16,3831.41,3835.4,11.5859,1629611999999,44431.67070259999,145,5.19691,19940.1043522,0
2021-08-22 06:00:00,3832.51,3847.41,3830.36,3839.3,20.91639,1629613799999,80313.1231368,264,13.17201,50577.1694073,0
2021-08-22 06:30:00,3839.65,3860.98,3839.18,3849.08,11.87257,1629615599999,45722.9979219,254,4.71382,18161.238467900002,0
2021-08-22 07:00:00,3851.23,3861.87,3850.01,3855.07,17.170939999999998,1629617399999,66198.85296,323,8.43897,32542.2161893,0
2021-08-22 07:30:00,3853.79,3860.94,3847.77,3858.26,19.8008,1629619199999,76308.826191,288,11.49658,44307.0399709,0
2021-08-22 08:00:00,3860.39,3869.34,3826.63,3841.33,17.342760000000002,1629620999999,66770.812776,323,8.88645,34191.0584397,0
2021-08-22 08:30:00,3836.13,3856.3,3831.91,3838.44,9.21232,1629622799999,35437.750443699995,218,3.56165,13697.719575799998,0
2021-08-22 09:00:00,3842.63,3863.0,3841.34,3857.7,20.05421,1629624599999,77301.77216989997,362,11.41456,43999.2692468,0
2021-08-22 09:30:00,3855.04,3872.17,3851.41,3863.93,30.86753,1629626399999,119237.28747839999,436,15.835020000000002,61169.4476369,0
2021-08-22 10:00:00,3865.15,3871.67,3845.2,3849.88,45.54154000000001,1629628199999,175642.6859948,462,27.373929999999998,105624.4293469,0
2021-08-22 10:30:00,3850.84,3857.61,3832.02,3837.13,18.70726,1629629999999,71929.22459279999,346,7.124510000000001,27380.867265599994,0
2021-08-22 11:00:00,3839.83,3855.4,3831.38,3842.33,26.212239999999998,1629631799999,100734.81531910002,372,12.074160000000001,46405.0809131,0
2021-08-22 11:30:00,3845.74,3854.05,3837.53,3848.35,21.62741,1629633599999,83207.29966260001,362,10.57377,40687.8253999,0
2021-08-22 12:00:00,3848.55,3860.65,3813.57,3825.44,39.50869,1629635399999,151213.7737582,446,16.439020000000006,62921.2713589,0
2021-08-22 12:30:00,3822.53,3829.2,3807.39,3813.74,53.49111,1629637199999,204294.5692286,481,23.22683,88744.80582260001,0
2021-08-22 13:00:00,3811.77,3816.03,3780.32,3813.64,52.61233000000001,1629638999999,199930.0867124,664,22.38189,85104.66469510001,0
2021-08-22 13:30:00,3813.32,3817.4,3779.53,3803.03,47.92383,1629640799999,181923.8767366,452,22.76168,86334.66285,0
2021-08-22 14:00:00,3801.02,3811.99,3792.97,3796.57,32.90405,1629642599999,125081.1885277,279,7.1509,27188.4778456,0
2021-08-22 14:30:00,3796.85,3799.23,3723.67,3729.07,96.76469,1629644399999,363319.71102550003,1412,38.03429000000001,142980.948407,0
2021-08-22 15:00:00,3729.45,3749.81,3710.14,3743.7,76.64075,1629646199999,285754.7232908,951,36.264340000000004,135128.9419012,0
2021-08-22 15:30:00,3744.06,3761.67,3740.82,3761.67,27.31578,1629647999999,102590.882602,330,16.83936,63262.3968262,0
2021-08-22 16:00:00,3761.4,3762.72,3715.98,3760.62,53.83993,1629649799999,201253.0790303,472,22.1005,82750.11453939999,0
2021-08-22 16:30:00,3760.17,3779.46,3732.0,3737.02,37.98445,1629651599999,142508.4837928,434,23.13156,86802.266808,0
2021-08-22 17:00:00,3735.1,3758.57,3723.97,3733.52,32.90197,1629653399999,123055.5579348,339,17.6342,65950.08497869999,0
2021-08-22 17:30:00,3736.53,3746.83,3721.98,3737.01,15.36382,1629655199999,57336.757427900004,237,7.5571,28202.173688599996,0
2021-08-22 18:00:00,3734.46,3734.46,3692.73,3711.82,53.86695,1629656999999,199759.43746520003,656,21.85759,81074.489426,0
2021-08-22 18:30:00,3708.41,3727.3,3706.58,3718.86,15.17254,1629658799999,56435.6276947,192,5.73594,21346.677495099997,0
2021-08-22 19:00:00,3716.27,3754.37,3712.21,3746.78,21.0487,1629660599999,78649.4690797,380,11.30112,42257.291678400004,0
2021-08-22 19:30:00,3748.32,3764.19,3739.33,3759.22,15.660229999999999,1629662399999,58721.33876919999,223,8.1523,30572.9809315,0
2021-08-22 20:00:00,3756.65,3756.65,3715.01,3721.06,21.23166,1629664199999,79159.3983572,268,11.16426,41631.5535554,0
2021-08-22 20:30:00,3722.73,3724.07,3698.43,3718.19,33.57416,1629665999999,124601.89949400001,364,18.097189999999998,67151.6322826,0
2021-08-22 21:00:00,3714.14,3727.34,3699.7,3711.69,9.276069999999999,1629667799999,34486.2505799,146,5.13044,19077.707091999997,0
2021-08-22 21:30:00,3714.93,3744.35,3714.56,3738.01,22.36542,1629669599999,83482.00933069999,169,11.21188,41856.2135417,0
2021-08-22 22:00:00,3737.0,3758.99,3722.0,3751.41,22.43049,1629671399999,84006.35347439999,241,14.673520000000002,54968.46756619999,0
2021-08-22 22:30:00,3753.44,3780.75,3749.89,3780.73,24.37437000000001,1629673199999,91779.999129,269,17.229979999999998,64924.9692488,0
2021-08-22 23:00:00,3780.71,3810.27,3773.27,3810.27,28.92654000000001,1629674999999,109745.86108280001,422,19.41274,73662.79489360003,0
2021-08-22 23:30:00,3810.27,3815.33,3796.71,3806.04,17.653660000000006,1629676799999,67221.7685056,311,9.30311,35435.234333099994,0
2021-08-23 00:00:00,3802.81,3822.93,3802.81,3816.99,21.36355,1629678599999,81499.358626,315,11.42952,43611.82977819999,0
2021-08-23 00:30:00,3817.01,3830.78,3788.42,3825.99,39.52805,1629680399999,150865.9967442,488,22.673579999999998,86519.2489889,0
2021-08-23 01:00:00,3831.33,3847.78,3820.71,3843.05,18.11584,1629682199999,69486.111711,363,11.11565,42641.3478445,0
2021-08-23 01:30:00,3844.14,3869.17,3835.66,3865.77,51.41294,1629683999999,198064.99197529998,736,27.069979999999997,104302.8984587,0
2021-08-23 02:00:00,3865.69,3917.8,3863.46,3908.73,248.39435,1629685799999,967390.9210796,3754,175.10748999999996,682006.5771466999,0
2021-08-23 02:30:00,3907.58,3935.45,3875.98,3910.86,129.12921,1629687599999,504211.0058136,2107,58.163819999999994,227332.4729624,0
2021-08-23 03:00:00,3910.87,3973.69,3910.87,3921.19,112.25465,1629689399999,443308.3744325,2419,54.918569999999995,216922.99380149998,0
2021-08-23 03:30:00,3925.43,3959.87,3921.54,3957.63,45.13615,1629691199999,178064.2735342,525,20.68846,81651.7562544,0
2021-08-23 04:00:00,3959.88,3982.52,3957.63,3968.75,49.43112,1629692999999,196361.2747046,1079,23.29415,92548.5754239,0
2021-08-23 04:30:00,3968.15,3978.75,3957.02,3975.17,20.33352,1629694799999,80669.5692125,367,9.20795,36538.926128600004,0
2021-08-23 05:00:00,3978.76,3982.53,3957.72,3981.15,25.86049,1629696599999,102690.6251421,439,13.34034,53011.995740599996,0
2021-08-23 05:30:00,3979.72,3984.38,3957.03,3960.23,34.45636,1629698399999,136851.6545313,614,19.034129999999998,75563.4151316,0
2021-08-23 06:00:00,3963.94,3980.28,3952.64,3956.27,48.74877,1629700199999,193264.8476546,506,32.23257,127785.1813846,0
2021-08-23 06:30:00,3960.05,3975.6,3956.66,3970.91,21.663,1629701999999,85971.6763312,569,11.55906,45885.4495139,0
2021-08-23 07:00:00,3971.98,3987.65,3962.56,3965.56,49.04716,1629703799999,195104.0474858,659,35.85895,142644.3981161,0
2021-08-23 07:30:00,3961.72,3974.66,3961.72,3966.89,38.62184,1629705599999,153246.6326629,514,24.060589999999998,95469.9349338,0
2021-08-23 08:00:00,3968.36,3995.13,3964.6,3988.16,70.02154,1629707399999,278881.6740844001,1241,47.072070000000004,187513.20272610002,0
2021-08-23 08:30:00,3988.16,3999.0,3974.21,3994.85,49.39533,1629709199999,197166.08014970002,1263,31.39167,125325.52822620001,0
2021-08-23 09:00:00,3994.94,3999.0,3986.79,3995.66,21.83164,1629710999999,87219.378595,425,15.17922,60652.961336399996,0
2021-08-23 09:30:00,3995.72,3999.0,3991.44,3993.04,19.81598,1629712799999,79180.274049,418,12.16646,48629.989815099994,0
2021-08-23 10:00:00,3992.83,3999.0,3956.0,3993.31,64.30913000000001,1629714599999,256167.0734462,840,36.58578,145805.7186894,0
2021-08-23 10:30:00,3993.32,3999.0,3952.87,3961.18,25.84696,1629716399999,102738.19281000001,551,10.24418,40772.3426681,0
2021-08-23 11:00:00,3960.01,3976.59,3945.17,3965.36,24.36467,1629718199999,96466.8366772,516,10.96384,43433.865139199996,0
2021-08-23 11:30:00,3965.45,3988.76,3962.51,3983.75,24.92399,1629719999999,99132.1174246,402,9.78313,38934.9781141,0
2021-08-23 12:00:00,3984.83,3997.62,3979.05,3995.44,28.661170000000002,1629721799999,114457.1383227,508,17.2364,68858.2575775,0
2021-08-23 12:30:00,3992.37,3998.16,3975.0,3983.09,20.3983,1629723599999,81280.24186339999,302,10.12296,40336.2829969,0
2021-08-23 13:00:00,3978.46,3993.15,3939.67,3959.99,62.27115,1629725399999,246712.9839144,848,28.37482,112391.35350750001,0
2021-08-23 13:30:00,3957.89,3982.55,3955.21,3974.41,21.62742,1629727199999,85970.4104275,306,5.5392800000000015,22010.8707117,0
2021-08-23 14:00:00,3970.58,4015.47,3968.8,3992.57,89.12063,1629728999999,356367.490201,1428,60.69314,242687.7634572,0
2021-08-23 14:30:00,3996.16,3996.99,3917.93,3928.59,135.68421999999998,1629730799999,535263.2117757,1354,42.37815,167163.6044386,0
2021-08-23 15:00:00,3930.24,3976.24,3920.0,3948.38,76.30165,1629732599999,301370.3824215,735,39.30624,155403.3979066,0
2021-08-23 15:30:00,3951.72,3965.43,3914.65,3938.44,42.84655,1629734399999,168822.8453991,439,19.40237,76463.5198707,0
2021-08-23 16:00:00,3937.29,3940.0,3902.43,3925.16,74.35835,1629736199999,291008.8979269,953,29.62408,115953.0099467,0
2021-08-23 16:30:00,3919.57,3946.67,3904.91,3943.5,37.98111,1629737999999,149067.15238820002,450,18.94368,74362.2116673,0
2021-08-23 17:00:00,3939.98,3956.18,3927.32,3950.02,53.5686,1629739799999,211040.5505821,841,27.974290000000003,110191.59252810001,0
2021-08-23 17:30:00,3948.96,3963.2,3940.41,3944.95,28.09194,1629741599999,110980.33276360002,575,16.61231,65641.0066941,0
2021-08-23 18:00:00,3942.02,3956.81,3928.13,3952.3,25.16781,1629743399999,99289.28045189999,302,12.30509,48549.1152079,0
2021-08-23 18:30:00,3949.93,3952.49,3930.23,3931.04,12.820789999999999,1629745199999,50525.12062900001,197,5.77261,22761.772447599997,0
2021-08-23 19:00:00,3930.0,3930.6,3887.2,3900.01,34.68884,1629746999999,135394.8270112,527,16.171310000000002,63154.077486099995,0
2021-08-23 19:30:00,3897.02,3905.63,3880.64,3882.31,41.50125,1629748799999,161564.93739120002,431,18.19814,70860.05808189999,0
2021-08-23 20:00:00,3884.97,3884.97,3840.23,3858.32,138.20426,1629750599999,533052.5752048,2463,54.64504,210797.4318085,0
2021-08-23 20:30:00,3857.31,3893.92,3851.27,3893.92,74.02554,1629752399999,286461.3568718,861,23.53416,91111.8723912,0
2021-08-23 21:00:00,3893.92,3902.35,3885.8,3890.16,18.098329999999997,1629754199999,70478.79511970001,307,12.14265,47285.458169699996,0
2021-08-23 21:30:00,3890.31,3896.61,3877.46,3882.77,18.48214,1629755999999,71818.80674269999,678,9.12049,35433.4379861,0
2021-08-23 22:00:00,3879.09,3889.04,3873.19,3884.69,18.53155,1629757799999,71926.24596,269,9.79416,38029.70287240001,0
2021-08-23 22:30:00,3886.66,3896.06,3879.34,3890.31,12.40702,1629759599999,48225.877114099996,212,5.90144,22944.986378499998,0
2021-08-23 23:00:00,3888.39,3893.14,3872.58,3887.25,18.02294,1629761399999,70042.71444610001,257,8.64573,33601.9246138,0
2021-08-23 23:30:00,3891.05,3892.15,3865.89,3879.05,9.86155,1629763199999,38228.8067161,154,6.39579,24789.7224851,0
2021-08-24 00:00:00,3877.6,3897.66,3861.93,3882.0,32.35178,1629764999999,125651.3832214,329,11.37242,44227.13826080001,0
2021-08-24 00:30:00,3877.0,3879.33,3813.4,3848.11,103.26419,1629766799999,396434.06871220004,1245,42.0271,161371.8736706,0
2021-08-24 01:00:00,3848.13,3851.01,3806.25,3840.49,54.56458000000001,1629768599999,208775.6915934,789,18.077360000000002,69166.7945685,0
2021-08-24 01:30:00,3841.75,3857.09,3835.85,3838.53,16.48285,1629770399999,63431.913646099994,198,5.26529,20273.2589517,0
2021-08-24 02:00:00,3835.37,3871.89,3829.0,3870.39,33.13885,1629772199999,127571.98678299999,301,22.60211,87040.3755666,0
2021-08-24 02:30:00,3864.97,3869.67,3850.14,3861.56,23.02157,1629773999999,88878.3074124,249,14.67697,56676.81384069999,0
2021-08-24 03:00:00,3864.67,3906.6,3864.02,3893.38,74.26787,1629775799999,288793.8454473,833,51.21288,199075.02309029998,0
2021-08-24 03:30:00,3890.95,3903.65,3889.12,3900.16,22.32723,1629777599999,87013.71656900001,293,16.93712,66013.88871510001,0
2021-08-24 04:00:00,3895.71,3898.95,3857.94,3864.86,25.967979999999997,1629779399999,100673.5188509,345,13.72456,53179.9591454,0
2021-08-24 04:30:00,3864.72,3879.99,3859.93,3864.29,143.79546000000005,1629781199999,556330.1693239,1234,90.69706,350919.2972585,0
2021-08-24 05:00:00,3862.89,3869.89,3835.26,3836.36,178.13539,1629782999999,685712.6898824,1145,92.72076,356947.69163009996,0
2021-08-24 05:30:00,3836.36,3844.32,3818.14,3821.47,131.9529,1629784799999,505500.396658,964,85.74876,328593.211516,0
2021-08-24 06:00:00,3823.19,3826.91,3808.0,3813.04,139.38721,1629786599999,531900.7002944,1066,81.89313,312544.42038840003,0
2021-08-24 06:30:00,3811.8,3837.9,3811.43,3836.12,129.61873,1629788399999,495406.2461077,942,87.00607,332494.2433593,0
2021-08-24 07:00:00,3837.63,3844.83,3822.7,3839.81,93.96444,1629790199999,360100.7004306,749,36.94807,141690.78589189998,0
2021-08-24 07:30:00,3842.43,3856.04,3835.0,3856.04,34.2949,1629791999999,131854.8302196,615,17.28564,66482.9255773,0
2021-08-24 08:00:00,3855.46,3859.27,3835.27,3840.36,65.12061,1629793799999,250594.73017929998,737,38.551520000000004,148359.2535157,0
2021-08-24 08:30:00,3840.69,3856.07,3840.69,3843.33,25.76975,1629795599999,99203.7325359,370,13.5271,52076.2351583,0
2021-08-24 09:00:00,3843.14,3847.49,3813.08,3820.05,78.95161999999998,1629797399999,302389.9670934,844,41.20086,157762.8921494,0
2021-08-24 09:30:00,3820.04,3837.78,3816.9,3828.85,33.9725,1629799199999,130051.2491299,339,15.85931,60716.3245158,0
2021-08-24 10:00:00,3832.81,3868.08,3830.97,3840.85,88.03367,1629800999999,339311.67317340005,1345,67.52389000000001,260252.76675570002,0
2021-08-24 10:30:00,3842.95,3845.36,3813.25,3813.25,57.835190000000004,1629802799999,221093.76848710002,560,32.00711,122369.94676189999,0
2021-08-24 11:00:00,3815.99,3832.15,3806.76,3832.15,45.49222,1629804599999,173615.8948911,585,15.05625,57498.51064659999,0
2021-08-24 11:30:00,3830.44,3846.37,3827.03,3846.37,32.04661,1629806399999,122848.7854263,256,15.300360000000001,58674.6574166,0
2021-08-24 12:00:00,3841.84,3844.76,3791.4,3797.93,46.02079000000001,1629808199999,175398.00032129994,687,16.8723,64292.553500199996,0
2021-08-24 12:30:00,3794.68,3808.97,3777.43,3805.43,44.09919,1629809999999,167323.8418688,657,15.77258,59839.862024300004,0
2021-08-24 13:00:00,3804.17,3809.91,3760.68,3760.68,67.75369,1629811799999,256177.6971599,1288,24.54722000000001,92862.77740369999,0
2021-08-24 13:30:00,3760.68,3766.21,3721.97,3755.03,117.14272,1629813599999,438705.42195059994,2024,45.62911,170926.73632429994,0
2021-08-24 14:00:00,3751.92,3752.6,3684.03,3707.98,169.01727,1629815399999,627208.5441434,1987,54.0584,200582.16979040002,0
2021-08-24 14:30:00,3708.3,3746.71,3707.52,3715.12,48.0835,1629817199999,179337.95018679995,704,21.937910000000002,81831.16508250001,0
2021-08-24 15:00:00,3712.71,3727.94,3690.59,3727.94,62.1591,1629818999999,230366.94304060002,717,33.26727,123272.73786749999,0
2021-08-24 15:30:00,3727.05,3727.05,3658.35,3672.41,94.79324,1629820799999,349521.7104712,912,39.881479999999996,147029.135776,0
2021-08-24 16:00:00,3677.5,3681.28,3592.67,3653.19,185.06508,1629822599999,671303.6944375,2072,73.83091,267988.0379078,0
2021-08-24 16:30:00,3655.29,3681.27,3621.6,3633.04,48.23638,1629824399999,176323.1530338,667,32.47072,118649.5198592,0
2021-08-24 17:00:00,3626.99,3686.53,3617.42,3677.03,26.59814,1629826199999,97400.75008239999,354,15.26937,55926.949810699996,0
2021-08-24 17:30:00,3679.07,3680.7,3655.52,3659.63,17.72302,1629827999999,64960.60455800001,254,8.33735,30555.7613907,0
2021-08-24 18:00:00,3655.76,3689.59,3638.68,3672.97,35.35024,1629829799999,129729.9851338,434,21.0821,77436.471466,0
2021-08-24 18:30:00,3667.19,3693.18,3650.0,3688.95,26.0583,1629831599999,95708.4177413,291,12.15836,44674.54826530001,0
2021-08-24 19:00:00,3686.89,3698.69,3665.41,3665.41,35.782579999999996,1629833399999,131776.00746370002,341,22.00337,81030.1739669,0
2021-08-24 19:30:00,3667.47,3746.84,3660.11,3741.32,62.65237,1629835199999,232438.2880163,676,36.7374,136487.6184254,0
2021-08-24 20:00:00,3738.25,3739.39,3700.15,3734.55,47.58204,1629836999999,177135.7546191,438,25.70174,95686.6002352,0
2021-08-24 20:30:00,3731.92,3749.59,3731.74,3742.56,16.38948,1629838799999,61278.9622056,260,10.88015,40675.798372900004,0
2021-08-24 21:00:00,3744.05,3753.14,3701.57,3706.11,35.76356,1629840599999,133470.85653800002,428,27.35815,102096.39350399999,0
2021-08-24 21:30:00,3706.14,3707.73,3661.46,3685.15,23.49721,1629842399999,86532.78554930001,425,9.86682,36348.2526883,0
2021-08-24 22:00:00,3683.83,3716.21,3675.82,3706.76,17.724729999999994,1629844199999,65501.07621830001,191,5.68535,21037.0042379,0
2021-08-24 22:30:00,3706.81,3712.39,3687.68,3706.51,11.08767,1629845999999,41018.1988713,138,6.10994,22603.157938900004,0
2021-08-24 23:00:00,3708.92,3719.76,3668.76,3670.25,28.05136,1629847799999,103622.62325519999,242,12.15449,44888.771596599996,0
2021-08-24 23:30:00,3670.39,3678.82,3616.81,3628.65,43.006190000000004,1629849599999,156607.7621476,476,12.35805,45004.467992699996,0
2021-08-25 00:00:00,3629.22,3684.83,3625.0,3647.62,30.54573,1629851399999,111464.44212060001,436,13.278170000000001,48447.36464840001,0
2021-08-25 00:30:00,3647.63,3696.92,3644.82,3685.76,12.56097,1629853199999,46065.451947099995,192,5.98631,21977.3302278,0
2021-08-25 01:00:00,3685.51,3685.51,3637.52,3644.9,29.429990000000004,1629854999999,107631.7005203,285,11.51416,42077.84194280001,0
2021-08-25 01:30:00,3647.64,3716.48,3644.92,3712.26,33.57837,1629856799999,123742.02795339999,328,24.40111,89976.7684464,0
2021-08-25 02:00:00,3712.6,3720.82,3704.88,3716.34,43.931129999999996,1629858599999,163146.8125228,346,30.318,112590.21994709999,0
2021-08-25 02:30:00,3718.12,3738.49,3718.01,3725.94,33.6847,1629860399999,125633.98567620001,330,17.87678,66672.6454908,0
2021-08-25 03:00:00,3725.94,3729.49,3705.61,3719.99,15.52251,1629862199999,57716.706590999995,324,9.33174,34700.684156300005,0
2021-08-25 03:30:00,3719.77,3723.61,3651.62,3657.69,25.6175,1629863999999,94215.3335842,326,13.11325,48206.0256491,0
2021-08-25 04:00:00,3654.49,3694.88,3646.16,3647.17,32.11489,1629865799999,118084.6752711,290,12.9818,47742.853119,0
2021-08-25 04:30:00,3644.43,3667.43,3639.39,3647.26,16.09927,1629867599999,58784.01001669999,182,8.36623,30552.270117199998,0
2021-08-25 05:00:00,3650.11,3688.91,3650.11,3681.82,7.49326,1629869399999,27474.669156299995,193,5.22065,19138.481816599997,0
2021-08-25 05:30:00,3682.8,3721.33,3682.8,3720.96,10.28375,1629871199999,38135.956727699995,173,4.7148400000000015,17507.440270599996,0
2021-08-25 06:00:00,3724.42,3735.65,3705.85,3727.98,32.60136,1629872999999,121234.79456860002,370,13.93389,51851.6588392,0
2021-08-25 06:30:00,3729.31,3751.73,3714.37,3714.37,38.62108,1629874799999,144344.3652563,484,19.86026,74192.52259430001,0
2021-08-25 07:00:00,3716.18,3730.25,3715.81,3718.02,34.44979,1629876599999,128233.8157223,320,23.75804,88443.5405854,0
2021-08-25 07:30:00,3717.79,3720.42,3669.74,3692.17,47.11465,1629878399999,173949.8315157,536,16.680139999999998,61500.792218099996,0
2021-08-25 08:00:00,3690.85,3692.8,3646.34,3646.34,42.5014,1629880199999,155935.27459040002,494,18.64893,68462.7704236,0
2021-08-25 08:30:00,3646.45,3649.39,3540.51,3540.51,265.93755,1629881999999,954376.6788806999,2724,96.63728,346888.4257495,0
2021-08-25 09:00:00,3541.59,3589.93,3507.86,3510.86,198.33778,1629883799999,702891.3867781,1720,93.19261,330085.5537704001,0
2021-08-25 09:30:00,3507.93,3534.01,3493.69,3502.53,52.21329,1629885599999,183057.4478436,619,29.3893,103099.19591289999,0
2021-08-25 10:00:00,3497.84,3549.46,3495.64,3544.39,33.83988,1629887399999,119243.638269,391,17.16684,60428.74756340001,0
2021-08-25 10:30:00,3544.38,3573.74,3536.68,3553.42,28.478790000000004,1629889199999,101327.52433,279,11.26896,40103.31680540001,0
2021-08-25 11:00:00,3555.87,3575.3,3548.24,3569.13,64.1476,1629890999999,228315.3479348,580,36.313179999999996,129277.4170924,0
2021-08-25 11:30:00,3569.1,3604.5,3569.04,3595.79,44.00076,1629892799999,157848.54893760002,473,27.69067,99337.8743626,0
2021-08-25 12:00:00,3594.7,3611.13,3566.4,3607.16,31.906290000000002,1629894599999,114629.6903352,389,20.49371,73639.2263375,0
2021-08-25 12:30:00,3607.04,3630.64,3590.85,3629.3,21.35921,1629896399999,77115.266578,296,10.83291,39103.0535817,0
2021-08-25 13:00:00,3630.81,3635.4,3608.91,3634.17,28.668329999999997,1629898199999,103984.9553283,367,16.979029999999998,61577.9303744,0
2021-08-25 13:30:00,3632.2,3634.05,3593.75,3600.11,28.826729999999998,1629899999999,104141.4781883,328,14.82971,53559.554961199996,0
2021-08-25 14:00:00,3599.24,3640.13,3557.7,3618.27,67.40404000000001,1629901799999,242458.0489723,698,35.34785,127162.2676361,0
2021-08-25 14:30:00,3621.6,3664.54,3617.91,3657.04,43.4916,1629903599999,158529.7564135,581,20.562079999999998,74954.1674147,0
2021-08-25 15:00:00,3658.15,3675.55,3646.73,3663.9,37.127520000000004,1629905399999,136006.2854819,319,20.643179999999997,75628.0226296,0
2021-08-25 15:30:00,3663.9,3701.11,3649.2,3696.12,31.896490000000004,1629907199999,117146.14775339999,490,18.40825,67638.4537916,0
2021-08-25 16:00:00,3694.04,3703.83,3685.03,3692.36,30.32265,1629908999999,112008.5664349,348,17.418229999999998,64348.721816900004,0
2021-08-25 16:30:00,3696.0,3704.39,3690.05,3701.15,27.001920000000002,1629910799999,99866.74401830001,371,16.73095,61876.456988,0
2021-08-25 17:00:00,3699.06,3729.99,3683.37,3711.92,129.76221999999999,1629912599999,481686.065978,1451,86.39291,320801.1835775,0
2021-08-25 17:30:00,3712.99,3747.6,3702.31,3728.9,72.5456,1629914399999,270514.1258685,971,50.57262,188637.8402496,0
2021-08-25 18:00:00,3730.87,3733.08,3707.33,3712.29,18.69349,1629916199999,69520.72818060001,228,8.30016,30875.373196900004,0
2021-08-25 18:30:00,3711.42,3726.34,3708.67,3712.73,5.4972,1629917999999,20434.3710327,122,1.42994,5319.557989600001,0
2021-08-25 19:00:00,3717.61,3724.81,3683.31,3695.8,33.24057,1629919799999,123121.4895171,434,6.05614,22438.0266969,0
2021-08-25 19:30:00,3694.72,3704.38,3666.66,3673.52,31.6048,1629921599999,116606.5417118,371,13.845120000000001,51090.54728469999,0
2021-08-25 20:00:00,3677.7,3711.28,3677.7,3694.79,21.1582,1629923399999,78255.47544349999,227,8.20003,30323.241606200005,0
2021-08-25 20:30:00,3695.24,3695.77,3665.0,3675.9,11.49365,1629925199999,42294.84107890001,162,5.3265,19619.3970123,0
2021-08-25 21:00:00,3678.08,3695.77,3671.85,3672.87,11.08642,1629926999999,40845.47795959999,144,7.70632,28402.1112737,0
2021-08-25 21:30:00,3675.66,3697.44,3674.8,3697.44,15.52297,1629928799999,57205.39051030001,174,6.12959,22599.9068037,0
2021-08-25 22:00:00,3697.4,3714.96,3674.57,3678.06,11.85027,1629930599999,43805.8167773,203,5.45176,20164.5761437,0
2021-08-25 22:30:00,3683.29,3701.38,3657.78,3672.2,51.26508,1629932399999,188290.0512144,442,19.66832,72211.3408127,0
2021-08-25 23:00:00,3671.91,3707.09,3655.67,3697.39,23.60923,1629934199999,86788.14954700001,407,14.56143,53512.2988492,0
2021-08-25 23:30:00,3700.55,3707.22,3691.49,3700.68,11.566419999999999,1629935999999,42790.1642365,192,7.87552,29141.8265038,0
2021-08-26 00:00:00,3701.36,3712.6,3667.27,3698.9,41.756859999999996,1629937799999,154102.86044229998,535,27.613220000000002,101894.7900969,0
2021-08-26 00:30:00,3697.89,3742.06,3690.82,3733.87,55.897830000000006,1629939599999,208319.26326020004,537,35.1544,131031.77181749999,0
2021-08-26 01:00:00,3735.41,3738.59,3705.35,3720.04,35.84755,1629941399999,133359.43133310002,361,21.7592,80924.285047,0
2021-08-26 01:30:00,3717.58,3718.86,3676.06,3677.13,37.38985,1629943199999,138221.1675762,340,9.88505,36533.98774719999,0
2021-08-26 02:00:00,3674.73,3697.95,3673.11,3692.0,12.65602,1629944999999,46673.7228301,206,4.36188,16082.790609200001,0
2021-08-26 02:30:00,3692.0,3695.4,3672.27,3684.02,11.97587,1629946799999,44161.4312709,142,3.5425699999999996,13060.5948479,0
2021-08-26 03:00:00,3685.5,3686.13,3584.76,3588.15,121.25532,1629948599999,440900.10099300003,1133,62.55524000000001,227960.5468924,0
2021-08-26 03:30:00,3588.14,3602.1,3570.0,3583.54,54.96321999999999,1629950399999,197112.9640599,568,19.624679999999998,70389.405507,0
2021-08-26 04:00:00,3580.65,3592.85,3560.07,3591.9,20.88662,1629952199999,74719.1393835,285,8.45543,30256.067900700004,0
2021-08-26 04:30:00,3589.73,3607.8,3584.77,3605.53,25.59372,1629953999999,92002.1079781,360,6.82113,24527.590613900004,0
2021-08-26 05:00:00,3604.47,3620.51,3572.42,3574.31,34.527879999999996,1629955799999,124489.12091689999,432,15.981689999999999,57605.572922399995,0
2021-08-26 05:30:00,3573.03,3578.36,3541.22,3558.37,46.8481,1629957599999,166772.8026841,488,17.61649,62767.9601754,0
2021-08-26 06:00:00,3552.82,3642.85,3520.77,3538.0,17.63745,1629959399999,62787.104463100004,325,10.25956,36578.069663,0
2021-08-26 06:30:00,3537.0,3552.0,3506.0,3508.0,11.750060000000001,1629961199999,41414.017482999996,281,6.2985,22205.798,0
2021-08-26 07:00:00,3507.0,3521.0,3481.0,3521.0,22.64402,1629962999999,79238.2064835,426,14.975320000000002,52426.782005,0
2021-08-26 07:30:00,3517.0,3550.0,3511.0,3519.0,24.2271,1629964799999,85383.2902,338,12.4027,43738.5397,0
2021-08-26 08:00:00,3521.0,3550.0,3506.0,3527.0,25.2138,1629966599999,89077.6429,242,10.6151,37501.0429,0
2021-08-26 08:30:00,3525.0,3565.0,3520.0,3550.0,31.2057,1629968399999,110719.8571,287,19.6416,69741.9692,0
2021-08-26 09:00:00,3550.0,3569.0,3537.0,3565.0,21.0472,1629970199999,74769.0586,236,14.1023,50130.1123,0
2021-08-26 09:30:00,3566.0,3567.0,3514.0,3517.0,41.1137,1629971999999,146116.5675,331,22.2896,79264.5354,0
2021-08-26 10:00:00,3515.0,3557.0,3503.0,3542.0,23.2651,1629973799999,82231.9077,303,13.9899,49446.7735,0
2021-08-26 10:30:00,3544.0,3570.0,3544.0,3553.0,25.5831,1629975599999,91040.3516,291,12.9646,46145.9973,0
2021-08-26 11:00:00,3558.0,3584.0,3546.0,3573.0,16.5934,1629977399999,59275.9741,291,11.4521,40916.3546,0
2021-08-26 11:30:00,3574.0,3574.0,3533.0,3533.0,26.6543,1629979199999,94705.0431,330,10.6803,37940.5179,0
2021-08-26 12:00:00,3536.0,3596.0,3479.0,3596.0,89.45919,1629980999999,316129.44529309997,809,47.4929,168237.102679,0
2021-08-26 12:30:00,3597.0,3597.0,3519.0,3536.0,88.2918,1629982799999,314609.9312,589,52.8192,188088.6576,0
2021-08-26 13:00:00,3532.0,3556.0,3515.0,3539.0,37.2825,1629984599999,131820.8578,269,21.3861,75670.9436,0
2021-08-26 13:30:00,3539.0,3567.0,3531.0,3554.0,33.5593,1629986399999,119144.8487,351,18.8328,66946.7857,0
2021-08-26 14:00:00,3555.0,3569.0,3527.0,3529.0,58.6246,1629988199999,208591.3352,662,31.1306,110731.2859,0
2021-08-26 14:30:00,3535.0,3538.0,3501.0,3503.0,64.1301,1629989999999,225838.6434,387,33.4808,117910.9149,0
2021-08-26 15:00:00,3505.0,3536.0,3493.0,3527.0,31.0125,1629991799999,109025.9202,296,9.2742,32564.4775,0
2021-08-26 15:30:00,3525.0,3526.0,3467.0,3484.0,63.9348,1629993599999,223762.8653662,644,25.4039,88897.96619179998,0
2021-08-26 16:00:00,3481.0,3508.0,3440.0,3475.0,112.77967,1629995399999,391206.2957005,877,36.30562000000001,125933.55692,0
2021-08-26 16:30:00,3470.0,3528.0,3462.0,3518.0,35.7485,1629997199999,125449.6437,406,17.1475,60128.6136,0
2021-08-26 17:00:00,3521.0,3560.0,3521.0,3542.0,27.1196,1629998999999,96192.7736,289,16.1497,57297.5286,0
2021-08-26 17:30:00,3544.0,3556.0,3536.0,3544.0,23.4824,1630000799999,83245.4899,211,15.4658,54832.0303,0
2021-08-26 18:00:00,3544.0,3552.0,3493.0,3496.0,52.8522,1630002599999,185587.3083,398,27.4085,96375.7579,0
2021-08-26 18:30:00,3502.0,3550.0,3498.0,3537.0,30.986,1630004399999,109375.3438,264,17.1369,60452.8027,0
2021-08-26 19:00:00,3537.0,3538.0,3488.0,3489.0,32.7699,1630006199999,114764.1067,322,13.92,48780.0447,0
2021-08-26 19:30:00,3494.0,3545.0,3493.0,3530.0,51.1032,1630007999999,179515.3675,261,13.4642,47291.8465,0
2021-08-26 20:00:00,3527.0,3571.0,3524.0,3560.0,35.3528,1630009799999,125571.7273,324,13.8209,49102.3554,0
2021-08-26 20:30:00,3558.0,3582.0,3558.0,3574.0,38.8285,1630011599999,138698.3739,235,28.8913,103185.7881,0
2021-08-26 21:00:00,3576.0,3607.0,3576.0,3604.0,31.7442,1630013399999,114124.39199999999,266,18.4053,66128.6983,0
2021-08-26 21:30:00,3608.0,3621.0,3595.0,3608.0,21.151,1630015199999,76317.5054,244,10.9282,39440.1959,0
2021-08-26 22:00:00,3612.0,3671.0,3592.0,3632.0,179.9539,1630016999999,653987.6009294001,1539,106.8407,388255.18492940004,0
2021-08-26 22:30:00,3632.0,3645.0,3601.0,3609.0,23.9693,1630018799999,86897.5394,250,5.0272,18230.4272,0
2021-08-26 23:00:00,3609.0,3640.0,3590.0,3633.0,42.7835,1630020599999,154212.844,329,17.7512,64002.7192,0
2021-08-26 23:30:00,3636.0,3647.0,3581.0,3586.0,36.7744,1630022399999,132862.6711,378,13.3248,48251.209,0
2021-08-27 00:00:00,3586.0,3631.0,3540.0,3565.0,92.5495,1630024199999,331141.7782,763,36.1157,129240.9893,0
2021-08-27 00:30:00,3565.0,3658.0,3542.0,3654.0,106.7253,1630025999999,384230.9837,702,60.7236,218982.4153,0
2021-08-27 01:00:00,3654.0,3693.0,3643.0,3646.0,90.5993,1630027799999,332004.6215985,961,58.5555,214561.7599985,0
2021-08-27 01:30:00,3646.0,3659.0,3603.0,3611.0,48.0875,1630029599999,174463.7952,376,17.6845,64316.2174,0
2021-08-27 02:00:00,3609.0,3639.0,3609.0,3630.0,10.7129,1630031399999,38826.6464,176,2.9426,10665.2853,0
2021-08-27 02:30:00,3632.0,3632.0,3596.0,3600.0,19.0802,1630033199999,68912.0271,213,5.8993,21308.6045,0
2021-08-27 03:00:00,3605.0,3606.0,3559.0,3559.0,32.3569,1630034999999,115931.9413,442,5.5984,20049.2235,0
2021-08-27 03:30:00,3560.0,3592.0,3557.0,3580.0,16.1736,1630036799999,57785.9378,222,8.0566,28796.3597,0
2021-08-27 04:00:00,3582.0,3601.0,3550.0,3558.0,23.5555,1630038599999,84104.1541,263,13.1001,46737.8545,0
2021-08-27 04:30:00,3559.0,3595.0,3544.0,3589.0,27.9805,1630040399999,99762.1846,403,8.5196,30432.1779,0
2021-08-27 05:00:00,3588.0,3650.0,3580.0,3641.0,52.0292,1630042199999,188779.3082,658,41.3528,150117.9488,0
2021-08-27 05:30:00,3643.0,3651.0,3632.0,3650.0,70.3391,1630043999999,256244.9678,841,56.1708,204646.1043,0
2021-08-27 06:00:00,3648.0,3658.0,3633.0,3646.0,47.2207,1630045799999,172201.3914,581,34.1957,124731.2611,0
2021-08-27 06:30:00,3646.0,3668.0,3639.0,3647.0,33.678000000000004,1630047599999,122917.4125,529,29.2326,106688.6774,0
2021-08-27 07:00:00,3645.0,3663.0,3604.0,3643.0,39.4209,1630049399999,143710.1512,472,16.9766,61885.8502,0
2021-08-27 07:30:00,3643.0,3669.0,3630.0,3668.0,21.1147,1630051199999,77119.3947,226,14.3467,52447.0839,0
2021-08-27 08:00:00,3668.0,3672.0,3640.0,3648.0,27.146,1630052999999,99289.9124,262,12.9717,47468.306,0
2021-08-27 08:30:00,3653.0,3664.0,3623.0,3632.0,13.2157,1630054799999,48128.5321,216,5.454,19843.1991,0
2021-08-27 09:00:00,3631.0,3655.0,3627.0,3642.0,32.9196,1630056599999,119797.2162,333,18.424,67012.6209,0
2021-08-27 09:30:00,3642.0,3657.0,3633.0,3634.0,20.4134,1630058399999,74356.3912,210,7.528,27418.4576,0
2021-08-27 10:00:00,3637.0,3654.0,3621.0,3623.0,24.6914,1630060199999,89912.7941,256,14.1809,51641.0837,0
2021-08-27 10:30:00,3623.0,3656.0,3622.0,3653.0,24.3819,1630061999999,88710.9975,239,11.2331,40891.2227,0
2021-08-27 11:00:00,3653.0,3681.0,3646.0,3676.0,58.2095,1630063799999,213416.1365,521,38.7496,142142.3668,0
2021-08-27 11:30:00,3679.0,3695.12,3664.0,3675.0,48.4024,1630065599999,178297.897364,489,26.3806,97196.694664,0
2021-08-27 12:00:00,3678.0,3692.0,3665.0,3672.0,27.9947,1630067399999,103047.2851,303,11.3007,41581.7797,0
2021-08-27 12:30:00,3674.0,3698.0,3661.0,3681.0,56.9745,1630069199999,209654.0755792,503,29.4605,108378.3087792,0
2021-08-27 13:00:00,3682.0,3685.0,3637.0,3657.0,36.4936,1630070999999,133384.1563,426,10.6743,39044.8707,0
2021-08-27 13:30:00,3659.0,3689.0,3657.0,3683.0,27.6782,1630072799999,101727.147,366,14.9615,55042.2631,0
2021-08-27 14:00:00,3682.0,3741.0,3670.0,3736.0,64.03844000000001,1630074599999,238300.5038593,944,30.148640000000004,112198.1756193,0
2021-08-27 14:30:00,3738.0,3751.0,3725.0,3746.0,78.75140999999998,1630076399999,294427.36754949996,924,35.13151,131385.1741495,0
2021-08-27 15:00:00,3748.0,3780.0,3747.0,3755.0,80.39027,1630078199999,302570.3003481,899,39.86937,150071.3114481,0
2021-08-27 15:30:00,3753.0,3757.0,3734.0,3751.0,26.5725,1630079999999,99571.56599999999,263,11.4657,42973.4047,0
2021-08-27 16:00:00,3754.0,3769.0,3730.0,3743.0,29.5369,1630081799999,110720.115,376,11.5106,43135.3909,0
2021-08-27 16:30:00,3739.0,3758.0,3739.0,3752.0,27.0424,1630083599999,101413.7603,223,15.8444,59428.8844,0
2021-08-27 17:00:00,3749.0,3770.0,3747.0,3770.0,17.7056,1630085399999,66627.8288,248,7.1797,27023.5436,0
2021-08-27 17:30:00,3767.0,3770.0,3750.0,3760.0,24.1195,1630087199999,90768.7346,262,12.5074,47063.3121,0
2021-08-27 18:00:00,3761.0,3765.0,3750.0,3761.0,10.0031,1630088999999,37568.3002,191,4.3443,16322.9889,0
2021-08-27 18:30:00,3764.0,3764.0,3745.0,3754.0,9.4188,1630090799999,35356.9026,156,4.3991,16508.5632,0
2021-08-27 19:00:00,3751.0,3762.0,3737.0,3737.0,25.2996,1630092599999,94772.5665,258,13.2619,49690.3492,0
2021-08-27 19:30:00,3737.0,3741.0,3719.0,3723.0,39.1667,1630094399999,146005.2307,581,13.0417,48637.1524,0
2021-08-27 20:00:00,3724.0,3772.0,3707.0,3770.0,84.5214,1630096199999,315822.2602,831,40.5921,151783.3839,0
2021-08-27 20:30:00,3774.0,3792.0,3761.0,3768.0,44.40794,1630097999999,167750.91347650002,660,21.47574,81129.8081765,0
2021-08-27 21:00:00,3768.0,3777.0,3762.0,3774.0,24.881,1630099799999,93787.377,285,13.4895,50853.1777,0
2021-08-27 21:30:00,3772.0,3784.0,3767.0,3773.0,16.3542,1630101599999,61737.5645,222,8.5663,32341.1148,0
2021-08-27 22:00:00,3773.0,3774.0,3739.0,3752.0,34.7253,1630103399999,130323.5258,432,19.7552,74101.8234,0
2021-08-27 22:30:00,3752.0,3759.0,3742.0,3754.0,18.5706,1630105199999,69649.62599999999,285,8.079,30305.1303,0
2021-08-27 23:00:00,3755.0,3769.0,3732.0,3740.0,29.513,1630106999999,110716.4829,473,9.7298,36515.4143,0
2021-08-27 23:30:00,3745.0,3757.0,3735.0,3752.0,21.7993,1630108799999,81652.8855,271,13.3161,49865.9826,0
2021-08-28 00:00:00,3751.0,3782.0,3717.0,3765.0,77.4894,1630110599999,290632.1419,963,36.6263,137468.9926,0
2021-08-28 00:30:00,3766.0,3785.0,3749.0,3750.0,34.7931,1630112399999,130912.6974,425,23.4512,88233.7878,0
2021-08-28 01:00:00,3754.0,3764.0,3717.0,3729.0,66.029,1630114199999,246446.3977,500,36.5748,136563.8244,0
2021-08-28 01:30:00,3729.0,3741.0,3723.0,3732.0,32.7109,1630115999999,122089.5385,324,22.9987,85869.3581,0
2021-08-28 02:00:00,3730.0,3734.0,3714.0,3722.0,20.7565,1630117799999,77271.1046,214,15.2227,56674.9096,0
2021-08-28 02:30:00,3722.0,3724.0,3695.0,3707.0,32.2516,1630119599999,119686.1284,445,16.9171,62740.4316,0
2021-08-28 03:00:00,3709.0,3717.0,3696.0,3713.0,31.6234,1630121399999,117298.7352,360,13.5404,50259.5646,0
2021-08-28 03:30:00,3714.0,3724.0,3692.0,3693.0,18.2646,1630123199999,67780.2336,280,8.853,32835.333,0
2021-08-28 04:00:00,3695.0,3741.0,3694.0,3715.0,102.2218,1630124999999,380250.5364,991,72.791,270879.0766,0
2021-08-28 04:30:00,3717.0,3721.0,3704.0,3706.0,22.9553,1630126799999,85191.7445,188,15.842,58799.3079,0
2021-08-28 05:00:00,3705.0,3706.0,3689.0,3697.0,25.9914,1630128599999,96124.4001,287,15.0839,55798.9127,0
2021-08-28 05:30:00,3698.0,3699.0,3674.0,3685.0,44.1239,1630130399999,162642.3412,614,18.31,67529.9473,0
2021-08-28 06:00:00,3684.0,3723.0,3658.0,3717.0,70.3259,1630132199999,259741.172,931,33.724000000000004,124760.7272,0
2021-08-28 06:30:00,3717.0,3727.0,3706.0,3712.0,31.2014,1630133999999,115952.2094,269,24.1837,89875.4512,0
2021-08-28 07:00:00,3708.0,3710.0,3685.0,3695.0,14.0644,1630135799999,51997.9647,234,9.2763,34291.2829,0
2021-08-28 07:30:00,3694.0,3696.0,3675.0,3684.0,32.5312,1630137599999,119818.9861,355,17.8147,65633.9672,0
2021-08-28 08:00:00,3687.0,3700.0,3668.0,3676.0,33.5089,1630139399999,123464.3606,397,16.9014,62327.1724,0
2021-08-28 08:30:00,3677.0,3679.0,3656.0,3659.0,90.1005,1630141199999,330385.1023,1235,36.4283,133584.0014,0
2021-08-28 09:00:00,3659.0,3677.0,3657.0,3677.0,31.4289,1630142999999,115253.4067,345,23.2221,85159.4521,0
2021-08-28 09:30:00,3672.0,3682.0,3660.0,3664.0,43.1647,1630144799999,158420.4412,462,25.2623,92724.855,0
2021-08-28 10:00:00,3666.0,3669.0,3652.0,3662.0,30.6918,1630146599999,112295.008,370,20.2369,74059.5141,0
2021-08-28 10:30:00,3662.0,3662.0,3646.0,3646.0,29.9252,1630148399999,109349.5606,383,18.5887,67947.9643,0
2021-08-28 11:00:00,3648.0,3661.0,3630.0,3635.0,51.5496,1630150199999,187889.4045,536,30.153000000000002,109926.4778,0
2021-08-28 11:30:00,3638.0,3648.0,3619.0,3629.0,56.1532,1630151999999,204049.8887,656,34.3452,124785.15400000001,0
2021-08-28 12:00:00,3629.0,3656.0,3618.0,3643.0,41.1981,1630153799999,149772.1571,404,24.8459,90382.3804,0
2021-08-28 12:30:00,3644.0,3680.0,3634.0,3668.0,26.4945,1630155599999,96985.9261,380,19.4118,71050.2121,0
2021-08-28 13:00:00,3672.0,3672.0,3635.0,3641.0,47.1782,1630157399999,172216.0498,437,32.3861,118196.1285,0
2021-08-28 13:30:00,3639.0,3652.0,3634.0,3645.0,47.3335,1630159199999,172495.1698,507,25.3075,92253.0726,0
2021-08-28 14:00:00,3644.0,3644.0,3618.0,3620.0,49.6745,1630160999999,180151.2893,554,24.0051,87075.7799,0
2021-08-28 14:30:00,3622.0,3627.0,3595.0,3622.0,61.5414,1630162799999,222269.9443,923,24.0389,86840.2391,0
2021-08-28 15:00:00,3621.0,3633.0,3602.0,3618.0,30.6964,1630164599999,111014.4682,381,15.5887,56389.6386,0
2021-08-28 15:30:00,3617.0,3641.0,3613.0,3641.0,28.8174,1630166399999,104588.7362,372,20.006,72611.7248,0
2021-08-28 16:00:00,3640.0,3664.0,3629.0,3658.0,32.5138,1630168199999,118626.506,470,17.9473,65486.4477,0
2021-08-28 16:30:00,3658.0,3662.0,3631.0,3636.0,34.2439,1630169999999,124781.0801,393,19.2042,70016.6254,0
2021-08-28 17:00:00,3636.0,3644.0,3628.0,3643.0,45.7441,1630171799999,166393.2297,550,26.6264,96867.6823,0
2021-08-28 17:30:00,3639.0,3644.0,3627.0,3631.0,31.0709,1630173599999,112930.9009,281,19.2874,70109.5916,0
2021-08-28 18:00:00,3631.0,3646.0,3627.0,3634.0,21.1793,1630175399999,77029.038,346,13.2299,48136.2378,0
2021-08-28 18:30:00,3637.0,3637.0,3614.0,3621.0,44.0715,1630177199999,159786.2896,493,19.8933,72116.0728,0
2021-08-28 19:00:00,3620.0,3621.0,3588.0,3600.0,72.3081,1630178999999,260479.1021,593,25.9001,93408.7648,0
2021-08-28 19:30:00,3598.0,3612.0,3591.0,3606.0,30.8872,1630180799999,111260.8457,256,21.889,78839.6297,0
2021-08-28 20:00:00,3603.0,3618.0,3593.0,3599.0,25.4984,1630182599999,91863.9814,363,12.6573,45562.3357,0
2021-08-28 20:30:00,3602.0,3617.0,3596.0,3612.0,25.5255,1630184399999,92107.3643,216,18.3063,66076.342,0
2021-08-28 21:00:00,3615.0,3618.0,3598.0,3607.0,19.8728,1630186199999,71679.8095,238,9.8639,35589.8779,0
2021-08-28 21:30:00,3607.0,3622.0,3605.0,3613.0,32.1414,1630187999999,116196.3234,273,20.6053,74523.8253,0
2021-08-28 22:00:00,3610.0,3617.0,3600.0,3608.0,52.2319,1630189799999,188485.5558,304,31.9538,115328.3792,0
2021-08-28 22:30:00,3608.0,3612.0,3586.0,3593.0,32.3182,1630191599999,116238.4472,224,24.4716,88019.6638,0
2021-08-28 23:00:00,3593.0,3605.0,3585.0,3587.0,18.8836,1630193399999,67849.90299999999,180,11.6451,41846.2887,0
2021-08-28 23:30:00,3589.0,3612.0,3581.0,3604.0,38.1756,1630195199999,137296.1273,433,20.4293,73458.7712,0
2021-08-29 00:00:00,3604.0,3612.0,3580.0,3608.0,70.5903,1630196999999,253790.9438,703,37.8537,136182.3916,0
2021-08-29 00:30:00,3606.0,3650.0,3605.0,3650.0,65.4504,1630198799999,237349.513,385,34.1647,124093.2096,0
2021-08-29 01:00:00,3650.0,3654.0,3623.0,3649.0,66.8606,1630200599999,243381.1263,561,37.6471,137128.3626,0
2021-08-29 01:30:00,3650.0,3653.0,3623.0,3652.0,41.8691,1630202399999,152358.8982,417,25.6991,93547.8767,0
2021-08-29 02:00:00,3653.0,3682.0,3644.0,3650.0,68.1451,1630204199999,249770.9323,1274,50.0647,183643.4185,0
2021-08-29 02:30:00,3651.0,3652.0,3576.0,3587.0,53.5825,1630205999999,193617.7121,747,23.4861,84895.6442,0
2021-08-29 03:00:00,3588.0,3589.0,3511.0,3512.0,154.4409,1630207799999,549407.7941,2496,57.0452,203111.7078,0
2021-08-29 03:30:00,3512.0,3540.0,3495.0,3505.0,107.73100000000001,1630209599999,378776.2811,1109,61.493,216224.8892,0
2021-08-29 04:00:00,3507.0,3515.0,3469.0,3515.0,98.3546,1630211399999,343756.0907,1203,51.3706,179722.5107,0
2021-08-29 04:30:00,3515.0,3520.0,3501.0,3506.0,36.8255,1630213199999,129260.2718,475,21.8128,76600.2973,0
2021-08-29 05:00:00,3508.0,3525.0,3493.0,3517.0,40.8461,1630214999999,143493.0172,537,19.167,67337.5471,0
2021-08-29 05:30:00,3519.0,3535.0,3515.0,3530.0,36.0326,1630216799999,127085.3214,307,19.6116,69147.4831,0
2021-08-29 06:00:00,3528.0,3556.0,3522.0,3551.0,35.5856,1630218599999,125797.9063,366,27.6872,97878.9256,0
2021-08-29 06:30:00,3554.0,3559.0,3530.0,3535.0,26.814,1630220399999,95156.1585,344,16.0348,56913.2316,0
2021-08-29 07:00:00,3535.0,3540.0,3526.0,3537.0,29.2533,1630222199999,103329.3506,309,17.813,62918.9045,0
2021-08-29 07:30:00,3536.0,3552.0,3525.0,3550.0,33.0786,1630223999999,116987.5009,319,22.2988,78886.8909,0
2021-08-29 08:00:00,3550.0,3571.0,3543.0,3543.0,66.2065,1630225799999,235417.8166,423,40.7598,145046.6314,0
2021-08-29 08:30:00,3542.0,3551.0,3515.0,3538.0,75.3481,1630227599999,266470.1814,481,45.6251,161365.0931,0
2021-08-29 09:00:00,3544.0,3548.0,3517.0,3524.0,38.7793,1630229399999,136955.1379,384,24.048000000000002,84943.1748,0
2021-08-29 09:30:00,3523.0,3534.0,3515.0,3533.0,33.98,1630231199999,119779.425,396,16.8121,59257.8147,0
2021-08-29 10:00:00,3533.0,3537.0,3517.0,3519.0,45.483000000000004,1630232999999,160326.7465,374,35.0675,123598.8634,0
2021-08-29 10:30:00,3521.0,3531.0,3515.0,3525.0,44.2927,1630234799999,156050.5261,404,25.1711,88686.1441,0
2021-08-29 11:00:00,3525.0,3528.0,3507.0,3520.0,46.833,1630236599999,164653.3505,467,20.0542,70515.44900000001,0
2021-08-29 11:30:00,3518.0,3520.0,3492.0,3492.0,87.0814,1630238399999,305228.9393,649,48.4965,170009.0914,0
2021-08-29 12:00:00,3494.0,3527.0,3492.0,3514.0,17.3685,1630240199999,61021.4644,234,11.0103,38660.7537,0
2021-08-29 12:30:00,3514.0,3520.0,3508.0,3511.0,33.7592,1630241999999,118587.614,245,24.8933,87453.0857,0
2021-08-29 13:00:00,3507.0,3522.0,3504.0,3517.0,37.0465,1630243799999,130244.0692,285,29.7609,104653.0807,0
2021-08-29 13:30:00,3519.0,3519.0,3507.0,3507.0,26.6924,1630245599999,93785.2971,390,16.9391,59533.3967,0
2021-08-29 14:00:00,3508.0,3530.0,3496.0,3497.0,40.5428,1630247399999,142490.3341,414,22.3836,78680.5733,0
2021-08-29 14:30:00,3500.0,3511.0,3479.0,3479.0,43.5941,1630249199999,152343.7831,483,26.1512,91434.3558,0
2021-08-29 15:00:00,3482.0,3501.0,3472.0,3495.0,30.7238,1630250999999,107183.7123,448,18.2302,63615.926,0
2021-08-29 15:30:00,3496.0,3504.0,3487.0,3495.0,41.8227,1630252799999,146221.0778,273,23.8352,83367.18400000001,0
2021-08-29 16:00:00,3494.0,3507.0,3483.0,3493.0,42.0339,1630254599999,146863.7039,562,15.8754,55429.3136,0
2021-08-29 16:30:00,3494.0,3494.0,3382.0,3422.0,898.71139,1630256399999,3066378.2444616,6146,562.51096,1918600.61135,0
2021-08-29 17:00:00,3421.0,3430.0,3409.0,3424.0,162.3803,1630258199999,555324.5033,1515,111.087,379950.7843,0
2021-08-29 17:30:00,3426.0,3442.0,3418.0,3439.0,140.7525,1630259999999,483128.5684,1427,90.3682,310272.2571,0
2021-08-29 18:00:00,3438.0,3444.0,3430.0,3442.0,59.0492,1630261799999,202951.0715,668,31.4491,108111.8599,0
2021-08-29 18:30:00,3442.0,3460.0,3435.0,3453.0,56.0595,1630263599999,193278.5299,640,39.0935,134748.9741,0
2021-08-29 19:00:00,3449.0,3477.0,3449.0,3476.0,52.8342,1630265399999,183208.5494,645,36.4526,126390.4625,0
2021-08-29 19:30:00,3476.0,3478.0,3457.0,3468.0,57.5678,1630267199999,199589.6747,414,34.2234,118694.6487,0
2021-08-29 20:00:00,3469.0,3485.0,3463.0,3484.0,29.8871,1630268999999,103818.8023,315,18.2288,63349.0338,0
2021-08-29 20:30:00,3485.0,3485.0,3467.0,3481.0,40.9829,1630270799999,142450.3372,303,17.665,61409.140999999996,0
2021-08-29 21:00:00,3481.0,3489.0,3471.0,3479.0,44.0994,1630272599999,153567.5704,381,28.1383,98005.1011,0
2021-08-29 21:30:00,3479.0,3485.0,3444.0,3483.0,65.361,1630274399999,226761.4034,620,22.7878,79161.4358,0
2021-08-29 22:00:00,3484.0,3503.0,3483.0,3497.0,23.3899,1630276199999,81754.8464,273,13.8131,48290.0547,0
2021-08-29 22:30:00,3497.0,3502.0,3477.0,3481.0,34.4227,1630277999999,120243.8121,287,16.672,58263.0218,0
2021-08-29 23:00:00,3477.0,3490.0,3458.0,3458.0,19.8842,1630279799999,69031.5162,249,8.9797,31194.0329,0
2021-08-29 23:30:00,3462.0,3468.0,3450.0,3452.0,27.1898,1630281599999,94043.5362,239,14.3121,49524.1108,0
2021-08-30 00:00:00,3453.0,3469.0,3437.0,3441.0,61.7818,1630283399999,213167.5191,410,47.3584,163344.3365,0
2021-08-30 00:30:00,3441.0,3452.0,3407.0,3410.0,51.7615,1630285199999,177556.6061,497,32.6026,111864.3825,0
2021-08-30 01:00:00,3411.0,3444.0,3411.0,3444.0,15.3691,1630286999999,52638.7277,237,10.4942,35950.9897,0
2021-08-30 01:30:00,3445.0,3456.0,3418.0,3421.0,71.5973,1630288799999,245463.89399999997,331,42.0422,144141.7291,0
2021-08-30 02:00:00,3419.0,3433.0,3410.0,3432.0,26.2051,1630290599999,89607.3414,282,13.9221,47612.8011,0
2021-08-30 02:30:00,3432.0,3433.0,3404.0,3405.0,28.8465,1630292399999,98697.0828,426,14.5207,49658.4644,0
2021-08-30 03:00:00,3407.0,3414.0,3378.0,3378.0,82.6287,1630294199999,280492.5739231,717,50.3124,170819.0288,0
2021-08-30 03:30:00,3379.0,3390.0,3338.0,3362.0,116.59971000000002,1630295999999,392224.8325376,1356,45.4809,152881.311,0
2021-08-30 04:00:00,3362.0,3384.0,3338.0,3361.0,62.1288,1630297799999,208790.9257,930,26.8432,90141.8107,0
2021-08-30 04:30:00,3360.0,3387.0,3352.0,3373.0,60.4869,1630299599999,203754.7129,599,36.3504,122421.0267,0
2021-08-30 05:00:00,3372.0,3393.0,3360.0,3383.0,30.1261,1630301399999,101702.6642,345,17.5307,59123.6465,0
2021-08-30 05:30:00,3378.0,3397.0,3376.0,3393.0,19.2236,1630303199999,65136.5841,175,7.8127,26481.3033,0
2021-08-30 06:00:00,3389.0,3393.0,3369.0,3369.0,35.5212,1630304999999,120159.1678,277,18.5734,62827.8231,0
2021-08-30 06:30:00,3369.0,3395.0,3357.0,3383.0,51.8213,1630306799999,174883.6014,376,23.7719,80272.1506,0
2021-08-30 07:00:00,3380.0,3391.0,3364.0,3390.0,43.8605,1630308599999,147996.1421,277,25.9411,87532.1986,0
2021-08-30 07:30:00,3388.0,3399.0,3378.0,3395.0,31.3498,1630310399999,106186.4407,265,12.9698,43937.5232,0
2021-08-30 08:00:00,3397.0,3402.0,3380.0,3399.0,29.3486,1630312199999,99525.633,255,12.035,40834.998999999996,0
2021-08-30 08:30:00,3402.0,3416.0,3390.0,3396.0,113.2187,1630313999999,385091.7508,538,51.2765,174371.7991,0
2021-08-30 09:00:00,3395.0,3397.0,3375.0,3392.0,38.9956,1630315799999,132062.9628,428,16.977,57512.3399,0
2021-08-30 09:30:00,3392.0,3402.0,3385.0,3392.0,28.5261,1630317599999,96811.416,284,14.5556,49424.3226,0
2021-08-30 10:00:00,3391.0,3400.0,3385.0,3392.0,25.2728,1630319399999,85719.6906,196,15.2917,51861.2466,0
2021-08-30 10:30:00,3393.0,3408.0,3388.0,3402.0,20.4297,1630321199999,69466.798,245,7.8395,26663.9925,0
2021-08-30 11:00:00,3401.0,3404.0,3371.0,3373.0,28.1556,1630322999999,95414.6462,244,9.2034,31254.9885,0
2021-08-30 11:30:00,3374.0,3391.0,3348.0,3385.0,108.73100000000001,1630324799999,366263.0062,604,45.5085,153575.2367,0
2021-08-30 12:00:00,3387.0,3388.0,3332.0,3335.0,63.1776,1630326599999,211892.3967331,728,25.1694,84462.3196,0
2021-08-30 12:30:00,3335.0,3363.0,3331.0,3339.0,56.5311,1630328399999,189210.7758,773,20.8563,69836.9762,0
2021-08-30 13:00:00,3336.0,3346.0,3307.0,3320.0,94.73748,1630330199999,315315.8190658,1098,28.871879999999997,96164.5428,0
2021-08-30 13:30:00,3322.0,3362.0,3318.0,3362.0,41.5176,1630331999999,138496.165,340,16.5078,55073.3734,0
2021-08-30 14:00:00,3360.0,3403.0,3355.0,3364.0,142.1368,1630333799999,479381.5141,876,91.3228,308164.8924,0
2021-08-30 14:30:00,3364.0,3365.0,3338.0,3343.0,28.9295,1630335599999,96950.44099999999,346,11.0045,36921.1792,0
2021-08-30 15:00:00,3343.0,3372.0,3341.0,3369.0,51.8805,1630337399999,174237.4856,452,26.9822,90547.2068,0
2021-08-30 15:30:00,3367.0,3405.0,3367.0,3403.0,45.3287,1630339199999,153818.8289,396,26.3662,89516.9607,0
2021-08-30 16:00:00,3405.0,3439.0,3401.0,3427.0,50.2254,1630340999999,172021.542,524,29.4155,100741.2475,0
2021-08-30 16:30:00,3430.0,3481.0,3427.0,3472.0,90.4733,1630342799999,312850.0056,854,54.9152,189965.6482,0
2021-08-30 17:00:00,3473.0,3482.0,3453.0,3468.0,62.6025,1630344599999,217158.1907,736,37.8541,131336.6239,0
2021-08-30 17:30:00,3468.0,3478.0,3451.0,3477.0,44.4852,1630346399999,154086.7035,463,25.9469,89904.68400000002,0
2021-08-30 18:00:00,3479.0,3481.0,3453.0,3461.0,30.6955,1630348199999,106330.9287,326,19.2914,66810.305,0
2021-08-30 18:30:00,3463.0,3476.0,3451.0,3470.0,74.6975,1630349999999,259096.151,747,28.467,98771.9171,0
2021-08-30 19:00:00,3471.0,3484.0,3458.0,3475.0,93.2404,1630351799999,323801.7651,657,50.4416,175205.0278,0
2021-08-30 19:30:00,3472.0,3509.0,3464.0,3500.0,61.0932,1630353599999,213217.7955,709,30.6222,106953.2243,0
2021-08-30 20:00:00,3499.0,3505.0,3475.0,3480.0,52.0151,1630355399999,181526.68300000002,443,26.0654,90962.8288,0
2021-08-30 20:30:00,3480.0,3492.0,3475.0,3487.0,68.38600000000001,1630357199999,238288.1365,574,29.8737,104108.7954,0
2021-08-30 21:00:00,3489.0,3492.0,3450.0,3465.0,58.5293,1630358999999,203113.2045,873,22.6781,78708.6263,0
2021-08-30 21:30:00,3465.0,3484.0,3463.0,3475.0,62.4257,1630360799999,216980.5772,406,24.1099,83820.4336,0
2021-08-30 22:00:00,3476.0,3483.0,3408.0,3415.0,83.4979,1630362599999,287363.5553,891,21.0968,72807.527,0
2021-08-30 22:30:00,3413.0,3441.0,3404.0,3430.0,117.2723,1630364399999,401373.0342,780,43.2411,148017.8324,0
2021-08-30 23:00:00,3429.0,3431.0,3384.0,3403.0,119.2852,1630366199999,405215.7931,1047,47.5593,161594.9781,0
2021-08-30 23:30:00,3404.0,3404.0,3334.0,3359.0,184.4074,1630367999999,620437.5152,1516,72.7355,245077.68300000002,0
2021-08-31 00:00:00,3361.0,3386.0,3334.0,3337.0,76.8534,1630369799999,258474.3733,1027,25.5749,85982.5124,0
2021-08-31 00:30:00,3336.0,3350.0,3311.0,3337.0,57.2505,1630371599999,190530.1777,686,35.4196,117868.4166,0
2021-08-31 01:00:00,3336.0,3358.0,3318.0,3351.0,71.8428,1630373399999,239989.9543,781,26.9569,90087.1585,0
2021-08-31 01:30:00,3351.0,3369.0,3322.0,3328.0,81.9137,1630375199999,274406.12899999996,758,49.0511,164519.9485,0
2021-08-31 02:00:00,3332.0,3365.0,3327.0,3363.0,54.9643,1630376999999,183580.8363,577,19.2851,64452.5512,0
2021-08-31 02:30:00,3363.0,3363.0,3340.0,3353.0,13.4535,1630378799999,45081.8313,167,8.7482,29300.6763,0
2021-08-31 03:00:00,3354.0,3381.0,3349.0,3376.0,34.1121,1630380599999,114706.3675,458,19.5331,65685.4334,0
2021-08-31 03:30:00,3377.0,3377.0,3351.0,3368.0,56.8719,1630382399999,191145.0765,751,36.3582,122217.5833,0
2021-08-31 04:00:00,3370.0,3385.0,3359.0,3382.0,25.3265,1630384199999,85466.9476,258,8.1571,27542.1157,0
2021-08-31 04:30:00,3383.0,3397.0,3363.0,3373.0,36.5413,1630385999999,123522.421,516,22.0745,74641.0734,0
2021-08-31 05:00:00,3372.0,3396.0,3369.0,3388.0,11.6858,1630387799999,39561.7902,203,8.6083,29152.847,0
2021-08-31 05:30:00,3391.0,3396.0,3376.0,3380.0,17.5453,1630389599999,59399.1484,222,8.6168,29178.7847,0
2021-08-31 06:00:00,3379.0,3402.0,3352.0,3359.0,48.8453,1630391399999,164468.7622,411,30.5401,102820.4587,0
2021-08-31 06:30:00,3359.0,3360.0,3339.0,3355.0,49.0982,1630393199999,164601.0937,655,13.9304,46711.3766,0
2021-08-31 07:00:00,3354.0,3396.0,3335.0,3396.0,413.1804,1630394999999,1395791.3855,1441,353.8567,1195673.689,0
2021-08-31 07:30:00,3396.0,3494.0,3394.0,3493.0,820.7098,1630396799999,2817296.4798,3291,630.5987,2162707.4853,0
2021-08-31 08:00:00,3493.0,3512.0,3474.0,3489.0,170.9658,1630398599999,596346.9649,1780,97.545,340364.648,0
2021-08-31 08:30:00,3492.0,3507.0,3468.0,3482.0,154.6304,1630400399999,539953.6736,1239,92.3377,322531.3,0
2021-08-31 09:00:00,3485.0,3494.0,3450.0,3468.0,66.5735,1630402199999,230864.5753,881,29.8829,103682.4395,0
2021-08-31 09:30:00,3472.0,3488.0,3453.0,3461.0,45.5649,1630403999999,158161.1022,821,28.7572,99874.2601,0
2021-08-31 10:00:00,3462.0,3464.0,3435.0,3452.0,47.9796,1630405799999,165424.13199999998,722,25.0272,86305.016,0
2021-08-31 10:30:00,3454.0,3486.0,3444.0,3457.0,29.1248,1630407599999,100706.87400000001,469,15.9594,55190.557,0
2021-08-31 11:00:00,3455.0,3504.0,3444.0,3503.0,74.3699,1630409399999,258486.5582,715,37.5185,130297.1519,0
2021-08-31 11:30:00,3503.0,3551.0,3503.0,3542.0,313.0917,1630411199999,1105305.2407,2404,116.6265,411731.6834,0
2021-08-31 12:00:00,3545.0,3554.0,3519.0,3527.0,109.8566,1630412999999,388467.2445,1067,31.5383,111516.8577,0
2021-08-31 12:30:00,3527.0,3535.0,3508.0,3514.0,72.9205,1630414799999,256906.82100000003,913,16.410999999999998,57822.5031,0
2021-08-31 13:00:00,3517.0,3539.0,3511.0,3517.0,86.8197,1630416599999,306171.9568,816,30.8405,108752.0811,0
2021-08-31 13:30:00,3519.0,3548.0,3517.0,3547.0,46.3483,1630418399999,163792.1978,481,25.3279,89544.9535,0
2021-08-31 14:00:00,3547.0,3569.0,3501.0,3515.0,199.6753,1630420199999,705769.8293,1776,65.3307,230949.1774,0
2021-08-31 14:30:00,3513.0,3535.0,3487.0,3500.0,160.4821,1630421999999,564168.5384,1230,39.2209,137726.2899,0
2021-08-31 15:00:00,3501.0,3513.0,3475.0,3485.0,66.99,1630423799999,234059.6312,674,26.9638,94228.3753,0
2021-08-31 15:30:00,3485.0,3498.0,3471.0,3488.0,35.711999999999996,1630425599999,124422.5238,434,17.7553,61875.0452,0
2021-08-31 16:00:00,3489.0,3511.0,3481.0,3505.0,54.1967,1630427399999,189338.7173,698,21.0238,73422.9193,0
2021-08-31 16:30:00,3509.0,3520.0,3496.0,3498.0,21.0096,1630429199999,73721.4792,343,12.2361,42950.1497,0
2021-08-31 17:00:00,3498.0,3505.0,3467.0,3475.0,42.4365,1630430999999,147622.7333,428,18.4755,64339.7534,0
2021-08-31 17:30:00,3473.0,3478.0,3428.0,3472.0,120.745,1630432799999,417664.9051,1171,42.4798,146932.1426,0
2021-08-31 18:00:00,3472.0,3493.0,3466.0,3487.0,30.456,1630434599999,106013.7597,316,20.1106,69997.9197,0
2021-08-31 18:30:00,3489.0,3508.0,3486.0,3505.0,48.698,1630436399999,170262.7135,456,27.7736,97137.1747,0
2021-08-31 19:00:00,3506.0,3526.0,3501.0,3510.0,65.2585,1630438199999,229359.6829,751,28.9155,101617.7343,0
2021-08-31 19:30:00,3513.0,3526.0,3500.0,3523.0,35.23900000000001,1630439999999,123748.3175,236,15.5287,54461.3552,0
2021-08-31 20:00:00,3521.0,3523.0,3496.0,3508.0,29.5659,1630441799999,103776.7242,236,13.6952,48040.5965,0
2021-08-31 20:30:00,3508.0,3525.0,3475.0,3489.0,39.0283,1630443599999,136498.5373,413,10.0753,35251.2166,0
2021-08-31 21:00:00,3489.0,3522.0,3477.0,3504.0,50.4926,1630445399999,176365.4544,542,27.4765,95960.7084,0
2021-08-31 21:30:00,3507.0,3536.0,3496.0,3502.0,43.486000000000004,1630447199999,153029.1504,477,13.2509,46604.9496,0
2021-08-31 22:00:00,3502.0,3514.0,3450.0,3481.0,119.23899999999999,1630448999999,413761.0941,689,30.8026,107053.8166,0
2021-08-31 22:30:00,3480.0,3537.0,3460.0,3533.0,88.3572,1630450799999,309125.3158,948,39.1239,137166.2504,0
2021-08-31 23:00:00,3532.0,3535.0,3501.0,3525.0,73.65899999999998,1630452599999,258881.741,818,60.0298,210917.52800000002,0
2021-08-31 23:30:00,3522.0,3535.0,3519.0,3526.0,36.7608,1630454399999,129709.1281,246,11.5849,40889.2944,0
2021-09-01 00:00:00,3523.0,3547.0,3495.0,3526.0,105.5765,1630456199999,371974.2488,1110,32.2269,113445.08099999999,0
2021-09-01 00:30:00,3527.0,3527.0,3459.0,3462.0,49.8748,1630457999999,173621.0588,652,11.6891,40759.0413,0
2021-09-01 01:00:00,3461.0,3464.0,3421.0,3447.0,147.7725,1630459799999,508747.4652,2025,47.3669,163035.9959,0
2021-09-01 01:30:00,3444.0,3477.0,3431.0,3472.0,49.5244,1630461599999,170866.6753,603,20.8785,71946.9994,0
2021-09-01 02:00:00,3469.0,3491.0,3456.0,3491.0,29.0638,1630463399999,100943.4669,297,19.2847,67011.4263,0
2021-09-01 02:30:00,3491.0,3518.0,3490.0,3511.0,45.7445,1630465199999,160339.7452,563,24.515,85995.17800000001,0
2021-09-01 03:00:00,3512.0,3527.0,3496.0,3498.0,44.5375,1630466999999,156366.1209,728,27.8473,97762.9404,0
2021-09-01 03:30:00,3498.0,3515.0,3482.0,3512.0,33.6182,1630468799999,117797.3243,350,25.0861,87925.2516,0
2021-09-01 04:00:00,3511.0,3548.0,3504.0,3545.0,49.597,1630470599999,174821.6926,693,26.3504,92884.9238,0
2021-09-01 04:30:00,3544.0,3545.0,3518.0,3532.0,23.735,1630472399999,83898.6581,275,15.0431,53192.2939,0
2021-09-01 05:00:00,3533.0,3560.0,3524.0,3547.0,46.8566,1630474199999,166195.6021,556,27.7563,98461.2083,0
2021-09-01 05:30:00,3550.0,3572.0,3539.0,3569.0,71.6375,1630475999999,254850.6101,867,27.9824,99527.9754,0
2021-09-01 06:00:00,3570.0,3584.0,3560.0,3571.0,96.3748,1630477799999,344337.1504,1106,69.2747,247533.0296,0
2021-09-01 06:30:00,3571.0,3590.0,3552.0,3555.0,96.6154,1630479599999,344807.3536,739,41.25100000000001,147377.3001,0
2021-09-01 07:00:00,3552.0,3560.0,3546.0,3551.0,43.9281,1630481399999,156071.8199,531,21.3566,75910.51400000001,0
2021-09-01 07:30:00,3552.0,3552.0,3521.0,3528.0,38.043,1630483199999,134379.0402,486,12.1932,43121.0906,0
2021-09-01 08:00:00,3528.0,3550.0,3524.0,3528.0,30.5796,1630484999999,108070.9782,362,12.5006,44186.8686,0
2021-09-01 08:30:00,3526.0,3545.0,3523.0,3542.0,28.2808,1630486799999,99944.6174,326,15.2456,53870.8686,0
2021-09-01 09:00:00,3544.0,3560.0,3530.0,3557.0,47.6929,1630488599999,169233.4122,621,27.0695,96042.073,0
2021-09-01 09:30:00,3558.0,3562.0,3534.0,3537.0,37.01300000000001,1630490399999,131262.7461,460,18.8318,66775.9181,0
2021-09-01 10:00:00,3541.0,3545.0,3525.0,3534.0,42.2175,1630492199999,149121.8955,498,19.7639,69832.2347,0
2021-09-01 10:30:00,3535.0,3553.0,3530.0,3534.0,81.3977,1630493999999,288292.9405,1164,45.9384,162744.4721,0
2021-09-01 11:00:00,3534.0,3544.0,3527.0,3531.0,33.1381,1630495799999,117211.5975,338,23.4415,82922.48599999999,0
2021-09-01 11:30:00,3531.0,3533.0,3496.0,3518.0,94.634,1630497599999,332306.1024,1049,29.2995,102941.8397,0
2021-09-01 12:00:00,3520.0,3560.0,3502.0,3554.0,69.9939,1630499399999,247125.7886,905,51.9766,183504.005,0
2021-09-01 12:30:00,3551.0,3565.0,3542.0,3543.0,59.1389,1630501199999,210081.81600000002,887,39.6843,141004.188,0
2021-09-01 13:00:00,3547.0,3553.0,3497.0,3504.0,66.2523,1630502999999,233183.3186,617,35.5617,125111.5988,0
2021-09-01 13:30:00,3508.0,3526.0,3499.0,3501.0,31.0864,1630504799999,109249.15199999999,455,17.2307,60535.2281,0
2021-09-01 14:00:00,3504.0,3537.0,3504.0,3536.0,36.0891,1630506599999,127012.561,449,19.2368,67735.6696,0
2021-09-01 14:30:00,3538.0,3549.0,3519.0,3520.0,35.1864,1630508399999,124312.6243,467,14.6172,51695.4158,0
2021-09-01 15:00:00,3520.0,3555.0,3520.0,3547.0,31.1526,1630510199999,110301.2215,561,21.1618,74931.4766,0
2021-09-01 15:30:00,3551.0,3597.0,3550.0,3594.0,97.6074,1630511999999,349434.1297,1497,63.2997,226809.7001,0
2021-09-01 16:00:00,3591.0,3608.0,3565.0,3570.0,99.0188,1630513799999,355351.9769,1184,51.2264,183731.455,0
2021-09-01 16:30:00,3571.0,3648.0,3569.0,3635.0,307.1936,1630515599999,1112058.7921,3196,112.2263,406266.0136,0
2021-09-01 17:00:00,3635.0,3637.0,3610.0,3628.0,130.4164,1630517399999,472697.9734,831,55.2181,200125.6755,0
2021-09-01 17:30:00,3626.0,3631.0,3582.0,3590.0,154.7122,1630519199999,557475.9865,1339,85.4287,307880.6492,0
2021-09-01 18:00:00,3593.0,3619.0,3593.0,3612.0,22.506999999999998,1630520999999,81211.9227,315,13.5832,49017.8117,0
2021-09-01 18:30:00,3609.0,3613.0,3586.0,3590.0,29.7633,1630522799999,107145.8078,443,13.7705,49538.4399,0
2021-09-01 19:00:00,3590.0,3599.0,3585.0,3594.0,38.1395,1630524599999,136968.8462,554,18.6772,67101.3996,0
2021-09-01 19:30:00,3593.0,3597.0,3573.0,3589.0,81.5466,1630526399999,292287.4396,677,40.1963,144092.3576,0
2021-09-01 20:00:00,3588.0,3603.0,3580.0,3595.0,49.4598,1630528199999,177730.0784,486,24.6358,88562.3203,0
2021-09-01 20:30:00,3598.0,3624.0,3587.0,3619.0,51.3644,1630529999999,185160.6509,562,38.7636,139808.649,0
2021-09-01 21:00:00,3618.0,3706.0,3615.0,3701.0,280.5156,1630531799999,1032104.377,4575,208.6343,767938.1302,0
2021-09-01 21:30:00,3695.0,3700.0,3656.0,3675.0,79.7457,1630533599999,292707.1256,970,46.6994,171366.2334,0
2021-09-01 22:00:00,3673.0,3695.0,3670.0,3690.0,67.4988,1630535399999,248726.3101,592,27.9584,103048.9128,0
2021-09-01 22:30:00,3690.0,3693.0,3664.0,3670.0,35.8319,1630537199999,131832.4219,346,13.0249,47892.3056,0
2021-09-01 23:00:00,3667.0,3689.0,3663.0,3672.0,33.6532,1630538999999,123716.1017,309,23.4156,86137.7356,0
2021-09-01 23:30:00,3674.0,3700.0,3659.0,3694.0,44.7521,1630540799999,164622.2949,478,21.386,78616.8437,0
2021-09-02 00:00:00,3693.0,3702.0,3667.0,3678.0,54.7014,1630542599999,201682.4705,700,25.5981,94355.354,0
2021-09-02 00:30:00,3678.0,3692.0,3651.0,3667.0,51.0376,1630544399999,187370.7322,636,18.5665,68114.2318,0
2021-09-02 01:00:00,3663.0,3666.0,3637.0,3654.0,27.7415,1630546199999,101304.9288,448,12.0383,43987.2028,0
2021-09-02 01:30:00,3653.0,3659.0,3640.0,3641.0,66.7112,1630547999999,243632.9934,1112,29.3437,107171.2643,0
2021-09-02 02:00:00,3643.0,3644.0,3622.0,3634.0,30.525,1630549799999,110883.9682,548,13.0335,47376.4903,0
2021-09-02 02:30:00,3634.0,3636.0,3619.0,3623.0,21.4925,1630551599999,77975.0469,374,13.8402,50219.626,0
2021-09-02 03:00:00,3621.0,3632.0,3618.0,3629.0,34.0992,1630553399999,123645.0231,312,18.8891,68495.2607,0
2021-09-02 03:30:00,3630.0,3651.0,3623.0,3650.0,32.1767,1630555199999,117111.5268,396,18.7286,68188.1065,0
2021-09-02 04:00:00,3648.0,3656.0,3627.0,3631.0,24.2263,1630556999999,88230.8246,523,12.8971,46981.8665,0
2021-09-02 04:30:00,3633.0,3639.0,3626.0,3632.0,22.2662,1630558799999,80835.3079,382,14.34,52062.8576,0
2021-09-02 05:00:00,3634.0,3644.0,3626.0,3631.0,9.3808,1630560599999,34073.2866,207,4.8006,17444.1063,0
2021-09-02 05:30:00,3630.0,3641.0,3626.0,3629.0,20.9764,1630562399999,76228.8754,260,14.0199,50963.206,0
2021-09-02 06:00:00,3631.0,3652.0,3626.0,3645.0,65.9992,1630564199999,240168.5506,718,44.251999999999995,160995.4147,0
2021-09-02 06:30:00,3645.0,3649.0,3626.0,3649.0,40.0443,1630565999999,145707.7912,490,24.6976,89898.4729,0
2021-09-02 07:00:00,3645.0,3665.0,3642.0,3646.0,64.7725,1630567799999,236717.176,831,35.3592,129186.3629,0
2021-09-02 07:30:00,3645.0,3650.0,3614.0,3629.0,22.2391,1630569599999,80749.6087,392,13.9756,50757.8279,0
2021-09-02 08:00:00,3631.0,3648.0,3623.0,3643.0,17.1851,1630571399999,62465.8531,398,10.3519,37637.9229,0
2021-09-02 08:30:00,3646.0,3649.0,3636.0,3642.0,23.2164,1630573199999,84547.7625,314,13.7538,50096.9265,0
2021-09-02 09:00:00,3645.0,3649.0,3615.0,3618.0,49.6311,1630574999999,180234.336,600,24.5754,89206.9048,0
2021-09-02 09:30:00,3615.0,3630.0,3602.0,3619.0,74.4655,1630576799999,269018.1162,624,35.2802,127533.0346,0
2021-09-02 10:00:00,3616.0,3619.0,3604.0,3613.0,23.3616,1630578599999,84369.0552,302,12.4211,44869.2036,0
2021-09-02 10:30:00,3613.0,3641.0,3607.0,3641.0,40.9017,1630580399999,148312.4397,423,23.9905,87009.2149,0
2021-09-02 11:00:00,3640.0,3641.0,3624.0,3638.0,24.7516,1630582199999,89859.8545,297,11.3751,41309.4188,0
2021-09-02 11:30:00,3640.0,3650.0,3632.0,3640.0,46.4837,1630583999999,169238.562,586,27.07,98558.6728,0
2021-09-02 12:00:00,3643.0,3645.0,3623.0,3635.0,48.7293,1630585799999,177048.6199,579,20.9759,76229.5232,0
2021-09-02 12:30:00,3634.0,3639.0,3621.0,3626.0,41.4078,1630587599999,150363.6178,297,18.1269,65779.2639,0
2021-09-02 13:00:00,3629.0,3650.0,3624.0,3648.0,30.5399,1630589399999,110976.906,310,18.249000000000002,66333.102,0
2021-09-02 13:30:00,3650.0,3653.0,3640.0,3652.0,42.5725,1630591199999,155214.6791,371,19.9015,72569.1203,0
2021-09-02 14:00:00,3652.0,3662.0,3621.0,3639.0,94.2182,1630592999999,343591.4672,857,54.4236,198503.8765,0
2021-09-02 14:30:00,3639.0,3640.0,3575.0,3585.0,166.2726,1630594799999,599275.5683,2131,80.7875,291320.3469,0
2021-09-02 15:00:00,3586.0,3594.0,3556.0,3580.0,139.2699,1630596599999,497810.9163,1683,68.6527,245397.1921,0
2021-09-02 15:30:00,3581.0,3583.0,3551.0,3556.0,50.7128,1630598399999,180604.9322,778,23.026,82001.3385,0
2021-09-02 16:00:00,3556.0,3579.0,3550.0,3574.0,46.3322,1630600199999,165194.7532,531,26.6295,95000.4813,0
2021-09-02 16:30:00,3575.0,3580.0,3561.0,3567.0,56.066,1630601999999,200180.2614,1209,20.9568,74848.8184,0
2021-09-02 17:00:00,3569.0,3573.0,3551.0,3565.0,55.9851,1630603799999,199365.7101,1078,25.6306,91275.5927,0
2021-09-02 17:30:00,3568.0,3591.0,3549.0,3584.0,61.1538,1630605599999,218023.2732,973,24.1841,86249.4689,0
2021-09-02 18:00:00,3586.0,3593.0,3551.0,3557.0,24.0153,1630607399999,85625.7462,308,13.6801,48758.8024,0
2021-09-02 18:30:00,3555.0,3570.0,3549.0,3570.0,21.1305,1630609199999,75197.9756,206,13.6606,48608.914000000004,0
2021-09-02 19:00:00,3565.0,3572.0,3555.0,3567.0,20.5901,1630610999999,73392.3882,197,11.673,41631.4001,0
2021-09-02 19:30:00,3567.0,3570.0,3556.0,3565.0,21.5988,1630612799999,76981.0265,220,13.0557,46542.0971,0
2021-09-02 20:00:00,3566.0,3577.0,3554.0,3576.0,37.2593,1630614599999,132833.5793,385,19.0752,68025.2736,0
2021-09-02 20:30:00,3578.0,3578.0,3569.0,3575.0,21.13,1630616399999,75510.8859,187,16.0572,57385.8634,0
2021-09-02 21:00:00,3575.0,3592.0,3570.0,3586.0,33.6417,1630618199999,120530.6468,600,18.3551,65810.9094,0
2021-09-02 21:30:00,3586.0,3592.0,3579.0,3586.0,51.6081,1630619999999,185072.5251,449,27.4143,98310.7977,0
2021-09-02 22:00:00,3589.0,3595.0,3576.0,3580.0,34.56,1630621799999,123948.5098,282,18.1959,65276.4495,0
2021-09-02 22:30:00,3580.0,3592.0,3580.0,3587.0,16.5803,1630623599999,59486.495,173,13.7749,49421.8174,0
2021-09-02 23:00:00,3588.0,3588.0,3554.0,3558.0,59.8851,1630625399999,213705.83,289,29.8077,106484.0529,0
2021-09-02 23:30:00,3554.0,3566.0,3543.0,3543.0,45.7452,1630627199999,162643.0854,337,25.0505,89133.2381,0
2021-09-03 00:00:00,3547.0,3557.0,3541.0,3548.0,36.9266,1630628999999,130990.1826,667,19.4552,69036.8693,0
2021-09-03 00:30:00,3547.0,3547.0,3484.0,3506.0,163.5222,1630630799999,574833.9783,1670,58.9713,207200.4444,0
2021-09-03 01:00:00,3506.0,3516.0,3477.0,3489.0,41.6508,1630632599999,145594.6733,378,29.4853,103105.4969,0
2021-09-03 01:30:00,3489.0,3503.0,3478.0,3489.0,30.0756,1630634399999,104988.5261,309,20.6289,72018.9472,0
2021-09-03 02:00:00,3489.0,3518.0,3484.0,3515.0,23.9047,1630636199999,83737.2544,297,17.0341,59698.4659,0
2021-09-03 02:30:00,3515.0,3523.0,3505.0,3519.0,16.0614,1630637999999,56451.5367,213,11.0368,38796.7039,0
2021-09-03 03:00:00,3523.0,3531.0,3516.0,3528.0,51.6641,1630639799999,182095.6139,442,39.8912,140623.3294,0
2021-09-03 03:30:00,3528.0,3554.0,3526.0,3554.0,23.6511,1630641599999,83715.2716,329,13.5763,48075.1708,0
2021-09-03 04:00:00,3554.0,3567.0,3544.0,3556.0,46.7717,1630643399999,166426.6334,464,27.0366,96229.8719,0
2021-09-03 04:30:00,3559.0,3574.0,3557.0,3570.0,69.4963,1630645199999,247749.0141,418,43.0364,153423.0691,0
2021-09-03 05:00:00,3571.0,3571.0,3550.0,3553.0,41.7285,1630646999999,148640.0666,311,26.9691,96099.1824,0
2021-09-03 05:30:00,3551.0,3564.0,3540.0,3544.0,35.8872,1630648799999,127431.1775,343,23.6927,84106.7095,0
2021-09-03 06:00:00,3545.0,3552.0,3533.0,3533.0,20.893,1630650599999,74001.6281,292,9.353,33149.315,0
2021-09-03 06:30:00,3535.0,3551.0,3522.0,3525.0,46.9153,1630652399999,165751.0273,404,30.3862,107390.9867,0
2021-09-03 07:00:00,3525.0,3535.0,3505.0,3506.0,40.5945,1630654199999,142671.35199999998,518,22.4276,78822.7535,0
2021-09-03 07:30:00,3510.0,3520.0,3506.0,3514.0,37.2466,1630655999999,130918.7715,507,19.7122,69303.2278,0
2021-09-03 08:00:00,3518.0,3536.0,3507.0,3525.0,32.7178,1630657799999,115347.0663,317,23.5243,82977.0675,0
2021-09-03 08:30:00,3525.0,3565.0,3520.0,3560.0,146.0345,1630659599999,518582.5966,1020,72.7098,257948.306,0
2021-09-03 09:00:00,3564.0,3613.0,3554.0,3613.0,121.1646,1630661399999,433747.7898,1488,48.6235,174042.2543,0
2021-09-03 09:30:00,3611.0,3634.0,3551.0,3610.0,197.1753,1630663199999,710322.0792,2053,66.7873,241279.5131,0
2021-09-03 10:00:00,3610.0,3629.0,3610.0,3619.0,58.181000000000004,1630664999999,210642.2745,858,32.1885,116568.6089,0
2021-09-03 10:30:00,3618.0,3631.0,3586.0,3606.0,84.0049,1630666799999,303412.6335,603,39.841,144009.6754,0
2021-09-03 11:00:00,3606.0,3610.0,3582.0,3596.0,26.5504,1630668599999,95399.5141,454,12.1136,43543.8804,0
2021-09-03 11:30:00,3595.0,3612.0,3594.0,3604.0,38.89,1630670399999,140150.093,356,26.6149,95935.4924,0
2021-09-03 12:00:00,3601.0,3613.0,3576.0,3588.0,24.8274,1630672199999,89266.8069,316,6.5372,23509.1214,0
2021-09-03 12:30:00,3592.0,3626.0,3588.0,3591.0,46.5887,1630673999999,167738.144,489,26.8082,96532.7186,0
2021-09-03 13:00:00,3592.0,3617.0,3592.0,3599.0,45.8857,1630675799999,165392.7656,426,26.9385,97076.0128,0
2021-09-03 13:30:00,3599.0,3603.0,3579.0,3588.0,62.39,1630677599999,223912.134,470,33.995,122021.0499,0
2021-09-03 14:00:00,3592.0,3608.0,3580.0,3604.0,57.9438,1630679399999,208408.0245,423,31.3092,112607.4979,0
2021-09-03 14:30:00,3604.0,3621.0,3583.0,3602.0,80.6187,1630681199999,290412.1204,755,36.4608,131369.2115,0
2021-09-03 15:00:00,3600.0,3617.0,3598.0,3616.0,41.8659,1630682999999,151097.5354,412,23.9371,86413.2013,0
2021-09-03 15:30:00,3616.0,3617.0,3600.0,3606.0,21.114,1630684799999,76173.1596,225,9.8712,35611.771,0
2021-09-03 16:00:00,3605.0,3616.0,3601.0,3611.0,38.8077,1630686599999,140043.6585,329,26.1494,94383.1443,0
2021-09-03 16:30:00,3611.0,3623.0,3599.0,3603.0,40.8615,1630688399999,147529.2619,353,18.3646,66286.5375,0
2021-09-03 17:00:00,3605.0,3611.0,3600.0,3602.0,40.0401,1630690199999,144394.6395,290,28.6976,103484.3996,0
2021-09-03 17:30:00,3604.0,3745.0,3603.0,3738.0,1093.0054,1630691999999,4030930.6115,10103,654.5153,2413486.3773,0
2021-09-03 18:00:00,3739.0,3752.0,3725.0,3737.0,346.88800000000015,1630693799999,1298200.9218,2818,208.0534,778940.4544,0
2021-09-03 18:30:00,3740.0,3751.0,3718.0,3720.0,213.3199,1630695599999,798010.9733,1485,104.555,391360.4298,0
2021-09-03 19:00:00,3719.0,3729.0,3700.0,3713.0,114.5063,1630697399999,425132.9737,963,44.4838,165321.8732,0
2021-09-03 19:30:00,3711.0,3718.0,3680.0,3710.0,113.0246,1630699199999,418276.2202,901,35.4207,131158.071,0
2021-09-03 20:00:00,3709.0,3709.0,3661.0,3667.0,74.3287,1630700999999,274072.7311,672,30.8747,113873.3723,0
2021-09-03 20:30:00,3667.0,3679.0,3657.0,3659.0,42.1999,1630702799999,154689.0697,400,20.5693,75408.77,0
2021-09-03 21:00:00,3656.0,3669.0,3655.0,3666.0,24.0577,1630704599999,88163.8779,306,14.3062,52442.5738,0
2021-09-03 21:30:00,3662.0,3672.0,3649.0,3656.0,30.7028,1630706399999,112432.296,364,16.4038,60098.78400000001,0
2021-09-03 22:00:00,3659.0,3659.0,3607.0,3622.0,85.2708,1630708199999,309120.1251,954,24.304000000000002,88145.1842,0
2021-09-03 22:30:00,3625.0,3639.0,3600.0,3609.0,35.8077,1630709999999,129400.8036,411,12.4133,44945.7381,0
2021-09-03 23:00:00,3610.0,3632.0,3601.0,3625.0,29.0289,1630711799999,105045.6041,315,14.097000000000001,50999.9184,0
2021-09-03 23:30:00,3621.0,3656.0,3619.0,3655.0,30.1219,1630713599999,109674.6334,451,16.542,60247.2707,0
2021-09-04 00:00:00,3657.0,3676.0,3643.0,3660.0,84.1025,1630715399999,307769.9524,767,47.3195,173213.28100000002,0
2021-09-04 00:30:00,3659.0,3664.0,3645.0,3649.0,31.7378,1630717199999,116054.4597,280,14.7685,54020.2042,0
2021-09-04 01:00:00,3646.0,3656.0,3633.0,3637.0,24.9134,1630718999999,90720.4899,326,10.1537,36991.4373,0
2021-09-04 01:30:00,3636.0,3651.0,3631.0,3640.0,34.510999999999996,1630720799999,125635.3049,274,12.7181,46294.8884,0
2021-09-04 02:00:00,3638.0,3665.0,3623.0,3664.0,30.0797,1630722599999,109487.8419,342,16.6037,60391.4585,0
2021-09-04 02:30:00,3666.0,3674.0,3648.0,3671.0,33.7948,1630724399999,123640.0396,304,17.8094,65142.0861,0
2021-09-04 03:00:00,3672.0,3675.0,3655.0,3665.0,54.3003,1630726199999,199079.9066,402,21.8325,80076.5226,0
2021-09-04 03:30:00,3664.0,3676.0,3657.0,3667.0,35.4944,1630727999999,130114.8395,361,17.611,64566.9027,0
2021-09-04 04:00:00,3669.0,3707.0,3658.0,3689.0,82.4368,1630729799999,303447.1971,841,49.4853,182382.4306,0
2021-09-04 04:30:00,3689.0,3690.0,3672.0,3676.0,64.7547,1630731599999,238408.8522,575,25.6928,94614.5304,0
2021-09-04 05:00:00,3675.0,3678.0,3659.0,3665.0,48.9209,1630733399999,179534.3134,311,13.9021,51038.0469,0
2021-09-04 05:30:00,3667.0,3693.0,3666.0,3686.0,57.1097,1630735199999,210131.1594,407,27.9097,102795.1634,0
2021-09-04 06:00:00,3689.0,3700.0,3675.0,3691.0,19.6282,1630736999999,72502.936,226,7.8135,28867.3647,0
2021-09-04 06:30:00,3695.0,3695.0,3673.0,3681.0,70.5556,1630738799999,259976.0007,470,32.5142,119846.0316,0
2021-09-04 07:00:00,3682.0,3688.0,3668.0,3682.0,44.0831,1630740599999,162018.3548,298,18.1003,66556.7281,0
2021-09-04 07:30:00,3680.0,3682.0,3663.0,3667.0,23.9966,1630742399999,88043.9931,210,14.0207,51434.4538,0
2021-09-04 08:00:00,3670.0,3673.0,3652.0,3666.0,44.3573,1630744199999,162445.7022,340,24.8395,90964.3079,0
2021-09-04 08:30:00,3666.0,3701.0,3666.0,3697.0,36.5716,1630745999999,134600.4685,398,20.02,73716.3917,0
2021-09-04 09:00:00,3696.0,3720.0,3687.0,3710.0,75.3405,1630747799999,279352.9437,919,51.5157,191026.7655,0
2021-09-04 09:30:00,3709.0,3719.0,3690.0,3696.0,66.1955,1630749599999,245310.3289,611,26.8256,99457.2712,0
2021-09-04 10:00:00,3699.0,3704.0,3688.0,3697.0,30.1529,1630751399999,111457.11300000001,376,16.3753,60558.5633,0
2021-09-04 10:30:00,3700.0,3707.0,3655.0,3655.0,37.1245,1630753199999,136888.9639,770,17.1677,63364.9002,0
2021-09-04 11:00:00,3656.0,3672.0,3636.0,3666.0,97.4294,1630754999999,356293.8447,681,38.602,141217.3835,0
2021-09-04 11:30:00,3664.0,3681.0,3650.0,3678.0,40.9585,1630756799999,150042.9098,393,24.3975,89456.0457,0
2021-09-04 12:00:00,3675.0,3712.0,3675.0,3709.0,59.9442,1630758599999,221498.4912,711,39.1518,144653.0352,0
2021-09-04 12:30:00,3712.0,3720.0,3695.0,3699.0,57.3707,1630760399999,212954.3646,828,29.8273,110747.0969,0
2021-09-04 13:00:00,3700.0,3702.0,3679.0,3685.0,30.0239,1630762199999,110847.864,383,17.4403,64405.3247,0
2021-09-04 13:30:00,3685.0,3692.0,3672.0,3674.0,58.7438,1630763999999,216141.2289,424,16.5598,61013.0118,0
2021-09-04 14:00:00,3676.0,3676.0,3642.0,3652.0,47.495,1630765799999,173754.4135,613,22.234,81284.0347,0
2021-09-04 14:30:00,3648.0,3664.0,3648.0,3657.0,21.0883,1630767599999,77130.3679,291,11.4849,42005.5676,0
2021-09-04 15:00:00,3657.0,3674.0,3653.0,3670.0,46.6837,1630769399999,171122.099,410,23.2019,85026.7425,0
2021-09-04 15:30:00,3670.0,3675.0,3660.0,3665.0,49.3435,1630771199999,180795.6568,254,23.064,84522.1424,0
2021-09-04 16:00:00,3665.0,3675.0,3648.0,3660.0,57.4197,1630772999999,210411.99399999998,389,36.3435,133228.7688,0
2021-09-04 16:30:00,3662.0,3671.0,3636.0,3637.0,58.5042,1630774799999,213642.1321,610,21.9106,80012.0406,0
2021-09-04 17:00:00,3637.0,3641.0,3578.0,3590.0,185.7239,1630776599999,669751.791,1900,57.9617,208993.2534,0
2021-09-04 17:30:00,3589.0,3633.0,3581.0,3630.0,67.0352,1630778399999,241509.8977,665,26.9649,97134.8998,0
2021-09-04 18:00:00,3633.0,3647.0,3622.0,3632.0,37.6391,1630780199999,136871.4267,383,23.1238,84153.3757,0
2021-09-04 18:30:00,3631.0,3635.0,3606.0,3606.0,68.0879,1630781999999,246336.5095,445,36.8373,133379.6722,0
2021-09-04 19:00:00,3605.0,3609.0,3575.0,3581.0,74.1716,1630783799999,266280.2835,742,40.4586,145278.4752,0
2021-09-04 19:30:00,3581.0,3598.0,3570.0,3589.0,35.4928,1630785599999,127201.9237,458,15.0126,53799.9478,0
2021-09-04 20:00:00,3588.0,3610.0,3583.0,3606.0,51.9137,1630787399999,187009.9593,365,33.4961,120693.0051,0
2021-09-04 20:30:00,3606.0,3612.0,3600.0,3607.0,19.4939,1630789199999,70295.2372,159,13.1004,47246.1696,0
2021-09-04 21:00:00,3606.0,3610.0,3587.0,3595.0,61.9655,1630790999999,222783.4906,626,34.4149,123763.0318,0
2021-09-04 21:30:00,3595.0,3600.0,3585.0,3589.0,45.0451,1630792799999,161864.59,425,28.4776,102322.3359,0
2021-09-04 22:00:00,3589.0,3602.0,3578.0,3593.0,60.2738,1630794599999,216468.9044,608,38.2488,137397.918,0
2021-09-04 22:30:00,3592.0,3592.0,3559.0,3571.0,150.6581,1630796399999,538015.1029,1193,92.3235,329765.9418,0
2021-09-04 23:00:00,3571.0,3578.0,3540.0,3554.0,99.8544,1630798199999,354717.9433,705,76.3164,271065.712,0
2021-09-04 23:30:00,3554.0,3567.0,3540.0,3548.0,102.2192,1630799999999,363040.1376,630,76.5454,271825.7841,0
2021-09-05 00:00:00,3552.0,3570.0,3525.0,3565.0,56.8719,1630801799999,201622.1172,732,33.9775,120399.2614,0
2021-09-05 00:30:00,3567.0,3583.0,3559.0,3577.0,45.8288,1630803599999,163772.4354,372,27.9437,99859.4439,0
2021-09-05 01:00:00,3581.0,3584.0,3546.0,3555.0,39.508,1630805399999,140992.7296,499,24.3064,86816.9632,0
2021-09-05 01:30:00,3554.0,3562.0,3536.0,3553.0,31.1986,1630807199999,110639.41699999999,365,23.5325,83468.12299999999,0
2021-09-05 02:00:00,3555.0,3575.0,3551.0,3571.0,14.5456,1630808999999,51887.3714,202,5.1556,18400.9483,0
2021-09-05 02:30:00,3571.0,3584.0,3563.0,3567.0,31.2177,1630810799999,111585.9565,314,15.9031,56873.797,0
2021-09-05 03:00:00,3566.0,3572.0,3533.0,3535.0,65.6572,1630812599999,232912.9985,512,37.616,133483.1853,0
2021-09-05 03:30:00,3538.0,3542.0,3530.0,3539.0,20.8943,1630814399999,73870.7251,297,13.3413,47177.7619,0
2021-09-05 04:00:00,3534.0,3551.0,3531.0,3544.0,54.0314,1630816199999,191175.0118,567,37.2085,131662.5135,0
2021-09-05 04:30:00,3546.0,3559.0,3538.0,3555.0,27.6618,1630817999999,98145.4768,365,19.1231,67826.2902,0
2021-09-05 05:00:00,3560.0,3563.0,3540.0,3550.0,25.6956,1630819799999,91200.0578,722,19.9566,70832.339,0
2021-09-05 05:30:00,3553.0,3562.0,3541.0,3554.0,29.6297,1630821599999,105171.6845,285,21.1835,75198.5336,0
2021-09-05 06:00:00,3554.0,3565.0,3533.0,3564.0,49.4866,1630823399999,175630.9288,540,17.5528,62289.0358,0
2021-09-05 06:30:00,3564.0,3577.0,3555.0,3575.0,36.8712,1630825199999,131524.288,468,29.471999999999998,105114.7968,0
2021-09-05 07:00:00,3574.0,3603.0,3572.0,3602.0,58.1478,1630826999999,208907.0407,624,47.2092,169649.8609,0
2021-09-05 07:30:00,3600.0,3604.0,3572.0,3580.0,56.0465,1630828799999,201303.2963,703,30.3224,108905.2099,0
2021-09-05 08:00:00,3580.0,3616.0,3574.0,3608.0,83.6547,1630830599999,301297.473,681,53.1153,191345.8921,0
2021-09-05 08:30:00,3608.0,3624.0,3600.0,3624.0,50.7421,1630832399999,183470.3276,532,24.5835,88875.1662,0
2021-09-05 09:00:00,3623.0,3648.0,3622.0,3646.0,58.4572,1630834199999,212485.2041,736,30.8981,112361.6438,0
2021-09-05 09:30:00,3645.0,3650.0,3637.0,3640.0,52.7851,1630835999999,192293.4629,545,29.771,108485.7832,0
2021-09-05 10:00:00,3638.0,3658.0,3633.0,3647.0,42.6096,1630837799999,155342.4451,607,22.1777,80883.034,0
2021-09-05 10:30:00,3643.0,3655.0,3627.0,3647.0,31.0297,1630839599999,112987.3615,446,14.0557,51217.3329,0
2021-09-05 11:00:00,3648.0,3655.0,3619.0,3628.0,43.1662,1630841399999,157079.7134,472,22.2963,81235.1683,0
2021-09-05 11:30:00,3628.0,3639.0,3624.0,3633.0,23.2372,1630843199999,84358.64300000001,297,12.0869,43887.5033,0
2021-09-05 12:00:00,3633.0,3644.0,3625.0,3631.0,19.6907,1630844999999,71542.5836,301,8.2253,29898.4904,0
2021-09-05 12:30:00,3632.0,3638.0,3620.0,3633.0,55.1275,1630846799999,200092.6814,584,32.5626,118214.6601,0
2021-09-05 13:00:00,3633.0,3639.0,3622.0,3628.0,26.3658,1630848599999,95723.4667,285,13.8603,50335.1712,0
2021-09-05 13:30:00,3628.0,3643.0,3624.0,3632.0,32.7393,1630850399999,118950.2717,289,20.647,75036.7825,0
2021-09-05 14:00:00,3632.0,3639.0,3593.0,3610.0,154.116,1630852199999,555749.505,1537,55.1472,198857.8875,0
2021-09-05 14:30:00,3610.0,3622.0,3601.0,3614.0,45.5248,1630853999999,164400.1486,464,30.2982,109458.2342,0
2021-09-05 15:00:00,3613.0,3622.0,3596.0,3602.0,40.325,1630855799999,145404.9127,386,25.5129,91993.4871,0
2021-09-05 15:30:00,3603.0,3614.0,3581.0,3607.0,48.3308,1630857599999,174010.2106,575,28.4706,102515.9508,0
2021-09-05 16:00:00,3610.0,3616.0,3599.0,3615.0,31.3127,1630859399999,112957.6605,316,18.1287,65411.1333,0
2021-09-05 16:30:00,3615.0,3634.0,3612.0,3633.0,34.9153,1630861199999,126551.7397,384,21.2893,77183.991,0
2021-09-05 17:00:00,3634.0,3688.0,3631.0,3685.0,204.1005,1630862999999,747714.0265,2522,162.6074,595656.3074,0
2021-09-05 17:30:00,3685.0,3695.0,3678.0,3689.0,247.0844,1630864799999,910797.9218,2314,145.2121,535380.2297,0
2021-09-05 18:00:00,3691.0,3724.0,3683.0,3690.0,181.0368,1630866599999,670092.8754,1780,130.5872,483667.1801,0
2021-09-05 18:30:00,3689.0,3694.0,3683.0,3688.0,45.3844,1630868399999,167356.5703,419,18.4087,67896.5839,0
2021-09-05 19:00:00,3688.0,3712.0,3679.0,3694.0,78.5589,1630870199999,290047.9322,636,47.1485,174117.00199999998,0
2021-09-05 19:30:00,3694.0,3700.0,3682.0,3696.0,82.3156,1630871999999,303712.0408,550,41.4099,152814.6109,0
2021-09-05 20:00:00,3697.0,3706.0,3686.0,3689.0,62.773,1630873799999,231915.3948,447,27.8862,103074.36099999999,0
2021-09-05 20:30:00,3688.0,3719.0,3681.0,3707.0,160.2176,1630875599999,591468.9313,1172,80.3138,296461.3666,0
2021-09-05 21:00:00,3712.0,3720.0,3684.0,3691.0,109.5281,1630877399999,405752.8818,737,22.1043,81857.1724,0
2021-09-05 21:30:00,3691.0,3717.0,3691.0,3702.0,43.0592,1630879199999,159667.9548,470,20.1458,74700.9687,0
2021-09-05 22:00:00,3706.0,3708.0,3679.0,3700.0,69.4652,1630880999999,256353.2449,547,38.0074,140243.0838,0
2021-09-05 22:30:00,3699.0,3701.0,3674.0,3688.0,96.3431,1630882799999,355190.8575,652,54.0728,199337.1285,0
2021-09-05 23:00:00,3689.0,3707.0,3684.0,3700.0,32.9034,1630884599999,121616.5106,378,13.317,49199.0019,0
2021-09-05 23:30:00,3700.0,3723.0,3699.0,3718.0,49.9024,1630886399999,185311.087,358,19.5383,72521.511,0
2021-09-06 00:00:00,3721.0,3724.0,3688.0,3702.0,52.9425,1630888199999,196369.991,520,17.5019,64873.7248,0
2021-09-06 00:30:00,3705.0,3721.0,3680.0,3690.0,122.2948,1630889999999,451156.6364,1289,78.0594,288008.7336,0
2021-09-06 01:00:00,3691.0,3691.0,3608.0,3618.0,501.9268,1630891799999,1819748.2062,5380,194.5019,705352.7189,0
2021-09-06 01:30:00,3619.0,3621.0,3595.0,3603.0,133.6428,1630893599999,481810.9147,1585,50.7407,182946.5703,0
2021-09-06 02:00:00,3603.0,3604.0,3586.0,3593.0,81.7292,1630895399999,294032.1482,1106,48.1563,173274.8843,0
2021-09-06 02:30:00,3594.0,3604.0,3587.0,3598.0,52.0089,1630897199999,186941.1453,689,25.5712,91932.0096,0
2021-09-06 03:00:00,3598.0,3624.0,3595.0,3615.0,46.2123,1630898999999,166921.7573,495,24.6422,89002.8002,0
2021-09-06 03:30:00,3614.0,3627.0,3600.0,3621.0,60.3004,1630900799999,217755.1154,506,29.7656,107543.9572,0
2021-09-06 04:00:00,3619.0,3634.0,3609.0,3632.0,63.1501,1630902599999,229001.2382,495,38.0105,137856.8902,0
2021-09-06 04:30:00,3635.0,3638.0,3621.0,3638.0,28.686,1630904399999,104125.6282,591,13.1287,47675.8498,0
2021-09-06 05:00:00,3635.0,3646.0,3628.0,3644.0,30.5166,1630906199999,110984.4949,361,18.7542,68219.306,0
2021-09-06 05:30:00,3641.0,3647.0,3637.0,3643.0,32.3916,1630907999999,117976.6914,298,16.5958,60470.8989,0
2021-09-06 06:00:00,3645.0,3655.0,3641.0,3652.0,42.8175,1630909799999,156222.8268,374,24.5026,89412.0623,0
2021-09-06 06:30:00,3652.0,3677.0,3650.0,3673.0,92.1688,1630911599999,337991.3351,1739,58.8567,215831.2548,0
2021-09-06 07:00:00,3673.0,3686.0,3665.0,3669.0,134.1911,1630913399999,493317.69,2127,82.3477,302795.002,0
2021-09-06 07:30:00,3666.0,3686.0,3666.0,3672.0,63.0514,1630915199999,231715.7611,742,31.9392,117376.4587,0
2021-09-06 08:00:00,3673.0,3690.0,3668.0,3688.0,49.8491,1630916999999,183591.2203,802,31.9566,117746.946,0
2021-09-06 08:30:00,3685.0,3702.0,3684.0,3693.0,53.9118,1630918799999,199110.33899999998,903,31.2829,115578.0495,0
2021-09-06 09:00:00,3691.0,3705.0,3686.0,3692.0,48.5989,1630920599999,179620.697,628,27.9476,103324.6146,0
2021-09-06 09:30:00,3696.0,3704.0,3691.0,3698.0,46.9781,1630922399999,173728.3207,524,23.4262,86659.0863,0
2021-09-06 10:00:00,3701.0,3703.0,3686.0,3688.0,30.9342,1630924199999,114336.4158,443,10.6737,39459.6466,0
2021-09-06 10:30:00,3691.0,3711.0,3688.0,3711.0,64.7711,1630925999999,239702.3525,1019,37.4613,138655.406,0
2021-09-06 11:00:00,3710.0,3714.0,3660.0,3678.0,117.706,1630927799999,433810.982,1314,46.5085,171755.46300000002,0
2021-09-06 11:30:00,3675.0,3678.0,3629.0,3637.0,133.7473,1630929599999,488461.7516,1620,58.9667,215268.3629,0
2021-09-06 12:00:00,3637.0,3637.0,3550.0,3613.0,297.3306,1630931399999,1068055.1907,3527,99.8629,358379.8565,0
2021-09-06 12:30:00,3612.0,3624.0,3572.0,3598.0,95.1025,1630933199999,342185.4929,969,46.7448,168250.2616,0
2021-09-06 13:00:00,3597.0,3608.0,3575.0,3587.0,59.4313,1630934999999,213262.9205,615,34.842,125010.341,0
2021-09-06 13:30:00,3588.0,3632.0,3575.0,3622.0,65.29,1630936799999,235157.9613,910,28.2862,101859.0789,0
2021-09-06 14:00:00,3623.0,3654.0,3611.0,3644.0,60.0587,1630938599999,218475.7295,561,37.9129,137903.66,0
2021-09-06 14:30:00,3641.0,3652.0,3628.0,3652.0,50.3275,1630940399999,183048.5003,576,26.1856,95275.1618,0
2021-09-06 15:00:00,3648.0,3654.0,3636.0,3647.0,65.2916,1630942199999,238073.1499,752,29.1747,106408.8251,0
2021-09-06 15:30:00,3648.0,3650.0,3636.0,3640.0,41.6919,1630943999999,151867.3999,359,21.6098,78746.9222,0
2021-09-06 16:00:00,3640.0,3654.0,3610.0,3638.0,100.4456,1630945799999,364782.1967,761,38.5655,139953.1183,0
2021-09-06 16:30:00,3640.0,3653.0,3617.0,3620.0,36.8262,1630947599999,133946.6466,397,22.965999999999998,83576.0523,0
2021-09-06 17:00:00,3621.0,3633.0,3614.0,3623.0,62.7014,1630949399999,227317.5388,491,28.6665,103991.8003,0
2021-09-06 17:30:00,3622.0,3627.0,3608.0,3618.0,35.0472,1630951199999,126781.0568,457,13.5076,48898.5082,0
2021-09-06 18:00:00,3615.0,3625.0,3606.0,3618.0,37.3385,1630952999999,134883.8642,449,17.3055,62536.5574,0
2021-09-06 18:30:00,3620.0,3633.0,3613.0,3628.0,39.7186,1630954799999,143816.4635,333,25.6804,92973.7058,0
2021-09-06 19:00:00,3631.0,3633.0,3616.0,3626.0,103.189,1630956599999,374075.1772,692,36.7018,133114.9291,0
2021-09-06 19:30:00,3625.0,3626.0,3609.0,3618.0,30.4113,1630958399999,109937.2865,324,12.056,43601.3,0
2021-09-06 20:00:00,3617.0,3630.0,3607.0,3620.0,39.5754,1630960199999,143204.2533,413,24.2292,87688.745,0
2021-09-06 20:30:00,3622.0,3639.0,3619.0,3637.0,42.6095,1630961999999,154823.3014,491,26.3735,95849.6987,0
2021-09-06 21:00:00,3636.0,3647.0,3631.0,3633.0,46.8439,1630963799999,170334.3495,659,31.7264,115375.2518,0
2021-09-06 21:30:00,3634.0,3647.0,3632.0,3642.0,41.1228,1630965599999,149647.6812,564,28.087,102221.4198,0
2021-09-06 22:00:00,3641.0,3650.0,3633.0,3643.0,60.4148,1630967399999,219965.4364,373,39.5077,143899.7413,0
2021-09-06 22:30:00,3646.0,3653.0,3634.0,3638.0,66.6519,1630969199999,242783.8296,486,38.2925,139577.6889,0
2021-09-06 23:00:00,3639.0,3647.0,3610.0,3626.0,73.4983,1630970999999,266392.7222,492,35.4925,128636.6687,0
2021-09-06 23:30:00,3625.0,3641.0,3620.0,3620.0,26.0824,1630972799999,94681.388,260,18.8786,68527.0677,0
2021-09-07 00:00:00,3621.0,3625.0,3556.0,3568.0,153.7417,1630974599999,550856.7633,1744,83.6066,299722.9524,0
2021-09-07 00:30:00,3568.0,3578.0,3553.0,3575.0,52.7842,1630976399999,188144.0605,976,23.6699,84366.8737,0
2021-09-07 01:00:00,3575.0,3596.0,3566.0,3583.0,28.1369,1630978199999,100749.8076,360,16.5729,59329.2807,0
2021-09-07 01:30:00,3582.0,3586.0,3545.0,3562.0,149.7238,1630979999999,532698.3548,1299,86.67200000000004,308471.7181,0
2021-09-07 02:00:00,3562.0,3607.0,3562.0,3604.0,73.0957,1630981799999,262765.2349,520,51.3113,184500.1204,0
2021-09-07 02:30:00,3606.0,3610.0,3579.0,3589.0,45.3929,1630983599999,163262.6152,446,27.3787,98498.6664,0
2021-09-07 03:00:00,3589.0,3597.0,3563.0,3566.0,53.1097,1630985399999,190127.9642,424,27.9763,100209.93400000001,0
2021-09-07 03:30:00,3563.0,3575.0,3560.0,3563.0,49.0326,1630987199999,174876.1017,442,27.715999999999998,98885.7131,0
2021-09-07 04:00:00,3563.0,3577.0,3552.0,3568.0,43.3556,1630988999999,154491.2915,393,17.0108,60623.7025,0
2021-09-07 04:30:00,3567.0,3603.0,3565.0,3589.0,40.3426,1630990799999,144584.2153,601,25.6078,91803.7139,0
2021-09-07 05:00:00,3589.0,3589.0,3561.0,3577.0,63.2181,1630992599999,226170.5651,519,41.045,146798.614,0
2021-09-07 05:30:00,3581.0,3599.0,3566.0,3591.0,43.8281,1630994399999,157108.6069,529,20.3154,72871.6487,0
2021-09-07 06:00:00,3590.0,3608.0,3583.0,3594.0,40.2572,1630996199999,144739.3952,482,20.8131,74839.592,0
2021-09-07 06:30:00,3593.0,3613.0,3550.0,3550.0,66.8893,1630997999999,239174.9769,704,34.3265,122753.6835,0
2021-09-07 07:00:00,3550.0,3567.0,3520.0,3550.0,101.5219,1630999799999,359445.8176,1178,38.4148,136010.5171,0
2021-09-07 07:30:00,3551.0,3568.0,3533.0,3553.0,47.0194,1631001599999,166926.5683,449,21.5992,76674.9551,0
2021-09-07 08:00:00,3551.0,3554.0,3461.0,3469.0,138.9699,1631003399999,486717.0349,1925,49.6037,173803.9873,0
2021-09-07 08:30:00,3469.0,3475.0,3403.0,3412.0,257.6881,1631005199999,884043.0219,3105,127.9918,439265.0568,0
2021-09-07 09:00:00,3411.0,3447.0,3405.0,3423.0,81.7837,1631006999999,280409.4971,896,39.5531,135638.3316,0
2021-09-07 09:30:00,3421.0,3439.0,3350.0,3378.0,222.7283,1631008799999,754766.3705,2748,83.0835,281593.2128,0
2021-09-07 10:00:00,3379.0,3438.0,3374.0,3413.0,73.6485,1631010599999,250811.4759,868,40.8949,139281.2418,0
2021-09-07 10:30:00,3410.0,3437.0,3400.0,3432.0,67.6412,1631012399999,231790.0976,621,36.6378,125526.915,0
2021-09-07 11:00:00,3433.0,3444.0,3411.0,3442.0,40.5272,1631014199999,138999.4301,461,21.4819,73673.7341,0
2021-09-07 11:30:00,3441.0,3444.0,3406.0,3412.0,34.8196,1631015999999,119165.0441,451,14.0688,48183.7145,0
2021-09-07 12:00:00,3408.0,3435.0,3394.0,3396.0,69.2956,1631017799999,236369.1142,600,26.5754,90604.2575,0
2021-09-07 12:30:00,3399.0,3456.0,3392.0,3441.0,47.3568,1631019599999,162581.2212,541,22.1421,76044.8128,0
2021-09-07 13:00:00,3442.0,3452.0,3422.0,3446.0,31.4704,1631021399999,108173.9651,339,15.9764,54962.4212,0
2021-09-07 13:30:00,3446.0,3449.0,3386.0,3386.0,58.5425,1631023199999,200087.7817,658,31.7897,108736.2655,0
2021-09-07 14:00:00,3387.0,3417.0,3322.0,3326.0,137.1504,1631024999999,463589.7067,1613,62.589,212089.9586,0
2021-09-07 14:30:00,3327.0,3358.0,3092.0,3102.0,578.79825,1631026799999,1860252.8301501998,6556,199.75841,644261.5687238001,0
2021-09-07 15:00:00,3100.0,3115.0,2780.0,3073.0,852.62008,1631028599999,2542478.37879,7968,376.72444,1127024.3980736,0
2021-09-07 15:30:00,3073.0,3164.0,3036.0,3083.0,498.4207,1631030399999,1543190.7212,4748,256.39,794168.6852,0
2021-09-07 16:00:00,3080.0,3162.0,3045.0,3127.0,253.2991,1631032199999,787119.1290000002,2102,123.8123,384554.3525,0
2021-09-07 16:30:00,3129.0,3189.0,3120.0,3174.0,233.755,1631033999999,739131.7393,1811,107.7489,340447.5159,0
2021-09-07 17:00:00,3177.0,3192.0,3072.0,3118.0,298.6917,1631035799999,936700.0365,1999,135.6387,425943.5202,0
2021-09-07 17:30:00,3109.0,3149.0,3078.0,3093.0,364.8532,1631037599999,1135226.0029,3047,262.8917,818287.9885,0
2021-09-07 18:00:00,3096.0,3166.0,3032.0,3132.0,350.8366,1631039399999,1091083.4327,3298,225.8139,703034.1157,0
2021-09-07 18:30:00,3121.0,3138.0,3075.0,3109.0,94.8231,1631041199999,294800.4195,1054,46.5537,144652.1595,0
2021-09-07 19:00:00,3103.0,3141.0,3072.0,3122.0,65.1216,1631042999999,202679.6969,792,39.1382,121876.1436,0
2021-09-07 19:30:00,3117.0,3135.0,3051.0,3066.0,108.5409,1631044799999,335113.7611,1263,46.3421,143388.9407,0
2021-09-07 20:00:00,3069.0,3121.0,3050.0,3074.0,92.5034,1631046599999,285235.0629,964,62.5886,193019.3304,0
2021-09-07 20:30:00,3071.0,3078.0,2992.0,3059.0,232.3108,1631048399999,703227.4283,2048,97.4539,295443.7093,0
2021-09-07 21:00:00,3065.0,3089.0,2974.0,2983.0,113.6225,1631050199999,344039.3185,1151,67.3718,204464.1903,0
2021-09-07 21:30:00,2982.0,3056.0,2966.0,3056.0,135.0547,1631051999999,405392.4259,884,73.7954,221589.9942,0
2021-09-07 22:00:00,3054.0,3075.0,2985.0,3067.0,103.182,1631053799999,314278.8964,1008,66.001,201201.0607,0
2021-09-07 22:30:00,3066.0,3075.0,3040.0,3055.0,126.8674,1631055599999,388680.3868,977,67.4033,206545.4632,0
2021-09-07 23:00:00,3055.0,3083.0,3015.0,3072.0,83.2427,1631057399999,253954.0541,791,49.0765,149879.9709,0
2021-09-07 23:30:00,3076.0,3083.0,3029.0,3050.0,71.123,1631059199999,216809.2416,942,38.1907,116439.6513,0
2021-09-08 00:00:00,3054.0,3082.0,2982.0,3073.0,215.4625,1631060999999,654168.6888,1808,86.845,263408.3967,0
2021-09-08 00:30:00,3075.0,3102.0,3072.0,3094.0,51.0627,1631062799999,157735.8859,639,26.5578,82041.9145,0
2021-09-08 01:00:00,3093.0,3098.0,3052.0,3076.0,68.9552,1631064599999,211962.1176,594,40.3742,124142.8755,0
2021-09-08 01:30:00,3080.0,3125.0,3080.0,3117.0,81.975,1631066399999,254421.9497,589,53.0022,164410.3887,0
2021-09-08 02:00:00,3119.0,3131.0,3112.0,3131.0,31.2216,1631068199999,97430.5282,519,15.7826,49269.2376,0
2021-09-08 02:30:00,3123.0,3123.0,3087.0,3087.0,25.2353,1631069999999,78328.0785,367,12.7062,39423.9783,0
2021-09-08 03:00:00,3090.0,3099.0,3019.0,3033.0,124.4139,1631071799999,381249.2441,1161,44.2123,135454.6422,0
2021-09-08 03:30:00,3034.0,3059.0,3019.0,3034.0,31.4729,1631073599999,95643.38900000001,296,20.3872,61946.3975,0
2021-09-08 04:00:00,3036.0,3081.0,3018.0,3079.0,44.5283,1631075399999,135767.3254,515,23.2516,70927.7357,0
2021-09-08 04:30:00,3077.0,3096.0,3044.0,3044.0,79.5483,1631077199999,244859.9866,499,55.8328,171977.9871,0
2021-09-08 05:00:00,3046.0,3073.0,3031.0,3065.0,63.4157,1631078999999,193525.9855,499,42.1584,128600.7466,0
2021-09-08 05:30:00,3059.0,3074.0,2982.0,2985.0,138.4268,1631080799999,417877.8059,1222,55.4838,167242.5633,0
2021-09-08 06:00:00,2987.0,3011.0,2919.0,2932.0,178.6195,1631082599999,529387.9601,1642,85.1213,252200.7415,0
2021-09-08 06:30:00,2933.0,2971.0,2866.0,2878.0,162.9026,1631084399999,474601.4001,1572,75.6583,220563.8359,0
2021-09-08 07:00:00,2881.0,2919.0,2878.0,2882.0,88.31200000000004,1631086199999,256232.5545,885,44.8185,130124.3522,0
2021-09-08 07:30:00,2878.0,2903.0,2841.0,2847.0,68.2875,1631087999999,196064.1918,656,26.1789,75155.5758,0
2021-09-08 08:00:00,2845.0,2875.0,2809.0,2858.0,133.4835,1631089799999,378417.0006,1068,55.5504,157470.342,0
2021-09-08 08:30:00,2856.0,2932.0,2856.0,2927.0,172.3694,1631091599999,500797.2713,1549,75.9828,220581.0899,0
2021-09-08 09:00:00,2925.0,2951.0,2907.0,2932.0,136.0311,1631093399999,398698.2688,679,79.8084,233572.0613,0
2021-09-08 09:30:00,2931.0,2949.0,2925.0,2945.0,58.1115,1631095199999,170505.5047,435,28.295,83028.9797,0
2021-09-08 10:00:00,2945.0,2946.0,2909.0,2919.0,129.0564,1631096999999,377430.4675,722,53.7524,157271.0561,0
2021-09-08 10:30:00,2921.0,2963.0,2896.0,2955.0,54.0608,1631098799999,158410.6459,597,26.1835,76752.5936,0
2021-09-08 11:00:00,2955.0,2990.0,2939.0,2989.0,53.2982,1631100599999,158352.9699,490,20.302,60191.873,0
2021-09-08 11:30:00,2989.0,2995.0,2960.0,2964.0,48.8714,1631102399999,145351.1723,380,34.3229,102060.7524,0
2021-09-08 12:00:00,2965.0,3002.0,2962.0,3000.0,34.1155,1631104199999,101618.6937,413,25.4459,75768.392,0
2021-09-08 12:30:00,2999.0,3004.0,2954.0,2969.0,36.2063,1631105999999,107978.1997,491,21.1234,62945.005,0
2021-09-08 13:00:00,2970.0,3003.0,2935.0,2989.0,128.23,1631107799999,380959.3488,972,59.3111,176315.8275,0
2021-09-08 13:30:00,2989.0,3007.0,2959.0,2982.0,100.8504,1631109599999,301291.9007,699,55.7603,166425.5363,0
2021-09-08 14:00:00,2983.0,2986.0,2956.0,2985.0,44.958999999999996,1631111399999,133735.2696,392,28.458000000000002,84594.3926,0
2021-09-08 14:30:00,2983.0,2997.0,2929.0,2944.0,54.8058,1631113199999,162152.7404,695,25.2578,74884.0423,0
2021-09-08 15:00:00,2940.0,2996.0,2935.0,2978.0,77.2981,1631114999999,229349.2976,686,50.7292,150480.7846,0
2021-09-08 15:30:00,2977.0,2998.0,2952.0,2986.0,131.4872,1631116799999,391668.1491,832,85.6282,255010.3678,0
2021-09-08 16:00:00,2988.0,3001.0,2963.0,2997.0,85.7909,1631118599999,255981.4323,603,37.5878,112230.8566,0
2021-09-08 16:30:00,2995.0,3046.0,2993.0,3034.0,104.7862,1631120399999,317050.0219,776,74.0178,224059.1668,0
2021-09-08 17:00:00,3031.0,3034.0,3005.0,3008.0,20.7883,1631122199999,62820.9873,351,10.34,31247.0326,0
2021-09-08 17:30:00,3007.0,3035.0,2998.0,3034.0,24.4295,1631123999999,73713.4445,322,13.2123,39888.1852,0
2021-09-08 18:00:00,3030.0,3058.0,3021.0,3049.0,30.5836,1631125799999,92976.4187,329,14.3157,43541.2071,0
2021-09-08 18:30:00,3051.0,3056.0,3029.0,3056.0,77.3718,1631127599999,235427.0072,451,21.4217,65283.746,0
2021-09-08 19:00:00,3056.0,3065.0,3037.0,3041.0,74.4055,1631129399999,226877.0214,636,49.5016,150963.4333,0
2021-09-08 19:30:00,3042.0,3054.0,3034.0,3050.0,38.5008,1631131199999,117131.0562,511,14.0862,42861.003,0
2021-09-08 20:00:00,3048.0,3048.0,2998.0,3016.0,47.2636,1631132999999,142438.1633,403,9.0503,27249.2131,0
2021-09-08 20:30:00,3016.0,3021.0,3000.0,3007.0,11.0642,1631134799999,33310.1622,165,3.1448,9478.5377,0
2021-09-08 21:00:00,3002.0,3022.0,3002.0,3016.0,8.0829,1631136599999,24375.2765,140,4.0932,12342.2383,0
2021-09-08 21:30:00,3017.0,3026.0,3002.0,3014.0,14.0844,1631138399999,42494.035,242,4.9075,14802.1481,0
2021-09-08 22:00:00,3015.0,3074.0,3010.0,3074.0,44.3472,1631140199999,135334.3274,394,35.2522,107577.9468,0
2021-09-08 22:30:00,3072.0,3076.0,3056.0,3060.0,29.5234,1631141999999,90513.5119,287,14.0207,42981.5941,0
2021-09-08 23:00:00,3058.0,3075.0,3029.0,3040.0,27.2542,1631143799999,83225.7456,275,14.6204,44621.6347,0
2021-09-08 23:30:00,3040.0,3044.0,3007.0,3021.0,29.6929,1631145599999,89938.6676,346,8.8601,26826.245,0
2021-09-09 00:00:00,3020.0,3056.0,3010.0,3017.0,28.7257,1631147399999,87023.8083,336,13.4061,40551.3533,0
2021-09-09 00:30:00,3012.0,3060.0,3012.0,3057.0,58.6845,1631149199999,178703.7712,490,46.5349,141682.544,0
2021-09-09 01:00:00,3056.0,3057.0,3009.0,3023.0,26.2434,1631150999999,79543.6152,354,18.5392,56199.4161,0
2021-09-09 01:30:00,3016.0,3018.0,2984.0,3000.0,52.2726,1631152799999,156551.5482,588,21.6744,64975.3801,0
2021-09-09 02:00:00,3002.0,3027.0,2990.0,2998.0,41.9361,1631154599999,126486.26,651,30.759,92793.2545,0
2021-09-09 02:30:00,3000.0,3000.0,2960.0,2963.0,57.5463,1631156399999,171250.9775,558,24.7103,73508.898,0
2021-09-09 03:00:00,2961.0,3057.0,2936.0,3024.0,226.3233,1631158199999,680666.4909,2011,152.0014,456734.3766,0
2021-09-09 03:30:00,3026.0,3030.0,3002.0,3014.0,56.9914,1631159999999,172039.617,992,44.1179,133198.7925,0
2021-09-09 04:00:00,3016.0,3053.0,3007.0,3046.0,29.8266,1631161799999,90626.0332,355,24.6991,75076.0298,0
2021-09-09 04:30:00,3046.0,3066.0,3036.0,3049.0,54.4277,1631163599999,166011.7652,660,41.2776,125987.315,0
2021-09-09 05:00:00,3046.0,3065.0,3013.0,3023.0,252.9106,1631165399999,765913.0266,3067,157.7889,478076.1446,0
2021-09-09 05:30:00,3022.0,3056.0,3019.0,3054.0,75.5035,1631167199999,229399.4647,1191,66.2807,201384.3546,0
2021-09-09 06:00:00,3051.0,3067.0,3019.0,3021.0,78.5738,1631168999999,239803.6899,1118,61.0447,186385.6829,0
2021-09-09 06:30:00,3021.0,3048.0,3020.0,3043.0,49.2576,1631170799999,149711.6192,444,43.0308,130783.7355,0
2021-09-09 07:00:00,3039.0,3039.0,3002.0,3031.0,93.4791,1631172599999,282760.5962,1185,77.157,233421.6913,0
2021-09-09 07:30:00,3033.0,3044.0,3006.0,3040.0,97.3903,1631174399999,294424.6607,1153,76.4829,231260.3765,0
2021-09-09 08:00:00,3036.0,3083.0,3026.0,3076.0,67.6442,1631176199999,206433.9341,1029,48.6448,148477.2525,0
2021-09-09 08:30:00,3077.0,3098.0,3056.0,3063.0,137.1665,1631177999999,423218.1458,920,81.7843,252303.0795,0
2021-09-09 09:00:00,3063.0,3079.0,3045.0,3050.0,130.8712,1631179799999,400292.1552,1070,81.3614,248925.1318,0
2021-09-09 09:30:00,3050.0,3056.0,3017.0,3022.0,123.3928,1631181599999,374699.6486,1468,90.7677,275703.0821,0
2021-09-09 10:00:00,3023.0,3026.0,2972.0,2989.0,122.291,1631183399999,366329.8475,1220,51.687,154687.4323,0
2021-09-09 10:30:00,2990.0,3003.0,2961.0,2978.0,64.2949,1631185199999,191765.90300000002,664,40.7803,121617.4998,0
2021-09-09 11:00:00,2978.0,3008.0,2969.0,3000.0,56.5583,1631186999999,169260.962,525,44.1783,132246.2181,0
2021-09-09 11:30:00,2999.0,3003.0,2984.0,2997.0,89.3891,1631188799999,267988.422,625,68.9638,206785.7761,0
2021-09-09 12:00:00,2999.0,3026.0,2964.0,2969.0,99.0808,1631190599999,296664.3934,768,73.9167,221397.2294,0
2021-09-09 12:30:00,2965.0,3011.0,2905.0,2991.0,298.8184,1631192399999,881667.1724,2485,152.105,448607.1732,0
2021-09-09 13:00:00,2991.0,3050.0,2991.0,3043.0,103.1206,1631194199999,312189.99100000004,830,74.7001,226201.9169,0
2021-09-09 13:30:00,3043.0,3052.0,3009.0,3014.0,59.3706,1631195999999,179842.1118,504,35.9726,108840.8573,0
2021-09-09 14:00:00,3015.0,3056.0,3015.0,3042.0,67.6209,1631197799999,205397.8718,386,41.3665,125716.8148,0
2021-09-09 14:30:00,3045.0,3048.0,3027.0,3028.0,46.7084,1631199599999,141872.3228,404,26.6463,80970.9309,0
2021-09-09 15:00:00,3029.0,3049.0,3006.0,3028.0,53.1951,1631201399999,161122.758,479,40.4356,122467.1504,0
2021-09-09 15:30:00,3031.0,3054.0,3019.0,3043.0,43.9175,1631203199999,133284.5101,553,27.2791,82840.9375,0
2021-09-09 16:00:00,3041.0,3052.0,3027.0,3044.0,57.3614,1631204999999,174266.0751,644,44.3223,134643.3148,0
2021-09-09 16:30:00,3047.0,3068.0,3043.0,3065.0,94.6618,1631206799999,289248.9345,725,54.6951,167093.6544,0
2021-09-09 17:00:00,3066.0,3070.0,3047.0,3056.0,108.62299999999999,1631208599999,331914.8915,643,65.1379,199015.19100000002,0
2021-09-09 17:30:00,3055.0,3058.0,3033.0,3033.0,98.6999,1631210399999,300686.214,743,65.5026,199545.3291,0
2021-09-09 18:00:00,3034.0,3043.0,2983.0,3007.0,90.6117,1631212199999,273416.1856,716,60.46,182475.5834,0
2021-09-09 18:30:00,3007.0,3008.0,2973.0,2978.0,41.3203,1631213999999,123653.2595,419,27.2343,81500.9357,0
2021-09-09 19:00:00,2978.0,2986.0,2954.0,2963.0,65.6991,1631215799999,195135.1933,740,43.5893,129544.4299,0
2021-09-09 19:30:00,2964.0,2981.0,2956.0,2966.0,37.0283,1631217599999,109901.3064,422,20.7856,61744.0235,0
2021-09-09 20:00:00,2962.0,2972.0,2932.0,2950.0,57.8257,1631219399999,170469.2479,663,31.6526,93302.5104,0
2021-09-09 20:30:00,2947.0,2961.0,2927.0,2932.0,47.8741,1631221199999,140924.4963,407,24.8412,73149.4209,0
2021-09-09 21:00:00,2929.0,2956.0,2928.0,2953.0,23.335,1631222999999,68738.0698,416,13.4,39452.4576,0
2021-09-09 21:30:00,2956.0,2973.0,2954.0,2972.0,47.2545,1631224799999,140142.5273,540,21.671,64269.949,0
2021-09-09 22:00:00,2970.0,2985.0,2937.0,2944.0,94.9202,1631226599999,280937.8049,963,61.3696,181779.1859,0
2021-09-09 22:30:00,2944.0,2958.0,2933.0,2958.0,36.8473,1631228399999,108589.1109,507,28.8657,85077.6622,0
2021-09-09 23:00:00,2958.0,2972.0,2954.0,2961.0,47.7789,1631230199999,141633.2641,849,38.556,114302.725,0
2021-09-09 23:30:00,2961.0,2962.0,2929.0,2938.0,40.8771,1631231999999,120291.9381,522,32.8813,96794.1084,0
2021-09-10 00:00:00,2940.0,2962.0,2918.0,2960.0,102.0258,1631233799999,299996.3791,987,58.5658,172349.3513,0
2021-09-10 00:30:00,2960.0,2967.0,2950.0,2961.0,70.1765,1631235599999,207642.6169,770,57.9609,171512.7436,0
2021-09-10 01:00:00,2960.0,2967.0,2942.0,2960.0,80.52,1631237399999,237835.1273,639,71.9017,212393.5059,0
2021-09-10 01:30:00,2963.0,2991.0,2959.0,2984.0,63.7334,1631239199999,189892.8192,651,50.6467,150912.9052,0
2021-09-10 02:00:00,2983.0,2990.0,2966.0,2988.0,66.1531,1631240999999,196890.884,504,51.1868,152375.8131,0
2021-09-10 02:30:00,2988.0,2994.0,2963.0,2964.0,36.2917,1631242799999,108131.4342,524,32.3382,96354.3156,0
2021-09-10 03:00:00,2964.0,2969.0,2937.0,2945.0,70.0884,1631244599999,206782.0843,665,54.7611,161617.171,0
2021-09-10 03:30:00,2948.0,2950.0,2936.0,2946.0,72.4877,1631246399999,213373.187,723,51.903,152817.4884,0
2021-09-10 04:00:00,2950.0,2963.0,2940.0,2960.0,59.8182,1631248199999,176533.7098,457,34.8534,102871.4434,0
2021-09-10 04:30:00,2962.0,2968.0,2947.0,2948.0,87.1735,1631249999999,257851.9176,655,43.2131,127878.8085,0
2021-09-10 05:00:00,2950.0,2956.0,2921.0,2932.0,63.9166,1631251799999,187490.6843,668,45.4114,133255.3077,0
2021-09-10 05:30:00,2932.0,2953.0,2921.0,2944.0,71.503,1631253599999,210106.355,712,35.6697,104861.8479,0
2021-09-10 06:00:00,2948.0,2953.0,2925.0,2932.0,64.7927,1631255399999,190526.3318,635,27.291999999999998,80235.0155,0
2021-09-10 06:30:00,2932.0,2933.0,2900.0,2905.0,74.8569,1631257199999,218253.7179,881,41.0875,119851.3415,0
2021-09-10 07:00:00,2903.0,2918.0,2878.0,2894.0,85.0046,1631258999999,246062.4524,905,53.2263,154024.6356,0
2021-09-10 07:30:00,2891.0,2896.0,2870.0,2881.0,71.5307,1631260799999,206049.3445,798,39.0933,112666.41900000001,0
2021-09-10 08:00:00,2883.0,2901.0,2869.0,2884.0,45.4599,1631262599999,131184.5932,592,31.5598,91116.1544,0
2021-09-10 08:30:00,2885.0,2890.0,2844.0,2873.0,77.4327,1631264399999,221517.34600000002,896,33.7953,96785.0069,0
2021-09-10 09:00:00,2873.0,2891.0,2850.0,2889.0,50.2704,1631266199999,144265.2088,752,18.9006,54269.5212,0
2021-09-10 09:30:00,2890.0,2906.0,2885.0,2900.0,40.3173,1631267999999,116774.1529,399,18.5726,53841.0288,0
2021-09-10 10:00:00,2895.0,2905.0,2893.0,2897.0,18.9028,1631269799999,54822.4029,207,14.3145,41526.5783,0
2021-09-10 10:30:00,2895.0,2914.0,2895.0,2905.0,30.4661,1631271599999,88509.4985,368,17.3432,50400.13400000001,0
2021-09-10 11:00:00,2904.0,2905.0,2872.0,2883.0,39.3423,1631273399999,113642.2623,464,19.4572,56287.2197,0
2021-09-10 11:30:00,2883.0,2901.0,2876.0,2900.0,42.9211,1631275199999,123808.7826,505,21.3457,61601.2155,0
2021-09-10 12:00:00,2901.0,2906.0,2873.0,2878.0,34.8735,1631276999999,100877.1004,427,22.7308,65778.3976,0
2021-09-10 12:30:00,2880.0,2895.0,2867.0,2869.0,52.1678,1631278799999,150118.6048,531,35.9938,103640.4279,0
2021-09-10 13:00:00,2869.0,2880.0,2833.0,2863.0,65.8599,1631280599999,188042.0496,964,31.9834,91355.5398,0
2021-09-10 13:30:00,2866.0,2875.0,2837.0,2847.0,75.1674,1631282399999,215002.0936,562,51.1423,146383.0494,0
2021-09-10 14:00:00,2844.0,2857.0,2762.0,2770.0,124.8649,1631284199999,350007.0741202,1806,45.0553,126713.8867,0
2021-09-10 14:30:00,2768.0,2801.0,2744.0,2782.0,227.273,1631285999999,630027.418096,3295,71.7071,199227.8579,0
2021-09-10 15:00:00,2786.0,2803.0,2735.0,2793.0,60.3143,1631287799999,167241.996407,992,24.97813,69258.8903,0
2021-09-10 15:30:00,2792.0,2829.0,2786.0,2823.0,69.76100000000001,1631289599999,195647.8386,640,27.8962,78512.9432,0
2021-09-10 16:00:00,2824.0,2824.0,2789.0,2802.0,126.0489,1631291399999,353642.1493,952,79.0661,221742.39899999998,0
2021-09-10 16:30:00,2803.0,2805.0,2787.0,2793.0,51.8427,1631293199999,144859.5249,356,31.5519,88150.851,0
2021-09-10 17:00:00,2797.0,2828.0,2780.0,2828.0,38.9808,1631294999999,109143.7298,316,26.021,72837.2806,0
2021-09-10 17:30:00,2824.0,2835.0,2811.0,2834.0,16.2967,1631296799999,45986.6873,254,9.3927,26504.5823,0
2021-09-10 18:00:00,2832.0,2853.0,2828.0,2849.0,24.9652,1631298599999,70853.7654,319,17.2333,48953.1996,0
2021-09-10 18:30:00,2849.0,2851.0,2834.0,2843.0,26.0279,1631300399999,73955.5033,346,11.8052,33544.0418,0
2021-09-10 19:00:00,2840.0,2844.0,2823.0,2823.0,30.3806,1631302199999,85981.7937,244,18.8437,53311.2818,0
2021-09-10 19:30:00,2826.0,2898.0,2820.0,2889.0,198.0107,1631303999999,568197.7076,1528,109.725,315201.5916,0
2021-09-10 20:00:00,2888.0,2906.0,2868.0,2868.0,94.3401,1631305799999,272262.3016,798,50.3128,145185.4341,0
2021-09-10 20:30:00,2868.0,2872.0,2805.0,2805.0,76.1765,1631307599999,215632.2767,959,39.0031,110447.3942,0
2021-09-10 21:00:00,2804.0,2832.0,2800.0,2825.0,20.1611,1631309399999,56803.6447,322,7.3239,20640.0028,0
2021-09-10 21:30:00,2823.0,2826.0,2716.0,2753.0,187.6417,1631311199999,518013.861708,1416,89.0377,245822.4374,0
2021-09-10 22:00:00,2752.0,2772.0,2734.0,2772.0,40.5327,1631312999999,111516.0424,418,19.4636,53591.694,0
2021-09-10 22:30:00,2768.0,2786.0,2731.0,2738.0,96.4143,1631314799999,266033.8956,764,62.1098,171560.39399999994,0
2021-09-10 23:00:00,2741.0,2777.0,2724.0,2766.0,43.092,1631316599999,118437.9268,586,24.1529,66430.09,0
2021-09-10 23:30:00,2766.0,2787.0,2763.0,2783.0,44.788000000000004,1631318399999,124311.3762,473,18.8873,52454.8235,0
2021-09-11 00:00:00,2785.0,2817.0,2774.0,2807.0,64.0257,1631320199999,179202.4698,609,38.6774,108263.8464,0
2021-09-11 00:30:00,2809.0,2831.0,2807.0,2816.0,79.2713,1631321999999,223537.9588,760,52.6715,148478.6004,0
2021-09-11 01:00:00,2816.0,2851.0,2813.0,2848.0,67.8261,1631323799999,191797.4432,762,41.2304,116516.3133,0
2021-09-11 01:30:00,2849.0,2875.0,2847.0,2852.0,88.1998,1631325599999,252311.9431,766,66.8657,191240.5302,0
2021-09-11 02:00:00,2853.0,2875.0,2853.0,2857.0,21.2077,1631327399999,60822.3811,399,15.7237,45090.4007,0
2021-09-11 02:30:00,2858.0,2864.0,2841.0,2850.0,9.5349,1631329199999,27196.4635,173,5.0969,14541.8833,0
2021-09-11 03:00:00,2850.0,2859.0,2790.0,2793.0,51.146,1631330999999,144142.6415,638,46.3905,130673.5691,0
2021-09-11 03:30:00,2793.0,2799.0,2771.0,2799.0,33.9684,1631332799999,94704.8855,444,16.2085,45199.7957,0
2021-09-11 04:00:00,2800.0,2829.0,2793.0,2810.0,20.2334,1631334599999,56920.9351,222,8.1432,22875.1486,0
2021-09-11 04:30:00,2816.0,2840.0,2814.0,2833.0,14.0272,1631336399999,39633.8269,270,8.4628,23921.5683,0
2021-09-11 05:00:00,2838.0,2849.0,2779.0,2788.0,59.3519,1631338199999,166641.316,547,36.9183,103678.1162,0
2021-09-11 05:30:00,2789.0,2826.0,2777.0,2826.0,42.5103,1631339999999,118990.3661,438,14.8162,41485.7629,0
2021-09-11 06:00:00,2829.0,2847.0,2825.0,2837.0,21.4054,1631341799999,60737.74,356,11.3106,32085.4799,0
2021-09-11 06:30:00,2839.0,2841.0,2818.0,2834.0,45.098,1631343599999,127411.6476,327,10.8435,30687.7511,0
2021-09-11 07:00:00,2837.0,2837.0,2795.0,2795.0,32.6718,1631345399999,91698.4646,224,17.6257,49447.0888,0
2021-09-11 07:30:00,2793.0,2827.0,2780.0,2821.0,27.455,1631347199999,76870.2066,319,14.4322,40430.8403,0
2021-09-11 08:00:00,2829.0,2840.0,2803.0,2806.0,58.2085,1631348999999,164272.863,607,41.1191,116096.5323,0
2021-09-11 08:30:00,2811.0,2851.0,2805.0,2845.0,30.8915,1631350799999,87520.7559,280,10.94,30994.9202,0
2021-09-11 09:00:00,2845.0,2886.0,2824.0,2882.0,124.6041,1631352599999,354890.9774,1461,36.6492,104425.7456,0
2021-09-11 09:30:00,2885.0,2909.0,2875.0,2898.0,88.2565,1631354399999,255394.6666,888,44.2204,128082.0854,0
2021-09-11 10:00:00,2902.0,2913.0,2889.0,2903.0,57.9167,1631356199999,168012.1374,577,33.3179,96599.2561,0
2021-09-11 10:30:00,2902.0,2904.0,2885.0,2897.0,30.4797,1631357999999,88164.9572,384,10.6807,30904.3761,0
2021-09-11 11:00:00,2898.0,2902.0,2876.0,2883.0,23.0915,1631359799999,66677.7045,261,12.8953,37264.4255,0
2021-09-11 11:30:00,2879.0,2913.0,2879.0,2895.0,35.5898,1631361599999,103122.275,428,20.1863,58540.0246,0
2021-09-11 12:00:00,2896.0,2907.0,2880.0,2903.0,35.1811,1631363399999,101850.5478,417,19.9522,57769.5554,0
2021-09-11 12:30:00,2902.0,2907.0,2882.0,2888.0,61.3241,1631365199999,177700.7441,520,30.4082,88167.802,0
2021-09-11 13:00:00,2888.0,2900.0,2863.0,2866.0,98.368,1631366999999,282994.0712,1105,57.5037,165367.617,0
2021-09-11 13:30:00,2866.0,2872.0,2850.0,2863.0,68.5563,1631368799999,196071.2889,532,43.7028,125036.6495,0
2021-09-11 14:00:00,2865.0,2897.0,2863.0,2884.0,33.789,1631370599999,97249.168,285,24.2096,69647.0715,0
2021-09-11 14:30:00,2886.0,2897.0,2883.0,2892.0,27.561999999999998,1631372399999,79641.6828,333,16.0912,46508.5333,0
2021-09-11 15:00:00,2892.0,2893.0,2878.0,2878.0,37.7807,1631374199999,108930.744,396,25.9425,74807.6933,0
2021-09-11 15:30:00,2883.0,2885.0,2870.0,2880.0,22.6481,1631375999999,65180.2056,189,16.2592,46808.6268,0
2021-09-11 16:00:00,2883.0,2896.0,2853.0,2892.0,63.8511,1631377799999,183534.2213,633,42.99800000000001,123553.0155,0
2021-09-11 16:30:00,2892.0,2916.0,2890.0,2897.0,118.2845,1631379599999,343603.4846,1089,69.1218,200835.9682,0
2021-09-11 17:00:00,2896.0,2903.0,2878.0,2880.0,46.3021,1631381399999,133848.9108,299,24.8549,71944.8001,0
2021-09-11 17:30:00,2882.0,2891.0,2873.0,2887.0,19.6367,1631383199999,56585.878,191,13.429,38702.8312,0
2021-09-11 18:00:00,2883.0,2899.0,2881.0,2895.0,33.0718,1631384999999,95516.5624,259,18.6159,53773.9233,0
2021-09-11 18:30:00,2894.0,2900.0,2887.0,2898.0,13.6266,1631386799999,39428.5412,264,10.3886,30063.6999,0
2021-09-11 19:00:00,2897.0,2903.0,2875.0,2889.0,45.35,1631388599999,131067.54800000001,239,24.8509,71825.0848,0
2021-09-11 19:30:00,2890.0,2890.0,2867.0,2877.0,58.2369,1631390399999,168005.41,329,10.306,29683.5755,0
2021-09-11 20:00:00,2876.0,2880.0,2849.0,2861.0,42.5532,1631392199999,121613.5467,280,13.0627,37361.7287,0
2021-09-11 20:30:00,2860.0,2882.0,2860.0,2872.0,15.0788,1631393999999,43280.997,132,10.6631,30598.5982,0
2021-09-11 21:00:00,2872.0,2889.0,2867.0,2889.0,17.4638,1631395799999,50321.6306,210,13.1912,38037.0809,0
2021-09-11 21:30:00,2889.0,2889.0,2873.0,2880.0,11.4875,1631397599999,33122.6646,153,10.1635,29312.683999999997,0
2021-09-11 22:00:00,2876.0,2876.0,2847.0,2851.0,14.3201,1631399399999,40944.8944,152,4.8779,13950.4014,0
2021-09-11 22:30:00,2853.0,2863.0,2832.0,2837.0,12.7425,1631401199999,36303.0546,227,5.5929,15928.8445,0
2021-09-11 23:00:00,2832.0,2842.0,2820.0,2841.0,16.127,1631402999999,45711.5916,212,8.2977,23514.2825,0
2021-09-11 23:30:00,2843.0,2846.0,2822.0,2846.0,12.1805,1631404799999,34514.8291,211,8.1437,23076.4105,0
2021-09-12 00:00:00,2846.0,2864.0,2834.0,2835.0,9.6771,1631406599999,27575.4971,153,3.9892,11385.1666,0
2021-09-12 00:30:00,2830.0,2831.0,2806.0,2818.0,23.5569,1631408399999,66351.2388,368,10.3659,29194.9668,0
2021-09-12 01:00:00,2811.0,2823.0,2789.0,2806.0,23.3245,1631410199999,65370.7793,348,4.1309,11579.508,0
2021-09-12 01:30:00,2807.0,2824.0,2801.0,2824.0,10.0813,1631411999999,28346.3481,112,4.1928,11797.801000000001,0
2021-09-12 02:00:00,2825.0,2902.0,2821.0,2863.0,223.6073,1631413799999,641698.6364,1505,155.1963,445167.9825,0
2021-09-12 02:30:00,2863.0,2865.0,2850.0,2863.0,11.0336,1631415599999,31519.9205,192,5.7607,16462.4826,0
2021-09-12 03:00:00,2860.0,2878.0,2853.0,2876.0,16.4421,1631417399999,47206.3898,210,2.8329,8133.3448,0
2021-09-12 03:30:00,2877.0,2882.0,2869.0,2882.0,9.564,1631419199999,27499.0255,163,4.8334,13904.3284,0
2021-09-12 04:00:00,2882.0,2892.0,2868.0,2891.0,15.8042,1631420999999,45517.8782,196,7.2205,20784.3215,0
2021-09-12 04:30:00,2891.0,2892.0,2875.0,2880.0,13.7454,1631422799999,39652.9633,115,5.6311,16250.476999999999,0
2021-09-12 05:00:00,2878.0,2891.0,2875.0,2887.0,11.7056,1631424599999,33772.3431,131,3.4151,9860.0806,0
2021-09-12 05:30:00,2894.0,2894.0,2879.0,2885.0,10.2293,1631426399999,29518.0093,107,3.8531,11116.1217,0
2021-09-12 06:00:00,2885.0,2901.0,2885.0,2900.0,41.4693,1631428199999,119926.1688,336,21.9292,63428.1632,0
2021-09-12 06:30:00,2899.0,2899.0,2874.0,2879.0,49.1723,1631429999999,141739.9825,633,25.3329,73039.4579,0
2021-09-12 07:00:00,2878.0,2898.0,2872.0,2896.0,48.3299,1631431799999,139488.4958,974,33.9811,98049.5769,0
2021-09-12 07:30:00,2896.0,2921.0,2892.0,2917.0,85.0285,1631433599999,246933.3699,1388,53.4481,155217.7597,0
2021-09-12 08:00:00,2915.0,2947.0,2890.0,2945.0,108.081,1631435399999,315451.7292,1364,74.5655,217474.3073,0
2021-09-12 08:30:00,2944.0,2960.0,2943.0,2957.0,69.6162,1631437199999,205539.424,841,40.1924,118697.9112,0
2021-09-12 09:00:00,2961.0,2966.0,2945.0,2951.0,45.1904,1631438999999,133599.99800000002,608,31.5772,93385.2913,0
2021-09-12 09:30:00,2949.0,2960.0,2933.0,2935.0,31.9615,1631440799999,94280.5359,421,19.4461,57390.9791,0
2021-09-12 10:00:00,2935.0,2953.0,2926.0,2940.0,49.6145,1631442599999,145897.00400000002,536,35.036,103010.7518,0
2021-09-12 10:30:00,2940.0,2945.0,2927.0,2934.0,43.976000000000006,1631444399999,129121.799,635,29.0232,85237.9798,0
2021-09-12 11:00:00,2935.0,2957.0,2934.0,2938.0,65.2877,1631446199999,192222.0026,837,40.4545,119134.1714,0
2021-09-12 11:30:00,2940.0,2962.0,2930.0,2960.0,69.0916,1631447999999,203543.8778,1007,51.1247,150694.0851,0
2021-09-12 12:00:00,2961.0,2967.0,2946.0,2953.0,31.4308,1631449799999,93000.9858,655,22.9608,67960.7375,0
2021-09-12 12:30:00,2953.0,2959.0,2935.0,2939.0,31.6624,1631451599999,93347.5068,393,23.1679,68290.0428,0
2021-09-12 13:00:00,2941.0,2966.0,2933.0,2959.0,42.7588,1631453399999,126226.2467,541,30.522,90146.6027,0
2021-09-12 13:30:00,2959.0,2962.0,2915.0,2932.0,62.0386,1631455199999,182316.3345,804,30.8303,90572.0587,0
2021-09-12 14:00:00,2934.0,2944.0,2923.0,2927.0,33.7327,1631456999999,98953.8607,530,19.5888,57480.5254,0
2021-09-12 14:30:00,2927.0,2934.0,2914.0,2917.0,46.4234,1631458799999,135725.598,948,33.4513,97800.8496,0
2021-09-12 15:00:00,2917.0,2923.0,2912.0,2914.0,42.6987,1631460599999,124603.0588,1003,24.7162,72133.4101,0
2021-09-12 15:30:00,2914.0,2920.0,2890.0,2903.0,69.0345,1631462399999,200487.5129,857,37.3959,108600.5765,0
2021-09-12 16:00:00,2903.0,2917.0,2895.0,2910.0,69.1149,1631464199999,200685.8191,724,39.1062,113562.9301,0
2021-09-12 16:30:00,2910.0,2914.0,2892.0,2898.0,49.5819,1631465999999,143898.9186,529,27.0221,78458.9191,0
2021-09-12 17:00:00,2895.0,2900.0,2885.0,2896.0,30.4502,1631467799999,88102.9275,356,22.4178,64866.6588,0
2021-09-12 17:30:00,2897.0,2903.0,2890.0,2895.0,38.984,1631469599999,112876.1053,251,27.0471,78315.3377,0
2021-09-12 18:00:00,2895.0,2901.0,2874.0,2887.0,22.6243,1631471399999,65288.3504,250,14.2873,41234.2167,0
2021-09-12 18:30:00,2888.0,2891.0,2880.0,2883.0,21.9506,1631473199999,63345.3349,223,15.0758,43505.9864,0
2021-09-12 19:00:00,2880.0,2881.0,2852.0,2869.0,120.1442,1631474999999,344857.6416,1084,46.636,133895.414,0
2021-09-12 19:30:00,2875.0,2880.0,2866.0,2870.0,34.3824,1631476799999,98766.7939,381,21.1937,60898.4671,0
2021-09-12 20:00:00,2871.0,2898.0,2868.0,2885.0,30.914,1631478599999,89224.0111,357,20.4182,58939.1708,0
2021-09-12 20:30:00,2885.0,2887.0,2798.0,2805.0,105.4471,1631480399999,298510.9654,1197,45.5782,129014.5499,0
2021-09-12 21:00:00,2803.0,2827.0,2787.0,2806.0,60.7446,1631482199999,170757.2462,670,24.3957,68576.9787,0
2021-09-12 21:30:00,2808.0,2855.0,2801.0,2841.0,78.0803,1631483999999,221589.1932,589,59.7617,169752.1595,0
2021-09-12 22:00:00,2838.0,2850.0,2833.0,2837.0,26.7838,1631485799999,76157.7021,445,15.6827,44593.8658,0
2021-09-12 22:30:00,2838.0,2869.0,2836.0,2867.0,24.4191,1631487599999,69648.2476,247,13.1707,37594.5386,0
2021-09-12 23:00:00,2869.0,2895.0,2868.0,2888.0,60.4829,1631489399999,174489.19,754,18.0459,52090.8018,0
2021-09-12 23:30:00,2889.0,2897.0,2872.0,2874.0,29.5785,1631491199999,85369.2602,448,10.1461,29266.5852,0
2021-09-13 00:00:00,2873.0,2898.0,2872.0,2883.0,15.0792,1631492999999,43549.8537,226,8.7775,25338.0309,0
2021-09-13 00:30:00,2881.0,2890.0,2850.0,2858.0,37.9672,1631494799999,108871.5683,322,14.6869,42239.1941,0
2021-09-13 01:00:00,2857.0,2863.0,2794.0,2810.0,111.697,1631496599999,314369.0199,1308,35.6,100129.7945,0
2021-09-13 01:30:00,2807.0,2809.0,2784.0,2792.0,160.57299999999995,1631498399999,448519.25200000004,705,125.8554,351491.722,0
2021-09-13 02:00:00,2789.0,2804.0,2753.0,2767.0,116.3211,1631500199999,323626.4527,1250,43.5341,121180.2447,0
2021-09-13 02:30:00,2769.0,2781.0,2742.0,2757.0,130.0173,1631501999999,358679.2257,741,60.4884,166970.5067,0
2021-09-13 03:00:00,2758.0,2773.0,2741.0,2760.0,33.5882,1631503799999,92676.7957,337,12.5199,34553.0588,0
2021-09-13 03:30:00,2758.0,2758.0,2713.0,2719.0,57.5381,1631505599999,157463.48058039998,680,14.4393,39533.1235,0
2021-09-13 04:00:00,2716.0,2749.0,2711.0,2733.0,46.97,1631507399999,128458.83343,486,18.3524,50162.6088,0
2021-09-13 04:30:00,2734.0,2752.0,2727.0,2750.0,39.0247,1631509199999,106908.339,459,23.9955,65741.5788,0
2021-09-13 05:00:00,2744.0,2749.0,2717.0,2740.0,68.1881,1631510999999,186658.199,474,26.0916,71432.7434,0
2021-09-13 05:30:00,2740.0,2768.0,2735.0,2749.0,43.155,1631512799999,118646.8221,339,19.3637,53207.9589,0
2021-09-13 06:00:00,2749.0,2763.0,2735.0,2759.0,38.1137,1631514599999,104834.1417,363,22.05,60693.5839,0
2021-09-13 06:30:00,2756.0,2768.0,2749.0,2764.0,15.255,1631516399999,42102.1672,323,8.5039,23476.2951,0
2021-09-13 07:00:00,2764.0,2770.0,2693.0,2701.0,75.9879,1631518199999,206854.4267819,936,36.6197,99767.171,0
2021-09-13 07:30:00,2699.0,2724.0,2682.0,2717.0,49.4064,1631519999999,133431.610525,747,21.2961,57527.33900000001,0
2021-09-13 08:00:00,2717.0,2724.0,2673.0,2691.0,68.7347,1631521799999,184712.2625,845,22.6135,60854.9589,0
2021-09-13 08:30:00,2694.0,2711.0,2680.0,2700.0,62.1543,1631523599999,167424.4818,1277,18.3074,49360.6614,0
2021-09-13 09:00:00,2698.0,2731.0,2698.0,2730.0,32.1604,1631525399999,87346.3636,639,10.883,29572.5147,0
2021-09-13 09:30:00,2728.0,2769.0,2718.0,2750.0,85.281,1631527199999,234776.5682,1500,29.1032,80213.2856,0
2021-09-13 10:00:00,2751.0,2773.0,2744.0,2766.0,28.0675,1631528999999,77544.793,339,9.7116,26839.2168,0
2021-09-13 10:30:00,2767.0,2771.0,2748.0,2770.0,16.3894,1631530799999,45248.7018,199,3.3896,9360.0462,0
2021-09-13 11:00:00,2769.0,2776.0,2715.0,2762.0,52.6547,1631532599999,144733.4193,386,20.6099,56794.1393,0
2021-09-13 11:30:00,2762.0,2782.0,2749.0,2775.0,23.4936,1631534399999,64977.1681,268,7.808,21606.3845,0
2021-09-13 12:00:00,2775.0,2788.0,2767.0,2770.0,23.6881,1631536199999,65767.5194,206,15.2427,42300.2437,0
2021-09-13 12:30:00,2775.0,2783.0,2761.0,2763.0,21.365,1631537999999,59220.5494,303,12.9503,35914.9595,0
2021-09-13 13:00:00,2766.0,2788.0,2758.0,2783.0,42.4109,1631539799999,117594.2277,209,18.1076,50098.4409,0
2021-09-13 13:30:00,2783.0,2880.0,2783.0,2819.0,105.3921,1631541599999,298798.374,1114,50.2258,142189.5381,0
2021-09-13 14:00:00,2818.0,2822.0,2620.0,2689.0,324.2489,1631543399999,881103.483008,3181,119.1001,323537.03683,0
2021-09-13 14:30:00,2692.0,2714.0,2650.0,2686.0,51.1318,1631545199999,137207.1416,592,24.7792,66452.5965,0
2021-09-13 15:00:00,2684.0,2734.0,2684.0,2731.0,64.0286,1631546999999,174102.1872,446,43.7822,119155.9321,0
2021-09-13 15:30:00,2731.0,2749.0,2724.0,2727.0,52.07100000000001,1631548799999,142419.1186,347,17.7986,48678.9356,0
2021-09-13 16:00:00,2723.0,2737.0,2712.0,2722.0,53.7161,1631550599999,146548.24800000002,334,21.486,58539.0189,0
2021-09-13 16:30:00,2722.0,2737.0,2721.0,2735.0,21.4484,1631552399999,58569.1379,194,16.5344,45163.7272,0
2021-09-13 17:00:00,2738.0,2747.0,2732.0,2732.0,21.9503,1631554199999,60131.8643,141,7.1106,19498.9385,0
2021-09-13 17:30:00,2735.0,2751.0,2730.0,2750.0,14.9101,1631555999999,40873.7099,148,8.1866,22482.028,0
2021-09-13 18:00:00,2750.0,2758.0,2744.0,2757.0,11.1026,1631557799999,30542.2482,165,3.9905,10981.5232,0
2021-09-13 18:30:00,2755.0,2799.0,2755.0,2764.0,113.8141,1631559599999,315784.3809,998,77.3518,214589.9485,0
2021-09-13 19:00:00,2766.0,2769.0,2754.0,2767.0,16.8717,1631561399999,46553.5135,205,10.1805,28099.4588,0
2021-09-13 19:30:00,2769.0,2780.0,2768.0,2771.0,20.3396,1631563199999,56397.0234,157,5.4254,15058.5457,0
2021-09-13 20:00:00,2773.0,2788.0,2773.0,2786.0,14.3637,1631564999999,39957.9817,179,6.8882,19148.0696,0
2021-09-13 20:30:00,2787.0,2813.0,2785.0,2811.0,16.8393,1631566799999,47156.6607,206,9.0824,25437.6231,0
2021-09-13 21:00:00,2812.0,2824.0,2794.0,2794.0,20.5355,1631568599999,57676.5139,286,7.3399,20638.6565,0
2021-09-13 21:30:00,2796.0,2806.0,2773.0,2801.0,33.436,1631570399999,93327.319,355,16.7097,46653.5612,0
2021-09-13 22:00:00,2804.0,2810.0,2790.0,2808.0,17.8469,1631572199999,49937.7521,154,9.3947,26282.1891,0
2021-09-13 22:30:00,2810.0,2817.0,2797.0,2810.0,11.1515,1631573999999,31307.9861,160,3.9481,11095.4672,0
2021-09-13 23:00:00,2814.0,2820.0,2797.0,2808.0,15.597999999999999,1631575799999,43813.5851,146,11.3548,31892.6969,0
2021-09-13 23:30:00,2807.0,2824.0,2807.0,2809.0,17.8883,1631577599999,50345.7954,223,14.7461,41496.4107,0
2021-09-14 00:00:00,2810.0,2832.0,2780.0,2795.0,22.8833,1631579399999,64245.7417,356,13.0448,36698.3041,0
2021-09-14 00:30:00,2792.0,2835.0,2788.0,2829.0,17.2407,1631581199999,48560.6421,183,8.446,23772.0374,0
2021-09-14 01:00:00,2834.0,2848.0,2820.0,2845.0,6.0873,1631582999999,17275.3779,152,4.6613,13239.9103,0
2021-09-14 01:30:00,2845.0,2845.0,2813.0,2814.0,9.7279,1631584799999,27506.6329,143,3.6831,10404.914,0
2021-09-14 02:00:00,2817.0,2823.0,2796.0,2801.0,5.2347,1631586599999,14676.3279,97,2.8361,7957.0814,0
2021-09-14 02:30:00,2795.0,2848.0,2794.0,2829.0,43.7772,1631588399999,124127.4092,563,28.04,79543.99799999999,0
2021-09-14 03:00:00,2829.0,2838.0,2820.0,2825.0,32.6283,1631590199999,92313.1861,521,19.7206,55797.02,0
2021-09-14 03:30:00,2826.0,2835.0,2821.0,2826.0,17.0655,1631591999999,48248.7393,230,7.9722,22540.1068,0
2021-09-14 04:00:00,2828.0,2834.0,2823.0,2823.0,16.0501,1631593799999,45418.416,194,7.7578,21954.0765,0
2021-09-14 04:30:00,2825.0,2826.0,2808.0,2812.0,8.3317,1631595599999,23501.2549,129,4.5368,12800.6098,0
2021-09-14 05:00:00,2810.0,2820.0,2810.0,2819.0,9.6926,1631597399999,27262.4809,76,5.2572,14782.1737,0
2021-09-14 05:30:00,2819.0,2824.0,2808.0,2814.0,10.9331,1631599199999,30755.8678,130,4.005,11264.2287,0
2021-09-14 06:00:00,2817.0,2821.0,2807.0,2810.0,9.2628,1631600999999,26063.381,99,2.4354,6857.3207,0
2021-09-14 06:30:00,2810.0,2849.0,2808.0,2840.0,31.3851,1631602799999,88794.8791,346,20.0094,56657.6706,0
2021-09-14 07:00:00,2841.0,2853.0,2833.0,2839.0,22.4764,1631604599999,63908.4007,212,10.0801,28676.2205,0
2021-09-14 07:30:00,2838.0,2851.0,2832.0,2838.0,19.1416,1631606399999,54371.9863,161,6.3257,17971.7446,0
2021-09-14 08:00:00,2836.0,2855.0,2836.0,2853.0,12.0151,1631608199999,34184.0538,134,4.7241,13454.1443,0
2021-09-14 08:30:00,2852.0,2861.0,2849.0,2858.0,11.8332,1631609999999,33792.1603,147,5.1111,14606.2846,0
2021-09-14 09:00:00,2860.0,2867.0,2840.0,2847.0,27.9765,1631611799999,79813.4491,330,7.555,21547.4388,0
2021-09-14 09:30:00,2844.0,2852.0,2828.0,2850.0,48.743,1631613599999,138528.9131,314,26.1771,74428.1183,0
2021-09-14 10:00:00,2850.0,2864.0,2850.0,2859.0,24.6257,1631615399999,70334.7151,305,6.8836,19670.8246,0
2021-09-14 10:30:00,2860.0,2878.0,2855.0,2878.0,15.2125,1631617199999,43616.7424,232,11.0925,31807.8107,0
2021-09-14 11:00:00,2879.0,2880.0,2869.0,2880.0,33.7218,1631618999999,97005.1996,482,24.1873,69594.6811,0
2021-09-14 11:30:00,2879.0,2886.0,2865.0,2883.0,32.6709,1631620799999,93959.1011,454,11.9007,34255.151,0
2021-09-14 12:00:00,2883.0,2887.0,2850.0,2850.0,49.9764,1631622599999,143501.1666,453,23.6261,67942.6744,0
2021-09-14 12:30:00,2849.0,2899.0,2848.0,2894.0,53.2597,1631624399999,153739.8929,427,31.4131,90691.0357,0
2021-09-14 13:00:00,2896.0,2914.0,2889.0,2905.0,113.4139,1631626199999,329035.1518,622,39.5055,114681.6686,0
2021-09-14 13:30:00,2905.0,2925.0,2898.0,2898.0,122.2476,1631627999999,356351.0581,957,49.0942,143167.5095,0
2021-09-14 14:00:00,2900.0,2905.0,2880.0,2902.0,114.2013,1631629799999,330998.4974,650,49.8216,144419.5347,0
2021-09-14 14:30:00,2902.0,2910.0,2898.0,2910.0,68.8677,1631631599999,199979.5356,448,46.401,134756.8961,0
2021-09-14 15:00:00,2912.0,2931.0,2909.0,2924.0,80.9956,1631633399999,236666.4689,707,56.7776,165868.9423,0
2021-09-14 15:30:00,2926.0,2945.0,2917.0,2919.0,116.9026,1631635199999,342650.0112,980,68.8575,201909.7817,0
2021-09-14 16:00:00,2924.0,2929.0,2895.0,2903.0,127.2863,1631636999999,369845.3485,1047,72.5492,210957.2395,0
2021-09-14 16:30:00,2903.0,2912.0,2892.0,2895.0,57.19300000000001,1631638799999,165980.2552,621,26.3939,76628.3178,0
2021-09-14 17:00:00,2898.0,2903.0,2891.0,2893.0,30.4544,1631640599999,88218.4568,465,17.8292,51654.9726,0
2021-09-14 17:30:00,2892.0,2913.0,2891.0,2911.0,35.5572,1631642399999,103164.8486,314,30.0659,87256.1753,0
2021-09-14 18:00:00,2911.0,2914.0,2883.0,2886.0,30.6451,1631644199999,88738.8598,294,18.8258,54564.0181,0
2021-09-14 18:30:00,2885.0,2885.0,2861.0,2862.0,51.7938,1631645999999,148704.2293,512,31.531999999999996,90563.9731,0
2021-09-14 19:00:00,2867.0,2868.0,2851.0,2862.0,74.2021,1631647799999,212201.9378,594,31.8555,91122.0837,0
2021-09-14 19:30:00,2857.0,2859.0,2835.0,2838.0,36.2158,1631649599999,103174.6047,532,8.7795,25035.6711,0
2021-09-14 20:00:00,2839.0,2847.0,2834.0,2840.0,54.4261,1631651399999,154666.0512,584,24.4828,69587.7914,0
2021-09-14 20:30:00,2841.0,2854.0,2836.0,2844.0,87.1196,1631653199999,247645.9928,609,33.5934,95550.332,0
2021-09-14 21:00:00,2843.0,2848.0,2795.0,2808.0,206.6347,1631654999999,581790.1269,1082,74.3291,209704.4681,0
2021-09-14 21:30:00,2809.0,2824.0,2804.0,2818.0,103.0293,1631656799999,289771.6728,866,45.5025,128082.0603,0
2021-09-14 22:00:00,2819.0,2836.0,2813.0,2824.0,47.7259,1631658599999,134808.207,437,31.5202,89025.1227,0
2021-09-14 22:30:00,2825.0,2859.0,2821.0,2859.0,77.2411,1631660399999,219383.9464,652,36.7977,104561.1506,0
2021-09-14 23:00:00,2859.0,2875.0,2857.0,2871.0,62.1138,1631662199999,178017.0709,668,34.2566,98215.2093,0
2021-09-14 23:30:00,2871.0,2926.0,2865.0,2923.0,178.9617,1631663999999,518257.3232,2879,131.9794,382476.9823,0
2021-09-15 00:00:00,2921.0,2935.0,2900.0,2900.0,118.2949,1631665799999,345083.6411,2181,82.2771,240191.9914,0
2021-09-15 00:30:00,2900.0,2903.0,2865.0,2867.0,47.0997,1631667599999,135644.9241,580,16.9763,48885.047,0
2021-09-15 01:00:00,2868.0,2880.0,2849.0,2850.0,169.3662,1631669399999,484180.6253,1490,76.6315,219275.8432,0
2021-09-15 01:30:00,2850.0,2852.0,2836.0,2843.0,84.4791,1631671199999,240217.0418,714,57.0922,162310.6304,0
2021-09-15 02:00:00,2844.0,2857.0,2840.0,2850.0,64.3885,1631672999999,183321.6265,474,32.0595,91310.9642,0
2021-09-15 02:30:00,2850.0,2878.0,2849.0,2872.0,69.5501,1631674799999,199196.0154,790,49.1201,140663.2034,0
2021-09-15 03:00:00,2872.0,2873.0,2850.0,2860.0,85.6149,1631676599999,244866.9928,647,50.2358,143709.443,0
2021-09-15 03:30:00,2860.0,2861.0,2840.0,2844.0,82.3222,1631678399999,234518.5917,601,23.4673,66877.6779,0
2021-09-15 04:00:00,2841.0,2845.0,2837.0,2842.0,88.1393,1631680199999,250326.7253,402,26.4722,75223.0561,0
2021-09-15 04:30:00,2841.0,2865.0,2839.0,2840.0,137.2621,1631681999999,392072.7481,662,59.9046,170983.8485,0
2021-09-15 05:00:00,2840.0,2859.0,2826.0,2850.0,60.1686,1631683799999,171281.8059,752,24.4214,69555.314,0
2021-09-15 05:30:00,2850.0,2860.0,2833.0,2850.0,59.6963,1631685599999,170045.2109,613,34.516999999999996,98302.7298,0
2021-09-15 06:00:00,2848.0,2854.0,2824.0,2837.0,95.6753,1631687399999,271453.7339,1332,58.515,166065.8643,0
2021-09-15 06:30:00,2837.0,2853.0,2834.0,2845.0,60.1047,1631689199999,170963.5415,761,46.925,133522.8462,0
2021-09-15 07:00:00,2843.0,2859.0,2836.0,2849.0,26.289,1631690999999,74891.3029,408,15.267999999999999,43504.4417,0
2021-09-15 07:30:00,2849.0,2864.0,2846.0,2859.0,76.0835,1631692799999,217336.1551,643,52.2065,149196.4235,0
2021-09-15 08:00:00,2862.0,2892.0,2852.0,2887.0,114.6258,1631694599999,329379.3331,2072,82.7291,237912.0044,0
2021-09-15 08:30:00,2887.0,2910.0,2879.0,2879.0,276.5654,1631696399999,800499.213,2025,146.0553,422833.0184,0
2021-09-15 09:00:00,2879.0,2909.0,2879.0,2897.0,118.5168,1631698199999,343065.3995,1056,48.1019,139170.6488,0
2021-09-15 09:30:00,2898.0,2900.0,2880.0,2888.0,158.3686,1631699999999,457309.5753,753,69.6955,201201.9712,0
2021-09-15 10:00:00,2888.0,2920.0,2888.0,2916.0,74.0121,1631701799999,214955.5332,591,32.3766,94084.955,0
2021-09-15 10:30:00,2917.0,2955.0,2901.0,2939.0,121.2596,1631703599999,355965.1110000001,1027,77.7575,228424.4906,0
2021-09-15 11:00:00,2938.0,2941.0,2922.0,2925.0,125.3437,1631705399999,367773.2528,1061,48.6897,142882.44,0
2021-09-15 11:30:00,2927.0,2927.0,2904.0,2925.0,57.6695,1631707199999,168220.8961,448,27.904,81418.0095,0
2021-09-15 12:00:00,2926.0,2937.0,2903.0,2921.0,92.4476,1631708999999,269956.4916,1009,42.6765,124648.3445,0
2021-09-15 12:30:00,2922.0,2922.0,2882.0,2887.0,81.5622,1631710799999,236524.7015,672,25.8646,75044.8334,0
2021-09-15 13:00:00,2890.0,2930.0,2879.0,2929.0,66.9868,1631712599999,194870.30399999997,725,31.0488,90453.8518,0
2021-09-15 13:30:00,2926.0,2930.0,2912.0,2920.0,33.99,1631714399999,99322.6845,324,15.7785,46114.2713,0
2021-09-15 14:00:00,2922.0,2927.0,2913.0,2918.0,42.4233,1631716199999,123879.325,352,21.6385,63213.3778,0
2021-09-15 14:30:00,2918.0,2921.0,2896.0,2908.0,35.1759,1631717999999,102151.1858,450,13.9022,40377.5763,0
2021-09-15 15:00:00,2910.0,2957.0,2908.0,2929.0,94.0003,1631719799999,275881.8464,1146,33.0496,96892.5859,0
2021-09-15 15:30:00,2930.0,2959.0,2930.0,2957.0,96.6792,1631721599999,284560.6873,1077,36.6841,108019.6348,0
2021-09-15 16:00:00,2956.0,2966.0,2940.0,2950.0,69.7675,1631723399999,206354.6686,632,25.8281,76418.0941,0
2021-09-15 16:30:00,2954.0,2962.0,2937.0,2940.0,73.6068,1631725199999,217249.4676,566,38.1971,112771.2335,0
2021-09-15 17:00:00,2941.0,2979.0,2941.0,2976.0,85.1847,1631726999999,252294.7539,802,40.0648,118654.0235,0
2021-09-15 17:30:00,2976.0,2979.0,2960.0,2963.0,77.8191,1631728799999,231080.4715,504,25.6162,76135.9594,0
2021-09-15 18:00:00,2964.0,2973.0,2949.0,2966.0,60.248999999999995,1631730599999,178378.7816,505,26.3764,78096.7032,0
2021-09-15 18:30:00,2968.0,2987.0,2961.0,2978.0,64.4041,1631732399999,191570.1445,474,25.3458,75403.3273,0
2021-09-15 19:00:00,2981.0,2987.0,2967.0,2977.0,59.535,1631734199999,177345.6826,554,31.9317,95129.3167,0
2021-09-15 19:30:00,2979.0,2995.0,2973.0,2993.0,25.5283,1631735999999,76178.1102,338,12.1792,36361.4426,0
2021-09-15 20:00:00,2994.0,2999.0,2978.0,2982.0,76.8493,1631737799999,229706.7031,642,31.165,93236.9897,0
2021-09-15 20:30:00,2982.0,2988.0,2967.0,2971.0,36.0568,1631739599999,107421.0719,472,14.5148,43237.4265,0
2021-09-15 21:00:00,2971.0,3000.0,2969.0,3000.0,36.9513,1631741399999,110356.4952,492,27.7413,82818.7175,0
2021-09-15 21:30:00,2998.0,3014.0,2993.0,2998.0,41.3967,1631743199999,124240.8677,670,17.9408,53871.0155,0
2021-09-15 22:00:00,2998.0,3037.0,2995.0,3019.0,92.6873,1631744999999,279689.0429,774,53.8967,162483.0768,0
2021-09-15 22:30:00,3019.0,3064.0,3014.0,3061.0,118.7371,1631746799999,361439.3797,1223,84.9161,258534.98899999997,0
2021-09-15 23:00:00,3062.0,3080.0,3043.0,3045.0,150.8086,1631748599999,462037.7617,1139,76.8279,235455.8934,0
2021-09-15 23:30:00,3044.0,3070.0,3043.0,3062.0,74.4494,1631750399999,227628.2213,573,42.2517,129255.9902,0
2021-09-16 00:00:00,3063.0,3078.0,3036.0,3053.0,70.062,1631752199999,214671.7831,612,38.946,119463.8111,0
2021-09-16 00:30:00,3050.0,3090.0,3013.0,3089.0,178.3057,1631753999999,541842.7536,1423,80.3462,244206.5995,0
2021-09-16 01:00:00,3088.0,3120.0,3087.0,3101.0,174.521,1631755799999,541817.1985,1767,104.4205,324173.1012,0
2021-09-16 01:30:00,3101.0,3105.0,3081.0,3081.0,38.6682,1631757599999,119530.2811,442,20.7196,64064.1435,0
2021-09-16 02:00:00,3081.0,3107.0,3073.0,3091.0,54.2233,1631759399999,167579.5555,601,20.6942,63991.1992,0
2021-09-16 02:30:00,3094.0,3094.0,3063.0,3083.0,131.6318,1631761199999,405395.3893,839,63.3212,195085.2072,0
2021-09-16 03:00:00,3083.0,3088.0,2998.0,3022.0,149.7102,1631762999999,456047.82200000004,1279,58.8892,179446.3708,0
2021-09-16 03:30:00,3021.0,3068.0,3021.0,3059.0,111.6635,1631764799999,340549.1357,1062,45.9425,140162.6597,0
2021-09-16 04:00:00,3059.0,3141.0,3058.0,3131.0,161.4031,1631766599999,502433.0515,2202,86.3712,268610.0612,0
2021-09-16 04:30:00,3133.0,3150.0,3111.0,3125.0,104.745,1631768399999,327745.4149,1404,50.3475,157481.169,0
2021-09-16 05:00:00,3126.0,3150.0,3125.0,3145.0,71.3561,1631770199999,224155.3844,1038,37.4686,117761.0543,0
2021-09-16 05:30:00,3145.0,3177.0,3125.0,3150.0,177.8206,1631771999999,559876.0443,1752,115.4781,363824.7929,0
2021-09-16 06:00:00,3150.0,3153.0,3124.0,3137.0,89.9262,1631773799999,282353.3182,1464,43.1255,135486.7521,0
2021-09-16 06:30:00,3139.0,3148.0,3131.0,3138.0,36.9012,1631775599999,115806.6518,492,12.2582,38481.6629,0
2021-09-16 07:00:00,3138.0,3149.0,3129.0,3135.0,37.7524,1631777399999,118285.9205,326,21.378,66988.7338,0
2021-09-16 07:30:00,3135.0,3139.0,3111.0,3118.0,60.9353,1631779199999,190006.3212,534,25.5142,79541.757,0
2021-09-16 08:00:00,3120.0,3126.0,3082.0,3086.0,93.1735,1631780999999,288681.3591,995,19.2612,59734.7016,0
2021-09-16 08:30:00,3087.0,3114.0,3084.0,3098.0,59.2244,1631782799999,183708.2468,466,26.2334,81425.6826,0
2021-09-16 09:00:00,3097.0,3153.0,3095.0,3145.0,137.4542,1631784599999,430859.6544,1491,79.1638,248264.6331,0
2021-09-16 09:30:00,3143.0,3163.0,3113.0,3124.0,123.5941,1631786399999,387640.3995,1167,68.8449,215867.1797,0
2021-09-16 10:00:00,3125.0,3150.0,3084.0,3097.0,98.3275,1631788199999,307519.1733,1326,51.3366,160728.7278,0
2021-09-16 10:30:00,3098.0,3137.0,3072.0,3120.0,92.7246,1631789999999,287085.6798,948,38.8862,120560.3221,0
2021-09-16 11:00:00,3120.0,3160.0,3107.0,3120.0,174.1588,1631791799999,545713.4216,2117,92.9411,291609.6262,0
2021-09-16 11:30:00,3120.0,3122.0,3101.0,3103.0,49.84,1631793599999,155087.2463,611,15.9033,49499.749,0
2021-09-16 12:00:00,3102.0,3133.0,3086.0,3101.0,38.137,1631795399999,118491.2146,527,17.028,52905.5895,0
2021-09-16 12:30:00,3103.0,3124.0,3101.0,3110.0,32.4081,1631797199999,100958.8218,347,20.3483,63406.7486,0
2021-09-16 13:00:00,3112.0,3123.0,3097.0,3104.0,69.4868,1631798999999,215805.3427,450,19.6756,61206.7674,0
2021-09-16 13:30:00,3103.0,3103.0,3050.0,3052.0,118.7756,1631800799999,363836.9395,1560,44.773,137187.3101,0
2021-09-16 14:00:00,3052.0,3072.0,3037.0,3067.0,407.7017,1631802599999,1243598.2733,2925,58.8785,179982.365,0
2021-09-16 14:30:00,3067.0,3097.0,3060.0,3087.0,42.8879,1631804399999,132044.2071,594,20.4091,62847.5718,0
2021-09-16 15:00:00,3086.0,3115.0,3056.0,3108.0,73.6341,1631806199999,227544.5003,606,38.2601,118277.4665,0
2021-09-16 15:30:00,3109.0,3114.0,3081.0,3097.0,43.5508,1631807999999,134882.2763,370,22.1254,68477.2917,0
2021-09-16 16:00:00,3096.0,3103.0,3068.0,3070.0,56.94300000000001,1631809799999,175742.4133,589,22.4079,69195.5699,0
2021-09-16 16:30:00,3070.0,3082.0,3059.0,3061.0,54.6639,1631811599999,167945.6579,629,27.7352,85212.53,0
2021-09-16 17:00:00,3063.0,3084.0,3058.0,3065.0,39.9609,1631813399999,122785.0012,451,15.1442,46529.6321,0
2021-09-16 17:30:00,3061.0,3064.0,3006.0,3011.0,83.5626,1631815199999,253244.0956,942,20.7273,62788.58,0
2021-09-16 18:00:00,3010.0,3029.0,2992.0,3004.0,92.5676,1631816999999,278584.5882,908,40.4367,121764.1437,0
2021-09-16 18:30:00,3004.0,3019.0,3001.0,3017.0,22.2079,1631818799999,66834.828,370,8.4353,25386.8662,0
2021-09-16 19:00:00,3020.0,3023.0,3003.0,3015.0,20.145,1631820599999,60695.5698,205,10.9713,33078.3706,0
2021-09-16 19:30:00,3018.0,3026.0,2999.0,3000.0,36.2467,1631822399999,109185.9062,355,14.315999999999999,43156.1666,0
2021-09-16 20:00:00,3000.0,3019.0,2952.0,2963.0,141.0252,1631824199999,420211.2443,1700,43.7607,130689.7753,0
2021-09-16 20:30:00,2963.0,2978.0,2910.0,2930.0,139.9918,1631825999999,412127.0213,1569,41.9425,123293.3653,0
2021-09-16 21:00:00,2930.0,2960.0,2922.0,2960.0,33.1775,1631827799999,97681.759,304,12.0736,35565.5793,0
2021-09-16 21:30:00,2960.0,2974.0,2949.0,2972.0,89.4343,1631829599999,265211.4463,407,61.2532,181685.5898,0
2021-09-16 22:00:00,2972.0,2977.0,2954.0,2954.0,37.559,1631831399999,111450.5076,494,20.6524,61278.4875,0
2021-09-16 22:30:00,2956.0,2976.0,2955.0,2976.0,29.2807,1631833199999,86859.5044,184,21.9824,65231.4025,0
2021-09-16 23:00:00,2972.0,2983.0,2958.0,2969.0,63.3257,1631834999999,188252.638,533,40.2954,119833.1394,0
2021-09-16 23:30:00,2967.0,2977.0,2964.0,2970.0,38.5256,1631836799999,114422.9249,149,33.3542,99078.2536,0
2021-09-17 00:00:00,2970.0,2978.0,2957.0,2959.0,122.3171,1631838599999,363361.7053,506,88.3765,262539.9926,0
2021-09-17 00:30:00,2960.0,2969.0,2931.0,2931.0,66.9646,1631840399999,197597.3351,592,23.1229,68183.4492,0
2021-09-17 01:00:00,2931.0,2973.0,2929.0,2971.0,22.3216,1631842199999,65851.8133,224,12.113,35715.0096,0
2021-09-17 01:30:00,2974.0,2994.0,2955.0,2963.0,94.59899999999999,1631843999999,281593.8178,613,49.8069,148570.6881,0
2021-09-17 02:00:00,2965.0,2970.0,2935.0,2936.0,105.8497,1631845799999,312078.4134,1092,23.2241,68484.3407,0
2021-09-17 02:30:00,2937.0,2940.0,2918.0,2922.0,82.8745,1631847599999,242854.9221,1246,19.3495,56707.4627,0
2021-09-17 03:00:00,2924.0,2925.0,2875.0,2905.0,376.0105,1631849399999,1089419.466,2148,200.2745,580199.7457,0
2021-09-17 03:30:00,2908.0,2908.0,2887.0,2902.0,61.7049,1631851199999,178821.0936,662,26.8907,77990.6629,0
2021-09-17 04:00:00,2906.0,2910.0,2868.0,2879.0,86.7503,1631852999999,250787.402,804,47.3789,137063.7239,0
2021-09-17 04:30:00,2881.0,2921.0,2881.0,2916.0,47.1817,1631854799999,136872.4614,730,32.4389,94138.3883,0
2021-09-17 05:00:00,2921.0,2929.0,2892.0,2906.0,35.3063,1631856599999,102817.6479,460,22.2356,64766.6287,0
2021-09-17 05:30:00,2903.0,2920.0,2900.0,2911.0,32.9114,1631858399999,95836.3545,389,23.9915,69875.4529,0
2021-09-17 06:00:00,2915.0,2951.0,2893.0,2922.0,468.8525,1631860199999,1369787.688,3749,201.4245,588643.2133,0
2021-09-17 06:30:00,2922.0,2932.0,2901.0,2929.0,107.5026,1631861999999,313864.5399,1653,46.0567,134630.8393,0
2021-09-17 07:00:00,2929.0,2934.0,2899.0,2901.0,47.4515,1631863799999,138281.6094,515,24.3211,70902.4948,0
2021-09-17 07:30:00,2904.0,2917.0,2876.0,2885.0,86.1441,1631865599999,249080.6592,600,35.0455,101344.4,0
2021-09-17 08:00:00,2879.0,2911.0,2862.0,2909.0,73.9469,1631867399999,213152.8146,682,40.2887,116238.0121,0
2021-09-17 08:30:00,2909.0,2913.0,2897.0,2904.0,21.6591,1631869199999,62939.666,299,9.8314,28574.6271,0
2021-09-17 09:00:00,2908.0,2915.0,2872.0,2890.0,41.2709,1631870999999,119010.141,521,16.7941,48422.3173,0
2021-09-17 09:30:00,2891.0,2898.0,2860.0,2863.0,125.4224,1631872799999,360337.1835,1532,51.7389,148698.7521,0
2021-09-17 10:00:00,2866.0,2884.0,2827.0,2839.0,326.4996,1631874599999,932191.4,1929,195.1569,557282.3647,0
2021-09-17 10:30:00,2840.0,2854.0,2806.0,2816.0,239.1264,1631876399999,675078.8737,1319,147.2821,416094.42299999995,0
2021-09-17 11:00:00,2815.0,2843.0,2810.0,2833.0,249.5914,1631878199999,705229.9801,1176,147.6964,417370.7853,0
2021-09-17 11:30:00,2830.0,2838.0,2800.0,2812.0,239.8523,1631879999999,674044.9956,1094,113.9448,320530.5242,0
2021-09-17 12:00:00,2810.0,2822.0,2781.0,2817.0,206.8172,1631881799999,579283.7636,838,119.7411,335470.6023,0
2021-09-17 12:30:00,2817.0,2822.0,2804.0,2820.0,66.9421,1631883599999,188270.5486,421,44.7375,125826.146,0
2021-09-17 13:00:00,2820.0,2825.0,2802.0,2811.0,128.9127,1631885399999,362380.6171,601,87.1169,244883.7998,0
2021-09-17 13:30:00,2809.0,2836.0,2809.0,2811.0,92.7411,1631887199999,261750.5515,543,58.7637,165939.1941,0
2021-09-17 14:00:00,2810.0,2839.0,2808.0,2829.0,88.8693,1631888999999,251054.9685,429,53.82,152064.3942,0
2021-09-17 14:30:00,2830.0,2834.0,2805.0,2812.0,123.2901,1631890799999,347310.0469,692,64.0527,180444.0896,0
2021-09-17 15:00:00,2812.0,2825.0,2792.0,2823.0,181.6256,1631892599999,509879.7213,986,97.6588,274421.716,0
2021-09-17 15:30:00,2822.0,2823.0,2792.0,2804.0,149.1993,1631894399999,418035.3619,622,75.9956,212947.0238,0
2021-09-17 16:00:00,2804.0,2822.0,2787.0,2820.0,59.5507,1631896199999,167140.9911,394,46.7441,131179.7761,0
2021-09-17 16:30:00,2818.0,2831.0,2817.0,2824.0,37.249,1631897999999,105171.3331,273,26.3206,74308.2063,0
2021-09-17 17:00:00,2824.0,2828.0,2808.0,2812.0,45.8995,1631899799999,129417.6485,323,33.8222,95392.1159,0
2021-09-17 17:30:00,2811.0,2815.0,2788.0,2789.0,60.2332,1631901599999,168687.3005,361,48.3765,135525.6042,0
2021-09-17 18:00:00,2789.0,2795.0,2750.0,2769.0,194.2984,1631903399999,538904.0494,1282,122.6088,340130.4204,0
2021-09-17 18:30:00,2770.0,2932.0,2765.0,2816.0,299.1602,1631905199999,837688.0251,1670,224.7393,629880.5267,0
2021-09-17 19:00:00,2815.0,2822.0,2803.0,2822.0,77.4143,1631906999999,217657.6256,542,49.4664,139110.7519,0
2021-09-17 19:30:00,2822.0,2824.0,2803.0,2806.0,151.4248,1631908799999,425484.3935,871,45.6511,128312.0203,0
2021-09-17 20:00:00,2807.0,2812.0,2775.0,2777.0,163.6303,1631910599999,457061.1776,759,52.2303,145949.6747,0
2021-09-17 20:30:00,2780.0,2788.0,2767.0,2771.0,75.5888,1631912399999,209996.9028,533,35.6477,99041.7324,0
2021-09-17 21:00:00,2771.0,2776.0,2754.0,2765.0,105.6623,1631914199999,292187.1854,772,48.0914,132958.7378,0
2021-09-17 21:30:00,2765.0,2803.0,2763.0,2802.0,44.7594,1631915999999,124609.7828,401,30.5673,85160.53199999999,0
2021-09-17 22:00:00,2803.0,2816.0,2799.0,2810.0,64.1193,1631917799999,180044.3082,546,34.7653,97589.8745,0
2021-09-17 22:30:00,2809.0,2814.0,2765.0,2765.0,73.4673,1631919599999,204403.1894,420,53.3886,148486.8772,0
2021-09-17 23:00:00,2766.0,2801.0,2763.0,2773.0,98.1306,1631921399999,273015.2576,507,57.4425,159757.7722,0
2021-09-17 23:30:00,2771.0,2800.0,2770.0,2789.0,35.592,1631923199999,99165.4744,240,22.6758,63177.8823,0
2021-09-18 00:00:00,2791.0,2794.0,2761.0,2768.0,40.0503,1631924999999,111163.0332,356,14.7143,40829.4101,0
2021-09-18 00:30:00,2770.0,2790.0,2752.0,2790.0,54.235,1631926799999,149947.7762,692,10.0495,27827.6704,0
2021-09-18 01:00:00,2792.0,2807.0,2782.0,2804.0,22.726999999999997,1631928599999,63632.9654,178,11.190999999999999,31321.3983,0
2021-09-18 01:30:00,2805.0,2815.0,2802.0,2814.0,28.4375,1631930399999,79940.9879,184,11.2933,31755.5604,0
2021-09-18 02:00:00,2815.0,2826.0,2808.0,2818.0,43.0186,1631932199999,121226.6558,249,32.2231,90838.7742,0
2021-09-18 02:30:00,2817.0,2825.0,2797.0,2799.0,55.3065,1631933999999,155760.0559,407,34.3276,96722.7873,0
2021-09-18 03:00:00,2799.0,2818.0,2798.0,2815.0,70.6731,1631935799999,198419.2533,610,51.2959,144018.9679,0
2021-09-18 03:30:00,2816.0,2822.0,2809.0,2817.0,55.8117,1631937599999,157123.3723,506,41.8744,117890.3298,0
2021-09-18 04:00:00,2817.0,2843.0,2817.0,2839.0,69.8471,1631939399999,197743.8494,505,55.3539,156663.7211,0
2021-09-18 04:30:00,2839.0,2849.0,2837.0,2842.0,26.493000000000002,1631941199999,75316.2315,363,13.3053,37824.7173,0
2021-09-18 05:00:00,2845.0,2857.0,2834.0,2855.0,37.9074,1631942999999,107894.5132,471,29.0099,82572.9996,0
2021-09-18 05:30:00,2857.0,2881.0,2854.0,2873.0,53.1241,1631944799999,152285.2495,453,31.9667,91663.1169,0
2021-09-18 06:00:00,2882.0,2882.0,2862.0,2865.0,14.4589,1631946599999,41490.131,207,8.4811,24346.1808,0
2021-09-18 06:30:00,2864.0,2876.0,2860.0,2872.0,14.5501,1631948399999,41700.9442,177,9.0632,25984.5148,0
2021-09-18 07:00:00,2875.0,2888.0,2873.0,2884.0,19.4782,1631950199999,56078.2999,201,10.4578,30115.0666,0
2021-09-18 07:30:00,2884.0,2887.0,2871.0,2884.0,17.5681,1631951999999,50612.3217,174,7.2911,21029.0738,0
2021-09-18 08:00:00,2886.0,2897.0,2880.0,2884.0,29.7788,1631953799999,86031.1972,227,17.5882,50783.8439,0
2021-09-18 08:30:00,2886.0,2895.0,2877.0,2878.0,37.7059,1631955599999,108811.4735,237,18.8976,54543.005,0
2021-09-18 09:00:00,2881.0,2892.0,2872.0,2879.0,26.4479,1631957399999,76217.958,203,10.9188,31469.5148,0
2021-09-18 09:30:00,2880.0,2888.0,2868.0,2881.0,26.5083,1631959199999,76377.0948,229,12.5607,36176.4816,0
2021-09-18 10:00:00,2880.0,2887.0,2873.0,2884.0,22.2505,1631960999999,64089.1625,162,14.1163,40664.9087,0
2021-09-18 10:30:00,2882.0,2894.0,2880.0,2888.0,12.33,1631962799999,35622.0438,174,4.4766,12935.9876,0
2021-09-18 11:00:00,2888.0,2905.0,2887.0,2897.0,15.6827,1631964599999,45415.5994,188,7.508999999999999,21748.3101,0
2021-09-18 11:30:00,2897.0,2900.0,2867.0,2869.0,36.7586,1631966399999,105927.6596,217,19.2529,55416.2225,0
2021-09-18 12:00:00,2875.0,2891.0,2858.0,2871.0,23.5165,1631968199999,67580.8579,206,5.3499,15382.0108,0
2021-09-18 12:30:00,2871.0,2883.0,2850.0,2857.0,65.2753,1631969999999,186544.9254,415,23.9266,68392.8196,0
2021-09-18 13:00:00,2857.0,2881.0,2855.0,2872.0,31.2473,1631971799999,89702.7329,203,15.1006,43366.2149,0
2021-09-18 13:30:00,2870.0,2870.0,2851.0,2861.0,14.7956,1631973599999,42327.8312,137,8.3206,23805.3358,0
2021-09-18 14:00:00,2863.0,2874.0,2859.0,2872.0,13.3638,1631975399999,38314.4239,131,6.867000000000001,19692.1873,0
2021-09-18 14:30:00,2874.0,2885.0,2865.0,2883.0,28.6835,1631977199999,82442.4386,873,21.5707,62007.9562,0
2021-09-18 15:00:00,2881.0,2885.0,2870.0,2873.0,12.9623,1631978999999,37294.4071,196,6.8898,19823.4542,0
2021-09-18 15:30:00,2873.0,2879.0,2858.0,2870.0,24.4309,1631980799999,70159.5224,192,17.5,50266.3263,0
2021-09-18 16:00:00,2872.0,2875.0,2838.0,2845.0,28.8106,1631982599999,82219.071,300,14.186,40498.7562,0
2021-09-18 16:30:00,2845.0,2849.0,2829.0,2833.0,14.8479,1631984399999,42142.4057,169,8.1827,23225.4549,0
2021-09-18 17:00:00,2829.0,2836.0,2822.0,2832.0,15.0994,1631986199999,42712.9627,161,9.2464,26168.0591,0
2021-09-18 17:30:00,2832.0,2846.0,2832.0,2845.0,13.5314,1631987999999,38443.8503,152,7.2429999999999986,20581.498,0
2021-09-18 18:00:00,2843.0,2843.0,2825.0,2840.0,16.0438,1631989799999,45486.047999999995,121,8.726,24740.0996,0
2021-09-18 18:30:00,2836.0,2843.0,2827.0,2833.0,26.028000000000002,1631991599999,73765.1665,370,15.9031,45068.5184,0
2021-09-18 19:00:00,2830.0,2834.0,2817.0,2823.0,13.0768,1631993399999,36947.3676,230,6.9029,19507.9305,0
2021-09-18 19:30:00,2825.0,2834.0,2814.0,2833.0,10.6303,1631995199999,29978.3705,200,4.5311,12782.9451,0
2021-09-18 20:00:00,2830.0,2830.0,2798.0,2800.0,34.538000000000004,1631996999999,96973.9028,404,11.3929,31996.7927,0
2021-09-18 20:30:00,2798.0,2817.0,2793.0,2809.0,5.9089,1631998799999,16573.1472,137,3.9872,11184.3202,0
2021-09-18 21:00:00,2807.0,2820.0,2801.0,2817.0,11.6194,1632000599999,32690.0026,231,10.1685,28614.542,0
2021-09-18 21:30:00,2818.0,2822.0,2807.0,2810.0,11.987,1632002399999,33737.1223,248,7.6875,21641.1716,0
2021-09-18 22:00:00,2807.0,2831.0,2804.0,2829.0,23.3319,1632004199999,65759.6979,287,17.3414,48863.4394,0
2021-09-18 22:30:00,2825.0,2827.0,2815.0,2827.0,6.591,1632005999999,18576.8646,80,3.7083,10450.4736,0
2021-09-18 23:00:00,2826.0,2845.0,2817.0,2830.0,21.1131,1632007799999,59743.8626,173,9.7569,27611.3158,0
2021-09-18 23:30:00,2832.0,2843.0,2825.0,2840.0,7.8435,1632009599999,22241.1582,117,4.9477,14040.5842,0
2021-09-19 00:00:00,2840.0,2848.0,2821.0,2821.0,11.3563,1632011399999,32136.5137,92,2.9158,8263.5388,0
2021-09-19 00:30:00,2826.0,2829.0,2809.0,2813.0,14.4801,1632013199999,40780.7934,133,9.0617,25527.9071,0
2021-09-19 01:00:00,2808.0,2812.0,2797.0,2800.0,19.9657,1632014999999,55969.5316,188,14.1037,39541.1634,0
2021-09-19 01:30:00,2799.0,2827.0,2798.0,2825.0,35.1414,1632016799999,98570.8358,193,22.4067,62885.7843,0
2021-09-19 02:00:00,2824.0,2833.0,2811.0,2827.0,20.3489,1632018599999,57394.9262,123,7.5941,21439.3819,0
2021-09-19 02:30:00,2829.0,2829.0,2811.0,2820.0,13.5307,1632020399999,38102.2507,86,4.8263,13603.3082,0
2021-09-19 03:00:00,2820.0,2821.0,2800.0,2809.0,13.0993,1632022199999,36806.1656,129,7.528,21156.6578,0
2021-09-19 03:30:00,2810.0,2816.0,2803.0,2815.0,19.0256,1632023999999,53437.4452,117,10.1541,28511.0106,0
2021-09-19 04:00:00,2816.0,2844.0,2814.0,2829.0,54.31800000000001,1632025799999,153584.8556,605,28.6399,81104.94900000001,0
2021-09-19 04:30:00,2828.0,2833.0,2811.0,2819.0,15.7319,1632027599999,44348.352999999996,134,8.0371,22652.7484,0
2021-09-19 05:00:00,2821.0,2832.0,2815.0,2829.0,10.3981,1632029399999,29384.0338,103,6.5363,18473.1236,0
2021-09-19 05:30:00,2828.0,2867.0,2827.0,2866.0,79.2561,1632031199999,225898.6071,943,60.908,173623.6413,0
2021-09-19 06:00:00,2865.0,2869.0,2853.0,2861.0,37.4657,1632032999999,107182.0223,497,25.3453,72515.5775,0
2021-09-19 06:30:00,2860.0,2868.0,2846.0,2860.0,32.3443,1632034799999,92500.5298,397,20.3167,58122.7961,0
2021-09-19 07:00:00,2864.0,2871.0,2855.0,2856.0,11.3506,1632036599999,32494.0234,108,2.8295,8099.6466,0
2021-09-19 07:30:00,2859.0,2864.0,2851.0,2860.0,16.9286,1632038399999,48426.385,161,10.2379,29294.5767,0
2021-09-19 08:00:00,2861.0,2867.0,2857.0,2863.0,25.392,1632040199999,72678.4392,213,11.9884,34326.498999999996,0
2021-09-19 08:30:00,2863.0,2869.0,2862.0,2866.0,6.9805,1632041999999,20002.7335,91,3.1541,9037.6875,0
2021-09-19 09:00:00,2869.0,2876.0,2855.0,2860.0,55.2238,1632043799999,158457.3819,608,27.2991,78283.497,0
2021-09-19 09:30:00,2858.0,2868.0,2856.0,2860.0,16.4716,1632045599999,47143.7692,259,9.6081,27500.0584,0
2021-09-19 10:00:00,2863.0,2868.0,2856.0,2862.0,12.9728,1632047399999,37136.0539,233,9.2849,26581.7043,0
2021-09-19 10:30:00,2863.0,2863.0,2849.0,2852.0,11.1289,1632049199999,31785.8202,225,9.3482,26701.0199,0
2021-09-19 11:00:00,2850.0,2852.0,2823.0,2827.0,43.1979,1632050999999,122355.9283,355,18.7551,53165.592000000004,0
2021-09-19 11:30:00,2827.0,2827.0,2764.0,2782.0,99.4931,1632052799999,277469.9038,779,32.5268,90650.6374,0
2021-09-19 12:00:00,2779.0,2793.0,2764.0,2791.0,28.0899,1632054599999,78055.3834,356,11.9743,33294.2602,0
2021-09-19 12:30:00,2791.0,2794.0,2774.0,2790.0,23.7097,1632056399999,66041.0702,265,15.1726,42264.7653,0
2021-09-19 13:00:00,2790.0,2811.0,2784.0,2801.0,38.3278,1632058199999,107205.929,351,29.3722,82121.6087,0
2021-09-19 13:30:00,2801.0,2813.0,2800.0,2812.0,20.6735,1632059999999,58011.8548,248,8.1571,22899.8997,0
2021-09-19 14:00:00,2813.0,2822.0,2805.0,2815.0,21.2509,1632061799999,59799.4901,307,8.1587,22966.0271,0
2021-09-19 14:30:00,2814.0,2825.0,2811.0,2812.0,14.145999999999999,1632063599999,39858.7459,242,8.4207,23730.2199,0
2021-09-19 15:00:00,2812.0,2823.0,2809.0,2822.0,35.5564,1632065399999,100153.0137,414,7.9996,22532.0524,0
2021-09-19 15:30:00,2820.0,2830.0,2819.0,2824.0,15.0897,1632067199999,42620.6308,235,2.7874,7873.1299,0
2021-09-19 16:00:00,2825.0,2831.0,2816.0,2823.0,17.7965,1632068999999,50280.0754,233,8.8472,25002.6326,0
2021-09-19 16:30:00,2823.0,2830.0,2812.0,2816.0,21.4733,1632070799999,60602.6349,165,7.2862,20583.3839,0
2021-09-19 17:00:00,2815.0,2827.0,2795.0,2805.0,108.2406,1632072599999,304103.3905,630,12.8864,36178.9325,0
2021-09-19 17:30:00,2805.0,2805.0,2781.0,2785.0,70.5882,1632074399999,197013.5305,651,43.1932,120469.61099999999,0
2021-09-19 18:00:00,2785.0,2792.0,2777.0,2792.0,78.025,1632076199999,217102.7799,471,52.5914,146339.5311,0
2021-09-19 18:30:00,2792.0,2809.0,2791.0,2796.0,22.8055,1632077999999,63860.3432,194,8.9001,24899.0471,0
2021-09-19 19:00:00,2795.0,2801.0,2786.0,2793.0,7.8389,1632079799999,21911.5251,95,3.9437,11026.1912,0
2021-09-19 19:30:00,2790.0,2798.0,2772.0,2773.0,26.9031,1632081599999,74928.0132,342,5.3669,14940.9361,0
2021-09-19 20:00:00,2772.0,2795.0,2764.0,2788.0,41.6995,1632083399999,115937.1668,411,12.8445,35723.8846,0
2021-09-19 20:30:00,2788.0,2802.0,2787.0,2801.0,17.3589,1632085199999,48521.0152,192,10.427999999999999,29135.6224,0
2021-09-19 21:00:00,2802.0,2806.0,2784.0,2788.0,12.0668,1632086999999,33702.9097,112,7.6054,21245.0958,0
2021-09-19 21:30:00,2787.0,2795.0,2774.0,2788.0,15.9316,1632088799999,44344.513,133,4.7856,13335.4834,0
2021-09-19 22:00:00,2789.0,2796.0,2731.0,2762.0,82.7444,1632090599999,228045.4874,1033,21.5491,59583.8388,0
2021-09-19 22:30:00,2762.0,2770.0,2720.0,2737.0,55.7642,1632092399999,152999.7336,659,16.3238,44737.2215,0
2021-09-19 23:00:00,2737.0,2759.0,2727.0,2755.0,30.4487,1632094199999,83702.0906,249,19.518,53722.5502,0
2021-09-19 23:30:00,2755.0,2770.0,2750.0,2768.0,19.8992,1632095999999,54969.6644,233,4.6586,12870.2692,0
2021-09-20 00:00:00,2770.0,2774.0,2708.0,2719.0,86.6318,1632097799999,236379.3423,929,24.5821,67023.6935,0
2021-09-20 00:30:00,2720.0,2726.0,2704.0,2720.0,74.249,1632099599999,201452.5179,740,26.7993,72686.2569,0
2021-09-20 01:00:00,2717.0,2745.0,2708.0,2735.0,79.5879,1632101399999,217457.4463,288,47.7482,130522.4139,0
2021-09-20 01:30:00,2738.0,2755.0,2730.0,2751.0,11.7774,1632103199999,32333.1965,147,6.0972,16758.3489,0
2021-09-20 02:00:00,2750.0,2751.0,2717.0,2718.0,31.9892,1632104999999,87476.2821,220,13.5045,36902.4269,0
2021-09-20 02:30:00,2717.0,2720.0,2642.0,2650.0,308.5743,1632106799999,823278.1067,2349,114.8985,306311.5501,0
2021-09-20 03:00:00,2652.0,2663.0,2601.0,2645.0,192.636,1632108599999,507076.8267094,1414,84.6793,223079.6659,0
2021-09-20 03:30:00,2650.0,2655.0,2608.0,2616.0,106.2829,1632110399999,279246.7429,1405,33.167,87248.7894,0
2021-09-20 04:00:00,2616.0,2629.0,2588.0,2618.0,178.54887,1632112199999,464880.2007,1293,75.1655,195715.0026,0
2021-09-20 04:30:00,2619.0,2644.0,2617.0,2631.0,40.6574,1632113999999,107052.0414,263,26.2452,69155.0767,0
2021-09-20 05:00:00,2632.0,2647.0,2632.0,2644.0,22.6322,1632115799999,59767.918,244,11.0837,29283.7759,0
2021-09-20 05:30:00,2645.0,2645.0,2621.0,2636.0,28.3134,1632117599999,74442.3464,195,5.1361,13510.5403,0
2021-09-20 06:00:00,2635.0,2642.0,2615.0,2619.0,35.6931,1632119399999,93765.6393,341,11.7064,30790.181,0
2021-09-20 06:30:00,2620.0,2624.0,2600.0,2614.0,57.1341,1632121199999,149117.8494,561,18.0581,47132.3567,0
2021-09-20 07:00:00,2619.0,2630.0,2583.0,2589.0,90.8494,1632122999999,236376.312725,1075,21.8632,56931.5839,0
2021-09-20 07:30:00,2590.0,2595.0,2535.0,2551.0,233.15981000000002,1632124799999,596350.775773,2294,82.77859000000002,211777.8758956,0
2021-09-20 08:00:00,2551.0,2570.0,2540.0,2568.0,66.9956,1632126599999,171375.9386,616,29.8619,76422.3327,0
2021-09-20 08:30:00,2567.0,2594.0,2566.0,2590.0,38.9194,1632128399999,100505.9096,527,16.1466,41726.212,0
2021-09-20 09:00:00,2588.0,2592.0,2567.0,2574.0,43.2727,1632130199999,111638.6583,422,24.5844,63407.5165,0
2021-09-20 09:30:00,2571.0,2576.0,2551.0,2553.0,20.6586,1632131999999,52978.7574,213,8.0229,20583.7186,0
2021-09-20 10:00:00,2556.0,2590.0,2538.0,2564.0,43.9897,1632133799999,112896.1486,441,20.3988,52400.8875,0
2021-09-20 10:30:00,2564.0,2575.0,2532.0,2538.0,101.2161,1632135599999,258390.9114731,736,52.09663,133014.89049000002,0
2021-09-20 11:00:00,2537.0,2543.0,2484.0,2499.0,266.23984,1632137399999,668650.2802846,1790,84.6259,212839.0134,0
2021-09-20 11:30:00,2496.0,2522.0,2457.0,2488.0,172.25599999999997,1632139199999,428328.2658,1233,76.92695,191085.80645,0
2021-09-20 12:00:00,2483.0,2540.0,2430.0,2447.0,239.79835,1632140999999,596159.4622924,1558,129.3828,322105.3764,0
2021-09-20 12:30:00,2448.0,2496.0,2385.0,2480.0,385.99645,1632142799999,941844.5483478,2295,168.4871,411602.7715,0
2021-09-20 13:00:00,2484.0,2520.0,2459.0,2515.0,190.4523,1632144599999,474141.6083,1240,95.9776,238879.4953,0
2021-09-20 13:30:00,2515.0,2554.0,2497.0,2548.0,111.9039,1632146399999,282939.5582,1052,58.0833,146912.6775,0
2021-09-20 14:00:00,2549.0,2551.0,2512.0,2535.0,49.5731,1632148199999,125753.5658,364,30.579,77594.0429,0
2021-09-20 14:30:00,2533.0,2534.0,2508.0,2519.0,56.3227,1632149999999,142081.63,446,28.9302,72982.1933,0
2021-09-20 15:00:00,2519.0,2546.0,2490.0,2533.0,111.171,1632151799999,279236.661,861,37.5201,94346.0495,0
2021-09-20 15:30:00,2534.0,2553.0,2505.0,2540.0,91.2218,1632153599999,230744.7508,1224,41.7315,105756.6416,0
2021-09-20 16:00:00,2538.0,2554.0,2506.0,2548.0,79.2719,1632155399999,200306.753,541,45.5033,115062.1073,0
2021-09-20 16:30:00,2550.0,2561.0,2527.0,2529.0,71.4028,1632157199999,181998.2831,724,44.0322,112354.4989,0
2021-09-20 17:00:00,2529.0,2541.0,2511.0,2541.0,29.6149,1632158999999,74753.8354,363,13.6051,34356.9076,0
2021-09-20 17:30:00,2540.0,2548.0,2520.0,2537.0,29.9451,1632160799999,75943.4792,303,16.997,43161.1832,0
2021-09-20 18:00:00,2539.0,2541.0,2490.0,2491.0,57.1196,1632162599999,143506.4965,551,18.3344,45957.4731,0
2021-09-20 18:30:00,2489.0,2517.0,2459.0,2468.0,89.986,1632164399999,223269.7164,855,48.4436,120072.1567,0
2021-09-20 19:00:00,2471.0,2494.0,2419.0,2434.0,173.9774,1632166199999,424541.6492,1012,66.9102,163407.8357,0
2021-09-20 19:30:00,2435.0,2495.0,2435.0,2492.0,61.8074,1632167999999,152575.0479,832,24.5343,60500.8885,0
2021-09-20 20:00:00,2495.0,2513.0,2482.0,2482.0,26.4609,1632169799999,66157.4726,426,11.3392,28359.1266,0
2021-09-20 20:30:00,2487.0,2494.0,2450.0,2478.0,40.0414,1632171599999,98659.2845,289,12.1229,29954.2581,0
2021-09-20 21:00:00,2485.0,2499.0,2471.0,2481.0,94.3606,1632173399999,234587.9011,435,76.6397,190576.4838,0
2021-09-20 21:30:00,2481.0,2484.0,2463.0,2463.0,71.3878,1632175199999,177055.3549,456,51.8109,128548.7504,0
2021-09-20 22:00:00,2463.0,2511.0,2463.0,2503.0,89.6779,1632176999999,222930.1435,423,64.7596,160821.0478,0
2021-09-20 22:30:00,2501.0,2503.0,2414.0,2433.0,232.9386,1632178799999,574260.5122,1318,124.5795,308533.8103,0
2021-09-20 23:00:00,2437.0,2456.0,2397.0,2407.0,131.9154,1632180599999,318512.9344,896,55.4447,133963.4959,0
2021-09-20 23:30:00,2411.0,2440.0,2403.0,2436.0,38.1827,1632182399999,92432.8897,360,19.819000000000006,47995.2255,0
2021-09-21 00:00:00,2436.0,2438.0,2303.0,2347.0,325.81252,1632184199999,764071.6192316,2347,140.27238,329593.43476,0
2021-09-21 00:30:00,2347.0,2386.0,2334.0,2348.0,147.3124,1632185999999,348132.0294,746,66.32300000000001,156646.3286,0
2021-09-21 01:00:00,2348.0,2402.0,2343.0,2399.0,64.6597,1632187799999,153402.5928,623,37.9773,90230.5475,0
2021-09-21 01:30:00,2400.0,2440.0,2391.0,2439.0,88.5578,1632189599999,214855.4417,575,47.2115,114490.3476,0
2021-09-21 02:00:00,2436.0,2462.0,2430.0,2457.0,49.2826,1632191399999,120807.4446,319,26.8922,65908.105,0
2021-09-21 02:30:00,2458.0,2469.0,2449.0,2460.0,36.8059,1632193199999,90458.42599999999,229,7.2228,17773.4498,0
2021-09-21 03:00:00,2454.0,2496.0,2447.0,2487.0,115.1527,1632194999999,284503.9611,713,69.0713,170640.6575,0
2021-09-21 03:30:00,2488.0,2500.0,2475.0,2482.0,65.9072,1632196799999,163820.1801,788,28.2305,70149.6813,0
2021-09-21 04:00:00,2481.0,2496.0,2455.0,2457.0,28.1418,1632198599999,69526.0034,177,15.3626,37938.278,0
2021-09-21 04:30:00,2458.0,2467.0,2447.0,2449.0,16.2968,1632200399999,40069.2313,138,7.9789,19621.172,0
2021-09-21 05:00:00,2450.0,2465.0,2423.0,2435.0,31.5984,1632202199999,77171.625,430,11.6886,28563.1139,0
2021-09-21 05:30:00,2435.0,2479.0,2432.0,2466.0,38.7148,1632203999999,94783.073,437,13.042,31972.5126,0
2021-09-21 06:00:00,2471.0,2493.0,2468.0,2484.0,46.3825,1632205799999,115005.5483,295,21.5657,53462.2331,0
2021-09-21 06:30:00,2486.0,2506.0,2479.0,2489.0,148.8253,1632207599999,371006.4857,691,64.6297,161272.7001,0
2021-09-21 07:00:00,2491.0,2513.0,2483.0,2501.0,138.8954,1632209399999,347091.9845,736,70.9712,177318.7669,0
2021-09-21 07:30:00,2501.0,2523.0,2481.0,2516.0,62.1997,1632211199999,155708.2012,362,29.2991,73379.6533,0
2021-09-21 08:00:00,2518.0,2525.0,2504.0,2519.0,104.1595,1632212999999,261873.4864,531,51.968999999999994,130681.5047,0
2021-09-21 08:30:00,2520.0,2536.0,2508.0,2519.0,108.8101,1632214799999,274587.6475,558,53.3503,134666.1031,0
2021-09-21 09:00:00,2519.0,2525.0,2502.0,2509.0,87.4283,1632216599999,219709.2612,491,44.9861,113050.1132,0
2021-09-21 09:30:00,2507.0,2513.0,2481.0,2488.0,89.4056,1632218399999,223387.2672,517,47.9879,119989.3933,0
2021-09-21 10:00:00,2492.0,2505.0,2487.0,2499.0,21.7453,1632220199999,54319.3978,165,10.3503,25845.5641,0
2021-09-21 10:30:00,2499.0,2540.0,2492.0,2525.0,27.8297,1632221999999,70140.4683,210,12.3747,31244.7071,0
2021-09-21 11:00:00,2526.0,2530.0,2506.0,2529.0,15.3413,1632223799999,38618.2448,159,7.1886,18106.3443,0
2021-09-21 11:30:00,2522.0,2531.0,2507.0,2508.0,21.7037,1632225599999,54582.6136,180,8.5129,21405.5906,0
2021-09-21 12:00:00,2511.0,2532.0,2496.0,2504.0,35.6642,1632227399999,89406.1309,289,19.4222,48688.8932,0
2021-09-21 12:30:00,2507.0,2511.0,2482.0,2485.0,53.8599,1632229199999,134470.9683,328,34.51,86150.8601,0
2021-09-21 13:00:00,2485.0,2513.0,2475.0,2508.0,50.8985,1632230999999,127004.9008,652,28.809,71943.6014,0
2021-09-21 13:30:00,2508.0,2522.0,2488.0,2506.0,35.4312,1632232799999,88679.5773,381,18.9922,47486.4744,0
2021-09-21 14:00:00,2509.0,2509.0,2459.0,2486.0,47.9676,1632234599999,118822.2158,556,26.5073,65623.2319,0
2021-09-21 14:30:00,2482.0,2501.0,2446.0,2471.0,73.3856,1632236399999,181527.4192,699,40.0508,99190.0529,0
2021-09-21 15:00:00,2469.0,2508.0,2465.0,2502.0,52.4245,1632238199999,130493.8608,413,25.6633,63899.9712,0
2021-09-21 15:30:00,2499.0,2546.0,2488.0,2538.0,83.6522,1632239999999,211118.3836,652,47.8116,120721.9467,0
2021-09-21 16:00:00,2538.0,2540.0,2488.0,2509.0,50.1572,1632241799999,126216.212,454,28.954,72841.1996,0
2021-09-21 16:30:00,2511.0,2512.0,2466.0,2468.0,45.8247,1632243599999,113889.4897,494,24.3556,60588.5956,0
2021-09-21 17:00:00,2468.0,2476.0,2428.0,2452.0,47.0932,1632245399999,115539.8077,543,25.4041,62363.7955,0
2021-09-21 17:30:00,2446.0,2453.0,2417.0,2429.0,37.5001,1632247199999,91083.1514,430,20.0243,48634.578,0
2021-09-21 18:00:00,2430.0,2471.0,2415.0,2441.0,58.1727,1632248999999,142373.2932,438,28.1257,68891.2059,0
2021-09-21 18:30:00,2444.0,2450.0,2421.0,2424.0,23.7424,1632250799999,57828.5606,286,6.7163,16340.8295,0
2021-09-21 19:00:00,2420.0,2441.0,2395.0,2412.0,37.3758,1632252599999,90169.2125,301,16.9943,41002.6123,0
2021-09-21 19:30:00,2410.0,2437.0,2399.0,2401.0,26.6143,1632254399999,64301.032999999996,188,11.7257,28351.1091,0
2021-09-21 20:00:00,2398.0,2429.0,2372.0,2381.0,65.8793,1632256199999,157992.9633,847,19.0359,45604.5499,0
2021-09-21 20:30:00,2383.0,2383.0,2300.0,2307.0,154.4324,1632257999999,358821.797,866,59.9609,139364.3411,0
2021-09-21 21:00:00,2301.0,2332.0,2226.0,2327.0,224.38477000000003,1632259799999,510141.67478199996,1848,101.8747,231491.58800000002,0
2021-09-21 21:30:00,2327.0,2377.0,2325.0,2344.0,141.6225,1632261599999,333243.9404,919,76.0808,179096.3855,0
2021-09-21 22:00:00,2341.0,2361.0,2307.0,2319.0,76.0077,1632263399999,177847.0837,622,47.356,110754.1512,0
2021-09-21 22:30:00,2318.0,2318.0,2258.0,2263.0,318.0988,1632265199999,728852.5289,1301,80.9098,185631.3403,0
2021-09-21 23:00:00,2259.0,2298.0,2256.0,2278.0,63.5476,1632266999999,144467.1007,411,24.4762,55644.975999999995,0
2021-09-21 23:30:00,2279.0,2293.0,2250.0,2293.0,91.9715,1632268799999,208807.5985,728,51.1558,116259.3224,0
2021-09-22 00:00:00,2294.0,2345.0,2283.0,2314.0,73.1502,1632270599999,169177.8011,490,42.5509,98374.4666,0
2021-09-22 00:30:00,2310.0,2310.0,2261.0,2304.0,86.0094,1632272399999,195938.3125,692,45.383,103409.8171,0
2021-09-22 01:00:00,2305.0,2363.0,2283.0,2362.0,87.7836,1632274199999,204863.823,569,44.0602,102867.2016,0
2021-09-22 01:30:00,2361.0,2384.0,2356.0,2366.0,38.3304,1632275999999,90953.8955,248,19.823,47053.3391,0
2021-09-22 02:00:00,2369.0,2374.0,2349.0,2350.0,18.2289,1632277799999,43059.9227,164,6.5898,15563.4286,0
2021-09-22 02:30:00,2353.0,2372.0,2352.0,2360.0,21.393,1632279599999,50482.763,219,8.76,20675.0904,0
2021-09-22 03:00:00,2356.0,2385.0,2354.0,2375.0,33.542,1632281399999,79531.8132,218,21.2918,50445.2096,0
2021-09-22 03:30:00,2371.0,2392.0,2363.0,2372.0,49.7436,1632283199999,118224.7511,339,24.9975,59412.9183,0
2021-09-22 04:00:00,2371.0,2383.0,2361.0,2364.0,28.9283,1632284999999,68557.6969,223,15.9207,37785.9286,0
2021-09-22 04:30:00,2364.0,2376.0,2358.0,2365.0,21.7362,1632286799999,51417.1573,205,10.9311,25880.8005,0
2021-09-22 05:00:00,2364.0,2390.0,2361.0,2384.0,50.2562,1632288599999,119450.0045,367,28.1117,66829.7759,0
2021-09-22 05:30:00,2385.0,2387.0,2366.0,2376.0,22.9703,1632290399999,54516.7415,233,11.5702,27468.2787,0
2021-09-22 06:00:00,2380.0,2393.0,2358.0,2384.0,20.7875,1632292199999,49328.288,160,7.6767,18265.7671,0
2021-09-22 06:30:00,2387.0,2423.0,2387.0,2417.0,34.8035,1632293999999,83785.4946,207,22.5273,54236.5033,0
2021-09-22 07:00:00,2421.0,2429.0,2408.0,2422.0,39.6549,1632295799999,95778.9486,317,14.0661,33976.7465,0
2021-09-22 07:30:00,2419.0,2436.0,2419.0,2428.0,33.6178,1632297599999,81632.3242,340,16.6171,40352.7152,0
2021-09-22 08:00:00,2427.0,2430.0,2415.0,2418.0,43.6075,1632299399999,105474.9259,238,34.6637,83816.178,0
2021-09-22 08:30:00,2417.0,2432.0,2412.0,2422.0,32.3128,1632301199999,78147.5111,198,26.1181,63153.2705,0
2021-09-22 09:00:00,2427.0,2437.0,2405.0,2416.0,14.9004,1632302999999,36006.7174,162,9.5039,22978.1362,0
2021-09-22 09:30:00,2418.0,2428.0,2415.0,2427.0,15.3672,1632304799999,37228.2154,126,7.4654,18090.8365,0
2021-09-22 10:00:00,2431.0,2434.0,2401.0,2403.0,23.5867,1632306599999,57013.1881,201,14.4119,34865.602999999996,0
2021-09-22 10:30:00,2405.0,2415.0,2386.0,2406.0,19.0157,1632308399999,45615.6069,167,7.8401,18827.3333,0
2021-09-22 11:00:00,2408.0,2413.0,2392.0,2397.0,29.6233,1632310199999,71075.2478,220,12.9121,30986.8974,0
2021-09-22 11:30:00,2397.0,2398.0,2376.0,2381.0,30.6248,1632311999999,73028.8811,293,16.3745,39046.5902,0
2021-09-22 12:00:00,2382.0,2400.0,2380.0,2389.0,20.3021,1632313799999,48513.3259,196,8.4801,20274.5677,0
2021-09-22 12:30:00,2393.0,2419.0,2391.0,2408.0,28.4905,1632315599999,68532.8822,238,13.9973,33659.5971,0
2021-09-22 13:00:00,2409.0,2439.0,2402.0,2408.0,37.1258,1632317399999,90035.338,326,23.9581,58111.4783,0
2021-09-22 13:30:00,2408.0,2423.0,2396.0,2422.0,55.1491,1632319199999,132636.635,454,18.4052,44273.8131,0
2021-09-22 14:00:00,2424.0,2431.0,2408.0,2425.0,33.2828,1632320999999,80590.3083,277,19.2334,46579.7382,0
2021-09-22 14:30:00,2425.0,2436.0,2415.0,2432.0,52.0741,1632322799999,126337.2696,282,37.4991,90979.242,0
2021-09-22 15:00:00,2432.0,2458.0,2432.0,2453.0,58.1874,1632324599999,142209.2244,791,47.51300000000001,116131.2572,0
2021-09-22 15:30:00,2451.0,2477.0,2448.0,2477.0,54.7373,1632326399999,135003.5789,522,26.0776,64300.2762,0
2021-09-22 16:00:00,2477.0,2500.0,2471.0,2492.0,39.2854,1632328199999,97597.8866,338,19.7813,49161.6411,0
2021-09-22 16:30:00,2493.0,2511.0,2483.0,2509.0,27.8287,1632329999999,69545.7567,316,15.1808,37957.6043,0
2021-09-22 17:00:00,2508.0,2508.0,2477.0,2490.0,33.985,1632331799999,84782.5012,264,15.8398,39516.0201,0
2021-09-22 17:30:00,2488.0,2499.0,2485.0,2489.0,18.9814,1632333599999,47264.731,156,11.3706,28328.5777,0
2021-09-22 18:00:00,2488.0,2543.0,2471.0,2538.0,104.6006,1632335399999,263891.9402,659,61.2365,154364.0048,0
2021-09-22 18:30:00,2536.0,2538.0,2488.0,2493.0,73.3398,1632337199999,184140.1014,564,43.2226,108491.179,0
2021-09-22 19:00:00,2489.0,2520.0,2475.0,2514.0,47.5409,1632338999999,118857.2815,560,24.7993,62054.6043,0
2021-09-22 19:30:00,2513.0,2521.0,2502.0,2514.0,46.3724,1632340799999,116536.2552,493,19.9967,50241.8655,0
2021-09-22 20:00:00,2513.0,2525.0,2503.0,2521.0,30.5375,1632342599999,76777.1483,249,15.8117,39754.1211,0
2021-09-22 20:30:00,2520.0,2531.0,2504.0,2520.0,46.7821,1632344399999,117690.1283,319,17.6192,44337.5593,0
2021-09-22 21:00:00,2517.0,2527.0,2509.0,2524.0,53.8211,1632346199999,135673.5606,469,36.9281,93055.6473,0
2021-09-22 21:30:00,2524.0,2528.0,2485.0,2524.0,85.1343,1632347999999,213488.992,835,36.8151,92312.6635,0
2021-09-22 22:00:00,2523.0,2527.0,2504.0,2509.0,54.9552,1632349799999,137932.4572,371,23.8595,59976.929000000004,0
2021-09-22 22:30:00,2510.0,2533.0,2505.0,2530.0,46.2841,1632351599999,116812.77900000001,307,32.5902,82275.6053,0
2021-09-22 23:00:00,2530.0,2532.0,2500.0,2504.0,128.9918,1632353399999,323620.6553,727,25.2513,63438.7133,0
2021-09-22 23:30:00,2504.0,2531.0,2504.0,2530.0,31.3869,1632355199999,78967.4489,343,23.3249,58694.3786,0
2021-09-23 00:00:00,2530.0,2545.0,2511.0,2514.0,50.6036,1632356999999,127868.725,415,34.7284,87725.9976,0
2021-09-23 00:30:00,2513.0,2531.0,2493.0,2498.0,32.9407,1632358799999,82611.8233,292,20.4079,51147.8238,0
2021-09-23 01:00:00,2495.0,2506.0,2489.0,2501.0,36.8044,1632360599999,91903.4983,285,23.3972,58439.5023,0
2021-09-23 01:30:00,2501.0,2536.0,2501.0,2532.0,51.0982,1632362399999,128827.9564,498,31.43,79259.2474,0
2021-09-23 02:00:00,2532.0,2533.0,2512.0,2520.0,20.6342,1632364199999,51998.2088,201,11.2905,28453.5446,0
2021-09-23 02:30:00,2521.0,2528.0,2516.0,2521.0,12.4441,1632365999999,31390.1006,181,7.6771,19368.5052,0
2021-09-23 03:00:00,2523.0,2559.0,2513.0,2553.0,73.139,1632367799999,185441.1664,682,39.4385,99972.5969,0
2021-09-23 03:30:00,2553.0,2553.0,2537.0,2548.0,20.3817,1632369599999,51850.3468,249,11.3979,28995.345,0
2021-09-23 04:00:00,2548.0,2555.0,2538.0,2553.0,30.2801,1632371399999,77158.075,201,17.1301,43660.418,0
2021-09-23 04:30:00,2553.0,2556.0,2545.0,2548.0,12.9922,1632373199999,33132.5288,171,8.97,22878.2159,0
2021-09-23 05:00:00,2548.0,2556.0,2535.0,2537.0,16.6846,1632374999999,42457.5063,215,9.7253,24753.6074,0
2021-09-23 05:30:00,2537.0,2554.0,2529.0,2553.0,19.6939,1632376799999,50043.0102,289,9.7745,24827.9859,0
2021-09-23 06:00:00,2553.0,2554.0,2526.0,2531.0,25.2113,1632378599999,64057.872,231,9.4467,23986.81600000001,0
2021-09-23 06:30:00,2533.0,2559.0,2531.0,2555.0,71.6497,1632380399999,182267.9477,420,23.9058,60850.6336,0
2021-09-23 07:00:00,2554.0,2556.0,2543.0,2551.0,24.1024,1632382199999,61470.0987,298,14.5719,37167.0957,0
2021-09-23 07:30:00,2550.0,2564.0,2550.0,2562.0,19.3659,1632383999999,49523.3374,361,10.3658,26506.6336,0
2021-09-23 08:00:00,2562.0,2568.0,2551.0,2558.0,23.0822,1632385799999,59060.9902,371,10.3764,26544.2749,0
2021-09-23 08:30:00,2558.0,2560.0,2534.0,2537.0,25.4593,1632387599999,64785.0722,216,11.5131,29302.3139,0
2021-09-23 09:00:00,2535.0,2552.0,2529.0,2538.0,33.4126,1632389399999,84891.7588,345,26.2189,66632.3583,0
2021-09-23 09:30:00,2537.0,2542.0,2525.0,2528.0,45.0938,1632391199999,114182.0744,395,27.9316,70731.648,0
2021-09-23 10:00:00,2525.0,2536.0,2494.0,2496.0,65.3089,1632392999999,163775.4148,637,28.8076,72281.6162,0
2021-09-23 10:30:00,2499.0,2514.0,2495.0,2512.0,38.3955,1632394799999,96246.0873,508,28.3879,71153.0163,0
2021-09-23 11:00:00,2508.0,2509.0,2490.0,2497.0,41.7597,1632396599999,104250.8575,313,20.6903,51659.7876,0
2021-09-23 11:30:00,2497.0,2512.0,2478.0,2495.0,36.5834,1632398399999,91187.2328,406,24.8169,61866.6324,0
2021-09-23 12:00:00,2493.0,2503.0,2476.0,2487.0,49.0341,1632400199999,121947.6977,372,27.2266,67738.1564,0
2021-09-23 12:30:00,2486.0,2507.0,2482.0,2489.0,29.9315,1632401999999,74607.3807,234,21.2216,52890.4356,0
2021-09-23 13:00:00,2486.0,2498.0,2482.0,2489.0,15.4789,1632403799999,38571.2943,155,9.9651,24828.3163,0
2021-09-23 13:30:00,2496.0,2534.0,2496.0,2532.0,32.696999999999996,1632405599999,82453.6609,280,23.4142,59047.8656,0
2021-09-23 14:00:00,2532.0,2545.0,2527.0,2542.0,38.3129,1632407399999,97282.0219,202,22.1735,56310.7265,0
2021-09-23 14:30:00,2543.0,2545.0,2538.0,2544.0,57.5651,1632409199999,146457.0732,432,50.2917,127970.025,0
2021-09-23 15:00:00,2541.0,2544.0,2517.0,2517.0,38.1545,1632410999999,96591.89300000001,254,13.9459,35308.6631,0
2021-09-23 15:30:00,2518.0,2521.0,2499.0,2505.0,38.3722,1632412799999,96298.6362,258,18.3092,45960.8639,0
2021-09-23 16:00:00,2504.0,2516.0,2492.0,2502.0,16.7991,1632414599999,42058.1602,190,11.5051,28813.9131,0
2021-09-23 16:30:00,2502.0,2522.0,2502.0,2514.0,15.3916,1632416399999,38678.9523,164,8.3371,20954.7092,0
2021-09-23 17:00:00,2514.0,2555.0,2514.0,2554.0,70.17,1632418199999,178354.551,441,54.8399,139410.1453,0
2021-09-23 17:30:00,2556.0,2560.0,2547.0,2551.0,49.7892,1632419999999,127116.3998,484,23.7081,60550.9782,0
2021-09-23 18:00:00,2555.0,2559.0,2540.0,2553.0,72.1754,1632421799999,184205.1752,385,50.4827,128864.3528,0
2021-09-23 18:30:00,2551.0,2558.0,2545.0,2551.0,20.7601,1632423599999,52993.1603,179,12.0187,30691.798,0
2021-09-23 19:00:00,2551.0,2555.0,2512.0,2522.0,181.0048,1632425399999,458751.30100000004,619,53.8793,136964.6668,0
2021-09-23 19:30:00,2522.0,2534.0,2513.0,2516.0,324.1659,1632427199999,818451.4684,1312,198.0384,500318.7797,0
2021-09-23 20:00:00,2516.0,2522.0,2488.0,2496.0,367.0333,1632428999999,918738.8595,2004,254.683,637661.8043,0
2021-09-23 20:30:00,2495.0,2502.0,2477.0,2487.0,341.4782,1632430799999,850810.5451,1415,201.775,503134.0853,0
2021-09-23 21:00:00,2487.0,2501.0,2477.0,2490.0,414.6608,1632432599999,1032715.8124,1630,247.9428,617792.3832,0
2021-09-23 21:30:00,2490.0,2502.0,2466.0,2473.0,342.2534,1632434399999,849173.6802,1235,163.0418,404984.3813,0
2021-09-23 22:00:00,2472.0,2497.0,2452.0,2464.0,438.4281,1632436199999,1084299.0644,1621,269.7581,667446.9842,0
2021-09-23 22:30:00,2464.0,2477.0,2451.0,2466.0,409.2599,1632437999999,1008132.9807,1794,275.7802,679475.2837,0
2021-09-23 23:00:00,2466.0,2470.0,2452.0,2468.0,309.0905,1632439799999,760347.8076,1050,228.1362,561177.4817,0
2021-09-23 23:30:00,2467.0,2491.0,2467.0,2490.0,78.2833,1632441599999,194309.5056,472,40.3538,100197.7902,0
2021-09-24 00:00:00,2489.0,2502.0,2481.0,2501.0,116.375,1632443399999,289983.8008,901,54.2318,135122.3619,0
2021-09-24 00:30:00,2502.0,2507.0,2488.0,2491.0,41.6161,1632445199999,103925.7126,425,27.0717,67588.6465,0
2021-09-24 01:00:00,2492.0,2502.0,2478.0,2486.0,33.9557,1632446999999,84549.911,323,15.6856,39042.9773,0
2021-09-24 01:30:00,2486.0,2488.0,2456.0,2458.0,222.3366,1632448799999,549699.4051,651,137.3842,339411.9635,0
2021-09-24 02:00:00,2460.0,2466.0,2435.0,2435.0,267.7277,1632450599999,655339.3611,1316,176.2439,431367.2481,0
2021-09-24 02:30:00,2435.0,2442.0,2421.0,2425.0,258.6767,1632452399999,628746.449,1530,176.1698,428339.8113,0
2021-09-24 03:00:00,2425.0,2432.0,2403.0,2409.0,281.4029,1632454199999,680386.9051,1400,158.0468,382206.583,0
2021-09-24 03:30:00,2409.0,2409.0,2379.0,2385.0,257.1329,1632455999999,615538.9886,1377,170.3636,407569.4062,0
2021-09-24 04:00:00,2384.0,2393.0,2355.0,2364.0,306.6461,1632457799999,727419.531,1549,213.6031,506968.3307,0
2021-09-24 04:30:00,2364.0,2373.0,2356.0,2373.0,262.1853,1632459599999,619961.0939,1313,194.2145,459339.9361,0
2021-09-24 05:00:00,2373.0,2373.0,2334.0,2345.0,320.1149,1632461399999,752230.8147,1361,197.3163,463405.9506,0
2021-09-24 05:30:00,2345.0,2371.0,2335.0,2369.0,233.0041,1632463199999,547262.0047,1125,151.3101,355411.7557,0
2021-09-24 06:00:00,2371.0,2406.0,2363.0,2401.0,146.1964,1632464999999,349368.0489,1073,103.30799999999999,247015.0661,0
2021-09-24 06:30:00,2403.0,2403.0,2374.0,2374.0,93.1009,1632466799999,222384.4151,686,44.7681,107016.775,0
2021-09-24 07:00:00,2374.0,2421.0,2374.0,2402.0,118.5493,1632468599999,284984.3441,667,70.9869,170798.1245,0
2021-09-24 07:30:00,2403.0,2418.0,2388.0,2407.0,70.5999,1632470399999,169763.9959,565,41.6113,100098.6249,0
2021-09-24 08:00:00,2407.0,2429.0,2406.0,2426.0,61.3611,1632472199999,148535.8643,752,41.3646,100145.8803,0
2021-09-24 08:30:00,2428.0,2429.0,2382.0,2388.0,142.3399,1632473999999,342688.0731,1006,48.4042,116730.7214,0
2021-09-24 09:00:00,2390.0,2391.0,2262.0,2281.0,504.6384,1632475799999,1171881.9926,3889,240.8949,560609.6575,0
2021-09-24 09:30:00,2281.0,2301.0,2249.0,2250.0,225.3274,1632477599999,513677.0544,1608,108.7532,248092.13199999998,0
2021-09-24 10:00:00,2250.0,2277.0,2239.0,2262.0,242.0177,1632479399999,546688.2659,1726,114.161,258085.4778,0
2021-09-24 10:30:00,2262.0,2265.0,2226.0,2240.0,178.9955,1632481199999,401557.0569,1666,85.1726,191082.401,0
2021-09-24 11:00:00,2237.0,2250.0,2132.0,2219.0,417.8262,1632482999999,917084.6192230999,3054,153.8777,337938.2135,0
2021-09-24 11:30:00,2218.0,2244.0,2196.0,2238.0,193.9602,1632484799999,432055.8405,1471,116.1895,258872.326,0
2021-09-24 12:00:00,2239.0,2273.0,2218.0,2265.0,263.9166,1632486599999,592615.5043,1966,118.1776,265298.8451,0
2021-09-24 12:30:00,2267.0,2267.0,2224.0,2237.0,135.01,1632488399999,302821.5275,1003,38.3902,86131.7439,0
2021-09-24 13:00:00,2237.0,2241.0,2208.0,2222.0,106.0006,1632490199999,235909.5225,583,54.6435,121559.8083,0
2021-09-24 13:30:00,2225.0,2280.0,2222.0,2267.0,90.5498,1632491999999,204742.583,649,45.8897,103759.7104,0
2021-09-24 14:00:00,2269.0,2309.0,2268.0,2304.0,117.0918,1632493799999,267531.8477,767,64.0595,146450.3405,0
2021-09-24 14:30:00,2304.0,2311.0,2290.0,2294.0,73.1671,1632495599999,168426.2309,504,34.4488,79345.3261,0
2021-09-24 15:00:00,2295.0,2295.0,2278.0,2286.0,51.6556,1632497399999,118042.9736,462,31.0421,70940.6354,0
2021-09-24 15:30:00,2286.0,2286.0,2232.0,2250.0,160.6002,1632499199999,361382.7789,988,79.0549,178012.902,0
2021-09-24 16:00:00,2250.0,2268.0,2242.0,2262.0,61.6631,1632500999999,139117.4146,413,45.8132,103380.2409,0
2021-09-24 16:30:00,2262.0,2287.0,2262.0,2285.0,41.8347,1632502799999,95127.6497,414,23.873,54299.9392,0
2021-09-24 17:00:00,2284.0,2285.0,2263.0,2283.0,45.3584,1632504599999,103045.1719,321,17.8706,40584.8456,0
2021-09-24 17:30:00,2281.0,2281.0,2255.0,2262.0,27.1789,1632506399999,61535.117,228,11.0122,24908.5248,0
2021-09-24 18:00:00,2265.0,2281.0,2259.0,2279.0,49.48,1632508199999,112196.617,308,29.5604,67059.8699,0
2021-09-24 18:30:00,2279.0,2285.0,2261.0,2272.0,29.7009,1632509999999,67511.0044,232,14.3548,32639.5732,0
2021-09-24 19:00:00,2270.0,2285.0,2269.0,2284.0,27.4409,1632511799999,62506.7516,194,20.2778,46206.2312,0
2021-09-24 19:30:00,2286.0,2300.0,2268.0,2286.0,32.1888,1632513599999,73435.3521,285,17.0012,38778.7964,0
2021-09-24 20:00:00,2287.0,2302.0,2283.0,2301.0,31.5528,1632515399999,72470.7607,242,15.6892,36034.7324,0
2021-09-24 20:30:00,2299.0,2314.0,2293.0,2312.0,33.4879,1632517199999,77221.6517,365,20.2765,46749.968,0
2021-09-24 21:00:00,2311.0,2329.0,2307.0,2326.0,37.3064,1632518999999,86496.7588,306,26.5207,61496.2705,0
2021-09-24 21:30:00,2326.0,2329.0,2308.0,2314.0,38.1109,1632520799999,88373.9056,366,14.284,33105.6984,0
2021-09-24 22:00:00,2315.0,2322.0,2302.0,2304.0,27.6911,1632522599999,64178.5674,207,11.3161,26226.1608,0
2021-09-24 22:30:00,2303.0,2326.0,2302.0,2319.0,37.0895,1632524399999,85870.1103,199,17.4261,40361.4735,0
2021-09-24 23:00:00,2320.0,2320.0,2297.0,2299.0,43.8502,1632526199999,101274.7031,236,13.8989,32035.4034,0
2021-09-24 23:30:00,2298.0,2299.0,2276.0,2297.0,70.0589,1632527999999,160277.1603,527,36.6702,83936.5798,0
2021-09-25 00:00:00,2297.0,2322.0,2284.0,2306.0,60.4221,1632529799999,139350.7921,552,29.4242,67866.9798,0
2021-09-25 00:30:00,2308.0,2327.0,2298.0,2321.0,89.1544,1632531599999,206021.0125,417,52.2544,120863.7225,0
2021-09-25 01:00:00,2325.0,2325.0,2268.0,2269.0,42.5159,1632533399999,97628.844,249,14.632,33514.636,0
2021-09-25 01:30:00,2271.0,2308.0,2265.0,2303.0,31.0064,1632535199999,71077.9993,338,19.2399,44121.4194,0
2021-09-25 02:00:00,2305.0,2310.0,2294.0,2306.0,39.4849,1632536999999,91007.5356,411,26.705,61556.7091,0
2021-09-25 02:30:00,2305.0,2320.0,2279.0,2282.0,43.5006,1632538799999,100187.8194,511,28.3877,65501.4398,0
2021-09-25 03:00:00,2281.0,2305.0,2278.0,2288.0,38.0769,1632540599999,87197.1338,213,25.0719,57416.2878,0
2021-09-25 03:30:00,2295.0,2309.0,2289.0,2293.0,21.5956,1632542399999,49616.356,179,9.5074,21841.8726,0
2021-09-25 04:00:00,2294.0,2320.0,2294.0,2319.0,15.2472,1632544199999,35263.144,182,6.1237,14166.2249,0
2021-09-25 04:30:00,2318.0,2319.0,2293.0,2295.0,10.3062,1632545999999,23774.5075,128,5.1482,11870.0915,0
2021-09-25 05:00:00,2295.0,2303.0,2271.0,2277.0,23.6836,1632547799999,54051.867,238,13.0401,29783.9311,0
2021-09-25 05:30:00,2277.0,2295.0,2271.0,2273.0,9.9406,1632549599999,22709.9269,202,3.0984,7077.2465,0
2021-09-25 06:00:00,2273.0,2294.0,2273.0,2290.0,31.3085,1632551399999,71554.231,203,25.2456,57728.8858,0
2021-09-25 06:30:00,2293.0,2308.0,2293.0,2302.0,57.441,1632553199999,132159.1217,261,34.1428,78535.5576,0
2021-09-25 07:00:00,2301.0,2308.0,2262.0,2266.0,29.5066,1632554999999,67360.2947,302,8.5594,19533.261000000002,0
2021-09-25 07:30:00,2265.0,2266.0,2252.0,2252.0,49.9398,1632556799999,112725.9289,445,24.5248,55331.9691,0
2021-09-25 08:00:00,2254.0,2269.0,2222.0,2233.0,64.2518,1632558599999,143981.3297,524,23.7183,53097.3599,0
2021-09-25 08:30:00,2233.0,2264.0,2198.0,2259.0,126.5087,1632560399999,281068.6174,1006,57.7707,128324.7503,0
2021-09-25 09:00:00,2260.0,2295.0,2249.0,2293.0,49.7034,1632562199999,112701.7528,442,25.2259,57275.8605,0
2021-09-25 09:30:00,2295.0,2302.0,2289.0,2296.0,37.1539,1632563999999,85307.8325,370,19.6549,45145.0933,0
2021-09-25 10:00:00,2300.0,2313.0,2297.0,2311.0,34.1415,1632565799999,78686.3143,264,18.3489,42299.7449,0
2021-09-25 10:30:00,2312.0,2316.0,2288.0,2295.0,17.6188,1632567599999,40540.6166,151,10.4706,24087.3491,0
2021-09-25 11:00:00,2295.0,2295.0,2252.0,2259.0,59.3661,1632569399999,134877.6171,344,20.2121,45942.45400000001,0
2021-09-25 11:30:00,2259.0,2270.0,2249.0,2267.0,35.4859,1632571199999,80165.1317,411,17.3672,39248.4318,0
2021-09-25 12:00:00,2268.0,2279.0,2258.0,2269.0,33.9078,1632572999999,76844.7039,288,16.6141,37669.8836,0
2021-09-25 12:30:00,2267.0,2272.0,2260.0,2265.0,25.9672,1632574799999,58800.7927,143,16.5677,37514.6413,0
2021-09-25 13:00:00,2262.0,2291.0,2254.0,2271.0,93.3425,1632576599999,212343.332,402,65.8454,149769.563,0
2021-09-25 13:30:00,2270.0,2281.0,2261.0,2267.0,23.3134,1632578399999,52956.6492,184,13.3979,30429.0779,0
2021-09-25 14:00:00,2265.0,2272.0,2233.0,2241.0,122.9173,1632580199999,276073.7175,543,34.4711,77545.6795,0
2021-09-25 14:30:00,2241.0,2246.0,2229.0,2239.0,42.2323,1632581999999,94504.8237,353,24.5612,54981.085999999996,0
2021-09-25 15:00:00,2234.0,2268.0,2224.0,2268.0,91.0811,1632583799999,205278.1431,429,80.8796,182410.2342,0
2021-09-25 15:30:00,2266.0,2283.0,2260.0,2267.0,68.171,1632585599999,154997.3598,557,36.9693,84062.3734,0
2021-09-25 16:00:00,2267.0,2272.0,2232.0,2247.0,86.3999,1632587399999,194414.3293,490,38.3467,86385.0813,0
2021-09-25 16:30:00,2249.0,2268.0,2237.0,2252.0,27.8572,1632589199999,62781.2538,176,11.9551,26979.6119,0
2021-09-25 17:00:00,2258.0,2267.0,2246.0,2267.0,37.7128,1632590999999,85143.9977,187,23.5954,53319.8315,0
2021-09-25 17:30:00,2267.0,2273.0,2256.0,2261.0,30.5914,1632592799999,69284.3605,202,19.7099,44650.9617,0
2021-09-25 18:00:00,2259.0,2275.0,2251.0,2252.0,18.0944,1632594599999,40942.5724,153,10.3058,23309.3644,0
2021-09-25 18:30:00,2250.0,2258.0,2239.0,2248.0,40.9037,1632596399999,91985.3614,215,27.537,61914.1056,0
2021-09-25 19:00:00,2248.0,2263.0,2237.0,2262.0,28.8351,1632598199999,64954.2628,222,20.8659,47008.8586,0
2021-09-25 19:30:00,2264.0,2272.0,2256.0,2259.0,31.8137,1632599999999,72018.04,238,18.0743,40935.0855,0
2021-09-25 20:00:00,2261.0,2264.0,2231.0,2233.0,49.5453,1632601799999,111051.3799,465,19.3918,43461.2662,0
2021-09-25 20:30:00,2233.0,2261.0,2233.0,2246.0,37.2672,1632603599999,83957.6304,251,13.7896,31022.8847,0
2021-09-25 21:00:00,2248.0,2248.0,2221.0,2225.0,30.9423,1632605399999,69118.6494,335,13.7827,30805.6098,0
2021-09-25 21:30:00,2225.0,2248.0,2225.0,2248.0,52.816,1632607199999,118369.7169,288,31.4286,70430.504,0
2021-09-25 22:00:00,2248.0,2268.0,2246.0,2263.0,27.3809,1632608999999,61707.570999999996,218,18.9544,42680.1051,0
2021-09-25 22:30:00,2263.0,2271.0,2263.0,2266.0,9.8618,1632610799999,22378.0046,71,5.4176,12295.6063,0
2021-09-25 23:00:00,2266.0,2271.0,2242.0,2256.0,28.4601,1632612599999,64093.4789,117,17.4076,39193.3215,0
2021-09-25 23:30:00,2257.0,2271.0,2257.0,2259.0,9.4559,1632614399999,21410.5744,69,4.8407,10965.2799,0
2021-09-26 00:00:00,2261.0,2263.0,2220.0,2223.0,23.0968,1632616199999,51777.1384,164,9.9234,22252.5831,0
2021-09-26 00:30:00,2231.0,2237.0,2199.0,2219.0,64.4769,1632617999999,142832.1034,563,30.2127,66877.6852,0
2021-09-26 01:00:00,2219.0,2225.0,2199.0,2211.0,35.3992,1632619799999,78247.3015,267,19.6216,43361.9677,0
2021-09-26 01:30:00,2211.0,2211.0,2178.0,2191.0,63.3718,1632621599999,138896.3746,735,27.1431,59497.7244,0
2021-09-26 02:00:00,2191.0,2191.0,2161.0,2171.0,77.7488,1632623399999,168899.9116,830,32.306999999999995,70231.9681,0
2021-09-26 02:30:00,2165.0,2192.0,2163.0,2174.0,31.7691,1632625199999,69287.0906,201,17.961,39133.9139,0
2021-09-26 03:00:00,2175.0,2286.0,2168.0,2265.0,472.0882,1632626999999,1062140.4071,2559,292.6711,659023.4241,0
2021-09-26 03:30:00,2264.0,2503.0,2258.0,2360.0,5028.4327,1632628799999,12041510.9014,23347,2757.5292,6599426.3629,0
2021-09-26 04:00:00,2358.0,2460.0,2329.0,2425.0,2047.6470000000002,1632630599999,4879164.4627,10264,1195.0617,2850291.0733,0
2021-09-26 04:30:00,2423.0,2445.0,2396.0,2420.0,343.9337,1632632399999,832659.0767,2468,173.9352,421247.3887,0
2021-09-26 05:00:00,2421.0,2482.0,2407.0,2419.0,512.1322,1632634199999,1252226.5445,3698,215.2897,525906.4947,0
2021-09-26 05:30:00,2418.0,2428.0,2390.0,2394.0,164.2911,1632635999999,394981.8755,1241,74.6976,179701.1751,0
2021-09-26 06:00:00,2394.0,2420.0,2381.0,2389.0,155.3199,1632637799999,372333.3118,1288,77.0562,184649.8616,0
2021-09-26 06:30:00,2389.0,2399.0,2358.0,2367.0,141.5703,1632639599999,337009.5853,1107,42.8528,102167.3473,0
2021-09-26 07:00:00,2365.0,2405.0,2356.0,2365.0,232.3656,1632641399999,550644.236,1549,126.9369,300930.0581,0
2021-09-26 07:30:00,2365.0,2370.0,2273.0,2300.0,477.8097,1632643199999,1101567.367,2550,232.2442,535766.1026,0
2021-09-26 08:00:00,2300.0,2426.0,2296.0,2373.0,669.0623,1632644999999,1592274.8324,4027,387.8143,923638.8613,0
2021-09-26 08:30:00,2374.0,2399.0,2345.0,2373.0,286.7114,1632646799999,680186.4843,1771,149.7793,355278.6804,0
2021-09-26 09:00:00,2373.0,2503.0,2363.0,2487.0,914.6076,1632648599999,2230301.2812,6407,508.094,1238165.7879,0
2021-09-26 09:30:00,2487.0,2572.0,2440.0,2533.0,1132.1349,1632650399999,2840429.0958,6423,564.2584,1416067.5075,0
2021-09-26 10:00:00,2534.0,2558.0,2494.0,2505.0,287.6295,1632652199999,725779.6172,2501,120.1704,303224.0267,0
2021-09-26 10:30:00,2505.0,2518.0,2483.0,2493.0,162.8603,1632653999999,407258.7646,1297,72.4777,181364.8849,0
2021-09-26 11:00:00,2493.0,2513.0,2486.0,2506.0,175.6603,1632655799999,438788.3495,1457,62.2143,155456.2089,0
2021-09-26 11:30:00,2508.0,2510.0,2486.0,2502.0,96.4731,1632657599999,240888.66199999998,943,53.2405,132928.9586,0
2021-09-26 12:00:00,2504.0,2554.0,2504.0,2550.0,136.8168,1632659399999,346970.7266,1351,70.9257,179854.1013,0
2021-09-26 12:30:00,2551.0,2556.0,2505.0,2540.0,100.4424,1632661199999,253660.34399999998,697,48.3203,122170.4173,0
2021-09-26 13:00:00,2537.0,2543.0,2493.0,2508.0,80.4048,1632662999999,202712.2167,642,33.6003,84716.4259,0
2021-09-26 13:30:00,2508.0,2514.0,2464.0,2480.0,236.3662,1632664799999,587741.9787,1480,86.6819,215713.8621,0
2021-09-26 14:00:00,2481.0,2493.0,2450.0,2464.0,227.7634,1632666599999,562405.3157,1912,84.2151,207712.6791,0
2021-09-26 14:30:00,2464.0,2472.0,2348.0,2356.0,1076.7709,1632668399999,2575755.4274,9558,410.2495,980340.2533,0
2021-09-26 15:00:00,2357.0,2372.0,2345.0,2358.0,172.762,1632670199999,407696.5347,1396,114.5835,270467.9931,0
2021-09-26 15:30:00,2358.0,2377.0,2353.0,2376.0,191.8916,1632671999999,453507.0473,1429,105.6606,249922.637,0
2021-09-26 16:00:00,2376.0,2384.0,2357.0,2378.0,226.3772,1632673799999,536742.0843,1603,130.3973,309271.9548,0
2021-09-26 16:30:00,2378.0,2382.0,2356.0,2363.0,163.9388,1632675599999,387999.5694,1157,91.6408,217014.8312,0
2021-09-26 17:00:00,2365.0,2383.0,2365.0,2371.0,91.2945,1632677399999,216650.7881,690,44.2566,105031.1104,0
2021-09-26 17:30:00,2371.0,2383.0,2360.0,2367.0,76.4481,1632679199999,181043.1272,539,49.6028,117511.1359,0
2021-09-26 18:00:00,2367.0,2375.0,2359.0,2369.0,51.6684,1632680999999,122393.2392,505,27.1115,64241.6285,0
2021-09-26 18:30:00,2367.0,2372.0,2351.0,2357.0,45.398999999999994,1632682799999,107167.758,407,16.9874,40123.6463,0
2021-09-26 19:00:00,2357.0,2369.0,2353.0,2369.0,21.7012,1632684599999,51220.6546,287,8.1395,19213.4132,0
2021-09-26 19:30:00,2369.0,2379.0,2356.0,2363.0,56.9202,1632686399999,134766.6529,450,36.6109,86721.4421,0
2021-09-26 20:00:00,2364.0,2389.0,2364.0,2385.0,61.5112,1632688199999,146313.1891,621,23.0348,54822.5165,0
2021-09-26 20:30:00,2385.0,2388.0,2368.0,2379.0,31.0851,1632689999999,73927.9728,255,11.8189,28115.863999999998,0
2021-09-26 21:00:00,2379.0,2381.0,2368.0,2375.0,63.6466,1632691799999,151117.7514,425,23.7642,56418.8438,0
2021-09-26 21:30:00,2375.0,2382.0,2369.0,2382.0,29.1857,1632693599999,69238.834,278,18.4006,43643.9898,0
2021-09-26 22:00:00,2383.0,2399.0,2375.0,2382.0,76.8401,1632695399999,183554.1574,473,41.5464,99226.8254,0
2021-09-26 22:30:00,2383.0,2384.0,2313.0,2323.0,125.899,1632697199999,295865.4198,1116,53.7067,126238.9262,0
2021-09-26 23:00:00,2322.0,2348.0,2313.0,2330.0,105.3165,1632698999999,245234.2715,809,53.8299,125397.9507,0
2021-09-26 23:30:00,2327.0,2353.0,2322.0,2349.0,23.3016,1632700799999,54447.2377,259,11.5,26869.7209,0
2021-09-27 00:00:00,2350.0,2350.0,2309.0,2317.0,76.8241,1632702599999,178528.3518,952,28.8438,67069.9935,0
2021-09-27 00:30:00,2317.0,2389.0,2317.0,2388.0,70.1729,1632704399999,165607.5689,774,26.6516,62949.1131,0
2021-09-27 01:00:00,2389.0,2402.0,2382.0,2400.0,112.7925,1632706199999,269831.1049,751,71.45,170979.7679,0
2021-09-27 01:30:00,2400.0,2417.0,2396.0,2414.0,92.2234,1632707999999,222001.6081,696,63.755,153440.2785,0
2021-09-27 02:00:00,2415.0,2417.0,2343.0,2353.0,449.0858,1632709799999,1065180.8375,2953,211.8201,502427.6186,0
2021-09-27 02:30:00,2355.0,2365.0,2347.0,2354.0,69.1642,1632711599999,163098.7134,576,45.2997,106842.2692,0
2021-09-27 03:00:00,2354.0,2358.0,2348.0,2353.0,48.82899999999999,1632713399999,114953.9619,451,29.24,68847.4128,0
2021-09-27 03:30:00,2353.0,2354.0,2335.0,2352.0,71.5077,1632715199999,167799.0438,614,49.1084,115251.5582,0
2021-09-27 04:00:00,2353.0,2397.0,2350.0,2373.0,321.7936,1632716999999,765389.7926,2075,204.2641,485558.2106,0
2021-09-27 04:30:00,2373.0,2383.0,2365.0,2382.0,93.0103,1632718799999,220873.4262,660,48.3169,114762.9413,0
2021-09-27 05:00:00,2382.0,2417.0,2381.0,2391.0,195.4172,1632720599999,469413.5403,1301,126.37899999999999,303654.4018,0
2021-09-27 05:30:00,2394.0,2400.0,2383.0,2392.0,72.9574,1632722399999,174397.7844,459,35.6858,85315.5594,0
2021-09-27 06:00:00,2394.0,2405.0,2385.0,2393.0,95.1566,1632724199999,227790.2628,656,52.4955,125718.1728,0
2021-09-27 06:30:00,2391.0,2401.0,2356.0,2359.0,67.6919,1632725999999,161163.3439,414,14.7748,35261.7174,0
2021-09-27 07:00:00,2358.0,2377.0,2354.0,2369.0,51.4233,1632727799999,121486.8464,384,20.9437,49518.0642,0
2021-09-27 07:30:00,2370.0,2378.0,2364.0,2371.0,30.0188,1632729599999,71160.4778,265,14.6933,34841.7393,0
2021-09-27 08:00:00,2369.0,2385.0,2366.0,2383.0,31.8798,1632731399999,75745.2553,315,15.5341,36913.4331,0
2021-09-27 08:30:00,2385.0,2393.0,2381.0,2387.0,43.8435,1632733199999,104634.5858,376,18.8111,44912.7653,0
2021-09-27 09:00:00,2388.0,2413.0,2385.0,2410.0,59.9834,1632734999999,144021.9953,600,43.4485,104363.2738,0
2021-09-27 09:30:00,2410.0,2410.0,2366.0,2378.0,81.3541,1632736799999,193661.0338,792,43.4087,103258.4913,0
2021-09-27 10:00:00,2380.0,2408.0,2378.0,2401.0,59.9664,1632738599999,143750.9813,555,39.4322,94526.4791,0
2021-09-27 10:30:00,2401.0,2408.0,2388.0,2392.0,60.0963,1632740399999,143929.4673,505,31.8686,76343.5859,0
2021-09-27 11:00:00,2392.0,2404.0,2381.0,2396.0,72.2833,1632742199999,173007.4987,395,31.2181,74712.8678,0
2021-09-27 11:30:00,2398.0,2409.0,2386.0,2404.0,36.5477,1632743999999,87712.4522,283,13.708,32899.6567,0
2021-09-27 12:00:00,2402.0,2417.0,2367.0,2378.0,102.2309,1632745799999,244717.2709,882,54.381,130291.7168,0
2021-09-27 12:30:00,2379.0,2405.0,2369.0,2388.0,61.7532,1632747599999,147681.5943,520,34.3414,82117.5775,0
2021-09-27 13:00:00,2389.0,2410.0,2385.0,2406.0,27.7286,1632749399999,66463.7482,318,17.7922,42681.4898,0
2021-09-27 13:30:00,2405.0,2408.0,2369.0,2383.0,50.4961,1632751199999,120227.0455,619,19.663,46837.7489,0
2021-09-27 14:00:00,2381.0,2394.0,2373.0,2390.0,26.6671,1632752999999,63551.0596,230,17.1626,40904.3568,0
2021-09-27 14:30:00,2388.0,2424.0,2340.0,2349.0,164.5561,1632754799999,390433.7968,1488,93.1649,221241.8607,0
2021-09-27 15:00:00,2347.0,2352.0,2324.0,2335.0,78.7546,1632756599999,183812.3495,877,33.2756,77693.0941,0
2021-09-27 15:30:00,2338.0,2349.0,2325.0,2347.0,51.4642,1632758399999,120099.0533,507,23.85,55669.8904,0
2021-09-27 16:00:00,2347.0,2352.0,2331.0,2332.0,34.7667,1632760199999,81458.4883,465,11.2799,26439.6636,0
2021-09-27 16:30:00,2336.0,2338.0,2296.0,2316.0,82.40899999999998,1632761999999,190477.8925,829,40.5493,93769.5527,0
2021-09-27 17:00:00,2314.0,2332.0,2307.0,2307.0,30.8095,1632763799999,71502.7196,312,11.1342,25847.6251,0
2021-09-27 17:30:00,2309.0,2322.0,2305.0,2312.0,29.1509,1632765599999,67446.8437,213,22.5121,52086.7418,0
2021-09-27 18:00:00,2309.0,2320.0,2307.0,2312.0,55.059,1632767399999,127393.7968,384,37.0089,85638.9254,0
2021-09-27 18:30:00,2312.0,2312.0,2286.0,2297.0,59.0934,1632769199999,135787.6966,419,31.3416,72025.1084,0
2021-09-27 19:00:00,2297.0,2310.0,2287.0,2304.0,39.4111,1632770999999,90658.4428,239,24.445,56253.5592,0
2021-09-27 19:30:00,2304.0,2306.0,2276.0,2278.0,203.8258,1632772799999,466453.7222,852,93.3756,213703.3553,0
2021-09-27 20:00:00,2277.0,2277.0,2243.0,2275.0,177.9519,1632774599999,401332.2521,1083,114.0183,256913.9297,0
2021-09-27 20:30:00,2275.0,2282.0,2250.0,2255.0,49.1476,1632776399999,111294.606,299,27.9818,63300.7121,0
2021-09-27 21:00:00,2255.0,2281.0,2248.0,2278.0,17.0824,1632778199999,38722.2239,212,8.795,19954.2283,0
2021-09-27 21:30:00,2278.0,2301.0,2277.0,2299.0,38.2399,1632779999999,87443.3614,276,17.3246,39669.7439,0
2021-09-27 22:00:00,2298.0,2314.0,2289.0,2310.0,51.7742,1632781799999,119042.7426,564,39.1986,90142.6833,0
2021-09-27 22:30:00,2314.0,2316.0,2292.0,2298.0,23.1313,1632783599999,53222.5287,215,10.4843,24131.4256,0
2021-09-27 23:00:00,2298.0,2304.0,2271.0,2272.0,44.0561,1632785399999,100635.3514,350,17.6865,40343.6116,0
2021-09-27 23:30:00,2269.0,2282.0,2228.0,2243.0,94.5737,1632787199999,213009.9207,887,31.651999999999997,71335.7699,0
2021-09-28 00:00:00,2245.0,2264.0,2228.0,2252.0,59.1929,1632788999999,132957.0454,449,34.2695,76942.894,0
2021-09-28 00:30:00,2253.0,2270.0,2244.0,2250.0,38.6896,1632790799999,87308.4748,254,20.2158,45651.4919,0
2021-09-28 01:00:00,2252.0,2252.0,2226.0,2240.0,43.073,1632792599999,96369.1688,280,21.7361,48661.1164,0
2021-09-28 01:30:00,2239.0,2270.0,2235.0,2266.0,24.6464,1632794399999,55766.9934,201,10.808,24442.4651,0
2021-09-28 02:00:00,2266.0,2384.0,2266.0,2336.0,1110.1911,1632796199999,2598410.6592,6720,742.9265,1737095.6499,0
2021-09-28 02:30:00,2336.0,2350.0,2321.0,2335.0,137.5546,1632797999999,321743.7265,869,80.9793,189491.2973,0
2021-09-28 03:00:00,2336.0,2371.0,2323.0,2339.0,192.1,1632799799999,451504.33200000005,1118,117.2459,275744.3295,0
2021-09-28 03:30:00,2337.0,2344.0,2326.0,2340.0,45.5805,1632801599999,106413.6396,400,27.9508,65264.0149,0
2021-09-28 04:00:00,2341.0,2371.0,2341.0,2366.0,72.712,1632803399999,171665.8725,512,20.5928,48589.1324,0
2021-09-28 04:30:00,2365.0,2436.0,2355.0,2419.0,1087.1289,1632805199999,2607455.1019,3969,460.6686,1104228.9229,0
2021-09-28 05:00:00,2418.0,2430.0,2366.0,2368.0,238.7451,1632806999999,571908.087,1698,136.2581,326920.57,0
2021-09-28 05:30:00,2368.0,2385.0,2363.0,2375.0,79.807,1632808799999,189545.9175,553,40.6159,96496.0249,0
2021-09-28 06:00:00,2375.0,2384.0,2365.0,2381.0,52.2769,1632810599999,124170.5718,399,23.7472,56419.3471,0
2021-09-28 06:30:00,2382.0,2396.0,2347.0,2369.0,79.0115,1632812399999,187115.5399,644,34.7143,82244.5673,0
2021-09-28 07:00:00,2369.0,2378.0,2320.0,2327.0,97.6738,1632814199999,228992.7426,814,34.9012,81776.7937,0
2021-09-28 07:30:00,2328.0,2339.0,2311.0,2321.0,127.8859,1632815999999,296972.2371,1031,57.0699,132599.3492,0
2021-09-28 08:00:00,2324.0,2367.0,2312.0,2320.0,132.8005,1632817799999,310357.8479,1158,65.8824,154215.4592,0
2021-09-28 08:30:00,2325.0,2345.0,2314.0,2341.0,63.5328,1632819599999,147893.1797,682,39.6551,92271.781,0
2021-09-28 09:00:00,2344.0,2349.0,2321.0,2344.0,96.0837,1632821399999,224115.7114,474,48.1283,112494.3457,0
2021-09-28 09:30:00,2344.0,2352.0,2327.0,2327.0,36.9033,1632823199999,86426.1665,308,16.1828,37920.6161,0
2021-09-28 10:00:00,2329.0,2344.0,2305.0,2319.0,108.3523,1632824999999,251409.1874,671,27.0846,62823.2838,0
2021-09-28 10:30:00,2319.0,2334.0,2314.0,2329.0,47.87300000000001,1632826799999,111355.00300000001,342,26.4211,61452.6928,0
2021-09-28 11:00:00,2329.0,2358.0,2320.0,2352.0,96.7107,1632828599999,226508.8842,553,71.6451,167805.0722,0
2021-09-28 11:30:00,2352.0,2363.0,2333.0,2355.0,98.8789,1632830399999,232559.57,542,52.925,124511.1451,0
2021-09-28 12:00:00,2356.0,2369.0,2342.0,2353.0,47.813,1632832199999,112554.03300000001,372,20.8635,49156.8286,0
2021-09-28 12:30:00,2352.0,2352.0,2311.0,2315.0,63.9457,1632833999999,148514.6478,379,18.4666,42916.0827,0
2021-09-28 13:00:00,2319.0,2364.0,2310.0,2338.0,265.036,1632835799999,617457.8092,1188,124.8988,291045.1644,0
2021-09-28 13:30:00,2337.0,2347.0,2314.0,2319.0,76.7968,1632837599999,178748.0511,570,22.263,51783.8239,0
2021-09-28 14:00:00,2318.0,2323.0,2270.0,2291.0,211.2196,1632839399999,483594.3477,1086,102.4537,234812.0536,0
2021-09-28 14:30:00,2289.0,2303.0,2278.0,2289.0,47.3507,1632841199999,108374.6052,386,22.2352,50931.7367,0
2021-09-28 15:00:00,2288.0,2294.0,2271.0,2276.0,37.6714,1632842999999,85886.043,291,21.2452,48451.1794,0
2021-09-28 15:30:00,2278.0,2302.0,2274.0,2274.0,117.9553,1632844799999,270126.1946,551,78.1021,178963.4557,0
2021-09-28 16:00:00,2275.0,2294.0,2270.0,2291.0,49.3792,1632846599999,112564.0603,353,26.048000000000002,59425.2778,0
2021-09-28 16:30:00,2291.0,2298.0,2262.0,2262.0,117.83200000000001,1632848399999,268018.1626,734,25.256,57445.1544,0
2021-09-28 17:00:00,2262.0,2269.0,2222.0,2235.0,294.6631,1632850199999,660142.6224,2117,113.081,252867.7072,0
2021-09-28 17:30:00,2235.0,2245.0,2223.0,2242.0,113.7729,1632851999999,254160.5022,779,76.6378,171215.651,0
2021-09-28 18:00:00,2240.0,2257.0,2224.0,2257.0,70.4687,1632853799999,157724.5387,373,46.2746,103708.4546,0
2021-09-28 18:30:00,2254.0,2274.0,2251.0,2260.0,50.5025,1632855599999,114321.6072,422,34.3699,77798.8271,0
2021-09-28 19:00:00,2260.0,2273.0,2254.0,2262.0,74.7685,1632857399999,169196.7764,363,39.5673,89606.7313,0
2021-09-28 19:30:00,2262.0,2264.0,2236.0,2249.0,61.8958,1632859199999,139193.7117,359,34.8307,78353.7358,0
2021-09-28 20:00:00,2249.0,2281.0,2248.0,2278.0,77.9462,1632860999999,176645.9802,585,52.8372,119630.4124,0
2021-09-28 20:30:00,2279.0,2287.0,2273.0,2280.0,61.4076,1632862799999,140086.2179,484,47.3128,107951.241,0
2021-09-28 21:00:00,2280.0,2292.0,2278.0,2290.0,77.6046,1632864599999,177352.7835,557,56.788999999999994,129820.5412,0
2021-09-28 21:30:00,2290.0,2298.0,2284.0,2296.0,21.7436,1632866399999,49811.2066,304,14.186,32511.8053,0
2021-09-28 22:00:00,2295.0,2296.0,2271.0,2271.0,31.3522,1632868199999,71529.8918,295,18.7054,42691.0455,0
2021-09-28 22:30:00,2270.0,2276.0,2260.0,2260.0,23.8043,1632869999999,54025.7004,186,13.9671,31724.3176,0
2021-09-28 23:00:00,2260.0,2269.0,2252.0,2262.0,45.8252,1632871799999,103637.6458,188,31.3963,71002.4117,0
2021-09-28 23:30:00,2262.0,2262.0,2213.0,2227.0,97.7944,1632873599999,218045.143,1069,35.586999999999996,79246.7629,0
2021-09-29 00:00:00,2227.0,2246.0,2206.0,2236.0,135.9426,1632875399999,302668.9852,1162,73.7006,164134.8746,0
2021-09-29 00:30:00,2236.0,2263.0,2232.0,2250.0,52.2272,1632877199999,117464.3689,478,25.8515,58146.3571,0
2021-09-29 01:00:00,2253.0,2277.0,2246.0,2270.0,43.1866,1632878999999,97989.359,339,22.8347,51795.1513,0
2021-09-29 01:30:00,2269.0,2269.0,2238.0,2256.0,48.0691,1632880799999,108055.5228,251,29.236,65748.1661,0
2021-09-29 02:00:00,2255.0,2278.0,2250.0,2277.0,22.949,1632882599999,51965.3067,220,14.1905,32147.0448,0
2021-09-29 02:30:00,2281.0,2283.0,2273.0,2276.0,19.9596,1632884399999,45456.5011,141,10.5862,24122.298,0
2021-09-29 03:00:00,2275.0,2278.0,2266.0,2277.0,13.7521,1632886199999,31223.3544,133,5.9016,13404.0327,0
2021-09-29 03:30:00,2279.0,2297.0,2276.0,2290.0,66.1032,1632887999999,151354.2,420,44.2281,101328.9678,0
2021-09-29 04:00:00,2295.0,2312.0,2290.0,2301.0,44.1111,1632889799999,101520.675,346,19.9364,45941.2468,0
2021-09-29 04:30:00,2301.0,2307.0,2290.0,2297.0,47.1911,1632891599999,108489.0821,276,9.7781,22513.8581,0
2021-09-29 05:00:00,2300.0,2303.0,2280.0,2289.0,38.5911,1632893399999,88456.63900000002,349,23.414,53685.8548,0
2021-09-29 05:30:00,2288.0,2301.0,2285.0,2298.0,45.1098,1632895199999,103460.9029,279,16.9464,38872.1515,0
2021-09-29 06:00:00,2299.0,2304.0,2291.0,2296.0,40.2843,1632896999999,92443.9773,257,27.3537,62748.1647,0
2021-09-29 06:30:00,2295.0,2315.0,2294.0,2314.0,100.9162,1632898799999,232302.0621,549,23.7674,54746.3491,0
2021-09-29 09:00:00,2311.0,2311.0,2257.0,2270.0,391.1515,1632907799999,886366.2094,2481,238.8189,540668.9739999999,0
2021-09-29 09:30:00,2270.0,2281.0,2264.0,2270.0,55.5039,1632909599999,126080.8579,584,34.0132,77299.6659,0
2021-09-29 10:00:00,2267.0,2297.0,2267.0,2289.0,57.1838,1632911399999,130717.6643,725,26.6518,60892.6233,0
2021-09-29 10:30:00,2289.0,2302.0,2277.0,2289.0,369.0033,1632913199999,843042.5624,1493,245.4595,560332.9723,0
2021-09-29 11:00:00,2290.0,2293.0,2275.0,2289.0,80.9077,1632914999999,184934.1889,683,46.5039,106301.0903,0
2021-09-29 11:30:00,2290.0,2296.0,2283.0,2291.0,48.268,1632916799999,110573.7447,426,36.8017,84331.0005,0
2021-09-29 12:00:00,2292.0,2313.0,2282.0,2287.0,93.8248,1632918599999,215629.1751,892,47.2679,108679.3738,0
2021-09-29 12:30:00,2287.0,2294.0,2254.0,2266.0,74.9806,1632920399999,170078.4441,553,29.1736,66145.3061,0
2021-09-29 13:00:00,2268.0,2286.0,2260.0,2262.0,74.1061,1632922199999,168501.7674,441,25.4036,57744.1101,0
2021-09-29 13:30:00,2264.0,2272.0,2251.0,2270.0,38.292,1632923999999,86516.0449,260,17.5719,39695.1512,0
2021-09-29 14:00:00,2267.0,2286.0,2267.0,2283.0,40.6369,1632925799999,92552.1337,266,23.0306,52459.6844,0
2021-09-29 14:30:00,2280.0,2282.0,2270.0,2279.0,25.6092,1632927599999,58296.3323,185,11.7493,26761.0042,0
2021-09-29 15:00:00,2281.0,2286.0,2270.0,2272.0,45.3834,1632929399999,103442.1811,273,19.5151,44488.2612,0
2021-09-29 15:30:00,2274.0,2274.0,2229.0,2238.0,116.079,1632931199999,260392.3242,677,55.3911,124193.8743,0
2021-09-29 16:00:00,2240.0,2256.0,2233.0,2255.0,148.9997,1632932999999,334481.9291,931,98.4713,221049.0323,0
2021-09-29 16:30:00,2255.0,2256.0,2238.0,2246.0,78.7505,1632934799999,176959.0458,615,53.2369,119651.5563,0
2021-09-29 17:00:00,2246.0,2266.0,2243.0,2257.0,63.2026,1632936599999,142402.8271,415,48.3265,108907.1762,0
2021-09-29 17:30:00,2257.0,2258.0,2230.0,2232.0,101.1858,1632938399999,226799.5482,712,24.2267,54306.4942,0
2021-09-29 18:00:00,2231.0,2243.0,2220.0,2231.0,51.7802,1632940199999,115594.4386,315,22.9879,51314.0503,0
2021-09-29 18:30:00,2229.0,2232.0,2210.0,2212.0,66.1215,1632941999999,146780.8028,842,35.2667,78302.2494,0
2021-09-29 19:00:00,2212.0,2218.0,2202.0,2205.0,88.56,1632943799999,195644.4252,1327,48.9743,108226.8312,0
2021-09-29 19:30:00,2206.0,2207.0,2192.0,2197.0,91.4887,1632945599999,201253.7374,1547,37.0453,81508.7424,0
2021-09-29 20:00:00,2195.0,2197.0,2175.0,2181.0,93.3092,1632947399999,204061.37300000002,1534,35.9781,78721.6968,0
2021-09-29 20:30:00,2182.0,2202.0,2178.0,2202.0,154.0792,1632949199999,336440.2015,1048,82.4227,179941.6204,0
2021-09-29 21:00:00,2201.0,2209.0,2190.0,2202.0,36.2818,1632950999999,79702.056,375,17.0364,37402.7017,0
2021-09-29 21:30:00,2202.0,2213.0,2201.0,2210.0,31.8783,1632952799999,70387.8898,249,15.9995,35309.2381,0
2021-09-29 22:00:00,2209.0,2214.0,2197.0,2202.0,27.7795,1632954599999,61110.2559,187,15.8866,34955.4805,0
2021-09-29 22:30:00,2200.0,2222.0,2200.0,2214.0,54.0874,1632956399999,119788.2022,245,26.78,59296.1811,0
2021-09-29 23:00:00,2214.0,2223.0,2213.0,2219.0,16.952,1632958199999,37616.7029,243,4.573,10148.4101,0
2021-09-29 23:30:00,2219.0,2232.0,2214.0,2228.0,27.9848,1632959999999,62262.5745,182,18.6847,41583.9313,0
2021-09-30 00:00:00,2231.0,2241.0,2215.0,2238.0,35.5077,1632961799999,79075.6204,291,20.087,44718.7758,0
2021-09-30 00:30:00,2239.0,2267.0,2233.0,2263.0,104.6656,1632963599999,235834.1145,653,80.4947,181365.22600000002,0
2021-09-30 01:00:00,2263.0,2285.0,2245.0,2282.0,194.1256,1632965399999,439855.328,1207,74.8796,169768.3701,0
2021-09-30 01:30:00,2285.0,2286.0,2272.0,2273.0,101.6238,1632967199999,231393.3088,577,61.6484,140395.0681,0
2021-09-30 02:00:00,2276.0,2280.0,2264.0,2274.0,56.0995,1632968999999,127434.3509,366,26.0931,59314.57700000001,0
2021-09-30 02:30:00,2276.0,2277.0,2262.0,2276.0,30.669,1632970799999,69546.7953,336,10.9197,24770.0927,0
2021-09-30 03:00:00,2277.0,2290.0,2270.0,2284.0,191.7775,1632972599999,437286.3508,952,79.8794,182212.0767,0
2021-09-30 03:30:00,2285.0,2311.0,2280.0,2306.0,72.4039,1632974399999,166171.1747,469,45.468999999999994,104394.6812,0
2021-09-30 04:00:00,2306.0,2315.0,2297.0,2301.0,45.2543,1632976199999,104378.3053,374,17.72,40898.3465,0
2021-09-30 04:30:00,2301.0,2306.0,2293.0,2293.0,25.6267,1632977999999,58906.46,294,6.3879,14685.5445,0
2021-09-30 05:00:00,2296.0,2302.0,2292.0,2292.0,36.9596,1632979799999,84914.2975,239,18.5873,42712.455,0
2021-09-30 05:30:00,2293.0,2304.0,2291.0,2298.0,60.65,1632981599999,139321.2807,537,24.5915,56500.0376,0
2021-09-30 06:00:00,2301.0,2305.0,2298.0,2304.0,29.2796,1632983399999,67387.9699,267,6.3102,14530.9823,0
2021-09-30 06:30:00,2304.0,2307.0,2291.0,2294.0,26.4755,1632985199999,60902.3267,262,9.367,21536.5084,0
2021-09-30 07:00:00,2294.0,2296.0,2267.0,2268.0,72.8764,1632986999999,166034.1813,367,22.2158,50657.9381,0
2021-09-30 07:30:00,2269.0,2279.0,2268.0,2270.0,23.6271,1632988799999,53732.8464,270,8.5627,19472.2597,0
2021-09-30 08:00:00,2272.0,2284.0,2243.0,2247.0,77.913,1632990599999,176211.6385,629,33.13,75078.3043,0
2021-09-30 08:30:00,2247.0,2254.0,2230.0,2248.0,55.5379,1632992399999,124523.3061,532,19.9249,44685.9497,0
2021-09-30 09:00:00,2248.0,2258.0,2248.0,2251.0,15.6538,1632994199999,35284.8645,208,5.5508,12517.791000000001,0
2021-09-30 09:30:00,2252.0,2258.0,2240.0,2255.0,19.5925,1632995999999,44061.0251,198,13.2672,29863.6122,0
2021-09-30 10:00:00,2255.0,2265.0,2250.0,2257.0,26.5898,1632997799999,60036.2134,307,10.7218,24199.0537,0
2021-09-30 10:30:00,2257.0,2257.0,2235.0,2236.0,43.3536,1632999599999,97393.774,331,12.6451,28416.2245,0
2021-09-30 11:00:00,2240.0,2256.0,2236.0,2247.0,46.2358,1633001399999,103832.2469,257,24.0502,54004.7832,0
2021-09-30 11:30:00,2248.0,2248.0,2236.0,2244.0,21.6726,1633003199999,48619.4665,174,10.4122,23365.5816,0
2021-09-30 12:00:00,2245.0,2259.0,2245.0,2255.0,41.0309,1633004999999,92549.2707,321,20.6619,46608.2594,0
2021-09-30 12:30:00,2256.0,2285.0,2256.0,2271.0,53.2575,1633006799999,120964.1988,404,20.178,45800.2565,0
2021-09-30 13:00:00,2271.0,2277.0,2260.0,2273.0,23.5058,1633008599999,53387.2546,182,8.6819,19716.0918,0
2021-09-30 13:30:00,2273.0,2277.0,2254.0,2257.0,45.2541,1633010399999,102376.5337,310,15.6605,35441.3235,0
2021-09-30 14:00:00,2256.0,2264.0,2245.0,2261.0,31.2074,1633012199999,70338.5966,211,11.4016,25718.9287,0
2021-09-30 14:30:00,2262.0,2269.0,2254.0,2266.0,60.0301,1633013999999,135818.3927,330,35.4074,80133.9843,0
2021-09-30 15:00:00,2265.0,2290.0,2261.0,2287.0,28.3312,1633015799999,64592.7157,278,22.1729,50553.2783,0
2021-09-30 15:30:00,2287.0,2287.0,2262.0,2272.0,30.5139,1633017599999,69457.3284,246,21.1127,48075.922999999995,0
2021-09-30 16:00:00,2271.0,2274.0,2251.0,2251.0,65.2747,1633019399999,147457.525,342,24.209,54758.2122,0
2021-09-30 16:30:00,2250.0,2267.0,2247.0,2266.0,32.6917,1633021199999,73892.2245,310,19.4429,43981.9239,0
2021-09-30 17:00:00,2267.0,2279.0,2262.0,2262.0,19.5751,1633022999999,44441.3823,170,9.4915,21548.9101,0
2021-09-30 17:30:00,2262.0,2274.0,2257.0,2274.0,17.2187,1633024799999,39017.9674,106,9.1172,20655.6726,0
2021-09-30 18:00:00,2270.0,2280.0,2265.0,2278.0,25.48,1633026599999,57937.068,197,13.9053,31618.7039,0
2021-09-30 18:30:00,2279.0,2302.0,2276.0,2300.0,66.0287,1633028399999,151228.69400000002,455,36.9883,84634.149,0
2021-09-30 19:00:00,2301.0,2305.0,2288.0,2288.0,69.3856,1633030199999,159209.7687,357,25.4085,58342.7795,0
2021-09-30 19:30:00,2287.0,2295.0,2275.0,2277.0,30.5533,1633031999999,69874.1121,230,18.4246,42172.1336,0
2021-09-30 20:00:00,2278.0,2283.0,2267.0,2267.0,25.7322,1633033799999,58512.8264,271,11.1242,25314.5493,0
2021-09-30 20:30:00,2266.0,2266.0,2235.0,2244.0,135.0186,1633035599999,303363.251,858,65.1282,146284.9701,0
2021-09-30 21:00:00,2244.0,2248.0,2242.0,2247.0,46.3561,1633037399999,104108.8725,321,32.171,72250.2937,0
2021-09-30 21:30:00,2247.0,2262.0,2246.0,2260.0,54.7004,1633039199999,123310.819,412,42.9637,96873.3922,0
2021-09-30 22:00:00,2260.0,2264.0,2253.0,2264.0,41.3508,1633040999999,93453.8477,322,27.3171,61753.9854,0
2021-09-30 22:30:00,2264.0,2287.0,2259.0,2286.0,74.6878,1633042799999,169747.1413,456,54.1352,123031.4521,0
2021-09-30 23:00:00,2285.0,2287.0,2269.0,2277.0,59.3856,1633044599999,135398.7848,292,21.3184,48615.957,0
2021-09-30 23:30:00,2276.0,2292.0,2276.0,2288.0,104.5097,1633046399999,238736.3101,520,21.5838,49314.7862,0
2021-10-01 00:00:00,2289.0,2304.0,2278.0,2303.0,58.0441,1633048199999,133101.7355,374,28.6273,65700.3028,0
2021-10-01 00:30:00,2305.0,2311.0,2280.0,2283.0,83.5691,1633049999999,192046.1953,509,37.1234,85403.9622,0
2021-10-01 01:00:00,2281.0,2285.0,2267.0,2280.0,53.2001,1633051799999,120957.0765,328,15.8787,36146.5494,0
2021-10-01 01:30:00,2282.0,2299.0,2279.0,2297.0,73.5005,1633053599999,168563.4118,337,57.6692,132263.9215,0
2021-10-01 02:00:00,2297.0,2310.0,2289.0,2290.0,83.3511,1633055399999,191779.1916,369,36.8321,84866.7889,0
2021-10-01 02:30:00,2288.0,2292.0,2267.0,2269.0,66.5965,1633057199999,151655.7091,342,22.5702,51474.0573,0
2021-10-01 03:00:00,2269.0,2280.0,2269.0,2273.0,31.1328,1633058999999,70754.8613,166,8.6318,19629.4142,0
2021-10-01 03:30:00,2273.0,2283.0,2268.0,2278.0,42.4695,1633060799999,96723.8352,244,28.8486,65718.3672,0
2021-10-01 04:00:00,2281.0,2298.0,2280.0,2294.0,47.4531,1633062599999,108750.1879,459,32.0755,73559.372,0
2021-10-01 04:30:00,2294.0,2295.0,2278.0,2287.0,35.4718,1633064399999,81067.645,225,12.8309,29320.6494,0
2021-10-01 05:00:00,2288.0,2301.0,2282.0,2298.0,34.9931,1633066199999,80245.6408,340,18.4145,42244.3083,0
2021-10-01 05:30:00,2297.0,2307.0,2293.0,2296.0,72.0078,1633067999999,165639.255,438,24.5316,56404.8706,0
2021-10-01 06:00:00,2296.0,2304.0,2290.0,2295.0,29.9293,1633069799999,68750.604,240,15.3588,35274.7684,0
2021-10-01 06:30:00,2293.0,2301.0,2293.0,2297.0,33.4008,1633071599999,76707.51400000001,172,15.744000000000002,36177.601,0
2021-10-01 07:00:00,2298.0,2327.0,2291.0,2324.0,114.3338,1633073399999,264315.2614,795,68.1935,157689.2755,0
2021-10-01 07:30:00,2323.0,2374.0,2320.0,2360.0,211.7746,1633075199999,497056.6868,1524,120.3403,282623.6756,0
2021-10-01 08:00:00,2360.0,2368.0,2348.0,2363.0,149.8478,1633076999999,353517.8852,962,72.1861,170279.9629,0
2021-10-01 08:30:00,2364.0,2395.0,2364.0,2383.0,203.2086,1633078799999,483862.1028,1370,120.2501,286348.7972,0
2021-10-01 09:00:00,2383.0,2385.0,2367.0,2373.0,55.701,1633080599999,132262.3081,453,11.485999999999999,27280.6455,0
2021-10-01 09:30:00,2373.0,2386.0,2373.0,2374.0,60.6825,1633082399999,144355.8027,455,18.2565,43437.0491,0
2021-10-01 10:00:00,2376.0,2419.0,2366.0,2419.0,164.3306,1633084199999,392893.6999,1088,99.8208,238778.2074,0
2021-10-01 10:30:00,2419.0,2453.0,2408.0,2424.0,266.9515,1633085999999,648147.833,2529,109.54,266081.7899,0
2021-10-01 11:00:00,2424.0,2445.0,2418.0,2440.0,166.8822,1633087799999,405899.5575,1224,62.5202,152022.396,0
2021-10-01 11:30:00,2439.0,2455.0,2430.0,2448.0,114.2304,1633089599999,279222.8518,720,46.5156,113754.9065,0
2021-10-01 12:00:00,2449.0,2471.0,2447.0,2462.0,140.9789,1633091399999,346737.5298,946,62.5767,153894.4297,0
2021-10-01 12:30:00,2464.0,2464.0,2416.0,2422.0,190.6262,1633093199999,463521.99,1389,57.121,138833.3764,0
2021-10-01 13:00:00,2421.0,2444.0,2421.0,2438.0,101.5398,1633094999999,247062.109,489,32.4499,78953.9066,0
2021-10-01 13:30:00,2439.0,2441.0,2414.0,2416.0,90.0554,1633096799999,218755.9714,553,33.0705,80350.5124,0
2021-10-01 14:00:00,2416.0,2438.0,2371.0,2373.0,627.0087,1633098599999,1501907.614,4065,207.7767,498102.3107,0
2021-10-01 14:30:00,2373.0,2382.0,2346.0,2355.0,328.3407,1633100399999,775224.4796,2573,104.6311,247157.3903,0
2021-10-01 15:00:00,2356.0,2380.0,2355.0,2373.0,165.0902,1633102199999,391146.2253,1208,83.3269,197611.4506,0
2021-10-01 15:30:00,2373.0,2396.0,2371.0,2391.0,205.6077,1633103999999,490055.2698,1224,135.5831,323211.4919,0
2021-10-01 16:00:00,2391.0,2415.0,2387.0,2398.0,149.226,1633105799999,357733.1966,1211,80.9908,194099.315,0
2021-10-01 16:30:00,2397.0,2404.0,2387.0,2404.0,168.3178,1633107599999,402860.4004,816,106.5611,255014.2508,0
2021-10-01 17:00:00,2405.0,2406.0,2387.0,2392.0,88.3928,1633109399999,211844.1267,566,45.0147,107936.2853,0
2021-10-01 17:30:00,2391.0,2404.0,2390.0,2400.0,42.4387,1633111199999,101767.6485,337,26.0099,62396.4965,0
2021-10-01 18:00:00,2401.0,2412.0,2390.0,2409.0,85.1365,1633112999999,204229.8896,563,58.2349,139690.5288,0
2021-10-01 18:30:00,2407.0,2415.0,2401.0,2408.0,89.8424,1633114799999,216330.1999,524,52.0435,125351.2745,0
2021-10-01 19:00:00,2408.0,2434.0,2406.0,2428.0,91.8534,1633116599999,222793.8538,679,55.3034,134145.1398,0
2021-10-01 19:30:00,2430.0,2443.0,2427.0,2442.0,102.6556,1633118399999,249676.3224,495,49.8397,121222.7691,0
2021-10-01 20:00:00,2442.0,2443.0,2408.0,2414.0,74.8119,1633120199999,181472.6506,557,35.7155,86636.80699999999,0
2021-10-01 20:30:00,2414.0,2430.0,2414.0,2428.0,35.6735,1633121999999,86374.9525,275,14.4909,35077.922,0
2021-10-01 21:00:00,2426.0,2447.0,2420.0,2442.0,47.5283,1633123799999,115703.9981,334,19.9082,48504.5112,0
2021-10-01 21:30:00,2444.0,2444.0,2430.0,2443.0,36.339,1633125599999,88561.6336,249,16.4106,39999.3371,0
2021-10-01 22:00:00,2439.0,2454.0,2434.0,2438.0,75.2933,1633127399999,184224.277,476,52.3578,128144.6002,0
2021-10-01 22:30:00,2438.0,2442.0,2404.0,2414.0,57.7228,1633129199999,139559.2257,369,18.3974,44465.7431,0
2021-10-01 23:00:00,2415.0,2431.0,2408.0,2428.0,10.279000000000002,1633130999999,24882.0168,110,5.0416,12215.7205,0
2021-10-01 23:30:00,2428.0,2444.0,2424.0,2443.0,22.9732,1633132799999,55850.3541,166,7.112,17305.5494,0
2021-10-02 00:00:00,2444.0,2444.0,2403.0,2439.0,29.1075,1633134599999,70710.9335,304,9.7529,23676.581000000002,0
2021-10-02 00:30:00,2438.0,2439.0,2415.0,2427.0,43.2889,1633136399999,104967.1133,359,21.5779,52305.4213,0
2021-10-02 01:00:00,2426.0,2472.0,2419.0,2440.0,111.9943,1633138199999,274516.2415,1075,79.4991,194735.3542,0
2021-10-02 01:30:00,2438.0,2442.0,2417.0,2420.0,35.1416,1633139999999,85333.1737,368,11.4103,27728.1639,0
2021-10-02 02:00:00,2422.0,2429.0,2412.0,2423.0,45.7869,1633141799999,110822.2478,305,17.772000000000006,43019.7478,0
2021-10-02 02:30:00,2423.0,2434.0,2417.0,2420.0,16.8749,1633143599999,40883.9265,182,8.6989,21084.2663,0
2021-10-02 03:00:00,2418.0,2420.0,2396.0,2400.0,47.1297,1633145399999,113707.2294,303,14.0993,34038.0393,0
2021-10-02 03:30:00,2401.0,2408.0,2391.0,2396.0,28.6987,1633147199999,68788.0703,265,12.492,29945.9599,0
2021-10-02 04:00:00,2395.0,2406.0,2393.0,2396.0,26.1728,1633148999999,62820.9913,175,8.582,20613.0717,0
2021-10-02 04:30:00,2394.0,2396.0,2387.0,2395.0,53.8056,1633150799999,128681.7653,363,26.2016,62664.6072,0
2021-10-02 05:00:00,2395.0,2418.0,2393.0,2414.0,28.7134,1633152599999,68989.2668,217,16.8153,40392.2008,0
2021-10-02 05:30:00,2415.0,2436.0,2415.0,2420.0,66.1173,1633154399999,160375.1879,486,50.5449,122592.0763,0
2021-10-02 06:00:00,2421.0,2422.0,2409.0,2418.0,35.0016,1633156199999,84528.2947,265,13.728,33142.936,0
2021-10-02 06:30:00,2419.0,2430.0,2416.0,2429.0,26.0336,1633157999999,63084.7929,184,17.819000000000006,43173.4487,0
2021-10-02 07:00:00,2429.0,2431.0,2417.0,2427.0,16.1474,1633159799999,39141.1343,151,3.4349,8324.8716,0
2021-10-02 07:30:00,2429.0,2435.0,2419.0,2428.0,26.4618,1633161599999,64292.3996,209,11.5819,28159.2224,0
2021-10-02 08:00:00,2427.0,2434.0,2413.0,2416.0,24.2948,1633163399999,58938.5907,326,12.8063,31085.3443,0
2021-10-02 08:30:00,2416.0,2431.0,2407.0,2428.0,53.8725,1633165199999,130323.6539,342,33.1991,80377.6266,0
2021-10-02 09:00:00,2430.0,2444.0,2428.0,2443.0,54.0077,1633166999999,131550.5409,424,24.8066,60436.2655,0
2021-10-02 09:30:00,2442.0,2446.0,2431.0,2445.0,43.7229,1633168799999,106708.4112,396,23.4885,57332.519,0
2021-10-02 10:00:00,2445.0,2452.0,2427.0,2440.0,62.5158,1633170599999,152556.75,668,22.733,55513.3137,0
2021-10-02 10:30:00,2441.0,2442.0,2430.0,2433.0,47.7606,1633172399999,116364.778,494,13.7736,33574.7607,0
2021-10-02 11:00:00,2434.0,2445.0,2422.0,2439.0,106.0711,1633174199999,258181.88,918,64.3373,156659.1362,0
2021-10-02 11:30:00,2438.0,2457.0,2436.0,2455.0,64.6689,1633175999999,158389.2678,689,29.0083,71050.5785,0
2021-10-02 12:00:00,2454.0,2500.0,2453.0,2471.0,366.3112,1633177799999,907786.1774,2622,193.8376,480277.9778,0
2021-10-02 12:30:00,2470.0,2474.0,2457.0,2458.0,84.9897,1633179599999,209340.4776,520,52.7698,129972.8743,0
2021-10-02 13:00:00,2460.0,2474.0,2458.0,2466.0,49.76,1633181399999,122662.9528,377,27.7933,68505.9626,0
2021-10-02 13:30:00,2464.0,2499.0,2458.0,2468.0,98.8174,1633183199999,244668.5036,746,39.2265,97173.1128,0
2021-10-02 14:00:00,2471.0,2498.0,2466.0,2476.0,119.84200000000001,1633184999999,297786.77,636,55.2912,137546.3223,0
2021-10-02 14:30:00,2477.0,2503.0,2473.0,2500.0,80.4492,1633186799999,200459.0321,541,41.3405,103103.4379,0
2021-10-02 15:00:00,2500.0,2507.0,2486.0,2499.0,71.0241,1633188599999,177375.7031,750,33.5616,83858.6206,0
2021-10-02 15:30:00,2498.0,2521.0,2497.0,2512.0,105.6808,1633190399999,265489.5057,859,45.1852,113505.5992,0
2021-10-02 16:00:00,2512.0,2519.0,2489.0,2508.0,147.8339,1633192199999,370139.9952,940,57.0135,142835.1647,0
2021-10-02 16:30:00,2510.0,2525.0,2509.0,2524.0,74.6033,1633193999999,187941.40600000002,603,45.6838,115078.1914,0
2021-10-02 17:00:00,2525.0,2543.0,2520.0,2540.0,116.4606,1633195799999,294867.2013,905,74.6909,189150.8725,0
2021-10-02 17:30:00,2536.0,2545.0,2527.0,2537.0,98.1842,1633197599999,249128.3203,548,46.7003,118495.597,0
2021-10-02 18:00:00,2536.0,2540.0,2521.0,2531.0,40.121,1633199399999,101511.0908,393,20.2337,51203.1739,0
2021-10-02 18:30:00,2531.0,2533.0,2514.0,2527.0,84.8939,1633201199999,214124.5876,456,54.76300000000001,138167.6754,0
2021-10-02 19:00:00,2527.0,2545.0,2526.0,2532.0,46.0413,1633202999999,116711.7373,553,20.573,52187.7737,0
2021-10-02 19:30:00,2532.0,2550.0,2517.0,2547.0,114.93,1633204799999,291107.2643,1078,45.4378,115096.1257,0
2021-10-02 20:00:00,2550.0,2550.0,2521.0,2523.0,44.5401,1633206599999,112899.5902,324,19.0609,48289.6624,0
2021-10-02 20:30:00,2525.0,2537.0,2519.0,2529.0,52.2699,1633208399999,132222.3574,384,23.8597,60361.6103,0
2021-10-02 21:00:00,2532.0,2547.0,2532.0,2533.0,29.4715,1633210199999,74826.1314,195,12.9573,32904.5632,0
2021-10-02 21:30:00,2533.0,2560.0,2528.0,2551.0,133.1199,1633211999999,339391.541,790,75.7739,193088.7563,0
2021-10-02 22:00:00,2551.0,2559.0,2530.0,2536.0,94.2807,1633213799999,240345.236,489,40.7673,103908.2374,0
2021-10-02 22:30:00,2536.0,2539.0,2510.0,2513.0,39.1151,1633215599999,98708.9112,328,22.8834,57781.2374,0
2021-10-02 23:00:00,2514.0,2526.0,2462.0,2465.0,121.0743,1633217399999,302391.4651,841,44.6488,111561.9876,0
2021-10-02 23:30:00,2471.0,2491.0,2461.0,2480.0,115.2994,1633219199999,285432.7486,1145,53.1059,131520.7854,0
2021-10-03 00:00:00,2479.0,2501.0,2479.0,2493.0,88.1264,1633220999999,219119.6641,551,55.0566,136802.9336,0
2021-10-03 00:30:00,2492.0,2495.0,2429.0,2457.0,150.403,1633222799999,369308.5329,1205,57.1373,140266.6564,0
2021-10-03 01:00:00,2455.0,2474.0,2445.0,2463.0,52.986999999999995,1633224599999,130264.2745,358,24.6393,60590.6941,0
2021-10-03 01:30:00,2463.0,2482.0,2458.0,2474.0,37.806999999999995,1633226399999,93486.7515,242,13.5601,33530.5474,0
2021-10-03 02:00:00,2472.0,2510.0,2469.0,2506.0,68.9627,1633228199999,172037.0932,488,41.7859,104254.0277,0
2021-10-03 02:30:00,2506.0,2508.0,2485.0,2490.0,31.051,1633229999999,77528.9071,447,8.7536,21846.0187,0
2021-10-03 03:00:00,2489.0,2491.0,2480.0,2483.0,8.8535,1633231799999,22006.7365,111,3.2681,8124.1268,0
2021-10-03 03:30:00,2485.0,2508.0,2484.0,2505.0,17.9051,1633233599999,44627.1069,213,11.7703,29339.279,0
2021-10-03 04:00:00,2506.0,2508.0,2493.0,2505.0,17.0436,1633235399999,42636.2586,214,7.4328,18607.4704,0
2021-10-03 04:30:00,2506.0,2509.0,2493.0,2500.0,20.8407,1633237199999,52064.6273,268,11.005,27481.6077,0
2021-10-03 05:00:00,2500.0,2511.0,2497.0,2502.0,26.7976,1633238999999,67094.0537,316,17.942,44933.6687,0
2021-10-03 05:30:00,2501.0,2510.0,2499.0,2500.0,20.2329,1633240799999,50681.0478,287,10.7225,26868.2661,0
2021-10-03 06:00:00,2499.0,2505.0,2488.0,2505.0,24.3797,1633242599999,60803.4017,269,11.3244,28257.6699,0
2021-10-03 06:30:00,2503.0,2512.0,2501.0,2508.0,28.7277,1633244399999,72017.3732,287,22.2187,55714.1276,0
2021-10-03 07:00:00,2507.0,2509.0,2492.0,2495.0,36.8277,1633246199999,92048.8645,305,11.8668,29654.4946,0
2021-10-03 07:30:00,2495.0,2504.0,2492.0,2498.0,19.6038,1633247999999,48958.6405,294,13.6786,34167.2568,0
2021-10-03 08:00:00,2499.0,2527.0,2496.0,2527.0,53.7255,1633249799999,134938.9315,485,39.8438,100088.3833,0
2021-10-03 08:30:00,2525.0,2538.0,2507.0,2507.0,75.8577,1633251599999,191536.7165,703,36.8597,92990.3438,0
2021-10-03 09:00:00,2507.0,2508.0,2477.0,2488.0,81.9563,1633253399999,204001.6387,770,32.568000000000005,81090.4986,0
2021-10-03 09:30:00,2490.0,2509.0,2485.0,2498.0,42.2871,1633255199999,105603.6065,330,22.5665,56392.1062,0
2021-10-03 10:00:00,2497.0,2522.0,2484.0,2521.0,42.8361,1633256999999,107328.9238,485,15.2717,38298.6408,0
2021-10-03 10:30:00,2521.0,2521.0,2493.0,2502.0,30.2855,1633258799999,75975.2206,369,11.5727,29038.1145,0
2021-10-03 11:00:00,2502.0,2527.0,2499.0,2523.0,36.5954,1633260599999,92066.9945,300,11.6888,29379.4648,0
2021-10-03 11:30:00,2521.0,2524.0,2514.0,2523.0,9.3864,1633262399999,23636.7249,129,4.5504,11461.5926,0
2021-10-03 12:00:00,2524.0,2532.0,2503.0,2511.0,36.8394,1633264199999,92796.9375,324,18.3982,46332.9732,0
2021-10-03 12:30:00,2513.0,2537.0,2513.0,2530.0,38.8852,1633265999999,98207.7761,269,22.1727,55959.3779,0
2021-10-03 13:00:00,2530.0,2560.0,2512.0,2551.0,117.3939,1633267799999,298234.5908,930,70.9613,180156.4959,0
2021-10-03 13:30:00,2552.0,2562.0,2540.0,2557.0,73.1469,1633269599999,186738.8557,460,33.9859,86792.7397,0
2021-10-03 14:00:00,2557.0,2573.0,2545.0,2552.0,73.3384,1633271399999,187749.2961,758,39.9891,102414.0275,0
2021-10-03 14:30:00,2552.0,2555.0,2540.0,2544.0,39.4267,1633273199999,100407.0569,259,10.163,25869.9863,0
2021-10-03 15:00:00,2545.0,2555.0,2530.0,2537.0,51.6205,1633274999999,131311.4917,350,29.4833,74984.5947,0
2021-10-03 15:30:00,2539.0,2541.0,2516.0,2525.0,63.2714,1633276799999,159863.1235,404,23.7091,59881.4013,0
2021-10-03 16:00:00,2526.0,2536.0,2520.0,2534.0,26.8897,1633278599999,68009.545,237,14.0427,35528.2085,0
2021-10-03 16:30:00,2534.0,2555.0,2528.0,2549.0,87.8796,1633280399999,223326.9059,543,55.7977,141769.6679,0
2021-10-03 17:00:00,2552.0,2555.0,2543.0,2549.0,38.4333,1633282199999,98050.2002,297,15.9857,40800.1099,0
2021-10-03 17:30:00,2549.0,2585.0,2526.0,2558.0,140.5775,1633283999999,359850.0909,1257,68.7865,176123.9676,0
2021-10-03 18:00:00,2562.0,2590.0,2553.0,2584.0,121.1199,1633285799999,311479.9612,829,59.7262,153603.8522,0
2021-10-03 18:30:00,2589.0,2600.0,2581.0,2590.0,103.0101,1633287599999,267033.9819,824,71.9083,186455.4806,0
2021-10-03 19:00:00,2590.0,2603.0,2580.0,2593.0,53.1905,1633289399999,138002.5831,489,22.8857,59374.0501,0
2021-10-03 19:30:00,2593.0,2604.0,2585.0,2594.0,48.2346,1633291199999,125226.8994,348,26.3193,68335.5991,0
2021-10-03 20:00:00,2594.0,2619.0,2567.0,2568.0,143.0339,1633292999999,371023.5118,1085,85.2001,221339.3175,0
2021-10-03 20:30:00,2566.0,2570.0,2547.0,2549.0,78.7148,1633294799999,201595.1837,569,39.7317,101733.0106,0
2021-10-03 21:00:00,2547.0,2554.0,2507.0,2522.0,109.9064,1633296599999,278130.169,1024,22.6717,57379.5882,0
2021-10-03 21:30:00,2521.0,2524.0,2498.0,2512.0,75.4248,1633298399999,189458.4545,687,37.858000000000004,95155.9581,0
2021-10-03 22:00:00,2512.0,2535.0,2511.0,2534.0,38.0568,1633300199999,96138.3223,310,23.9771,60596.2796,0
2021-10-03 22:30:00,2535.0,2541.0,2525.0,2528.0,22.2857,1633301999999,56471.9429,166,6.3371,16053.4185,0
2021-10-03 23:00:00,2530.0,2544.0,2517.0,2536.0,25.1053,1633303799999,63530.0624,263,14.1388,35710.6729,0
2021-10-03 23:30:00,2533.0,2544.0,2532.0,2540.0,24.8514,1633305599999,63095.67,200,7.318,18578.2003,0
2021-10-04 00:00:00,2542.0,2544.0,2526.0,2531.0,20.8376,1633307399999,52875.847,168,8.5526,21713.3597,0
2021-10-04 00:30:00,2533.0,2533.0,2501.0,2504.0,27.2587,1633309199999,68463.3822,224,9.1508,22960.0492,0
2021-10-04 01:00:00,2501.0,2525.0,2483.0,2519.0,63.6033,1633310999999,159284.9279,572,35.5952,89121.6334,0
2021-10-04 01:30:00,2516.0,2524.0,2501.0,2501.0,43.0373,1633312799999,108024.8968,246,18.1095,45467.6466,0
2021-10-04 02:00:00,2500.0,2505.0,2466.0,2470.0,97.6173,1633314599999,242320.9235,772,37.9334,94248.9735,0
2021-10-04 02:30:00,2469.0,2501.0,2466.0,2479.0,85.63799999999998,1633316399999,213060.2721,574,59.5408,148175.9135,0
2021-10-04 03:00:00,2477.0,2478.0,2452.0,2469.0,65.7325,1633318199999,162001.1386,505,36.6619,90398.513,0
2021-10-04 03:30:00,2474.0,2482.0,2453.0,2455.0,30.7534,1633319999999,75990.87,272,17.5653,43450.2236,0
2021-10-04 04:00:00,2454.0,2468.0,2429.0,2463.0,98.3298,1633321799999,240692.5935,837,26.772,65594.0624,0
2021-10-04 04:30:00,2462.0,2479.0,2460.0,2473.0,34.8461,1633323599999,86152.0206,289,22.7484,56243.4194,0
2021-10-04 05:00:00,2474.0,2479.0,2469.0,2473.0,44.184,1633325399999,109366.8347,280,18.9174,46843.5863,0
2021-10-04 05:30:00,2474.0,2474.0,2464.0,2467.0,14.5678,1633327199999,35980.7223,139,8.4943,20982.4891,0
2021-10-04 06:00:00,2467.0,2468.0,2449.0,2451.0,47.655,1633328999999,117039.89300000001,491,7.3792,18130.9224,0
2021-10-04 06:30:00,2451.0,2474.0,2450.0,2459.0,54.1744,1633330799999,133463.4211,499,19.343,47647.8002,0
2021-10-04 07:00:00,2459.0,2467.0,2445.0,2464.0,29.5123,1633332599999,72443.5724,346,12.046,29591.3377,0
2021-10-04 07:30:00,2464.0,2481.0,2451.0,2479.0,55.7206,1633334399999,137391.8208,411,35.9581,88759.284,0
2021-10-04 08:00:00,2480.0,2481.0,2456.0,2456.0,36.9282,1633336199999,91166.8883,381,17.4468,43065.7502,0
2021-10-04 08:30:00,2456.0,2458.0,2439.0,2448.0,70.9623,1633337999999,173619.1467,754,27.6535,67684.0155,0
2021-10-04 09:00:00,2448.0,2455.0,2433.0,2448.0,68.5761,1633339799999,167498.6539,429,30.573,74730.3644,0
2021-10-04 09:30:00,2449.0,2459.0,2439.0,2459.0,17.7219,1633341599999,43368.0317,220,6.9416,16988.7395,0
2021-10-04 10:00:00,2458.0,2466.0,2428.0,2450.0,80.3722,1633343399999,196306.3998,525,33.2791,81390.1825,0
2021-10-04 10:30:00,2449.0,2451.0,2432.0,2446.0,46.9752,1633345199999,114578.6041,320,20.7317,50548.7114,0
2021-10-04 11:00:00,2447.0,2448.0,2422.0,2423.0,60.2103,1633346999999,146496.264,510,17.5475,42691.0256,0
2021-10-04 11:30:00,2423.0,2449.0,2417.0,2442.0,30.002,1633348799999,72987.4078,344,15.3791,37434.506,0
2021-10-04 12:00:00,2440.0,2471.0,2425.0,2464.0,130.0722,1633350599999,319572.0902,893,93.7925,230400.8801,0
2021-10-04 12:30:00,2464.0,2477.0,2452.0,2468.0,36.872,1633352399999,90876.6351,376,20.2424,49892.1833,0
2021-10-04 13:00:00,2467.0,2477.0,2464.0,2475.0,50.0533,1633354199999,123771.8459,561,29.0708,71904.4507,0
2021-10-04 13:30:00,2474.0,2488.0,2471.0,2488.0,40.876,1633355999999,101388.6231,367,17.078,42365.288,0
2021-10-04 14:00:00,2489.0,2516.0,2483.0,2507.0,70.3294,1633357799999,176152.3932,618,40.6241,101790.0339,0
2021-10-04 14:30:00,2507.0,2510.0,2408.0,2431.0,164.864,1633359599999,403200.0463,1374,71.9083,175904.638,0
2021-10-04 15:00:00,2429.0,2429.0,2367.0,2409.0,277.2764,1633361399999,664630.7827,2413,117.0738,280928.625,0
2021-10-04 15:30:00,2410.0,2436.0,2409.0,2434.0,36.6192,1633363199999,88691.8972,482,22.4901,54466.0004,0
2021-10-04 16:00:00,2435.0,2485.0,2429.0,2467.0,64.0823,1633364999999,157828.802,563,35.9925,88657.849,0
2021-10-04 16:30:00,2465.0,2476.0,2449.0,2454.0,35.5577,1633366799999,87439.4982,255,18.1285,44592.2671,0
2021-10-04 17:00:00,2455.0,2464.0,2432.0,2446.0,65.3825,1633368599999,159926.1249,387,40.4883,98996.2649,0
2021-10-04 17:30:00,2446.0,2487.0,2446.0,2474.0,34.2038,1633370399999,84425.5082,347,20.4241,50392.4961,0
2021-10-04 18:00:00,2479.0,2491.0,2464.0,2479.0,68.3863,1633372199999,169554.5499,464,35.0905,86982.6643,0
2021-10-04 18:30:00,2481.0,2488.0,2479.0,2481.0,28.0853,1633373999999,69745.7845,277,15.9916,39717.3363,0
2021-10-04 19:00:00,2482.0,2489.0,2470.0,2472.0,62.2441,1633375799999,154276.3462,336,32.4877,80558.2766,0
2021-10-04 19:30:00,2474.0,2488.0,2473.0,2481.0,48.9766,1633377599999,121426.8201,503,20.2432,50142.5111,0
2021-10-04 20:00:00,2483.0,2497.0,2469.0,2483.0,107.3842,1633379399999,266585.9092,822,66.3157,164563.8763,0
2021-10-04 20:30:00,2484.0,2484.0,2471.0,2476.0,28.7815,1633381199999,71307.8842,259,15.5513,38536.9318,0
2021-10-04 21:00:00,2475.0,2482.0,2460.0,2460.0,23.4194,1633382999999,57733.462999999996,212,10.434000000000001,25736.1825,0
2021-10-04 21:30:00,2462.0,2465.0,2445.0,2464.0,43.1725,1633384799999,105947.0715,325,14.1538,34743.6679,0
2021-10-04 22:00:00,2464.0,2489.0,2464.0,2489.0,43.4254,1633386599999,107505.3094,561,12.0095,29720.2598,0
2021-10-04 22:30:00,2490.0,2543.0,2484.0,2488.0,162.3572,1633388399999,407160.1628,1476,98.4176,246913.4651,0
2021-10-04 23:00:00,2486.0,2532.0,2486.0,2531.0,67.1179,1633390199999,168844.2304,609,12.7315,31931.2676,0
2021-10-04 23:30:00,2531.0,2555.0,2526.0,2546.0,107.1948,1633391999999,272566.2133,848,37.7759,96058.0391,0
2021-10-05 00:00:00,2549.0,2558.0,2525.0,2525.0,57.2343,1633393799999,145538.8683,482,25.1546,63953.3643,0
2021-10-05 00:30:00,2525.0,2553.0,2516.0,2541.0,64.0624,1633395599999,162348.5787,407,32.3338,81953.9109,0
2021-10-05 01:00:00,2542.0,2549.0,2534.0,2534.0,27.8267,1633397399999,70737.1454,310,9.6199,24462.4489,0
2021-10-05 01:30:00,2536.0,2536.0,2507.0,2525.0,137.0186,1633399199999,345225.9151,683,69.3118,174607.9715,0
2021-10-05 02:00:00,2527.0,2534.0,2507.0,2515.0,24.7695,1633400999999,62391.8621,252,8.3807,21078.4534,0
2021-10-05 02:30:00,2515.0,2518.0,2506.0,2513.0,22.9408,1633402799999,57608.1245,273,9.5252,23923.1289,0
2021-10-05 03:00:00,2512.0,2521.0,2509.0,2519.0,18.0057,1633404599999,45302.9109,175,8.171,20565.613999999998,0
2021-10-05 03:30:00,2519.0,2541.0,2507.0,2538.0,79.4995,1633406399999,200949.6655,556,38.6714,97776.5859,0
2021-10-05 04:00:00,2539.0,2574.0,2534.0,2558.0,200.2412,1633408199999,511334.0736,1412,125.0465,319425.0056,0
2021-10-05 04:30:00,2558.0,2580.0,2551.0,2560.0,107.6474,1633409999999,276311.8568,1122,49.6158,127327.7269,0
2021-10-05 05:00:00,2559.0,2583.0,2553.0,2574.0,71.817,1633411799999,184786.2897,499,28.2466,72652.5998,0
2021-10-05 05:30:00,2576.0,2579.0,2565.0,2565.0,79.9372,1633413599999,205466.9342,732,28.4312,73096.4061,0
2021-10-05 06:00:00,2565.0,2571.0,2551.0,2563.0,52.9007,1633415399999,135453.7902,561,14.5566,37286.4166,0
2021-10-05 06:30:00,2560.0,2564.0,2547.0,2547.0,91.2043,1633417199999,232855.0261,431,27.0805,69176.6876,0
2021-10-05 07:00:00,2550.0,2558.0,2546.0,2552.0,52.635,1633418999999,134350.5122,577,26.1039,66652.5384,0
2021-10-05 07:30:00,2554.0,2561.0,2548.0,2552.0,41.5573,1633420799999,106118.0337,396,12.1017,30908.6379,0
2021-10-05 08:00:00,2554.0,2557.0,2547.0,2554.0,21.5915,1633422599999,55113.5613,488,12.2498,31276.2547,0
2021-10-05 08:30:00,2552.0,2567.0,2551.0,2563.0,26.1985,1633424399999,67002.0293,376,8.9351,22861.2034,0
2021-10-05 09:00:00,2564.0,2566.0,2527.0,2544.0,45.9736,1633426199999,117041.1581,588,13.0562,33245.7976,0
2021-10-05 09:30:00,2543.0,2576.0,2538.0,2574.0,74.8679,1633427999999,191477.99800000002,595,39.024,99829.3106,0
2021-10-05 10:00:00,2575.0,2591.0,2569.0,2584.0,76.3137,1633429799999,197109.547,740,37.5828,97109.1456,0
2021-10-05 10:30:00,2583.0,2588.0,2553.0,2560.0,36.8684,1633431599999,94775.2629,320,17.0072,43713.8794,0
2021-10-05 11:00:00,2561.0,2573.0,2558.0,2568.0,78.2718,1633433399999,200676.1005,614,35.9099,92079.8087,0
2021-10-05 11:30:00,2568.0,2570.0,2543.0,2549.0,107.5904,1633435199999,274830.2196,964,41.512,106036.5571,0
2021-10-05 12:00:00,2547.0,2554.0,2542.0,2549.0,50.5979,1633436999999,129042.3617,505,31.8677,81289.8672,0
2021-10-05 12:30:00,2550.0,2552.0,2540.0,2548.0,67.3074,1633438799999,171405.5853,349,36.7685,93664.5718,0
2021-10-05 13:00:00,2548.0,2550.0,2532.0,2540.0,41.8803,1633440599999,106344.6258,381,25.45,64603.5713,0
2021-10-05 13:30:00,2538.0,2553.0,2538.0,2545.0,24.4743,1633442399999,62315.9682,178,14.3784,36611.5237,0
2021-10-05 14:00:00,2545.0,2550.0,2508.0,2512.0,134.4677,1633444199999,340333.9155,1016,60.7787,153964.4084,0
2021-10-05 14:30:00,2512.0,2516.0,2484.0,2509.0,76.2839,1633445999999,190711.6073,726,46.4024,115962.102,0
2021-10-05 15:00:00,2509.0,2521.0,2491.0,2508.0,64.8892,1633447799999,162838.3007,423,31.0007,77768.0693,0
2021-10-05 15:30:00,2507.0,2511.0,2489.0,2493.0,45.6726,1633449599999,114206.455,332,23.0659,57710.9476,0
2021-10-05 16:00:00,2491.0,2507.0,2482.0,2485.0,54.6032,1633451399999,136262.1396,413,34.4391,85929.0356,0
2021-10-05 16:30:00,2485.0,2505.0,2480.0,2502.0,41.6766,1633453199999,103834.9122,224,19.0817,47578.8936,0
2021-10-05 17:00:00,2504.0,2509.0,2498.0,2506.0,15.5182,1633454999999,38856.3621,233,12.2463,30663.127,0
2021-10-05 17:30:00,2506.0,2507.0,2497.0,2500.0,30.2633,1633456799999,75700.1463,198,13.4533,33675.9391,0
2021-10-05 18:00:00,2499.0,2507.0,2495.0,2503.0,35.2614,1633458599999,88206.1951,248,25.1351,62894.736,0
2021-10-05 18:30:00,2502.0,2513.0,2502.0,2511.0,23.8599,1633460399999,59811.7872,190,9.7683,24503.0842,0
2021-10-05 19:00:00,2508.0,2519.0,2503.0,2513.0,38.746,1633462199999,97263.3057,279,20.3261,51043.6672,0
2021-10-05 19:30:00,2510.0,2521.0,2500.0,2512.0,52.5642,1633463999999,132099.1324,309,42.0802,105782.5932,0
2021-10-05 20:00:00,2513.0,2553.0,2512.0,2545.0,106.2039,1633465799999,268855.3739,881,65.8612,166605.8819,0
2021-10-05 20:30:00,2548.0,2557.0,2531.0,2556.0,49.0704,1633467599999,124918.2725,675,35.2502,89757.5962,0
2021-10-05 21:00:00,2557.0,2559.0,2548.0,2551.0,55.4838,1633469399999,141754.7837,347,27.5213,70312.7444,0
2021-10-05 21:30:00,2553.0,2561.0,2529.0,2550.0,60.2819,1633471199999,153594.0773,517,23.0686,58771.0694,0
2021-10-05 22:00:00,2553.0,2558.0,2543.0,2552.0,56.0328,1633472999999,142950.6998,408,39.7968,101546.1452,0
2021-10-05 22:30:00,2552.0,2555.0,2536.0,2543.0,35.1168,1633474799999,89436.3008,301,12.408,31607.7384,0
2021-10-05 23:00:00,2546.0,2558.0,2541.0,2548.0,76.7447,1633476599999,195546.6733,376,45.7893,116701.6033,0
2021-10-05 23:30:00,2550.0,2555.0,2537.0,2546.0,27.8143,1633478399999,70846.2741,188,19.1063,48669.8151,0
2021-10-06 00:00:00,2543.0,2555.0,2538.0,2540.0,26.5039,1633480199999,67471.3693,293,15.8002,40245.6857,0
2021-10-06 00:30:00,2537.0,2542.0,2517.0,2528.0,55.6242,1633481999999,140561.6172,384,31.0968,78617.0072,0
2021-10-06 01:00:00,2526.0,2529.0,2494.0,2497.0,89.0169,1633483799999,223309.0,652,44.5179,111593.1228,0
2021-10-06 01:30:00,2497.0,2512.0,2493.0,2512.0,31.1085,1633485599999,77898.0418,277,18.3117,45855.9121,0
2021-10-06 02:00:00,2510.0,2513.0,2479.0,2488.0,79.3589,1633487399999,197701.04,911,34.6322,86294.1585,0
2021-10-06 02:30:00,2489.0,2503.0,2487.0,2498.0,45.8687,1633489199999,114503.6389,277,28.7773,71839.2763,0
2021-10-06 03:00:00,2498.0,2509.0,2486.0,2494.0,27.0321,1633490999999,67453.4432,317,15.0526,37566.186,0
2021-10-06 03:30:00,2493.0,2500.0,2483.0,2488.0,28.7869,1633492799999,71733.7892,227,18.4555,45988.7675,0
2021-10-06 04:00:00,2487.0,2490.0,2463.0,2474.0,63.9842,1633494599999,158309.5257,636,24.8277,61505.1015,0
2021-10-06 04:30:00,2475.0,2478.0,2468.0,2475.0,23.7101,1633496399999,58665.0493,312,15.3732,38049.9056,0
2021-10-06 05:00:00,2475.0,2486.0,2462.0,2471.0,37.1859,1633498199999,92036.8973,424,24.0721,59578.015,0
2021-10-06 05:30:00,2471.0,2479.0,2461.0,2476.0,61.2604,1633499999999,151340.1466,321,33.4695,82671.3782,0
2021-10-06 06:00:00,2478.0,2494.0,2478.0,2485.0,19.8558,1633501799999,49335.98,204,13.7363,34134.087,0
2021-10-06 06:30:00,2485.0,2498.0,2475.0,2477.0,30.9291,1633503599999,76908.0574,218,16.8454,41913.5889,0
2021-10-06 07:00:00,2475.0,2475.0,2441.0,2446.0,86.46700000000001,1633505399999,212376.9043,755,39.2657,96350.0368,0
2021-10-06 07:30:00,2444.0,2455.0,2435.0,2446.0,65.4032,1633507199999,159891.2672,424,36.6747,89690.1785,0
2021-10-06 08:00:00,2447.0,2450.0,2401.0,2412.0,112.01700000000001,1633508999999,271540.3298,1110,47.2646,114546.1248,0
2021-10-06 08:30:00,2413.0,2413.0,2386.0,2403.0,114.9002,1633510799999,275854.5238,758,44.3577,106508.6019,0
2021-10-06 09:00:00,2397.0,2412.0,2388.0,2395.0,79.1349,1633512599999,189735.9634,476,35.9278,86108.8875,0
2021-10-06 09:30:00,2392.0,2408.0,2387.0,2401.0,36.7844,1633514399999,88220.4755,308,25.4604,61061.7173,0
2021-10-06 10:00:00,2403.0,2414.0,2391.0,2405.0,24.7479,1633516199999,59440.63200000001,318,13.1196,31524.5597,0
2021-10-06 10:30:00,2405.0,2424.0,2402.0,2407.0,25.1278,1633517999999,60648.9604,250,14.1874,34234.505,0
2021-10-06 11:00:00,2407.0,2421.0,2400.0,2414.0,37.1363,1633519799999,89610.5777,256,23.0189,55558.1272,0
2021-10-06 11:30:00,2414.0,2417.0,2404.0,2408.0,25.4096,1633521599999,61259.39900000001,184,10.0062,24128.543999999998,0
2021-10-06 12:00:00,2404.0,2453.0,2402.0,2439.0,97.2672,1633523399999,236953.6381,531,59.4271,144764.9243,0
2021-10-06 12:30:00,2439.0,2450.0,2428.0,2448.0,51.5359,1633525199999,125654.17800000001,359,27.1954,66319.968,0
2021-10-06 13:00:00,2450.0,2519.0,2445.0,2517.0,244.6317,1633526999999,609978.8142,1890,113.8984,283891.0252,0
2021-10-06 13:30:00,2520.0,2548.0,2497.0,2523.0,223.7702,1633528799999,566514.2658,1647,92.9302,235272.1219,0
2021-10-06 14:00:00,2524.0,2540.0,2511.0,2525.0,51.5878,1633530599999,130241.5738,573,26.2421,66310.2271,0
2021-10-06 14:30:00,2526.0,2536.0,2520.0,2536.0,33.8226,1633532399999,85483.1546,337,19.1585,48440.5763,0
2021-10-06 15:00:00,2537.0,2555.0,2526.0,2548.0,181.5676,1633534199999,461173.4654,967,98.2449,249529.2504,0
2021-10-06 15:30:00,2549.0,2551.0,2533.0,2537.0,37.0886,1633535999999,94237.725,310,16.4695,41867.3777,0
2021-10-06 16:00:00,2537.0,2548.0,2517.0,2536.0,51.0906,1633537799999,129543.6785,448,18.1236,45952.3633,0
2021-10-06 16:30:00,2540.0,2551.0,2534.0,2551.0,43.6613,1633539599999,111014.9496,335,23.4359,59618.7982,0
2021-10-06 17:00:00,2551.0,2551.0,2528.0,2529.0,22.8971,1633541399999,58081.6161,332,11.4189,28956.4727,0
2021-10-06 17:30:00,2530.0,2547.0,2529.0,2546.0,43.9196,1633543199999,111532.9036,472,24.6713,62645.276,0
2021-10-06 18:00:00,2546.0,2574.0,2545.0,2573.0,152.6723,1633544999999,391138.0247,1455,91.3674,234028.3159,0
2021-10-06 18:30:00,2574.0,2588.0,2558.0,2560.0,145.6925,1633546799999,374993.8871,1390,62.0082,159705.0531,0
2021-10-06 19:00:00,2559.0,2570.0,2542.0,2551.0,92.9562,1633548599999,237217.91199999998,807,37.4101,95493.8729,0
2021-10-06 19:30:00,2552.0,2558.0,2546.0,2548.0,54.6095,1633550399999,139365.5751,316,26.5844,67889.0967,0
2021-10-06 20:00:00,2549.0,2558.0,2526.0,2535.0,75.7805,1633552199999,192546.2948,862,30.3033,77022.8208,0
2021-10-06 20:30:00,2535.0,2536.0,2504.0,2509.0,58.0987,1633553999999,146333.3685,705,17.3884,43843.7288,0
2021-10-06 21:00:00,2509.0,2517.0,2508.0,2512.0,17.0307,1633555799999,42780.4972,287,9.3102,23389.1703,0
2021-10-06 21:30:00,2508.0,2510.0,2491.0,2493.0,61.1795,1633557599999,152874.6185,569,25.2185,63003.2766,0
2021-10-06 22:00:00,2493.0,2505.0,2478.0,2492.0,48.4233,1633559399999,120604.80900000001,526,31.568,78654.5646,0
2021-10-06 22:30:00,2493.0,2505.0,2493.0,2493.0,34.5958,1633561199999,86374.4814,211,23.2724,58124.3326,0
2021-10-06 23:00:00,2495.0,2507.0,2474.0,2492.0,70.1857,1633562999999,174835.4052,386,38.4471,95866.3036,0
2021-10-06 23:30:00,2493.0,2499.0,2485.0,2488.0,9.7845,1633564799999,24383.3084,144,4.404,10976.9565,0
2021-10-07 00:00:00,2488.0,2491.0,2457.0,2460.0,74.327,1633566599999,183793.1254,476,35.6473,88185.0601,0
2021-10-07 00:30:00,2457.0,2467.0,2438.0,2457.0,45.9254,1633568399999,112679.8768,527,18.927,46468.7901,0
2021-10-07 01:00:00,2454.0,2466.0,2421.0,2425.0,80.07300000000002,1633570199999,195708.5445,837,45.6077,111637.3849,0
2021-10-07 01:30:00,2424.0,2450.0,2417.0,2445.0,40.9972,1633571999999,99661.5768,472,28.000999999999998,68094.8491,0
2021-10-07 02:00:00,2447.0,2467.0,2443.0,2458.0,18.1106,1633573799999,44523.7106,179,11.2942,27786.5529,0
2021-10-07 02:30:00,2458.0,2460.0,2434.0,2435.0,27.3422,1633575599999,66983.8401,245,10.8282,26527.2286,0
2021-10-07 03:00:00,2433.0,2444.0,2418.0,2423.0,29.6026,1633577399999,72003.4651,410,14.0295,34075.9521,0
2021-10-07 03:30:00,2423.0,2442.0,2418.0,2422.0,21.1094,1633579199999,51313.9021,207,13.0531,31742.0691,0
2021-10-07 04:00:00,2423.0,2452.0,2422.0,2450.0,39.3979,1633580999999,95814.9042,374,23.2294,56504.4694,0
2021-10-07 04:30:00,2446.0,2471.0,2446.0,2464.0,61.4198,1633582799999,151248.8466,519,22.3763,55114.268,0
2021-10-07 05:00:00,2461.0,2464.0,2437.0,2452.0,44.7433,1633584599999,109511.7758,489,24.2452,59367.4082,0
2021-10-07 05:30:00,2452.0,2467.0,2442.0,2465.0,24.3914,1633586399999,59908.172,235,8.7069,21396.8349,0
2021-10-07 06:00:00,2465.0,2478.0,2454.0,2477.0,22.8161,1633588199999,56315.0799,261,10.6333,26253.3558,0
2021-10-07 06:30:00,2477.0,2479.0,2452.0,2463.0,44.3411,1633589999999,109381.4072,468,18.116,44648.0956,0
2021-10-07 07:00:00,2461.0,2486.0,2454.0,2482.0,34.6584,1633591799999,85571.8847,335,15.024000000000001,37138.872,0
2021-10-07 07:30:00,2482.0,2516.0,2482.0,2514.0,62.662,1633593599999,156765.6561,488,44.0531,110272.2313,0
2021-10-07 08:00:00,2513.0,2533.0,2509.0,2523.0,70.2138,1633595399999,177097.4191,766,39.3824,99310.8025,0
2021-10-07 08:30:00,2522.0,2537.0,2512.0,2531.0,51.9825,1633597199999,131302.7522,720,30.7219,77620.2097,0
2021-10-07 09:00:00,2533.0,2534.0,2494.0,2499.0,86.7058,1633598999999,217587.7346,690,31.2595,78501.7397,0
2021-10-07 09:30:00,2499.0,2523.0,2485.0,2523.0,66.8057,1633600799999,167385.6967,598,29.9447,75055.4943,0
2021-10-07 10:00:00,2522.0,2527.0,2496.0,2496.0,29.2138,1633602599999,73346.3408,410,15.7437,39510.229,0
2021-10-07 10:30:00,2498.0,2510.0,2495.0,2498.0,17.3711,1633604399999,43450.8582,171,9.3384,23358.5307,0
2021-10-07 11:00:00,2502.0,2511.0,2493.0,2496.0,21.0455,1633606199999,52704.8455,324,11.9889,30054.8285,0
2021-10-07 11:30:00,2497.0,2522.0,2497.0,2519.0,30.6704,1633607999999,77022.8231,516,18.4509,46339.9944,0
2021-10-07 12:00:00,2521.0,2528.0,2491.0,2494.0,44.4284,1633609799999,111727.0479,365,15.2354,38340.5977,0
2021-10-07 12:30:00,2493.0,2520.0,2487.0,2500.0,79.4551,1633611599999,199418.7819,410,63.0348,158249.9872,0
2021-10-07 13:00:00,2499.0,2511.0,2488.0,2505.0,28.1742,1633613399999,70461.8292,393,18.1409,45383.734000000004,0
2021-10-07 13:30:00,2505.0,2530.0,2502.0,2521.0,53.9567,1633615199999,135825.0975,543,25.6317,64567.4124,0
2021-10-07 14:00:00,2524.0,2524.0,2500.0,2504.0,56.9462,1633616999999,143167.8788,642,20.8719,52486.317,0
2021-10-07 14:30:00,2504.0,2505.0,2447.0,2473.0,183.7344,1633618799999,453294.9457,1286,79.9451,197161.9824,0
2021-10-07 15:00:00,2473.0,2490.0,2462.0,2482.0,45.4794,1633620599999,112514.5363,477,29.0357,71827.3994,0
2021-10-07 15:30:00,2480.0,2488.0,2469.0,2473.0,39.7854,1633622399999,98717.291,467,24.4365,60669.7319,0
2021-10-07 16:00:00,2474.0,2481.0,2441.0,2468.0,89.5604,1633624199999,220275.2349,655,53.5652,131897.8302,0
2021-10-07 16:30:00,2470.0,2486.0,2464.0,2477.0,45.5078,1633625999999,112752.5609,333,29.3312,72725.3144,0
2021-10-07 17:00:00,2477.0,2504.0,2473.0,2500.0,81.1343,1633627799999,201682.9004,583,41.4907,103176.2726,0
2021-10-07 17:30:00,2500.0,2514.0,2488.0,2492.0,66.6958,1633629599999,166650.5554,727,26.0045,65021.3685,0
2021-10-07 18:00:00,2492.0,2496.0,2481.0,2496.0,41.908,1633631399999,104366.26800000001,281,11.4836,28608.9055,0
2021-10-07 18:30:00,2496.0,2510.0,2487.0,2497.0,29.0073,1633633199999,72484.8464,268,10.4343,26063.8311,0
2021-10-07 19:00:00,2497.0,2515.0,2493.0,2515.0,44.7533,1633634999999,112038.9016,548,20.8507,52255.2923,0
2021-10-07 19:30:00,2515.0,2518.0,2502.0,2507.0,19.3821,1633636799999,48641.4099,286,9.856,24739.9886,0
2021-10-07 20:00:00,2510.0,2523.0,2504.0,2516.0,39.4705,1633638599999,99187.5848,305,22.1932,55760.1773,0
2021-10-07 20:30:00,2516.0,2527.0,2512.0,2521.0,17.3914,1633640399999,43834.7406,241,11.7648,29663.5731,0
2021-10-07 21:00:00,2522.0,2529.0,2517.0,2519.0,23.975,1633642199999,60455.6792,151,4.1025,10358.6426,0
2021-10-07 21:30:00,2520.0,2536.0,2514.0,2534.0,60.5611,1633643999999,152774.9292,436,23.9508,60493.6955,0
2021-10-07 22:00:00,2532.0,2535.0,2499.0,2507.0,56.1112,1633645799999,141357.2406,451,17.7576,44725.3024,0
2021-10-07 22:30:00,2505.0,2516.0,2504.0,2509.0,14.8728,1633647599999,37328.2754,142,9.1183,22892.6432,0
2021-10-07 23:00:00,2509.0,2512.0,2494.0,2499.0,18.802,1633649399999,47021.6384,158,13.3653,33426.4102,0
2021-10-07 23:30:00,2497.0,2501.0,2484.0,2500.0,21.2438,1633651199999,52930.4881,336,13.8255,34441.0132,0
2021-10-08 00:00:00,2502.0,2512.0,2494.0,2505.0,20.0013,1633652999999,50090.4621,187,12.2621,30708.4159,0
2021-10-08 00:30:00,2503.0,2512.0,2501.0,2510.0,26.8315,1633654799999,67234.3479,283,11.9789,30024.2958,0
2021-10-08 01:00:00,2508.0,2510.0,2498.0,2507.0,17.9496,1633656599999,44968.7942,229,4.7784,11975.1144,0
2021-10-08 01:30:00,2505.0,2505.0,2488.0,2500.0,21.5784,1633658399999,53876.0944,214,9.9584,24879.2669,0
2021-10-08 02:00:00,2498.0,2499.0,2465.0,2465.0,28.9471,1633660199999,71848.3236,307,9.102,22623.5568,0
2021-10-08 02:30:00,2467.0,2482.0,2467.0,2471.0,22.6197,1633661999999,55984.9059,217,14.4336,35732.7468,0
2021-10-08 03:00:00,2468.0,2474.0,2459.0,2462.0,26.1728,1633663799999,64567.333,257,14.8881,36751.5816,0
2021-10-08 03:30:00,2463.0,2480.0,2461.0,2469.0,35.0688,1633665599999,86614.0962,321,26.6521,65820.5232,0
2021-10-08 04:00:00,2473.0,2478.0,2465.0,2478.0,39.2012,1633667399999,96965.7915,198,22.0103,54449.4931,0
2021-10-08 04:30:00,2478.0,2486.0,2474.0,2480.0,22.3346,1633669199999,55378.9201,217,13.3596,33134.4134,0
2021-10-08 05:00:00,2480.0,2480.0,2462.0,2463.0,26.2032,1633670999999,64686.1316,269,8.1311,20078.4701,0
2021-10-08 05:30:00,2466.0,2488.0,2463.0,2485.0,32.2318,1633672799999,79774.9099,294,22.9125,56713.1169,0
2021-10-08 06:00:00,2485.0,2492.0,2472.0,2474.0,21.0093,1633674599999,52139.5746,258,12.8381,31870.0888,0
2021-10-08 06:30:00,2474.0,2486.0,2469.0,2484.0,21.0556,1633676399999,52146.6252,245,16.7583,41501.9567,0
2021-10-08 07:00:00,2483.0,2525.0,2476.0,2520.0,184.6081,1633678199999,462464.7965,1065,109.5994,274589.0246,0
2021-10-08 07:30:00,2521.0,2529.0,2503.0,2525.0,69.1327,1633679999999,173840.9709,807,30.0334,75487.2962,0
2021-10-08 08:00:00,2526.0,2532.0,2512.0,2528.0,74.6049,1633681799999,188318.9855,633,22.469,56700.6211,0
2021-10-08 08:30:00,2527.0,2550.0,2522.0,2542.0,112.9172,1633683599999,286452.3487,1283,54.8871,139374.3962,0
2021-10-08 09:00:00,2543.0,2550.0,2521.0,2530.0,79.1778,1633685399999,201036.2409,806,26.3568,67009.958,0
2021-10-08 09:30:00,2532.0,2545.0,2527.0,2534.0,23.0272,1633687199999,58446.9004,387,7.0207,17815.9943,0
2021-10-08 10:00:00,2536.0,2541.0,2529.0,2538.0,28.0513,1633688999999,71109.0551,460,14.3358,36342.7682,0
2021-10-08 10:30:00,2537.0,2564.0,2537.0,2549.0,88.2068,1633690799999,225232.3926,1141,51.0404,130377.05699999999,0
2021-10-08 11:00:00,2548.0,2559.0,2543.0,2549.0,40.1173,1633692599999,102306.2964,866,16.1579,41218.8671,0
2021-10-08 11:30:00,2552.0,2552.0,2525.0,2529.0,32.6366,1633694399999,82765.8487,659,12.0144,30516.2197,0
2021-10-08 12:00:00,2533.0,2535.0,2492.0,2513.0,74.0578,1633696199999,186460.3406,1563,17.3384,43649.3003,0
2021-10-08 12:30:00,2512.0,2523.0,2509.0,2520.0,19.5472,1633697999999,49183.504,533,7.8199,19678.3585,0
2021-10-08 13:00:00,2517.0,2523.0,2500.0,2522.0,28.1303,1633699799999,70627.4425,359,11.6391,29260.3966,0
2021-10-08 13:30:00,2524.0,2537.0,2509.0,2535.0,74.377,1633701599999,187612.3083,592,36.0663,91015.2585,0
2021-10-08 14:00:00,2536.0,2577.0,2527.0,2564.0,253.2468,1633703399999,647911.3502,1701,132.4704,338710.2673,0
2021-10-08 14:30:00,2564.0,2575.0,2558.0,2561.0,85.1851,1633705199999,218646.9229,850,51.6458,132613.6548,0
2021-10-08 15:00:00,2561.0,2569.0,2556.0,2562.0,44.9061,1633706999999,115046.9269,349,28.3883,72728.6939,0
2021-10-08 15:30:00,2562.0,2562.0,2534.0,2545.0,37.7377,1633708799999,96083.7233,404,19.1267,48728.7013,0
2021-10-08 16:00:00,2543.0,2550.0,2536.0,2549.0,26.6402,1633710599999,67725.1444,284,15.6416,39770.9193,0
2021-10-08 16:30:00,2544.0,2557.0,2544.0,2548.0,21.7278,1633712399999,55458.3814,227,11.6516,29748.0617,0
2021-10-08 17:00:00,2549.0,2555.0,2526.0,2526.0,19.004,1633714199999,48224.4558,302,5.8796,14944.5323,0
2021-10-08 17:30:00,2525.0,2534.0,2515.0,2525.0,95.6177,1633715999999,241298.885,664,49.9919,126239.9993,0
2021-10-08 18:00:00,2529.0,2542.0,2523.0,2538.0,21.2973,1633717799999,54001.8919,238,11.3044,28681.132999999998,0
2021-10-08 18:30:00,2540.0,2562.0,2538.0,2553.0,52.57100000000001,1633719599999,134349.1583,478,29.1938,74614.7767,0
2021-10-08 19:00:00,2552.0,2559.0,2547.0,2551.0,21.0376,1633721399999,53714.5361,212,6.6160000000000005,16897.6116,0
2021-10-08 19:30:00,2553.0,2556.0,2529.0,2540.0,28.4667,1633723199999,72320.6469,303,10.6763,27122.7631,0
2021-10-08 20:00:00,2541.0,2542.0,2522.0,2529.0,20.1055,1633724999999,50856.5528,293,8.6357,21834.3843,0
2021-10-08 20:30:00,2530.0,2530.0,2479.0,2488.0,122.7006,1633726799999,306916.1603,934,58.8084,146876.5037,0
2021-10-08 21:00:00,2488.0,2509.0,2487.0,2507.0,42.8448,1633728599999,107084.8286,483,24.9428,62341.2668,0
2021-10-08 21:30:00,2509.0,2509.0,2495.0,2501.0,20.8007,1633730399999,52065.8904,291,9.6938,24270.5902,0
2021-10-08 22:00:00,2501.0,2512.0,2490.0,2508.0,13.914000000000001,1633732199999,34812.9565,233,5.5975,14004.9975,0
2021-10-08 22:30:00,2510.0,2524.0,2508.0,2520.0,21.284000000000002,1633733999999,53568.1419,208,12.6088,31763.8071,0
2021-10-08 23:00:00,2518.0,2518.0,2492.0,2494.0,23.4583,1633735799999,58790.5867,266,10.7002,26806.0215,0
2021-10-08 23:30:00,2496.0,2506.0,2484.0,2494.0,40.3111,1633737599999,100413.5873,332,26.2603,65411.1563,0
2021-10-09 00:00:00,2500.0,2502.0,2469.0,2493.0,45.1219,1633739399999,112221.3928,622,22.7189,56506.8605,0
2021-10-09 00:30:00,2493.0,2509.0,2490.0,2501.0,26.0166,1633741199999,65005.3193,330,13.5703,33910.5408,0
2021-10-09 01:00:00,2504.0,2509.0,2483.0,2483.0,10.5339,1633742999999,26316.8519,120,6.1495,15379.7351,0
2021-10-09 01:30:00,2482.0,2495.0,2476.0,2482.0,19.2084,1633744799999,47704.5127,160,11.6685,28970.8585,0
2021-10-09 02:00:00,2480.0,2492.0,2468.0,2489.0,24.5969,1633746599999,60945.6412,307,14.0227,34742.2077,0
2021-10-09 02:30:00,2489.0,2502.0,2489.0,2501.0,18.3395,1633748399999,45788.2042,219,11.7298,29283.8545,0
2021-10-09 03:00:00,2499.0,2512.0,2494.0,2504.0,13.4681,1633750199999,33691.1041,162,8.718,21813.0445,0
2021-10-09 03:30:00,2502.0,2509.0,2498.0,2507.0,24.6533,1633751999999,61728.7127,151,7.9598,19918.0548,0
2021-10-09 04:00:00,2508.0,2511.0,2499.0,2503.0,36.965,1633753799999,92530.7688,243,22.4465,56196.6057,0
2021-10-09 04:30:00,2503.0,2511.0,2501.0,2508.0,7.7641,1633755599999,19450.7887,115,4.7982,12022.2659,0
2021-10-09 05:00:00,2511.0,2511.0,2496.0,2500.0,10.0683,1633757399999,25191.2377,131,7.3353,18355.8759,0
2021-10-09 05:30:00,2497.0,2500.0,2486.0,2493.0,42.695,1633759199999,106328.1254,231,14.1244,35207.5589,0
2021-10-09 06:00:00,2495.0,2531.0,2495.0,2520.0,78.5395,1633760999999,197719.5895,493,55.3733,139488.1927,0
2021-10-09 06:30:00,2520.0,2528.0,2516.0,2521.0,22.4425,1633762799999,56559.3349,283,11.5277,29058.1925,0
2021-10-09 07:00:00,2522.0,2522.0,2511.0,2516.0,42.8584,1633764599999,107816.2823,270,5.7929,14589.9035,0
2021-10-09 07:30:00,2518.0,2520.0,2508.0,2514.0,30.9324,1633766399999,77777.5703,215,8.429,21201.367000000002,0
2021-10-09 08:00:00,2514.0,2516.0,2503.0,2505.0,13.7432,1633768199999,34488.1804,200,5.0154,12599.357,0
2021-10-09 08:30:00,2504.0,2505.0,2487.0,2493.0,30.1376,1633769999999,75151.8364,336,17.8551,44527.7914,0
2021-10-09 09:00:00,2491.0,2514.0,2491.0,2499.0,51.9623,1633771799999,130149.5367,554,39.4205,98755.6401,0
2021-10-09 09:30:00,2497.0,2520.0,2497.0,2517.0,40.2993,1633773599999,101227.4305,492,21.2639,53418.5146,0
2021-10-09 10:00:00,2518.0,2522.0,2509.0,2513.0,35.2595,1633775399999,88753.23300000002,598,16.4324,41370.2571,0
2021-10-09 10:30:00,2510.0,2521.0,2497.0,2520.0,32.6736,1633777199999,81970.8512,414,19.6021,49168.205,0
2021-10-09 11:00:00,2521.0,2522.0,2505.0,2516.0,46.3978,1633778999999,116642.1356,310,16.3013,40994.06200000001,0
2021-10-09 11:30:00,2516.0,2521.0,2498.0,2507.0,22.6847,1633780799999,56866.7456,173,7.7337,19384.9488,0
2021-10-09 12:00:00,2509.0,2518.0,2506.0,2518.0,12.3412,1633782599999,31014.2618,192,6.7846,17055.7086,0
2021-10-09 12:30:00,2519.0,2525.0,2510.0,2523.0,31.555,1633784399999,79429.9708,212,22.6651,57073.3753,0
2021-10-09 13:00:00,2523.0,2533.0,2519.0,2530.0,30.139,1633786199999,76187.1095,502,14.9021,37681.3796,0
2021-10-09 13:30:00,2530.0,2563.0,2529.0,2554.0,110.8436,1633787999999,282536.3782,1585,64.638,164832.613,0
2021-10-09 14:00:00,2554.0,2561.0,2547.0,2559.0,92.6931,1633789799999,236770.6396,934,58.9861,150707.1873,0
2021-10-09 14:30:00,2559.0,2573.0,2527.0,2534.0,189.9552,1633791599999,483296.1172,3709,93.3986,237875.5481,0
2021-10-09 15:00:00,2536.0,2538.0,2524.0,2530.0,49.711999999999996,1633793399999,125829.3029,714,28.5574,72299.9607,0
2021-10-09 15:30:00,2530.0,2534.0,2519.0,2527.0,44.9774,1633795199999,113590.2468,421,34.7114,87678.9747,0
2021-10-09 16:00:00,2527.0,2552.0,2527.0,2550.0,126.4369,1633796999999,321118.0342,730,68.3608,173623.1132,0
2021-10-09 16:30:00,2552.0,2557.0,2539.0,2552.0,89.1563,1633798799999,227050.4235,896,51.7248,131770.1446,0
2021-10-09 17:00:00,2551.0,2584.0,2551.0,2580.0,182.3193,1633800599999,468139.231,2221,116.9405,300414.1468,0
2021-10-09 17:30:00,2581.0,2584.0,2551.0,2572.0,120.9267,1633802399999,310694.9441,1196,65.3206,167822.4181,0
2021-10-09 18:00:00,2572.0,2594.0,2563.0,2569.0,114.4468,1633804199999,295276.6171,1107,66.9542,172829.1101,0
2021-10-09 18:30:00,2569.0,2579.0,2558.0,2567.0,55.8161,1633805999999,143249.824,352,33.0521,84844.1021,0
2021-10-09 19:00:00,2567.0,2576.0,2559.0,2562.0,30.4332,1633807799999,78210.7828,237,11.7348,30175.2966,0
2021-10-09 19:30:00,2562.0,2578.0,2559.0,2565.0,35.2057,1633809599999,90492.9595,286,22.3321,57431.0512,0
2021-10-09 20:00:00,2564.0,2566.0,2547.0,2562.0,54.1516,1633811399999,138346.1228,367,20.9577,53578.9198,0
2021-10-09 20:30:00,2562.0,2575.0,2556.0,2572.0,30.8284,1633813199999,79037.0783,255,16.9108,43372.0209,0
2021-10-09 21:00:00,2569.0,2588.0,2567.0,2586.0,51.3989,1633814999999,132399.7647,658,30.8948,79597.7318,0
2021-10-09 21:30:00,2586.0,2624.0,2566.0,2572.0,209.3777,1633816799999,542829.0122,1853,108.8878,282488.4055,0
2021-10-09 22:00:00,2571.0,2573.0,2549.0,2557.0,89.145,1633818599999,227870.0722,616,21.773000000000003,55699.6859,0
2021-10-09 22:30:00,2555.0,2569.0,2550.0,2562.0,19.9542,1633820399999,51077.4291,297,8.2585,21135.1307,0
2021-10-09 23:00:00,2564.0,2569.0,2540.0,2550.0,49.7201,1633822199999,126878.8086,488,13.1163,33483.5062,0
2021-10-09 23:30:00,2550.0,2589.0,2548.0,2572.0,121.7482,1633823999999,313370.9014,1390,88.9613,229023.4336,0
2021-10-10 00:00:00,2573.0,2598.0,2565.0,2597.0,69.3251,1633825799999,179162.8907,852,30.4395,78753.056,0
2021-10-10 00:30:00,2597.0,2600.0,2565.0,2568.0,86.5252,1633827599999,223556.9092,660,40.2414,103967.5184,0
2021-10-10 01:00:00,2567.0,2572.0,2510.0,2523.0,210.2806,1633829399999,532288.0669,1435,58.2438,147460.3809,0
2021-10-10 01:30:00,2521.0,2580.0,2514.0,2550.0,287.96,1633831199999,734454.2243,1776,213.5107,544468.4624,0
2021-10-10 02:00:00,2550.0,2552.0,2529.0,2540.0,100.744,1633832999999,256025.5174,712,40.5278,102996.0793,0
2021-10-10 02:30:00,2540.0,2547.0,2524.0,2539.0,42.3612,1633834799999,107438.1429,347,25.4968,64693.7048,0
2021-10-10 03:00:00,2537.0,2547.0,2532.0,2543.0,36.8067,1633836599999,93436.7165,293,18.6124,47240.3164,0
2021-10-10 03:30:00,2543.0,2548.0,2538.0,2542.0,28.3873,1633838399999,72199.6782,266,15.2235,38724.7712,0
2021-10-10 04:00:00,2542.0,2564.0,2538.0,2560.0,76.8198,1633840199999,196119.7161,539,59.6425,152279.9477,0
2021-10-10 04:30:00,2559.0,2576.0,2541.0,2576.0,61.8679,1633841999999,158059.7224,683,32.3517,82640.0518,0
2021-10-10 05:00:00,2576.0,2594.0,2572.0,2586.0,50.8283,1633843799999,131315.2995,698,20.5916,53242.8862,0
2021-10-10 05:30:00,2586.0,2602.0,2578.0,2595.0,99.6439,1633845599999,258580.0767,1226,47.9311,124353.1806,0
2021-10-10 06:00:00,2595.0,2619.0,2591.0,2616.0,47.9391,1633847399999,125066.9286,568,23.4425,61156.6237,0
2021-10-10 06:30:00,2618.0,2677.0,2611.0,2644.0,396.7739,1633849199999,1050137.0062,4051,241.7449,640017.9946,0
2021-10-10 07:00:00,2645.0,2656.0,2620.0,2643.0,147.6869,1633850999999,389165.9653,1314,57.8768,152770.1653,0
2021-10-10 07:30:00,2640.0,2726.0,2640.0,2719.0,632.7674,1633852799999,1702420.4235,4165,369.7076,994335.4699,0
2021-10-10 08:00:00,2718.0,2728.0,2680.0,2686.0,349.5598,1633854599999,943674.3114,2608,202.9495,548080.5093,0
2021-10-10 08:30:00,2684.0,2686.0,2665.0,2678.0,129.1376,1633856399999,345817.1245,1357,57.9087,155101.8138,0
2021-10-10 09:00:00,2677.0,2704.0,2670.0,2688.0,261.9848,1633858199999,701179.4353,1356,82.4756,221371.4552,0
2021-10-10 09:30:00,2691.0,2691.0,2670.0,2674.0,64.028,1633859999999,171177.4939,483,21.1004,56444.1236,0
2021-10-10 10:00:00,2674.0,2690.0,2670.0,2671.0,176.8664,1633861799999,473157.2548,1005,51.6943,138529.1149,0
2021-10-10 10:30:00,2671.0,2672.0,2639.0,2642.0,173.1944,1633863599999,459395.1834,1366,84.2337,223350.4977,0
2021-10-10 11:00:00,2642.0,2648.0,2633.0,2634.0,96.1553,1633865399999,253555.0958,722,36.6785,96814.5732,0
2021-10-10 11:30:00,2636.0,2644.0,2630.0,2633.0,68.9891,1633867199999,181956.5607,579,22.6179,59708.523,0
2021-10-10 12:00:00,2634.0,2636.0,2598.0,2607.0,131.1771,1633868999999,343044.5261,769,30.3705,79215.3938,0
2021-10-10 12:30:00,2606.0,2618.0,2600.0,2609.0,74.8269,1633870799999,195106.9829,470,24.469,63865.7951,0
2021-10-10 13:00:00,2609.0,2614.0,2579.0,2600.0,150.6971,1633872599999,391945.9918,1095,50.3379,130968.0945,0
2021-10-10 13:30:00,2604.0,2605.0,2583.0,2595.0,51.2008,1633874399999,132735.7103,603,11.1281,28872.2591,0
2021-10-10 14:00:00,2595.0,2609.0,2589.0,2603.0,62.0824,1633876199999,161527.1907,689,32.7334,85182.7553,0
2021-10-10 14:30:00,2603.0,2604.0,2565.0,2579.0,103.5587,1633877999999,267149.62899999996,980,35.7465,92222.2439,0
2021-10-10 15:00:00,2578.0,2578.0,2565.0,2574.0,29.8618,1633879799999,76738.3601,316,13.6156,34992.0119,0
2021-10-10 15:30:00,2576.0,2599.0,2574.0,2598.0,44.3711,1633881599999,114797.9709,659,23.0841,59730.5053,0
2021-10-10 16:00:00,2599.0,2601.0,2568.0,2573.0,52.3239,1633883399999,135394.7377,397,18.3421,47354.5808,0
2021-10-10 16:30:00,2573.0,2616.0,2569.0,2613.0,111.0391,1633885199999,287885.0615,926,78.8722,204539.1815,0
2021-10-10 17:00:00,2614.0,2616.0,2559.0,2573.0,134.1418,1633886999999,346076.5993,811,65.3682,168937.4305,0
2021-10-10 17:30:00,2574.0,2607.0,2564.0,2603.0,80.8618,1633888799999,209187.8389,589,58.6542,151676.4473,0
2021-10-10 18:00:00,2602.0,2602.0,2561.0,2571.0,53.8847,1633890599999,138798.8218,543,21.8452,56286.7015,0
2021-10-10 18:30:00,2569.0,2577.0,2561.0,2571.0,24.7822,1633892399999,63655.4263,188,12.3172,31641.9575,0
2021-10-10 19:00:00,2573.0,2578.0,2568.0,2573.0,27.298000000000002,1633894199999,70244.5179,196,17.6649,45471.5346,0
2021-10-10 19:30:00,2575.0,2578.0,2566.0,2569.0,7.6032,1633895999999,19566.5278,114,2.3883,6149.6873,0
2021-10-10 20:00:00,2567.0,2591.0,2541.0,2585.0,130.7482,1633897799999,334681.8433,1100,46.9407,120309.9184,0
2021-10-10 20:30:00,2585.0,2593.0,2548.0,2553.0,70.7354,1633899599999,181347.0761,486,42.2406,108245.4003,0
2021-10-10 21:00:00,2552.0,2552.0,2451.0,2472.0,471.5852,1633901399999,1179344.2418,3177,181.7812,454562.0134,0
2021-10-10 21:30:00,2472.0,2511.0,2468.0,2494.0,74.9851,1633903199999,187234.9505,601,52.1866,130395.36,0
2021-10-10 22:00:00,2496.0,2503.0,2469.0,2471.0,69.6655,1633904999999,173070.4652,744,16.7344,41655.0476,0
2021-10-10 22:30:00,2471.0,2500.0,2467.0,2497.0,15.3203,1633906799999,38013.4949,180,8.286,20542.4113,0
2021-10-10 23:00:00,2495.0,2502.0,2476.0,2476.0,12.6602,1633908599999,31512.0844,111,3.2661,8140.6912,0
2021-10-10 23:30:00,2476.0,2478.0,2437.0,2457.0,110.51899999999999,1633910399999,271226.441,755,38.8047,95409.4333,0
2021-10-11 00:00:00,2456.0,2474.0,2424.0,2448.0,72.9465,1633912199999,178270.7168,642,34.7748,85004.3202,0
2021-10-11 00:30:00,2449.0,2476.0,2449.0,2473.0,37.7883,1633913999999,93187.0031,285,24.9304,61500.88200000001,0
2021-10-11 01:00:00,2474.0,2489.0,2466.0,2487.0,49.7361,1633915799999,123445.5408,239,39.2614,97467.5466,0
2021-10-11 01:30:00,2485.0,2489.0,2475.0,2479.0,32.0034,1633917599999,79475.7446,320,17.1162,42535.3585,0
2021-10-11 02:00:00,2478.0,2491.0,2477.0,2481.0,10.6079,1633919399999,26367.1767,146,4.8403,12034.2075,0
2021-10-11 02:30:00,2481.0,2487.0,2477.0,2487.0,15.332,1633921199999,38051.318,151,7.7076,19137.2379,0
2021-10-11 03:00:00,2485.0,2491.0,2476.0,2486.0,21.9595,1633922999999,54542.0028,183,11.8391,29413.957000000002,0
2021-10-11 03:30:00,2486.0,2514.0,2486.0,2513.0,62.1441,1633924799999,155460.4212,705,28.7341,71857.5228,0
2021-10-11 04:00:00,2514.0,2520.0,2501.0,2515.0,59.5845,1633926599999,149833.3886,436,43.4632,109322.013,0
2021-10-11 04:30:00,2516.0,2524.0,2505.0,2514.0,51.0939,1633928399999,128514.4761,450,36.8382,92694.1387,0
2021-10-11 05:00:00,2514.0,2514.0,2499.0,2501.0,80.8204,1633930199999,202592.9096,316,38.1885,95695.8646,0
2021-10-11 05:30:00,2501.0,2502.0,2487.0,2499.0,25.0844,1633931999999,62645.8576,186,16.4876,41183.1761,0
2021-10-11 06:00:00,2500.0,2502.0,2493.0,2493.0,54.0997,1633933799999,135102.3137,243,18.7862,46941.1953,0
2021-10-11 06:30:00,2493.0,2501.0,2492.0,2499.0,26.991,1633935599999,67413.0131,222,19.0034,47465.3304,0
2021-10-11 07:00:00,2499.0,2510.0,2496.0,2504.0,57.0784,1633937399999,142653.4786,412,34.6159,86500.3142,0
2021-10-11 07:30:00,2502.0,2538.0,2502.0,2538.0,70.7806,1633939199999,178629.8824,589,45.3287,114412.534,0
2021-10-11 08:00:00,2538.0,2558.0,2536.0,2543.0,139.9805,1633940999999,356576.0195,892,87.6593,223207.0799,0
2021-10-11 08:30:00,2543.0,2549.0,2538.0,2545.0,40.1965,1633942799999,102223.6059,387,25.4431,64715.703,0
2021-10-11 09:00:00,2546.0,2559.0,2538.0,2541.0,144.1805,1633944599999,367272.5672,869,78.0404,198723.5582,0
2021-10-11 09:30:00,2541.0,2541.0,2523.0,2526.0,34.6836,1633946399999,87745.7194,402,16.2222,41061.3394,0
2021-10-11 10:00:00,2527.0,2543.0,2523.0,2533.0,80.3195,1633948199999,203509.2978,400,33.3696,84514.8094,0
2021-10-11 10:30:00,2535.0,2543.0,2514.0,2514.0,62.6228,1633949999999,158550.6181,350,34.6175,87602.7846,0
2021-10-11 11:00:00,2517.0,2524.0,2489.0,2498.0,62.1454,1633951799999,155546.2801,436,28.8961,72343.0076,0
2021-10-11 11:30:00,2496.0,2529.0,2495.0,2515.0,42.8906,1633953599999,108015.1946,311,15.389000000000001,38625.2832,0
2021-10-11 12:00:00,2515.0,2531.0,2501.0,2509.0,27.4856,1633955399999,69049.2175,214,13.3275,33440.3777,0
2021-10-11 12:30:00,2507.0,2517.0,2503.0,2513.0,9.7374,1633957199999,24481.0015,106,4.7619,11976.851999999999,0
2021-10-11 13:00:00,2512.0,2521.0,2509.0,2511.0,49.3472,1633958999999,124134.6307,268,27.8201,69996.8215,0
2021-10-11 13:30:00,2512.0,2526.0,2503.0,2520.0,39.1474,1633960799999,98544.6388,235,27.1239,68277.3262,0
2021-10-11 14:00:00,2519.0,2520.0,2495.0,2498.0,36.6634,1633962599999,91801.7048,308,19.6833,49270.9613,0
2021-10-11 14:30:00,2498.0,2523.0,2494.0,2519.0,44.8067,1633964399999,112440.8882,533,21.3283,53510.5462,0
2021-10-11 15:00:00,2519.0,2522.0,2501.0,2502.0,39.4105,1633966199999,99012.51400000001,384,18.394000000000002,46210.2364,0
2021-10-11 15:30:00,2505.0,2506.0,2497.0,2497.0,20.0226,1633967999999,50053.9557,188,12.9561,32392.117000000002,0
2021-10-11 16:00:00,2497.0,2504.0,2485.0,2497.0,67.3692,1633969799999,168177.9442,400,26.5753,66388.7486,0
2021-10-11 16:30:00,2498.0,2507.0,2489.0,2490.0,40.1963,1633971599999,100247.6755,310,24.2489,60480.0303,0
2021-10-11 17:00:00,2490.0,2500.0,2481.0,2490.0,72.1331,1633973399999,179589.98100000003,291,38.7799,96561.7293,0
2021-10-11 17:30:00,2492.0,2494.0,2477.0,2479.0,28.3001,1633975199999,70287.1808,213,13.9147,34540.6239,0
2021-10-11 18:00:00,2477.0,2487.0,2456.0,2462.0,89.9257,1633976999999,222252.3762,658,42.9532,106262.0942,0
2021-10-11 18:30:00,2462.0,2464.0,2450.0,2457.0,33.2038,1633978799999,81525.3372,362,15.9925,39278.5065,0
2021-10-11 19:00:00,2458.0,2466.0,2456.0,2457.0,37.1033,1633980599999,91286.4445,382,20.2006,49710.4428,0
2021-10-11 19:30:00,2458.0,2461.0,2433.0,2433.0,63.0997,1633982399999,154330.1571,481,14.7445,36088.7091,0
2021-10-11 20:00:00,2432.0,2438.0,2395.0,2432.0,178.8819,1633984199999,432161.203,1034,81.4169,197012.8533,0
2021-10-11 20:30:00,2433.0,2433.0,2413.0,2413.0,25.544,1633985999999,61870.8102,193,14.1932,34385.309,0
2021-10-11 21:00:00,2412.0,2417.0,2395.0,2416.0,36.8311,1633987799999,88611.0674,322,19.1129,45994.2298,0
2021-10-11 21:30:00,2416.0,2432.0,2413.0,2432.0,15.7786,1633989599999,38251.9145,204,6.9367,16822.7056,0
2021-10-11 22:00:00,2423.0,2441.0,2423.0,2440.0,19.8876,1633991399999,48420.2109,151,10.9303,26613.2088,0
2021-10-11 22:30:00,2441.0,2446.0,2435.0,2439.0,51.7465,1633993199999,126099.9483,182,38.3482,93426.9823,0
2021-10-11 23:00:00,2435.0,2436.0,2422.0,2435.0,37.1409,1633994999999,90214.2375,221,11.8218,28724.3884,0
2021-10-11 23:30:00,2434.0,2449.0,2423.0,2448.0,11.7054,1633996799999,28523.3494,166,4.5149,11013.636,0
2021-10-12 00:00:00,2450.0,2450.0,2399.0,2404.0,55.2588,1633998599999,133460.3473,566,14.770999999999999,35653.7232,0
2021-10-12 00:30:00,2403.0,2418.0,2393.0,2416.0,82.4663,1634000399999,197865.2521,521,16.3109,39223.3761,0
2021-10-12 01:00:00,2416.0,2418.0,2397.0,2412.0,50.303000000000004,1634002199999,120964.8991,419,27.9656,67215.7262,0
2021-10-12 01:30:00,2411.0,2423.0,2410.0,2419.0,27.2222,1634003999999,65777.6595,295,14.8785,35966.161,0
2021-10-12 02:00:00,2417.0,2422.0,2383.0,2389.0,62.0874,1634005799999,148557.2503,479,29.0782,69581.411,0
2021-10-12 02:30:00,2389.0,2397.0,2372.0,2378.0,64.1958,1634007599999,153217.8974,755,24.4198,58255.1741,0
2021-10-12 03:00:00,2378.0,2382.0,2357.0,2375.0,60.6871,1634009399999,143632.7992,587,24.6143,58291.3376,0
2021-10-12 03:30:00,2376.0,2387.0,2372.0,2381.0,47.9845,1634011199999,114227.894,360,21.4644,51077.0843,0
2021-10-12 04:00:00,2378.0,2394.0,2371.0,2391.0,19.2824,1634012999999,45992.6828,161,11.0041,26252.1589,0
2021-10-12 04:30:00,2391.0,2402.0,2390.0,2400.0,13.7918,1634014799999,33071.3691,158,7.6604,18369.8868,0
2021-10-12 05:00:00,2400.0,2402.0,2370.0,2373.0,27.8368,1634016599999,66269.4503,264,11.4582,27293.7411,0
2021-10-12 05:30:00,2373.0,2402.0,2364.0,2398.0,70.2485,1634018399999,167496.4339,428,44.3794,105930.5776,0
2021-10-12 06:00:00,2400.0,2401.0,2391.0,2394.0,26.6908,1634020199999,63942.3683,192,8.6741,20782.0992,0
2021-10-12 06:30:00,2393.0,2505.0,2392.0,2443.0,840.0767,1634021999999,2071162.5714,5510,509.6061,1258139.3597,0
2021-10-12 07:00:00,2443.0,2452.0,2423.0,2441.0,144.0681,1634023799999,351176.9767,1321,60.1845,146672.2578,0
2021-10-12 07:30:00,2442.0,2445.0,2428.0,2433.0,21.1096,1634025599999,51413.40900000001,287,12.4965,30412.0635,0
2021-10-12 08:00:00,2435.0,2455.0,2428.0,2447.0,38.7506,1634027399999,94681.815,303,19.3333,47226.1622,0
2021-10-12 08:30:00,2446.0,2458.0,2439.0,2448.0,45.5019,1634029199999,111349.9037,285,26.8917,65793.1922,0
2021-10-12 09:00:00,2449.0,2452.0,2425.0,2430.0,42.5565,1634030999999,103823.0384,579,12.9905,31679.3416,0
2021-10-12 09:30:00,2431.0,2438.0,2387.0,2403.0,118.6984,1634032799999,285601.3942,623,60.5344,145881.6576,0
2021-10-12 10:00:00,2402.0,2405.0,2381.0,2405.0,199.5922,1634034599999,477893.7433,1772,129.488,310117.8085,0
2021-10-12 10:30:00,2406.0,2421.0,2401.0,2420.0,84.7175,1634036399999,203967.012,1060,52.5358,126496.6414,0
2021-10-12 11:00:00,2419.0,2424.0,2410.0,2411.0,30.5714,1634038199999,73831.9971,297,16.9223,40874.2814,0
2021-10-12 11:30:00,2411.0,2428.0,2411.0,2420.0,49.0211,1634039999999,118557.9237,322,19.8788,48073.9817,0
2021-10-12 12:00:00,2418.0,2422.0,2390.0,2391.0,31.2983,1634041799999,75210.2911,295,18.2492,43848.2109,0
2021-10-12 12:30:00,2391.0,2396.0,2390.0,2392.0,7.5915,1634043599999,18158.331000000002,58,5.233,12517.7251,0
2021-10-12 12:30:00,2391.0,2400.0,2378.0,2390.0,57.0701,1634043599999,136183.7836,425,30.5482,72904.9366,0
2021-10-12 13:00:00,2390.0,2431.0,2390.0,2429.0,55.0992,1634045399999,132992.1266,502,35.8979,86660.1698,0
2021-10-12 13:30:00,2429.0,2449.0,2411.0,2430.0,120.9129,1634047199999,293604.3818,774,79.9976,194310.8063,0
2021-10-12 13:30:00,2429.0,2449.0,2411.0,2433.0,138.3642,1634047199999,335992.6241,925,87.7172,213052.0716,0
2021-10-12 14:00:00,2434.0,2460.0,2426.0,2456.0,36.5077,1634048999999,89375.4329,390,17.1122,41865.2279,0
2021-10-12 14:30:00,2455.0,2456.0,2407.0,2414.0,42.3905,1634050799999,102938.2188,316,8.6019,20894.1627,0
2021-10-12 15:00:00,2418.0,2425.0,2394.0,2412.0,35.6101,1634052599999,85927.4019,297,19.1613,46254.6158,0
2021-10-12 15:30:00,2418.0,2439.0,2418.0,2438.0,28.6827,1634054399999,69616.3851,215,10.9137,26483.9495,0
2021-10-12 16:00:00,2436.0,2446.0,2424.0,2434.0,47.5889,1634056199999,115869.3798,261,34.6816,84472.6244,0
2021-10-12 16:30:00,2436.0,2449.0,2430.0,2445.0,22.0843,1634057999999,53899.6751,199,14.4803,35348.7635,0
2021-10-12 17:00:00,2445.0,2448.0,2427.0,2428.0,28.4457,1634059799999,69176.0223,128,6.6005,16098.2838,0
2021-10-12 17:30:00,2428.0,2432.0,2408.0,2411.0,39.6417,1634061599999,96052.7649,284,10.2641,24905.4948,0
2021-10-12 18:00:00,2412.0,2434.0,2412.0,2432.0,26.2062,1634063399999,63511.9886,188,19.468,47157.3292,0
2021-10-12 18:30:00,2434.0,2441.0,2430.0,2434.0,25.2327,1634065199999,61468.4491,279,18.067,44019.6252,0
2021-10-12 19:00:00,2434.0,2441.0,2430.0,2432.0,12.1474,1634066999999,29607.7168,147,3.7774,9209.726,0
2021-10-12 19:30:00,2437.0,2445.0,2414.0,2418.0,20.7073,1634068799999,50385.6599,144,6.3581,15477.4269,0
2021-10-12 20:00:00,2415.0,2429.0,2387.0,2427.0,83.2636,1634070599999,200291.5164,416,45.7922,110175.6499,0
2021-10-12 20:30:00,2428.0,2436.0,2421.0,2433.0,32.3839,1634072399999,78668.0413,163,16.8891,41049.8748,0
2021-10-12 21:00:00,2433.0,2438.0,2424.0,2434.0,19.9144,1634074199999,48410.4003,153,9.0321,21963.7143,0
2021-10-12 21:30:00,2432.0,2442.0,2432.0,2438.0,9.4305,1634075999999,22975.9136,90,5.7536,14019.9844,0
2021-10-12 22:00:00,2439.0,2439.0,2428.0,2437.0,10.3243,1634077799999,25117.352000000003,107,3.4626,8434.4647,0
2021-10-12 22:30:00,2437.0,2449.0,2436.0,2445.0,16.0216,1634079599999,39142.9886,134,9.6144,23486.2711,0
2021-10-12 23:00:00,2445.0,2453.0,2439.0,2445.0,14.2295,1634081399999,34788.5303,110,5.3992,13215.1836,0
2021-10-12 23:30:00,2445.0,2445.0,2434.0,2442.0,10.1348,1634083199999,24715.2275,90,4.7978,11704.845,0
2021-10-13 00:00:00,2442.0,2464.0,2430.0,2463.0,18.4579,1634084999999,45211.3928,190,13.5853,33261.8397,0
2021-10-13 00:30:00,2465.0,2477.0,2461.0,2470.0,40.9291,1634086799999,101087.6871,542,22.0115,54372.6943,0
2021-10-13 01:00:00,2470.0,2473.0,2462.0,2466.0,34.0547,1634088599999,83990.9277,395,21.7888,53739.7334,0
2021-10-13 01:30:00,2469.0,2471.0,2453.0,2456.0,33.4203,1634090399999,82232.8652,363,12.7979,31506.1243,0
2021-10-13 02:00:00,2456.0,2466.0,2454.0,2456.0,25.1452,1634092199999,61839.3843,612,20.4005,50171.846,0
2021-10-13 02:30:00,2454.0,2468.0,2452.0,2467.0,12.9753,1634093999999,31929.3278,147,5.2657,12957.6579,0
2021-10-13 03:00:00,2465.0,2466.0,2449.0,2452.0,17.5081,1634095799999,43049.0204,167,8.1341,20002.1001,0
2021-10-13 03:30:00,2453.0,2464.0,2453.0,2463.0,6.8925,1634097599999,16935.6166,72,3.6492,8969.1245,0
2021-10-13 04:00:00,2463.0,2472.0,2454.0,2462.0,16.069000000000003,1634099399999,39563.6414,202,5.6087,13818.9949,0
2021-10-13 04:30:00,2462.0,2477.0,2456.0,2469.0,55.2454,1634101199999,136462.3689,402,41.9112,103529.7956,0
2021-10-13 05:00:00,2470.0,2479.0,2457.0,2458.0,68.893,1634102999999,170022.5949,613,38.9711,96190.7641,0
2021-10-13 05:30:00,2459.0,2459.0,2404.0,2408.0,104.9809,1634104799999,255310.5052,854,56.3479,137045.9129,0
2021-10-13 06:00:00,2404.0,2423.0,2402.0,2417.0,51.9467,1634106599999,125250.6884,344,20.2865,48918.8791,0
2021-10-13 06:30:00,2414.0,2422.0,2406.0,2417.0,14.9768,1634108399999,36171.4182,151,7.5827,18323.9313,0
2021-10-13 07:00:00,2414.0,2419.0,2405.0,2412.0,12.7671,1634110199999,30810.847999999998,151,8.2098,19818.5297,0
2021-10-13 07:30:00,2405.0,2409.0,2394.0,2401.0,33.6403,1634111999999,80745.0061,243,11.4225,27438.4784,0
2021-10-13 08:00:00,2399.0,2426.0,2396.0,2416.0,48.119,1634113799999,116044.369,355,31.3392,75576.1254,0
2021-10-13 08:30:00,2417.0,2422.0,2403.0,2409.0,32.3078,1634115599999,77925.6712,221,14.3959,34728.0511,0
2021-10-13 09:00:00,2405.0,2420.0,2399.0,2418.0,26.8707,1634117399999,64727.2299,291,16.012999999999998,38569.0695,0
2021-10-13 09:30:00,2420.0,2430.0,2415.0,2425.0,20.6598,1634119199999,50042.363,215,13.762,33336.1651,0
2021-10-13 10:00:00,2427.0,2437.0,2423.0,2431.0,37.899,1634120999999,92136.1726,377,15.0558,36630.3572,0
2021-10-13 10:30:00,2431.0,2431.0,2402.0,2414.0,29.8416,1634122799999,71948.1187,486,16.8411,40650.7176,0
2021-10-13 11:00:00,2413.0,2421.0,2406.0,2413.0,19.1194,1634124599999,46138.2709,203,8.9707,21656.4743,0
2021-10-13 11:30:00,2413.0,2424.0,2411.0,2419.0,19.6484,1634126399999,47504.4975,272,15.2411,36857.4299,0
2021-10-13 12:00:00,2419.0,2424.0,2406.0,2410.0,45.9974,1634128199999,111129.2697,827,29.0933,70351.5322,0
2021-10-13 12:30:00,2410.0,2429.0,2407.0,2428.0,62.2597,1634129999999,150634.8452,676,47.1972,114304.9273,0
2021-10-13 13:00:00,2428.0,2430.0,2411.0,2415.0,62.5444,1634131799999,151300.3654,766,24.5044,59264.6855,0
2021-10-13 13:30:00,2417.0,2419.0,2380.0,2385.0,96.727,1634133599999,232024.1174,530,31.2807,74949.5054,0
2021-10-13 14:00:00,2386.0,2400.0,2369.0,2392.0,76.5885,1634135399999,182380.6551,557,40.1033,95638.7885,0
2021-10-13 14:30:00,2394.0,2414.0,2392.0,2404.0,82.0912,1634137199999,197191.6858,909,46.0332,110530.8585,0
2021-10-13 15:00:00,2406.0,2421.0,2403.0,2419.0,70.6359,1634138999999,170497.5248,491,48.4504,116946.416,0
2021-10-13 15:30:00,2419.0,2448.0,2415.0,2438.0,192.1042,1634140799999,467750.1537,975,113.5072,276378.8136,0
2021-10-13 16:00:00,2438.0,2442.0,2419.0,2422.0,138.9196,1634142599999,337336.1562,895,62.012,150477.9149,0
2021-10-13 16:30:00,2421.0,2427.0,2412.0,2413.0,57.1358,1634144399999,138268.0543,561,27.7931,67278.8333,0
2021-10-13 17:00:00,2415.0,2430.0,2414.0,2430.0,30.1454,1634146199999,72960.6491,230,16.1471,39105.2979,0
2021-10-13 17:30:00,2430.0,2436.0,2426.0,2432.0,15.2896,1634147999999,37184.3807,124,6.0601,14740.678999999998,0
2021-10-13 18:00:00,2432.0,2436.0,2425.0,2430.0,20.4656,1634149799999,49750.9976,188,4.9211,11959.7399,0
2021-10-13 18:30:00,2430.0,2438.0,2419.0,2422.0,22.9089,1634151599999,55633.5168,189,10.4924,25507.2252,0
2021-10-13 19:00:00,2423.0,2435.0,2421.0,2433.0,12.7805,1634153399999,31033.0908,141,8.1531,19799.4963,0
2021-10-13 19:30:00,2432.0,2445.0,2432.0,2440.0,39.0744,1634155199999,95380.5211,205,27.3958,66899.7049,0
2021-10-13 20:00:00,2440.0,2457.0,2435.0,2456.0,62.6467,1634156999999,153213.0209,375,26.6237,65138.9719,0
2021-10-13 20:30:00,2458.0,2471.0,2446.0,2463.0,57.3649,1634158799999,141305.1146,434,25.0943,61856.6824,0
2021-10-13 21:00:00,2464.0,2473.0,2453.0,2462.0,78.936,1634160599999,194561.0551,531,42.2437,104187.2077,0
2021-10-13 21:30:00,2464.0,2472.0,2464.0,2467.0,27.272,1634162399999,67299.4585,211,15.5145,38278.4272,0
2021-10-13 22:00:00,2471.0,2488.0,2464.0,2482.0,46.0422,1634164199999,114010.8107,377,21.6309,53528.3363,0
2021-10-13 22:30:00,2482.0,2492.0,2477.0,2486.0,21.2925,1634165999999,52909.3562,223,13.2147,32863.595,0
2021-10-13 23:00:00,2488.0,2489.0,2475.0,2489.0,25.8177,1634167799999,64037.9799,170,8.3648,20771.8885,0
2021-10-13 23:30:00,2489.0,2494.0,2483.0,2492.0,23.1059,1634169599999,57527.0634,182,9.1737,22845.2635,0
2021-10-14 00:00:00,2493.0,2500.0,2480.0,2484.0,52.4652,1634171399999,130594.0933,319,17.058,42538.2236,0
2021-10-14 00:30:00,2482.0,2491.0,2480.0,2486.0,11.5433,1634173199999,28687.6511,150,7.6779,19088.486,0
2021-10-14 01:00:00,2488.0,2499.0,2482.0,2491.0,25.2492,1634174999999,62918.6044,203,13.0354,32493.4202,0
2021-10-14 01:30:00,2492.0,2497.0,2482.0,2497.0,19.5883,1634176799999,48774.8268,139,7.6578,19071.1309,0
2021-10-14 02:00:00,2498.0,2509.0,2493.0,2498.0,36.5963,1634178599999,91544.5179,469,11.3897,28511.1463,0
2021-10-14 02:30:00,2498.0,2510.0,2497.0,2499.0,46.2186,1634180399999,115701.8101,249,23.7881,59534.5925,0
2021-10-14 03:00:00,2501.0,2512.0,2497.0,2506.0,30.4584,1634182199999,76355.5427,256,18.4411,46228.3079,0
2021-10-14 03:30:00,2506.0,2515.0,2501.0,2511.0,30.8343,1634183999999,77345.3829,299,15.9276,39956.4021,0
2021-10-14 04:00:00,2513.0,2515.0,2505.0,2509.0,14.8422,1634185799999,37233.3231,164,6.8562,17207.0024,0
2021-10-14 04:30:00,2507.0,2512.0,2501.0,2504.0,23.2794,1634187599999,58341.1763,257,11.0595,27717.6206,0
2021-10-14 05:00:00,2503.0,2508.0,2494.0,2496.0,29.1294,1634189399999,72828.5503,373,13.082,32705.2345,0
2021-10-14 05:30:00,2496.0,2504.0,2495.0,2500.0,42.8357,1634191199999,107077.7972,339,15.790999999999999,39472.294,0
2021-10-14 06:00:00,2500.0,2513.0,2497.0,2504.0,37.368,1634192999999,93700.6582,294,25.1876,63179.0649,0
2021-10-14 06:30:00,2506.0,2508.0,2487.0,2500.0,45.3013,1634194799999,113208.9855,474,26.1379,65336.0404,0
2021-10-14 07:00:00,2500.0,2512.0,2495.0,2504.0,49.4684,1634196599999,123692.6545,383,24.3184,60814.5618,0
2021-10-14 07:30:00,2503.0,2507.0,2496.0,2497.0,33.7944,1634198399999,84518.3553,569,18.9833,47485.7067,0
2021-10-14 08:00:00,2499.0,2510.0,2499.0,2510.0,48.8794,1634200199999,122362.7916,451,34.8284,87212.6726,0
2021-10-14 08:30:00,2510.0,2514.0,2502.0,2502.0,28.7624,1634201999999,72107.6008,272,8.1638,20487.7745,0
2021-10-14 09:00:00,2502.0,2506.0,2490.0,2496.0,31.8028,1634203799999,79456.147,290,13.543,33840.1711,0
2021-10-14 09:30:00,2496.0,2549.0,2496.0,2523.0,378.0258,1634205599999,954673.175,2288,202.8898,512468.9633,0
2021-10-14 10:00:00,2522.0,2524.0,2511.0,2511.0,26.7092,1634207399999,67219.1703,330,10.43,26260.455,0
2021-10-14 10:30:00,2514.0,2519.0,2509.0,2513.0,25.2512,1634209199999,63488.8283,344,5.5885,14062.1082,0
2021-10-14 11:00:00,2514.0,2550.0,2512.0,2545.0,76.5065,1634210999999,194066.41199999998,653,54.6593,138595.4247,0
2021-10-14 11:30:00,2545.0,2554.0,2540.0,2548.0,60.1509,1634212799999,153318.2242,602,23.9827,61126.1819,0
2021-10-14 12:00:00,2548.0,2557.0,2536.0,2556.0,72.0225,1634214599999,183703.9371,1730,36.8074,93916.0608,0
2021-10-14 12:30:00,2553.0,2569.0,2550.0,2559.0,134.2699,1634216399999,343887.2283,894,100.6775,257939.2162,0
2021-10-14 13:00:00,2560.0,2562.0,2548.0,2555.0,42.0453,1634218199999,107297.2429,313,16.1073,41121.5533,0
2021-10-14 13:30:00,2555.0,2568.0,2548.0,2560.0,114.7272,1634219999999,293743.3821,696,52.1926,133703.3637,0
2021-10-14 14:00:00,2559.0,2579.0,2559.0,2569.0,62.5057,1634221799999,160679.2535,575,31.2783,80411.2645,0
2021-10-14 14:30:00,2569.0,2578.0,2560.0,2574.0,54.9468,1634223599999,141160.635,507,30.5474,78545.8123,0
2021-10-14 15:00:00,2572.0,2603.0,2544.0,2599.0,186.0367,1634225399999,479524.3965,1225,123.5691,318801.2925,0
2021-10-14 15:30:00,2599.0,2607.0,2579.0,2589.0,90.2838,1634227199999,234179.6671,909,47.0576,122174.1051,0
2021-10-14 16:00:00,2590.0,2617.0,2579.0,2581.0,235.8123,1634228999999,613574.3935,1175,160.4243,417766.0318,0
2021-10-14 16:30:00,2579.0,2587.0,2564.0,2576.0,67.8454,1634230799999,174684.4637,478,29.5694,76174.1174,0
2021-10-14 17:00:00,2578.0,2592.0,2574.0,2590.0,49.3233,1634232599999,127508.2953,301,21.3492,55185.789000000004,0
2021-10-14 17:30:00,2588.0,2590.0,2569.0,2575.0,29.2858,1634234399999,75419.9385,399,14.9695,38537.8008,0
2021-10-14 18:00:00,2574.0,2576.0,2545.0,2550.0,95.88799999999999,1634236199999,245330.0114,595,42.7744,109384.9949,0
2021-10-14 18:30:00,2552.0,2565.0,2546.0,2560.0,91.2268,1634237999999,232843.9668,1432,72.4994,185067.7344,0
2021-10-14 19:00:00,2558.0,2559.0,2523.0,2526.0,63.4884,1634239799999,161157.3185,944,31.9422,81135.4746,0
2021-10-14 19:30:00,2526.0,2541.0,2526.0,2538.0,41.7515,1634241599999,105673.5726,248,13.3111,33728.4211,0
2021-10-14 20:00:00,2539.0,2540.0,2520.0,2522.0,26.0298,1634243399999,65791.7309,201,5.9891,15139.1294,0
2021-10-14 20:30:00,2519.0,2528.0,2519.0,2528.0,25.3138,1634245199999,63867.4146,233,10.657,26903.0938,0
2021-10-14 21:00:00,2525.0,2536.0,2522.0,2527.0,29.7588,1634246999999,75256.5406,347,16.1316,40811.7676,0
2021-10-14 21:30:00,2527.0,2540.0,2527.0,2534.0,19.833,1634248799999,50277.5792,223,9.7511,24712.9746,0
2021-10-14 22:00:00,2534.0,2535.0,2524.0,2525.0,9.9857,1634250599999,25259.734,189,4.185,10585.9519,0
2021-10-14 22:30:00,2525.0,2537.0,2523.0,2534.0,5.3023,1634252399999,13407.4532,171,3.5108,8877.4095,0
2021-10-14 23:00:00,2536.0,2542.0,2522.0,2528.0,7.8148,1634254199999,19787.3073,112,3.4362,8700.136999999999,0
2021-10-14 23:30:00,2530.0,2548.0,2530.0,2543.0,19.9571,1634255999999,50715.6705,506,13.9641,35493.4108,0
2021-10-15 00:00:00,2544.0,2545.0,2519.0,2519.0,26.326,1634257799999,66648.4322,511,14.6017,36976.6401,0
2021-10-15 00:30:00,2522.0,2529.0,2512.0,2519.0,46.2815,1634259599999,116646.2143,573,20.6031,51922.3298,0
2021-10-15 01:00:00,2521.0,2525.0,2495.0,2505.0,122.3615,1634261399999,306283.9532,623,70.3306,175976.2328,0
2021-10-15 01:30:00,2506.0,2516.0,2501.0,2508.0,27.3274,1634263199999,68496.1261,264,11.6217,29151.8101,0
2021-10-15 02:00:00,2506.0,2539.0,2497.0,2536.0,60.6015,1634264999999,152613.0658,555,40.7729,102730.5267,0
2021-10-15 02:30:00,2539.0,2575.0,2535.0,2571.0,82.3088,1634266799999,210779.8872,696,53.5615,137314.2827,0
2021-10-15 03:00:00,2571.0,2574.0,2557.0,2568.0,34.92,1634268599999,89606.1441,745,16.6728,42796.5587,0
2021-10-15 03:30:00,2569.0,2574.0,2565.0,2566.0,25.8722,1634270399999,66475.4817,640,12.1473,31221.3085,0
2021-10-15 04:00:00,2569.0,2574.0,2558.0,2566.0,27.682,1634272199999,71017.4339,626,16.2949,41811.5924,0
2021-10-15 04:30:00,2565.0,2568.0,2551.0,2561.0,35.6527,1634273999999,91166.5123,478,19.0453,48716.2851,0
2021-10-15 05:00:00,2559.0,2570.0,2553.0,2566.0,56.5482,1634275799999,144810.7925,694,40.1242,102749.2304,0
2021-10-15 05:30:00,2567.0,2595.0,2564.0,2578.0,85.8319,1634277599999,221488.35100000002,912,57.5225,148454.671,0
2021-10-15 06:00:00,2578.0,2579.0,2564.0,2567.0,50.5587,1634279399999,129938.1537,697,25.9753,66755.3102,0
2021-10-15 06:30:00,2566.0,2570.0,2554.0,2559.0,41.7254,1634281199999,106800.9172,618,18.3552,46989.4015,0
2021-10-15 07:00:00,2558.0,2562.0,2551.0,2551.0,25.7982,1634282999999,65954.1881,270,7.2048,18430.9822,0
2021-10-15 07:30:00,2554.0,2557.0,2548.0,2549.0,23.7448,1634284799999,60614.5584,256,9.6447,24634.4665,0
2021-10-15 08:00:00,2548.0,2552.0,2509.0,2518.0,153.745,1634286599999,389337.2995,1302,91.1064,230678.4927,0
2021-10-15 08:30:00,2519.0,2531.0,2507.0,2511.0,154.8743,1634288399999,390393.4321,1406,81.6446,205812.5993,0
2021-10-15 09:00:00,2512.0,2512.0,2469.0,2497.0,113.3253,1634290199999,282216.3864,1826,31.8478,79320.3735,0
2021-10-15 09:30:00,2495.0,2504.0,2491.0,2500.0,44.4578,1634291999999,111069.0825,344,20.9414,52355.5058,0
2021-10-15 10:00:00,2501.0,2504.0,2485.0,2497.0,45.6758,1634293799999,113954.3875,341,19.4864,48607.7003,0
2021-10-15 10:30:00,2496.0,2506.0,2493.0,2503.0,16.879,1634295599999,42217.0877,207,10.9055,27281.5879,0
2021-10-15 11:00:00,2503.0,2530.0,2502.0,2526.0,35.3134,1634297399999,88980.9803,436,22.0139,55465.7782,0
2021-10-15 11:30:00,2527.0,2534.0,2520.0,2523.0,30.1645,1634299199999,76259.0472,450,19.9697,50490.2943,0
2021-10-15 12:00:00,2522.0,2529.0,2511.0,2524.0,16.5228,1634300999999,41605.7215,562,10.3261,25992.0963,0
2021-10-15 12:30:00,2521.0,2524.0,2515.0,2516.0,11.0376,1634302799999,27796.898999999998,134,4.7802,12041.5835,0
2021-10-15 13:00:00,2516.0,2530.0,2507.0,2519.0,42.5817,1634304599999,107302.6588,326,18.0191,45418.0592,0
2021-10-15 13:30:00,2514.0,2533.0,2510.0,2519.0,55.6572,1634306399999,140296.0538,547,32.8613,82825.2696,0
2021-10-15 14:00:00,2517.0,2528.0,2508.0,2512.0,28.1601,1634308199999,70941.2777,198,13.0513,32890.4405,0
2021-10-15 14:30:00,2511.0,2520.0,2509.0,2517.0,17.5742,1634309999999,44177.21599999999,141,8.1063,20389.8495,0
2021-10-15 15:00:00,2516.0,2554.0,2514.0,2538.0,50.5529,1634311799999,128237.148,527,20.3256,51532.2618,0
2021-10-15 15:30:00,2539.0,2542.0,2523.0,2531.0,34.8015,1634313599999,88107.8461,360,16.5648,41942.3679,0
2021-10-15 16:00:00,2535.0,2547.0,2529.0,2536.0,40.2974,1634315399999,102249.789,321,15.4017,39116.9786,0
2021-10-15 16:30:00,2539.0,2559.0,2533.0,2555.0,62.4665,1634317199999,159269.3491,484,26.1001,66552.0373,0
2021-10-15 17:00:00,2558.0,2567.0,2547.0,2563.0,76.9014,1634318999999,196623.0759,598,36.0633,92306.4531,0
2021-10-15 17:30:00,2562.0,2568.0,2548.0,2551.0,45.7676,1634320799999,117102.7935,401,21.2681,54436.1083,0
2021-10-15 18:00:00,2552.0,2566.0,2552.0,2566.0,29.2883,1634322599999,74974.9225,335,16.765,42923.0065,0
2021-10-15 18:30:00,2566.0,2571.0,2561.0,2569.0,24.0652,1634324399999,61739.9814,270,9.1707,23537.892000000003,0
2021-10-15 19:00:00,2570.0,2572.0,2560.0,2567.0,42.4994,1634326199999,109097.1423,293,11.984000000000002,30750.3022,0
2021-10-15 19:30:00,2567.0,2569.0,2556.0,2568.0,36.3409,1634327999999,93125.5545,256,17.3929,44586.5498,0
2021-10-15 20:00:00,2567.0,2587.0,2560.0,2582.0,111.5295,1634329799999,286510.7669,740,44.3395,114008.7136,0
2021-10-15 20:30:00,2582.0,2588.0,2571.0,2583.0,34.537,1634331599999,89091.9802,262,17.099,44113.1351,0
2021-10-15 21:00:00,2581.0,2597.0,2571.0,2572.0,58.9547,1634333399999,152583.2917,506,21.8038,56431.7393,0
2021-10-15 21:30:00,2574.0,2577.0,2557.0,2565.0,36.6476,1634335199999,94146.9363,264,17.3066,44479.8834,0
2021-10-15 22:00:00,2565.0,2570.0,2560.0,2570.0,12.6987,1634336999999,32570.6153,125,5.0032,12832.3804,0
2021-10-15 22:30:00,2567.0,2572.0,2566.0,2568.0,21.0285,1634338799999,54037.562999999995,139,6.1817,15887.5983,0
2021-10-15 23:00:00,2569.0,2570.0,2563.0,2564.0,19.1102,1634340599999,49029.2349,128,7.8612,20171.2095,0
2021-10-15 23:30:00,2565.0,2570.0,2562.0,2566.0,12.207,1634342399999,31316.3758,177,3.5495,9109.2437,0
2021-10-16 00:00:00,2569.0,2580.0,2566.0,2577.0,47.5859,1634344199999,122493.6108,417,35.6892,91880.1466,0
2021-10-16 00:30:00,2576.0,2589.0,2574.0,2579.0,45.291000000000004,1634345999999,116931.9484,363,24.3568,62892.0826,0
2021-10-16 01:00:00,2574.0,2585.0,2574.0,2585.0,8.3447,1634347799999,21538.3632,137,4.0753,10518.8671,0
2021-10-16 01:30:00,2585.0,2585.0,2562.0,2579.0,20.6864,1634349599999,53200.6083,231,8.2942,21310.6662,0
2021-10-16 02:00:00,2576.0,2590.0,2569.0,2589.0,21.9485,1634351399999,56657.8668,663,16.2657,42003.3337,0
2021-10-16 02:30:00,2588.0,2595.0,2585.0,2586.0,21.4596,1634353199999,55555.3887,562,12.5856,32590.5683,0
2021-10-16 03:00:00,2587.0,2587.0,2576.0,2580.0,17.2446,1634354999999,44507.6429,180,4.0733,10516.9416,0
2021-10-16 03:30:00,2580.0,2581.0,2560.0,2564.0,65.8279,1634356799999,169336.4413,503,23.768,61149.7696,0
2021-10-16 04:00:00,2562.0,2591.0,2557.0,2579.0,47.5807,1634358599999,122664.7898,861,20.9037,53865.865999999995,0
2021-10-16 04:30:00,2579.0,2581.0,2571.0,2574.0,30.147,1634360399999,77698.9167,432,12.1578,31343.8533,0
2021-10-16 05:00:00,2574.0,2594.0,2568.0,2592.0,31.0493,1634362199999,80136.1356,265,17.6277,45532.0395,0
2021-10-16 05:30:00,2592.0,2599.0,2588.0,2591.0,17.8535,1634363999999,46295.8014,311,6.7141,17410.032,0
2021-10-16 06:00:00,2591.0,2600.0,2583.0,2592.0,96.0433,1634365799999,249027.5557,545,44.2284,114704.4473,0
2021-10-16 06:30:00,2594.0,2594.0,2579.0,2581.0,33.6374,1634367599999,86912.2275,392,17.6478,45624.4182,0
2021-10-16 07:00:00,2580.0,2581.0,2570.0,2577.0,14.287,1634369399999,36777.7801,259,7.9015,20352.888,0
2021-10-16 07:30:00,2574.0,2578.0,2570.0,2576.0,15.8555,1634371199999,40803.5593,158,5.6949,14665.1609,0
2021-10-16 08:00:00,2575.0,2601.0,2573.0,2601.0,36.325,1634372999999,93915.0074,428,12.1127,31315.1214,0
2021-10-16 08:30:00,2600.0,2612.0,2598.0,2610.0,41.1993,1634374799999,107272.8915,822,18.3043,47687.2696,0
2021-10-16 09:00:00,2610.0,2617.0,2597.0,2605.0,45.458999999999996,1634376599999,118491.1013,638,17.6714,46040.9701,0
2021-10-16 09:30:00,2603.0,2613.0,2600.0,2610.0,34.3104,1634378399999,89531.6741,332,20.7137,54043.7358,0
2021-10-16 10:00:00,2613.0,2633.0,2610.0,2628.0,93.78200000000001,1634380199999,245996.1994,819,50.4906,132337.8466,0
2021-10-16 10:30:00,2628.0,2655.0,2626.0,2629.0,150.6289,1634381999999,397462.0158,1495,89.1162,235051.164,0
2021-10-16 11:00:00,2628.0,2634.0,2627.0,2627.0,25.8109,1634383799999,67878.3138,780,17.2429,45346.5675,0
2021-10-16 11:30:00,2627.0,2659.0,2627.0,2654.0,45.147,1634385599999,119582.3267,1042,34.9416,92524.349,0
2021-10-16 12:00:00,2654.0,2656.0,2642.0,2644.0,31.2905,1634387399999,82885.9443,639,14.0678,37280.6852,0
2021-10-16 12:30:00,2645.0,2648.0,2611.0,2625.0,203.6731,1634389199999,535016.4398,1384,89.3361,234611.7676,0
2021-10-16 13:00:00,2626.0,2689.0,2620.0,2630.0,342.69,1634390999999,911226.0351,3130,216.5512,576175.6805,0
2021-10-16 13:30:00,2631.0,2638.0,2627.0,2638.0,45.9071,1634392799999,120899.3539,848,25.781,67915.0771,0
2021-10-16 14:00:00,2638.0,2654.0,2635.0,2644.0,41.3447,1634394599999,109309.5352,417,22.1841,58687.9933,0
2021-10-16 14:30:00,2642.0,2645.0,2621.0,2626.0,33.1478,1634396399999,87233.1329,366,15.1833,39947.6172,0
2021-10-16 15:00:00,2628.0,2632.0,2618.0,2627.0,24.7157,1634398199999,64868.3513,285,13.7829,36188.4812,0
2021-10-16 15:30:00,2626.0,2635.0,2624.0,2632.0,20.7904,1634399999999,54668.8404,334,11.0367,29028.2658,0
2021-10-16 16:00:00,2631.0,2635.0,2611.0,2612.0,37.9786,1634401799999,99610.7381,620,13.7748,36133.9102,0
2021-10-16 16:30:00,2612.0,2626.0,2609.0,2618.0,29.1473,1634403599999,76281.2548,400,11.8962,31147.9576,0
2021-10-16 17:00:00,2619.0,2619.0,2577.0,2587.0,103.391,1634405399999,267950.7548,1090,38.6577,100188.9626,0
2021-10-16 17:30:00,2586.0,2599.0,2586.0,2598.0,28.2253,1634407199999,73195.9424,337,13.7896,35773.3421,0
2021-10-16 18:00:00,2597.0,2599.0,2587.0,2589.0,14.6785,1634408999999,38054.6242,218,8.7978,22816.1892,0
2021-10-16 18:30:00,2589.0,2604.0,2588.0,2593.0,18.1254,1634410799999,47017.5027,250,10.3455,26844.7692,0
2021-10-16 19:00:00,2593.0,2596.0,2580.0,2588.0,11.9317,1634412599999,30886.532000000003,158,5.6115,14526.5135,0
2021-10-16 19:30:00,2589.0,2591.0,2575.0,2576.0,7.7096,1634414399999,19917.2586,138,1.4622,3775.1344,0
2021-10-16 20:00:00,2576.0,2580.0,2562.0,2576.0,33.4724,1634416199999,86089.9223,390,12.5941,32386.8618,0
2021-10-16 20:30:00,2577.0,2594.0,2573.0,2586.0,14.5766,1634417999999,37699.3495,235,7.3897,19101.648,0
2021-10-16 21:00:00,2586.0,2590.0,2575.0,2577.0,15.4943,1634419799999,40038.8875,178,6.2188,16075.9547,0
2021-10-16 21:30:00,2577.0,2581.0,2563.0,2565.0,27.2818,1634421599999,70250.5721,474,10.3255,26604.4735,0
2021-10-16 22:00:00,2565.0,2573.0,2554.0,2564.0,19.1594,1634423399999,49056.4345,217,7.4731,19144.2531,0
2021-10-16 22:30:00,2562.0,2602.0,2560.0,2597.0,49.5401,1634425199999,128368.7062,624,33.2238,86103.7255,0
2021-10-16 23:00:00,2595.0,2617.0,2586.0,2617.0,64.9456,1634426999999,169438.1731,816,28.7013,74907.9593,0
2021-10-16 23:30:00,2617.0,2622.0,2589.0,2594.0,45.6977,1634428799999,119306.1622,345,11.9876,31279.0581,0
2021-10-17 00:00:00,2595.0,2597.0,2564.0,2570.0,68.5033,1634430599999,176867.1351,592,21.4397,55353.3292,0
2021-10-17 00:30:00,2569.0,2604.0,2559.0,2597.0,59.1376,1634432399999,152557.3802,631,25.6912,66437.9957,0
2021-10-17 01:00:00,2600.0,2619.0,2598.0,2611.0,40.8984,1634434199999,106654.007,415,32.8809,85701.373,0
2021-10-17 01:30:00,2611.0,2616.0,2602.0,2606.0,26.9346,1634435999999,70238.9745,205,16.9083,44098.7729,0
2021-10-17 02:00:00,2606.0,2610.0,2602.0,2608.0,7.2164,1634437799999,18807.1219,213,4.8567,12658.3147,0
2021-10-17 02:30:00,2606.0,2610.0,2601.0,2605.0,8.9063,1634439599999,23206.39,163,3.5861,9345.8509,0
2021-10-17 03:00:00,2605.0,2616.0,2594.0,2616.0,14.9267,1634441399999,38817.068999999996,219,5.8836,15312.4357,0
2021-10-17 03:30:00,2615.0,2638.0,2604.0,2626.0,79.9958,1634443199999,209762.9944,896,40.8177,107048.5678,0
2021-10-17 04:00:00,2626.0,2628.0,2608.0,2608.0,37.1752,1634444999999,97191.3447,432,16.6216,43463.9762,0
2021-10-17 04:30:00,2610.0,2630.0,2607.0,2616.0,29.8884,1634446799999,78375.9158,497,14.0493,36806.0813,0
2021-10-17 05:00:00,2616.0,2618.0,2607.0,2608.0,8.1982,1634448599999,21425.4998,192,3.8930000000000002,10182.6952,0
2021-10-17 05:30:00,2608.0,2616.0,2605.0,2609.0,5.1899,1634450399999,13542.0797,162,4.0603,10593.3583,0
2021-10-17 06:00:00,2609.0,2622.0,2605.0,2617.0,20.7422,1634452199999,54233.4529,368,14.0903,36857.97,0
2021-10-17 06:30:00,2617.0,2625.0,2616.0,2623.0,13.5922,1634453999999,35615.6483,184,9.8174,25730.1199,0
2021-10-17 07:00:00,2623.0,2634.0,2621.0,2631.0,15.4119,1634455799999,40512.7915,247,7.1508,18803.0514,0
2021-10-17 07:30:00,2631.0,2631.0,2612.0,2618.0,24.2916,1634457599999,63583.2323,351,7.8241,20490.8479,0
2021-10-17 08:00:00,2618.0,2632.0,2616.0,2630.0,20.0168,1634459399999,52563.0184,253,10.5544,27729.0247,0
2021-10-17 08:30:00,2631.0,2636.0,2622.0,2625.0,14.4093,1634461199999,37871.5063,296,6.7757,17818.8862,0
2021-10-17 09:00:00,2623.0,2628.0,2618.0,2624.0,24.0083,1634462999999,62967.6622,315,11.3265,29717.9842,0
2021-10-17 09:30:00,2624.0,2631.0,2621.0,2624.0,17.8909,1634464799999,47008.4968,146,6.6203,17401.9059,0
2021-10-17 10:00:00,2624.0,2626.0,2605.0,2605.0,32.2881,1634466599999,84422.929,316,11.655,30493.6481,0
2021-10-17 10:30:00,2604.0,2616.0,2582.0,2601.0,110.557,1634468399999,287314.9087,528,27.5618,71762.6031,0
2021-10-17 11:00:00,2601.0,2613.0,2596.0,2598.0,52.8205,1634470199999,137521.6466,379,19.8271,51653.9126,0
2021-10-17 11:30:00,2598.0,2606.0,2593.0,2595.0,41.1049,1634471999999,106786.9069,438,14.7188,38237.6696,0
2021-10-17 12:00:00,2596.0,2599.0,2585.0,2588.0,8.9507,1634473799999,23187.4139,146,5.1869,13440.4332,0
2021-10-17 12:30:00,2587.0,2592.0,2582.0,2591.0,16.6475,1634475599999,43057.0049,174,8.7045,22519.9302,0
2021-10-17 13:00:00,2589.0,2600.0,2588.0,2598.0,18.2775,1634477399999,47399.0134,176,10.2886,26676.1543,0
2021-10-17 13:30:00,2597.0,2599.0,2582.0,2591.0,8.1908,1634479199999,21207.3268,115,5.4581,14122.0742,0
2021-10-17 14:00:00,2591.0,2598.0,2584.0,2589.0,28.6643,1634480999999,74296.5585,277,19.4749,50493.1559,0
2021-10-17 14:30:00,2588.0,2594.0,2583.0,2591.0,22.0788,1634482799999,57139.3116,190,11.4553,29667.1811,0
2021-10-17 15:00:00,2590.0,2592.0,2566.0,2567.0,20.5759,1634484599999,52992.5322,284,7.0963,18280.7722,0
2021-10-17 15:30:00,2569.0,2571.0,2546.0,2555.0,39.3175,1634486399999,100393.4026,365,7.6071,19422.3584,0
2021-10-17 16:00:00,2554.0,2564.0,2551.0,2563.0,43.8368,1634488199999,112151.9358,448,16.2204,41484.6576,0
2021-10-17 16:30:00,2563.0,2568.0,2559.0,2567.0,34.2318,1634489999999,87765.9293,430,6.4815,16624.8463,0
2021-10-17 17:00:00,2567.0,2573.0,2565.0,2571.0,18.5509,1634491799999,47651.4711,218,5.8259,14971.7566,0
2021-10-17 17:30:00,2573.0,2578.0,2570.0,2574.0,11.2361,1634493599999,28912.3267,157,3.7048,9532.9112,0
2021-10-17 18:00:00,2574.0,2582.0,2571.0,2579.0,24.2973,1634495399999,62614.1639,227,9.3314,24046.6344,0
2021-10-17 18:30:00,2581.0,2581.0,2568.0,2573.0,25.9438,1634497199999,66763.1244,233,10.3917,26751.3413,0
2021-10-17 19:00:00,2574.0,2574.0,2551.0,2557.0,15.19,1634498999999,38911.9732,147,4.604,11781.7882,0
2021-10-17 19:30:00,2557.0,2557.0,2539.0,2545.0,27.4252,1634500799999,69856.7732,238,11.6799,29756.4245,0
2021-10-17 20:00:00,2545.0,2545.0,2471.0,2493.0,111.3563,1634502599999,278995.4752,1511,38.9388,97646.2824,0
2021-10-17 20:30:00,2493.0,2508.0,2480.0,2494.0,50.9695,1634504399999,127121.2663,542,25.976,64776.2932,0
2021-10-17 21:00:00,2494.0,2507.0,2488.0,2495.0,35.2669,1634506199999,88074.7346,437,18.7204,46762.0878,0
2021-10-17 21:30:00,2494.0,2526.0,2494.0,2526.0,46.3452,1634507999999,116206.9192,426,25.9239,64923.1034,0
2021-10-17 22:00:00,2526.0,2559.0,2524.0,2542.0,73.7876,1634509799999,187521.698,669,21.9339,55727.0904,0
2021-10-17 22:30:00,2542.0,2554.0,2539.0,2552.0,33.9128,1634511599999,86384.5944,331,15.3613,39133.3115,0
2021-10-17 23:00:00,2554.0,2555.0,2543.0,2545.0,17.8224,1634513399999,45437.7713,262,4.0028,10205.9171,0
2021-10-17 23:30:00,2543.0,2554.0,2539.0,2549.0,16.0261,1634515199999,40814.7534,159,7.5384,19197.622,0
2021-10-18 00:00:00,2552.0,2562.0,2548.0,2560.0,42.5029,1634516999999,108597.8023,362,17.4987,44706.1834,0
2021-10-18 00:30:00,2561.0,2578.0,2558.0,2571.0,46.2607,1634518799999,118946.2352,566,26.1003,67085.2824,0
2021-10-18 01:00:00,2573.0,2573.0,2557.0,2569.0,14.1611,1634520599999,36320.1927,216,11.7796,30207.6432,0
2021-10-18 01:30:00,2569.0,2576.0,2564.0,2564.0,9.5716,1634522399999,24590.5402,123,2.6867,6900.6375,0
2021-10-18 02:00:00,2565.0,2570.0,2558.0,2560.0,11.5404,1634524199999,29610.7326,185,6.8447,17569.4052,0
2021-10-18 02:30:00,2558.0,2567.0,2558.0,2563.0,14.5282,1634525999999,37225.6098,163,9.617,24644.01,0
2021-10-18 03:00:00,2562.0,2566.0,2535.0,2544.0,424.5766,1634527799999,1081431.8376,7326,156.9597,399787.5793,0
2021-10-18 03:30:00,2545.0,2546.0,2531.0,2541.0,25.7463,1634529599999,65373.2198,382,11.2499,28577.7301,0
2021-10-18 04:00:00,2542.0,2544.0,2525.0,2531.0,25.0479,1634531399999,63432.1063,428,11.6619,29532.0194,0
2021-10-18 04:30:00,2533.0,2547.0,2531.0,2546.0,13.9107,1634533199999,35294.7015,319,4.4998,11422.0841,0
2021-10-18 05:00:00,2546.0,2546.0,2528.0,2532.0,30.3599,1634534999999,76939.7519,351,7.781000000000001,19744.9778,0
2021-10-18 05:30:00,2532.0,2537.0,2530.0,2536.0,30.776,1634536799999,77982.5176,555,22.4932,57000.2438,0
2021-10-18 06:00:00,2536.0,2537.0,2523.0,2525.0,28.0815,1634538599999,71112.8291,636,21.3552,54088.6028,0
2021-10-18 06:30:00,2524.0,2525.0,2511.0,2521.0,53.9701,1634540399999,135888.4628,808,28.6457,72113.3962,0
2021-10-18 07:00:00,2521.0,2525.0,2518.0,2525.0,22.6885,1634542199999,57244.1446,311,19.9121,50243.4644,0
2021-10-18 07:30:00,2525.0,2530.0,2495.0,2498.0,110.6132,1634543999999,277644.7166,1252,62.852,157657.3318,0
2021-10-18 08:00:00,2498.0,2520.0,2490.0,2514.0,60.9622,1634545799999,152590.2228,1047,47.313,118435.8803,0
2021-10-18 08:30:00,2514.0,2523.0,2491.0,2497.0,43.8536,1634547599999,109808.1895,721,25.0012,62622.9827,0
2021-10-18 09:00:00,2496.0,2508.0,2491.0,2507.0,31.8222,1634549399999,79572.4511,380,20.4202,51077.6565,0
2021-10-18 09:30:00,2509.0,2512.0,2467.0,2487.0,78.2805,1634551199999,194793.9579,864,49.3637,122829.7603,0
2021-10-18 10:00:00,2486.0,2486.0,2456.0,2474.0,72.3103,1634552999999,178607.4779,993,45.6314,112740.606,0
2021-10-18 10:30:00,2472.0,2487.0,2472.0,2482.0,102.9244,1634554799999,255265.0303,1366,67.6281,167789.1737,0
2021-10-18 11:00:00,2481.0,2481.0,2468.0,2475.0,46.2009,1634556599999,114369.6772,807,29.8165,73820.371,0
2021-10-18 11:30:00,2474.0,2479.0,2440.0,2459.0,101.5602,1634558399999,249404.6963,1511,55.6814,136797.8598,0
2021-10-18 12:00:00,2460.0,2472.0,2447.0,2460.0,78.9608,1634560199999,194384.9156,703,34.8574,85834.8918,0
2021-10-18 12:30:00,2460.0,2471.0,2448.0,2463.0,52.7636,1634561999999,129938.0941,543,23.8877,58779.4158,0
2021-10-18 13:00:00,2463.0,2471.0,2431.0,2470.0,119.1625,1634563799999,291779.2668,782,52.8721,129540.5198,0
2021-10-18 13:30:00,2471.0,2503.0,2470.0,2498.0,94.179,1634565599999,234416.5353,867,58.6884,146102.59900000002,0
2021-10-18 14:00:00,2499.0,2505.0,2490.0,2497.0,64.0696,1634567399999,159980.6919,504,35.6063,88882.8094,0
2021-10-18 14:30:00,2496.0,2499.0,2472.0,2479.0,104.7967,1634569199999,260389.2274,560,40.9907,102058.8993,0
2021-10-18 15:00:00,2479.0,2481.0,2459.0,2464.0,27.0776,1634570999999,66869.775,226,10.8273,26743.5674,0
2021-10-18 15:30:00,2463.0,2476.0,2463.0,2474.0,13.0981,1634572799999,32339.6565,114,7.7031,19020.9249,0
2021-10-18 16:00:00,2471.0,2482.0,2465.0,2467.0,21.7892,1634574599999,53873.666,133,13.1856,32616.6948,0
2021-10-18 16:30:00,2466.0,2476.0,2452.0,2470.0,123.9979,1634576399999,305640.7252,508,75.649,186593.0432,0
2021-10-18 17:00:00,2470.0,2476.0,2466.0,2472.0,17.8152,1634578199999,44020.4098,242,6.2107,15355.2307,0
2021-10-18 17:30:00,2470.0,2478.0,2460.0,2460.0,24.1671,1634579999999,59783.0235,195,10.7404,26573.2646,0
2021-10-18 18:00:00,2460.0,2477.0,2459.0,2477.0,10.0367,1634581799999,24789.4092,96,6.8473,16925.3798,0
2021-10-18 18:30:00,2477.0,2482.0,2474.0,2478.0,12.9371,1634583599999,32042.017999999996,161,7.61,18851.0511,0
2021-10-18 19:00:00,2479.0,2479.0,2456.0,2476.0,41.715,1634585399999,103032.3314,260,28.5253,70483.796,0
2021-10-18 19:30:00,2473.0,2516.0,2471.0,2500.0,115.6929,1634587199999,288980.4482,777,75.5327,188731.5152,0
2021-10-18 20:00:00,2500.0,2509.0,2492.0,2507.0,44.7022,1634588999999,111712.9527,474,27.7616,69366.9807,0
2021-10-18 20:30:00,2504.0,2513.0,2498.0,2499.0,16.0463,1634590799999,40210.3894,214,5.9846,14998.1297,0
2021-10-18 21:00:00,2496.0,2498.0,2486.0,2498.0,28.5192,1634592599999,71052.359,371,18.9118,47125.0957,0
2021-10-18 21:30:00,2500.0,2507.0,2497.0,2502.0,12.124,1634594399999,30328.2506,120,2.4347,6091.2768,0
2021-10-18 22:00:00,2502.0,2502.0,2487.0,2489.0,11.1865,1634596199999,27903.0739,127,3.2913,8220.1735,0
2021-10-18 22:30:00,2489.0,2503.0,2486.0,2503.0,8.3193,1634597999999,20759.7792,107,3.5491,8862.6523,0
2021-10-18 23:00:00,2503.0,2511.0,2500.0,2510.0,26.7762,1634599799999,67128.6852,295,14.5304,36425.9393,0
2021-10-18 23:30:00,2509.0,2512.0,2504.0,2508.0,14.6468,1634601599999,36725.0926,151,4.125,10341.6579,0
2021-10-19 00:00:00,2508.0,2519.0,2500.0,2512.0,16.0671,1634603399999,40356.1477,284,5.6021,14079.0984,0
2021-10-19 00:30:00,2509.0,2511.0,2500.0,2500.0,22.48,1634605199999,56279.5109,268,5.7619,14422.1853,0
2021-10-19 01:00:00,2501.0,2514.0,2492.0,2514.0,22.8261,1634606999999,57030.1949,345,13.007,32486.199,0
2021-10-19 01:30:00,2515.0,2522.0,2511.0,2518.0,27.3158,1634608799999,68813.3304,203,13.2379,33347.1219,0
2021-10-19 02:00:00,2518.0,2519.0,2505.0,2508.0,27.3076,1634610599999,68607.0928,259,10.9871,27603.4375,0
2021-10-19 02:30:00,2510.0,2510.0,2502.0,2506.0,28.669,1634612399999,71870.3073,262,21.0275,52714.4217,0
2021-10-19 03:00:00,2508.0,2522.0,2499.0,2518.0,47.0959,1634614199999,118335.0471,555,25.8165,64903.8301,0
2021-10-19 03:30:00,2517.0,2524.0,2507.0,2523.0,25.1102,1634615999999,63195.0029,485,13.6079,34240.8138,0
2021-10-19 04:00:00,2523.0,2523.0,2516.0,2519.0,12.2345,1634617799999,30812.5159,325,5.3094,13375.1015,0
2021-10-19 04:30:00,2519.0,2519.0,2500.0,2505.0,24.5933,1634619599999,61672.3189,397,7.6662,19220.7063,0
2021-10-19 05:00:00,2506.0,2507.0,2494.0,2496.0,24.4982,1634621399999,61240.4928,187,10.6809,26705.6851,0
2021-10-19 05:30:00,2496.0,2503.0,2494.0,2497.0,27.2614,1634623199999,68125.9622,293,12.5665,31405.8795,0
2021-10-19 06:00:00,2496.0,2504.0,2487.0,2490.0,17.359,1634624999999,43317.7878,281,8.0005,19978.2116,0
2021-10-19 06:30:00,2492.0,2493.0,2475.0,2481.0,49.3801,1634626799999,122731.212,479,18.2714,45397.1044,0
2021-10-19 07:00:00,2482.0,2490.0,2478.0,2486.0,18.9798,1634628599999,47168.8137,316,10.5203,26144.0198,0
2021-10-19 07:30:00,2483.0,2491.0,2482.0,2490.0,11.6859,1634630399999,29048.1357,151,5.4654,13590.4737,0
2021-10-19 08:00:00,2490.0,2494.0,2481.0,2484.0,9.3986,1634632199999,23375.9473,234,5.4593,13582.1043,0
2021-10-19 08:30:00,2486.0,2496.0,2473.0,2495.0,21.1623,1634633999999,52584.435,207,11.1643,27736.69,0
2021-10-19 09:00:00,2498.0,2498.0,2476.0,2483.0,14.852,1634635799999,36861.3315,197,7.9451,19706.0996,0
2021-10-19 09:30:00,2479.0,2490.0,2479.0,2487.0,24.761999999999997,1634637599999,61541.215,172,14.8763,36977.425,0
2021-10-19 10:00:00,2489.0,2491.0,2477.0,2480.0,29.2975,1634639399999,72746.6299,343,14.8554,36907.2768,0
2021-10-19 10:30:00,2477.0,2482.0,2474.0,2478.0,26.8653,1634641199999,66602.9451,461,21.276,52748.1326,0
2021-10-19 11:00:00,2477.0,2487.0,2474.0,2486.0,29.0495,1634642999999,72028.8688,365,18.2742,45337.6294,0
2021-10-19 11:30:00,2485.0,2502.0,2483.0,2484.0,124.2385,1634644799999,309358.5493,855,71.538,178131.5475,0
2021-10-19 12:00:00,2484.0,2485.0,2476.0,2481.0,52.4564,1634646599999,130146.2159,1228,44.1869,109634.5011,0
2021-10-19 12:30:00,2479.0,2485.0,2477.0,2481.0,25.8117,1634648399999,64054.0175,414,15.4026,38231.5606,0
2021-10-19 13:00:00,2481.0,2490.0,2476.0,2485.0,20.9764,1634650199999,52083.9858,179,14.1767,35205.077000000005,0
2021-10-19 13:30:00,2485.0,2503.0,2472.0,2476.0,63.2971,1634651999999,157380.7268,472,40.8779,101725.3853,0
2021-10-19 14:00:00,2476.0,2479.0,2441.0,2466.0,79.8571,1634653799999,196714.051,721,42.8604,105594.4904,0
2021-10-19 14:30:00,2468.0,2491.0,2459.0,2487.0,29.903000000000002,1634655599999,74071.0569,289,15.7299,38947.8512,0
2021-10-19 15:00:00,2485.0,2488.0,2479.0,2480.0,6.7758,1634657399999,16833.9388,53,3.7686,9366.0401,0
2021-10-19 15:00:00,2485.0,2488.0,2473.0,2476.0,18.0507,1634657399999,44807.4215,142,10.6281,26385.4143,0
2021-10-19 15:30:00,2476.0,2479.0,2465.0,2465.0,20.3283,1634659199999,50270.8751,153,6.4937,16057.4762,0
2021-10-19 16:00:00,2469.0,2471.0,2464.0,2468.0,17.0599,1634660999999,42080.518,147,9.6428,23793.8499,0
2021-10-19 16:30:00,2464.0,2474.0,2464.0,2473.0,21.2881,1634662799999,52529.038,205,14.4134,35571.4022,0
2021-10-19 17:00:00,2472.0,2483.0,2469.0,2481.0,8.8997,1634664599999,22048.4277,114,4.1676,10326.4752,0
2021-10-19 17:30:00,2479.0,2484.0,2476.0,2481.0,11.7573,1634666399999,29162.5827,146,7.9879,19817.2831,0
2021-10-19 18:00:00,2480.0,2486.0,2471.0,2485.0,38.2961,1634668199999,94900.3051,226,16.2239,40192.4785,0
2021-10-19 18:30:00,2486.0,2495.0,2480.0,2492.0,20.2959,1634669999999,50483.9059,294,9.2771,23074.5407,0
2021-10-19 19:00:00,2493.0,2512.0,2493.0,2511.0,62.6762,1634671799999,157028.0244,690,33.6384,84281.287,0
2021-10-19 19:30:00,2512.0,2518.0,2505.0,2510.0,49.6107,1634673599999,124561.4167,435,30.2685,76022.047,0
2021-10-19 20:00:00,2509.0,2519.0,2478.0,2478.0,331.9315,1634675399999,826865.7779,1400,185.8912,462342.0218,0
2021-10-19 20:30:00,2480.0,2504.0,2474.0,2499.0,93.9616,1634677199999,234192.5509,749,50.4638,125806.9458,0
2021-10-19 21:00:00,2500.0,2510.0,2497.0,2507.0,28.9732,1634678999999,72517.8433,345,11.5093,28807.1709,0
2021-10-19 21:30:00,2508.0,2515.0,2499.0,2500.0,56.3946,1634680799999,141531.1143,413,34.0119,85389.3978,0
2021-10-19 22:00:00,2500.0,2504.0,2492.0,2497.0,46.2495,1634682599999,115535.4116,459,20.1748,50417.7817,0
2021-10-19 22:30:00,2497.0,2509.0,2478.0,2500.0,236.5779,1634684399999,589777.7653,1609,110.5096,275590.7758,0
2021-10-19 23:00:00,2501.0,2504.0,2498.0,2500.0,14.2352,1634686199999,35594.0134,208,5.2143,13044.2378,0
2021-10-19 23:30:00,2500.0,2502.0,2491.0,2492.0,36.1407,1634687999999,90202.2284,433,8.4598,21109.2773,0
2021-10-20 00:00:00,2493.0,2500.0,2481.0,2483.0,31.2251,1634689799999,77725.191,456,13.6319,33919.9617,0
2021-10-20 00:30:00,2484.0,2490.0,2477.0,2485.0,28.548,1634691599999,70893.831,353,19.8147,49207.8853,0
2021-10-20 01:00:00,2485.0,2494.0,2475.0,2491.0,35.1555,1634693399999,87277.9954,382,16.2974,40481.623,0
2021-10-20 01:30:00,2489.0,2495.0,2485.0,2485.0,28.9864,1634695199999,72182.8565,243,22.1774,55239.6621,0
2021-10-20 02:00:00,2486.0,2488.0,2474.0,2480.0,58.7658,1634696999999,145694.0469,742,44.1809,109543.4777,0
2021-10-20 02:30:00,2480.0,2483.0,2474.0,2476.0,25.9825,1634698799999,64403.8466,343,16.7871,41616.1641,0
2021-10-20 03:00:00,2480.0,2481.0,2475.0,2480.0,40.1363,1634700599999,99477.7367,572,30.505,75616.3778,0
2021-10-20 03:30:00,2480.0,2481.0,2472.0,2475.0,29.5713,1634702399999,73276.0601,374,16.139,40004.2253,0
2021-10-20 04:00:00,2476.0,2479.0,2470.0,2479.0,37.3728,1634704199999,92454.7081,349,14.3519,35524.092,0
2021-10-20 04:30:00,2479.0,2485.0,2470.0,2476.0,92.2084,1634705999999,228126.988,767,38.4959,95257.9827,0
2021-10-20 05:00:00,2478.0,2478.0,2469.0,2470.0,22.0634,1634707799999,54556.4979,359,14.0124,34653.2461,0
2021-10-20 05:30:00,2471.0,2473.0,2460.0,2467.0,24.318,1634709599999,59964.4868,443,12.4101,30605.9022,0
2021-10-20 06:00:00,2468.0,2477.0,2465.0,2465.0,26.984,1634711399999,66693.3979,508,14.1414,34963.8814,0
2021-10-20 06:30:00,2465.0,2474.0,2465.0,2473.0,23.4645,1634713199999,57909.2691,492,10.9895,27127.5632,0
2021-10-20 07:00:00,2474.0,2476.0,2469.0,2476.0,31.8809,1634714999999,78814.2186,797,13.4164,33173.946,0
2021-10-20 07:30:00,2476.0,2481.0,2473.0,2479.0,17.9161,1634716799999,44380.9657,349,10.1602,25166.3911,0
2021-10-20 08:00:00,2479.0,2481.0,2468.0,2469.0,64.5818,1634718599999,159788.3803,527,23.666,58540.2484,0
2021-10-20 08:30:00,2469.0,2471.0,2463.0,2466.0,58.8295,1634720399999,145115.8636,1028,41.9143,103401.5702,0
2021-10-20 09:00:00,2465.0,2478.0,2462.0,2473.0,68.9863,1634722199999,170407.2935,910,50.5636,124907.3685,0
2021-10-20 09:30:00,2472.0,2479.0,2471.0,2478.0,21.2569,1634723999999,52619.2983,342,11.4468,28343.3901,0
2021-10-20 10:00:00,2478.0,2481.0,2473.0,2475.0,18.4788,1634725799999,45786.0269,358,9.6515,23920.3871,0
2021-10-20 10:30:00,2476.0,2479.0,2472.0,2475.0,19.7451,1634727599999,48895.4437,225,12.3944,30701.5408,0
2021-10-20 11:00:00,2477.0,2478.0,2461.0,2465.0,126.4663,1634729399999,311933.295,1231,74.1835,183002.3589,0
2021-10-20 11:30:00,2463.0,2484.0,2463.0,2480.0,143.8643,1634731199999,356162.3942,1047,105.5948,261463.8912,0
2021-10-20 12:00:00,2480.0,2539.0,2480.0,2523.0,337.7916,1634732999999,849503.3316,3056,226.5045,569367.1877,0
2021-10-20 12:30:00,2523.0,2534.0,2514.0,2529.0,82.8513,1634734799999,209311.976,1313,32.6141,82428.1058,0
2021-10-20 13:00:00,2529.0,2530.0,2514.0,2516.0,90.8669,1634736599999,229076.4792,870,48.251,121634.5386,0
2021-10-20 13:30:00,2516.0,2535.0,2504.0,2528.0,126.8501,1634738399999,319824.9236,874,60.6181,152815.1522,0
2021-10-20 14:00:00,2528.0,2546.0,2523.0,2545.0,76.5261,1634740199999,193931.8255,899,41.3615,104802.3528,0
2021-10-20 14:30:00,2542.0,2554.0,2537.0,2543.0,87.1733,1634741999999,221867.7421,804,30.3627,77294.5916,0
2021-10-20 15:00:00,2543.0,2552.0,2531.0,2541.0,59.0154,1634743799999,150003.8009,449,23.0682,58625.4989,0
2021-10-20 15:30:00,2541.0,2554.0,2541.0,2553.0,41.9412,1634745599999,106926.7298,398,13.6923,34917.8843,0
2021-10-20 16:00:00,2553.0,2565.0,2544.0,2554.0,80.3494,1634747399999,205449.862,622,49.2638,126005.7476,0
2021-10-20 16:30:00,2553.0,2558.0,2548.0,2554.0,54.4763,1634749199999,139144.8432,421,36.4936,93232.7148,0
2021-10-20 17:00:00,2553.0,2558.0,2535.0,2548.0,51.4678,1634750999999,130994.9379,385,15.8333,40331.829,0
2021-10-20 17:30:00,2548.0,2558.0,2545.0,2556.0,31.2781,1634752799999,79798.851,344,13.1133,33461.356,0
2021-10-20 18:00:00,2558.0,2562.0,2556.0,2557.0,19.5044,1634754599999,49894.5853,200,8.9133,22806.8231,0
2021-10-20 18:30:00,2558.0,2575.0,2557.0,2573.0,36.8644,1634756399999,94637.9431,402,24.282,62336.5947,0
2021-10-20 19:00:00,2573.0,2589.0,2573.0,2588.0,98.0671,1634758199999,253167.0981,973,66.0909,170652.6658,0
2021-10-20 19:30:00,2587.0,2588.0,2577.0,2584.0,31.9034,1634759999999,82400.849,510,16.0808,41542.0658,0
2021-10-20 20:00:00,2584.0,2584.0,2550.0,2552.0,97.311,1634761799999,249641.2345,849,46.4072,119120.9714,0
2021-10-20 20:30:00,2551.0,2578.0,2550.0,2572.0,38.025,1634763599999,97552.5279,387,20.4324,52477.4801,0
2021-10-20 21:00:00,2572.0,2578.0,2570.0,2577.0,20.3258,1634765399999,52334.935,226,14.2166,36612.3014,0
2021-10-20 21:30:00,2578.0,2589.0,2569.0,2588.0,38.0732,1634767199999,98280.792,414,25.4642,65740.3969,0
2021-10-20 22:00:00,2588.0,2595.0,2581.0,2591.0,26.2524,1634768999999,67960.0726,292,12.2034,31598.9677,0
2021-10-20 22:30:00,2592.0,2597.0,2587.0,2590.0,28.032,1634770799999,72641.7356,296,10.9672,28434.94,0
2021-10-20 23:00:00,2589.0,2597.0,2585.0,2591.0,26.998,1634772599999,69945.9985,326,10.528,27282.7511,0
2021-10-20 23:30:00,2590.0,2598.0,2584.0,2595.0,23.6644,1634774399999,61308.7646,218,10.2525,26577.4541,0
2021-10-21 00:00:00,2597.0,2614.0,2592.0,2613.0,52.224,1634776199999,135818.0207,587,41.81,108738.0736,0
2021-10-21 00:30:00,2611.0,2630.0,2605.0,2620.0,96.8749,1634777999999,253669.7341,1009,39.1557,102568.9743,0
2021-10-21 01:00:00,2618.0,2638.0,2617.0,2636.0,41.1284,1634779799999,108174.6218,452,26.3284,69262.2497,0
2021-10-21 01:30:00,2638.0,2645.0,2595.0,2613.0,69.4235,1634781599999,182044.0709,767,35.7733,93847.0662,0
2021-10-21 02:00:00,2613.0,2622.0,2579.0,2606.0,94.4263,1634783399999,245786.0827,588,44.891,116790.9059,0
2021-10-21 02:30:00,2605.0,2625.0,2598.0,2613.0,48.3385,1634785199999,125982.2396,281,21.3853,55783.0492,0
2021-10-21 03:00:00,2615.0,2624.0,2610.0,2613.0,33.7769,1634786999999,88398.835,399,17.2114,45062.0156,0
2021-10-21 03:30:00,2614.0,2619.0,2601.0,2607.0,55.3987,1634788799999,144481.3588,528,22.5152,58729.7564,0
2021-10-21 04:00:00,2606.0,2613.0,2599.0,2602.0,20.1745,1634790599999,52590.4401,327,7.324,19089.0255,0
2021-10-21 04:30:00,2602.0,2608.0,2591.0,2599.0,95.6744,1634792399999,248690.8224,1159,51.1779,133016.9607,0
2021-10-21 05:00:00,2600.0,2617.0,2597.0,2615.0,19.358,1634794199999,50532.7306,190,7.2528,18933.5549,0
2021-10-21 05:30:00,2614.0,2628.0,2596.0,2598.0,118.6178,1634795999999,309305.4554,1205,71.7558,187039.4877,0
2021-10-21 06:00:00,2598.0,2602.0,2578.0,2586.0,69.6322,1634797799999,180599.5566,836,41.7273,108303.9204,0
2021-10-21 06:30:00,2584.0,2588.0,2570.0,2585.0,84.5751,1634799599999,218017.8737,511,32.1693,82936.3771,0
2021-10-21 07:00:00,2584.0,2594.0,2575.0,2594.0,32.6127,1634801399999,84301.4335,354,19.141,49501.171,0
2021-10-21 07:30:00,2594.0,2604.0,2592.0,2602.0,23.8758,1634803199999,62046.4643,362,15.1955,39496.3841,0
2021-10-21 08:00:00,2600.0,2619.0,2600.0,2612.0,71.9158,1634804999999,187694.4871,433,41.1595,107370.3447,0
2021-10-21 08:30:00,2611.0,2624.0,2611.0,2618.0,42.9567,1634806799999,112456.6488,365,20.9932,54959.7186,0
2021-10-21 09:00:00,2618.0,2642.0,2618.0,2638.0,62.0134,1634808599999,163256.4907,651,40.5151,106719.1025,0
2021-10-21 09:30:00,2638.0,2656.0,2635.0,2655.0,83.8257,1634810399999,221790.6135,1053,44.1076,116787.802,0
2021-10-21 10:00:00,2655.0,2671.0,2652.0,2655.0,117.7415,1634812199999,313414.2091,1043,74.1029,197282.9961,0
2021-10-21 10:30:00,2656.0,2669.0,2655.0,2667.0,37.5646,1634813999999,100062.3538,425,20.585,54853.1476,0
2021-10-21 11:00:00,2669.0,2697.0,2663.0,2694.0,102.2901,1634815799999,273782.194,1114,50.9177,136309.09,0
2021-10-21 11:30:00,2694.0,2706.0,2596.0,2617.0,487.9555,1634817599999,1291844.5877,4021,207.4737,549612.4735,0
2021-10-21 12:00:00,2617.0,2630.0,2597.0,2628.0,122.4395,1634819399999,320252.67,1134,60.0664,157067.0861,0
2021-10-21 12:30:00,2629.0,2653.0,2629.0,2645.0,74.5462,1634821199999,197033.4155,587,43.1106,113919.6595,0
2021-10-21 13:00:00,2645.0,2680.0,2634.0,2676.0,85.1566,1634822999999,226213.5311,666,48.3195,128471.9729,0
2021-10-21 13:30:00,2676.0,2687.0,2639.0,2647.0,195.4908,1634824799999,520616.8603,1957,94.1088,250672.6386,0
2021-10-21 14:00:00,2645.0,2657.0,2586.0,2594.0,168.7364,1634826599999,441178.4557,1791,64.8477,169905.0359,0
2021-10-21 14:30:00,2595.0,2614.0,2575.0,2601.0,182.1983,1634828399999,474090.1904,1225,82.4513,214544.333,0
2021-10-21 15:00:00,2597.0,2612.0,2541.0,2550.0,127.8042,1634830199999,329768.8853,1182,54.923,141994.1738,0
2021-10-21 15:30:00,2551.0,2572.0,2546.0,2561.0,113.0697,1634831999999,289405.0008,913,51.6795,132263.6769,0
2021-10-21 16:00:00,2558.0,2597.0,2556.0,2593.0,71.8459,1634833799999,185327.9259,547,33.7661,87090.7365,0
2021-10-21 16:30:00,2596.0,2598.0,2548.0,2553.0,133.0182,1634835599999,342367.6283,611,76.0081,195709.7241,0
2021-10-21 17:00:00,2552.0,2595.0,2551.0,2589.0,106.2824,1634837399999,274161.7675,599,34.6296,89141.586,0
2021-10-21 17:30:00,2588.0,2607.0,2565.0,2577.0,220.9796,1634839199999,571604.5129,1228,78.9117,204035.843,0
2021-10-21 18:00:00,2575.0,2612.0,2575.0,2609.0,105.519,1634840999999,274008.6412,1543,73.3726,190484.0003,0
2021-10-21 18:30:00,2611.0,2612.0,2580.0,2583.0,45.6266,1634842799999,118298.579,470,26.7898,69402.5811,0
2021-10-21 19:00:00,2585.0,2607.0,2583.0,2603.0,41.4333,1634844599999,107650.0271,418,27.1984,70650.2542,0
2021-10-21 19:30:00,2605.0,2614.0,2582.0,2592.0,45.0468,1634846399999,117037.318,517,17.2196,44754.8762,0
2021-10-21 20:00:00,2589.0,2599.0,2575.0,2582.0,83.0304,1634848199999,214534.6382,451,27.5382,71219.0421,0
2021-10-21 20:30:00,2582.0,2609.0,2578.0,2601.0,42.6036,1634849999999,110560.1349,579,23.9842,62276.4892,0
2021-10-21 21:00:00,2604.0,2619.0,2594.0,2597.0,82.1837,1634851799999,214206.2309,473,42.986,112077.4699,0
2021-10-21 21:30:00,2597.0,2610.0,2590.0,2605.0,33.2355,1634853599999,86386.7968,306,16.6773,43335.1292,0
2021-10-21 22:00:00,2605.0,2607.0,2578.0,2590.0,33.9828,1634855399999,88102.7844,676,22.3871,58062.674,0
2021-10-21 22:30:00,2589.0,2589.0,2570.0,2572.0,65.7979,1634857199999,169194.5879,287,9.8203,25296.8376,0
2021-10-21 23:00:00,2573.0,2588.0,2570.0,2570.0,58.9458,1634858999999,151641.4601,518,15.3161,39482.4008,0
2021-10-21 23:30:00,2572.0,2580.0,2570.0,2570.0,30.4251,1634860799999,78321.5056,268,21.3633,55013.2883,0
2021-10-22 00:00:00,2573.0,2601.0,2568.0,2597.0,86.9287,1634862599999,224654.5555,800,48.0711,124362.9987,0
2021-10-22 00:30:00,2597.0,2607.0,2595.0,2604.0,34.942,1634864399999,90910.9249,560,20.9765,54597.826,0
2021-10-22 01:00:00,2606.0,2621.0,2603.0,2620.0,38.9013,1634866199999,101664.5709,394,25.9792,67918.0483,0
2021-10-22 01:30:00,2620.0,2622.0,2600.0,2600.0,24.8323,1634867999999,64970.0393,178,12.023,31476.0474,0
2021-10-22 02:00:00,2602.0,2616.0,2600.0,2615.0,46.4035,1634869799999,121050.5141,226,38.7289,101019.0862,0
2021-10-22 02:30:00,2615.0,2615.0,2592.0,2600.0,19.6042,1634871599999,51015.8891,201,6.4154,16712.368,0
2021-10-22 03:00:00,2600.0,2616.0,2600.0,2614.0,18.5131,1634873399999,48302.9716,368,12.2313,31914.7873,0
2021-10-22 03:30:00,2614.0,2622.0,2609.0,2620.0,9.0764,1634875199999,23733.7205,179,3.9592,10355.1662,0
2021-10-22 04:00:00,2620.0,2622.0,2611.0,2616.0,27.9684,1634876999999,73137.4116,303,12.1903,31882.7886,0
2021-10-22 04:30:00,2616.0,2623.0,2604.0,2606.0,74.1461,1634878799999,193646.8918,834,36.1312,94386.7064,0
2021-10-22 05:00:00,2606.0,2612.0,2590.0,2593.0,42.7084,1634880599999,111096.2145,907,24.2411,63099.2869,0
2021-10-22 05:30:00,2591.0,2602.0,2590.0,2600.0,46.4092,1634882399999,120471.5476,544,27.3908,71119.197,0
2021-10-22 06:00:00,2603.0,2606.0,2576.0,2577.0,86.5785,1634884199999,224257.9954,867,32.2213,83581.2356,0
2021-10-22 06:30:00,2579.0,2584.0,2572.0,2579.0,53.0164,1634885999999,136673.8873,951,23.3709,60253.9307,0
2021-10-22 07:00:00,2579.0,2585.0,2570.0,2582.0,63.4544,1634887799999,163560.2507,775,30.3338,78197.5348,0
2021-10-22 07:30:00,2583.0,2594.0,2580.0,2593.0,31.8122,1634889599999,82320.6138,525,15.829,40973.4258,0
2021-10-22 08:00:00,2593.0,2598.0,2587.0,2591.0,51.2621,1634891399999,132854.7526,530,23.7638,61617.4471,0
2021-10-22 08:30:00,2592.0,2610.0,2587.0,2600.0,154.025,1634893199999,400195.713,974,104.7652,272221.8979,0
2021-10-22 09:00:00,2599.0,2604.0,2587.0,2588.0,76.8994,1634894999999,199588.3564,582,46.4864,120622.9192,0
2021-10-22 09:30:00,2588.0,2591.0,2575.0,2584.0,92.1981,1634896799999,238111.4126,882,65.1447,168265.2146,0
2021-10-22 10:00:00,2585.0,2588.0,2570.0,2574.0,26.436,1634898599999,68248.1758,239,15.0002,38730.4409,0
2021-10-22 10:30:00,2572.0,2579.0,2570.0,2574.0,23.3953,1634900399999,60234.5987,326,12.9048,33235.3198,0
2021-10-22 11:00:00,2573.0,2589.0,2570.0,2589.0,28.2127,1634902199999,72714.2779,401,16.2677,41959.8166,0
2021-10-22 11:30:00,2589.0,2600.0,2586.0,2594.0,52.7932,1634903999999,136867.2033,592,30.8538,80003.2632,0
2021-10-22 12:00:00,2594.0,2597.0,2583.0,2592.0,37.1638,1634905799999,96250.5048,599,21.2671,55091.9792,0
2021-10-22 12:30:00,2592.0,2608.0,2588.0,2607.0,33.6333,1634907599999,87394.0014,433,13.3593,34744.3691,0
2021-10-22 13:00:00,2607.0,2607.0,2585.0,2593.0,42.7931,1634909399999,111047.0128,363,29.4259,76346.1242,0
2021-10-22 13:30:00,2594.0,2595.0,2555.0,2557.0,76.2214,1634911199999,195960.794,614,38.6872,99547.7614,0
2021-10-22 14:00:00,2558.0,2558.0,2531.0,2542.0,80.5766,1634912999999,205097.8534,863,33.6488,85690.4248,0
2021-10-22 14:30:00,2542.0,2551.0,2524.0,2551.0,57.6164,1634914799999,146060.5486,519,31.5986,80167.3475,0
2021-10-22 15:00:00,2549.0,2555.0,2526.0,2529.0,41.7163,1634916599999,106048.2922,495,21.1737,53818.1492,0
2021-10-22 15:30:00,2529.0,2541.0,2525.0,2525.0,39.2109,1634918399999,99317.5092,568,24.911,63115.1764,0
2021-10-22 16:00:00,2524.0,2546.0,2504.0,2545.0,146.7086,1634920199999,370159.3236,1417,77.3451,195286.7326,0
2021-10-22 16:30:00,2547.0,2548.0,2535.0,2538.0,25.4035,1634921999999,64538.206,245,10.0733,25595.5355,0
2021-10-22 17:00:00,2539.0,2547.0,2526.0,2530.0,33.6361,1634923799999,85499.6285,322,20.561,52298.9522,0
2021-10-22 17:30:00,2529.0,2537.0,2522.0,2524.0,26.4183,1634925599999,66777.7396,220,12.8642,32529.0481,0
2021-10-22 18:00:00,2524.0,2542.0,2521.0,2530.0,113.8836,1634927399999,288331.6811,837,67.1291,169928.8467,0
2021-10-22 18:30:00,2529.0,2543.0,2529.0,2532.0,18.2625,1634929199999,46312.4695,233,9.0734,23014.1653,0
2021-10-22 19:00:00,2533.0,2534.0,2515.0,2522.0,75.7718,1634930999999,191052.4703,787,54.3181,136935.1356,0
2021-10-22 19:30:00,2520.0,2528.0,2512.0,2526.0,33.0261,1634932799999,83185.0356,259,16.7179,42137.523,0
2021-10-22 20:00:00,2526.0,2531.0,2519.0,2524.0,17.6115,1634934599999,44462.5674,162,8.8042,22235.8649,0
2021-10-22 20:30:00,2521.0,2532.0,2517.0,2519.0,24.3493,1634936399999,61478.0879,234,11.6253,29354.6496,0
2021-10-22 21:00:00,2519.0,2522.0,2511.0,2514.0,14.1737,1634938199999,35663.425,155,9.4568,23802.5258,0
2021-10-22 21:30:00,2514.0,2516.0,2498.0,2501.0,43.9001,1634939999999,109968.2975,581,13.4041,33610.221,0
2021-10-22 22:00:00,2503.0,2514.0,2503.0,2509.0,26.1424,1634941799999,65569.4878,519,11.4652,28754.326,0
2021-10-22 22:30:00,2510.0,2524.0,2510.0,2520.0,14.1885,1634943599999,35700.3857,325,7.1664,18035.3598,0
2021-10-22 23:00:00,2522.0,2526.0,2519.0,2524.0,8.1164,1634945399999,20472.2402,133,5.5537,14011.2042,0
2021-10-22 23:30:00,2524.0,2526.0,2519.0,2520.0,5.5678,1634947199999,14038.9551,118,2.3228,5858.8058,0
2021-10-23 00:00:00,2521.0,2524.0,2501.0,2519.0,17.717,1634948999999,44504.1922,233,9.6273,24192.9996,0
2021-10-23 00:30:00,2521.0,2526.0,2508.0,2523.0,31.4827,1634950799999,79295.7289,472,18.3023,46106.5007,0
2021-10-23 01:00:00,2525.0,2527.0,2522.0,2525.0,11.771,1634952599999,29713.7344,125,7.2335,18265.3085,0
2021-10-23 01:30:00,2524.0,2524.0,2511.0,2519.0,24.0744,1634954399999,60568.8365,838,4.3577,10966.5371,0
2021-10-23 02:00:00,2520.0,2528.0,2518.0,2523.0,25.5711,1634956199999,64526.9705,462,8.8765,22397.7242,0
2021-10-23 02:30:00,2524.0,2529.0,2519.0,2523.0,25.6616,1634957999999,64802.015,538,15.2617,38548.6591,0
2021-10-23 03:00:00,2523.0,2528.0,2518.0,2518.0,10.1313,1634959799999,25578.0411,210,3.4577,8731.1079,0
2021-10-23 03:30:00,2519.0,2527.0,2515.0,2521.0,23.4317,1634961599999,59107.3242,223,14.4479,36447.0456,0
2021-10-23 04:00:00,2524.0,2533.0,2520.0,2532.0,10.7566,1634963399999,27188.2557,184,6.5866,16648.075,0
2021-10-23 04:30:00,2533.0,2534.0,2522.0,2530.0,21.5065,1634965199999,54357.8625,276,10.2639,25948.307,0
2021-10-23 05:00:00,2528.0,2531.0,2517.0,2517.0,21.6491,1634966999999,54641.5018,204,11.5185,29074.7652,0
2021-10-23 05:30:00,2518.0,2524.0,2515.0,2517.0,17.8728,1634968799999,45023.9926,237,9.5699,24120.1572,0
2021-10-23 06:00:00,2516.0,2517.0,2510.0,2514.0,12.4254,1634970599999,31224.7482,252,7.1751,18033.8269,0
2021-10-23 06:30:00,2517.0,2528.0,2512.0,2528.0,17.9387,1634972399999,45212.866,411,10.3363,26049.0612,0
2021-10-23 07:00:00,2528.0,2530.0,2513.0,2517.0,18.9837,1634974199999,47850.2882,341,9.0179,22738.2622,0
2021-10-23 07:30:00,2517.0,2522.0,2508.0,2516.0,37.2615,1634975999999,93683.7292,321,10.6943,26916.8827,0
2021-10-23 08:00:00,2518.0,2532.0,2516.0,2531.0,19.9635,1634977799999,50441.2363,292,12.7974,32329.702,0
2021-10-23 08:30:00,2530.0,2531.0,2527.0,2529.0,13.1711,1634979599999,33312.2914,293,5.1206,12955.2171,0
2021-10-23 09:00:00,2530.0,2537.0,2509.0,2511.0,57.3957,1634981399999,144707.1269,496,17.8313,44978.1965,0
2021-10-23 09:30:00,2512.0,2524.0,2506.0,2517.0,21.7633,1634983199999,54736.4104,326,9.6911,24392.0441,0
2021-10-23 10:00:00,2517.0,2524.0,2515.0,2515.0,22.1641,1634984999999,55819.7359,395,8.49,21385.0448,0
2021-10-23 10:30:00,2515.0,2518.0,2499.0,2499.0,56.7024,1634986799999,142114.6774,415,17.0237,42641.302,0
2021-10-23 11:00:00,2499.0,2538.0,2489.0,2535.0,113.2533,1634988599999,285111.8288,1077,59.4977,150010.169,0
2021-10-23 11:30:00,2536.0,2544.0,2533.0,2543.0,57.1802,1634990399999,145210.3687,445,25.3828,64482.212,0
2021-10-23 12:00:00,2543.0,2546.0,2536.0,2538.0,11.9849,1634992199999,30438.0874,219,8.1378,20670.2915,0
2021-10-23 12:30:00,2538.0,2546.0,2533.0,2537.0,29.7737,1634993999999,75646.0565,222,15.1374,38473.563,0
2021-10-23 13:00:00,2536.0,2541.0,2525.0,2525.0,31.9326,1634995799999,80873.1875,270,13.866,35119.9114,0
2021-10-23 13:30:00,2526.0,2531.0,2522.0,2524.0,48.173,1634997599999,121683.6257,401,17.5051,44242.8281,0
2021-10-23 14:00:00,2525.0,2530.0,2513.0,2514.0,24.0687,1634999399999,60671.8587,372,14.596,36797.5509,0
2021-10-23 14:30:00,2513.0,2524.0,2512.0,2516.0,33.031,1635001199999,83169.8463,289,9.9751,25114.9498,0
2021-10-23 15:00:00,2518.0,2531.0,2514.0,2529.0,20.5634,1635002999999,51825.2248,206,14.1106,35563.0346,0
2021-10-23 15:30:00,2532.0,2536.0,2512.0,2528.0,55.5475,1635004799999,140203.6913,409,20.3658,51448.1044,0
2021-10-23 16:00:00,2531.0,2541.0,2529.0,2540.0,33.0236,1635006599999,83777.0249,418,15.6396,39670.6983,0
2021-10-23 16:30:00,2540.0,2540.0,2514.0,2520.0,47.5159,1635008399999,119986.4554,517,19.648,49618.5362,0
2021-10-23 17:00:00,2521.0,2522.0,2508.0,2518.0,42.3171,1635010199999,106377.3281,533,15.9019,39972.2937,0
2021-10-23 17:30:00,2518.0,2530.0,2509.0,2518.0,39.4865,1635011999999,99492.3785,415,26.2922,66242.0487,0
2021-10-23 18:00:00,2518.0,2521.0,2515.0,2516.0,12.4731,1635013799999,31404.455,202,5.4661,13766.4952,0
2021-10-23 18:30:00,2516.0,2519.0,2507.0,2512.0,12.6797,1635015599999,31867.2576,145,8.4914,21342.9638,0
2021-10-23 19:00:00,2512.0,2512.0,2496.0,2499.0,47.8988,1635017399999,119953.9648,411,21.6322,54226.5764,0
2021-10-23 19:30:00,2499.0,2507.0,2495.0,2502.0,36.0212,1635019199999,90037.0287,300,21.2943,53233.5089,0
2021-10-23 20:00:00,2503.0,2506.0,2497.0,2499.0,12.6252,1635020999999,31578.5273,159,4.9694,12431.5994,0
2021-10-23 20:30:00,2501.0,2507.0,2500.0,2502.0,5.5517,1635022799999,13895.4139,108,2.9412,7362.3643,0
2021-10-23 21:00:00,2503.0,2511.0,2503.0,2508.0,6.2022,1635024599999,15543.0861,89,3.7669,9441.0896,0
2021-10-23 21:30:00,2505.0,2514.0,2502.0,2512.0,13.2927,1635026399999,33354.5969,189,6.637,16656.0929,0
2021-10-23 22:00:00,2512.0,2518.0,2510.0,2516.0,13.2695,1635028199999,33343.492,184,7.1487,17969.9422,0
2021-10-23 22:30:00,2514.0,2516.0,2506.0,2511.0,9.7777,1635029999999,24546.4575,114,4.0848,10257.914,0
2021-10-23 23:00:00,2511.0,2521.0,2501.0,2521.0,25.445,1635031799999,63844.191,233,8.3991,21100.0704,0
2021-10-23 23:30:00,2519.0,2526.0,2516.0,2526.0,9.7421,1635033599999,24549.3951,174,3.6113,9107.1507,0
2021-10-24 00:00:00,2527.0,2531.0,2521.0,2524.0,36.1377,1635035399999,91257.6876,334,19.8724,50194.7023,0
2021-10-24 00:30:00,2524.0,2524.0,2516.0,2521.0,10.0208,1635037199999,25252.9691,105,4.7663,12015.6673,0
2021-10-24 01:00:00,2520.0,2528.0,2514.0,2519.0,33.8176,1635038999999,85212.1711,225,7.5472,19023.6535,0
2021-10-24 01:30:00,2520.0,2521.0,2510.0,2517.0,16.6248,1635040799999,41857.868,146,6.8467,17244.7661,0
2021-10-24 02:00:00,2517.0,2520.0,2509.0,2510.0,26.1533,1635042599999,65753.12,218,7.9403,19967.8666,0
2021-10-24 02:30:00,2509.0,2516.0,2505.0,2513.0,20.5262,1635044399999,51517.0996,203,5.7129,14338.9101,0
2021-10-24 03:00:00,2512.0,2517.0,2509.0,2513.0,9.8234,1635046199999,24686.5347,87,7.2263,18163.0284,0
2021-10-24 03:30:00,2511.0,2519.0,2508.0,2512.0,41.9478,1635047999999,105426.8541,225,20.5678,51729.0765,0
2021-10-24 04:00:00,2511.0,2514.0,2506.0,2513.0,23.3132,1635049799999,58519.3808,172,9.6196,24143.3416,0
2021-10-24 04:30:00,2514.0,2514.0,2508.0,2508.0,13.183,1635051599999,33082.495,158,8.1025,20333.0495,0
2021-10-24 05:00:00,2509.0,2516.0,2504.0,2516.0,7.7644,1635053399999,19478.179,176,5.0088,12567.2016,0
2021-10-24 05:30:00,2516.0,2519.0,2514.0,2515.0,14.2222,1635055199999,35793.9918,181,9.7532,24551.3504,0
2021-10-24 06:00:00,2515.0,2522.0,2507.0,2514.0,47.9476,1635056999999,120602.2378,349,34.9701,87954.4806,0
2021-10-24 06:30:00,2515.0,2517.0,2499.0,2503.0,23.0055,1635058799999,57714.7371,358,14.0686,35311.8086,0
2021-10-24 07:00:00,2504.0,2514.0,2495.0,2509.0,27.0616,1635060599999,67723.3345,329,12.5569,31440.0106,0
2021-10-24 07:30:00,2508.0,2513.0,2503.0,2505.0,25.6012,1635062399999,64200.3243,179,8.7868,22036.8162,0
2021-10-24 08:00:00,2505.0,2508.0,2494.0,2495.0,36.0273,1635064199999,90047.3859,277,19.682,49189.7544,0
2021-10-24 08:30:00,2496.0,2508.0,2490.0,2492.0,38.0474,1635065999999,95035.2267,521,26.3394,65782.9543,0
2021-10-24 09:00:00,2491.0,2516.0,2489.0,2513.0,34.9499,1635067799999,87596.4406,450,21.9255,54978.6214,0
2021-10-24 09:30:00,2514.0,2515.0,2513.0,2513.0,1.1522,1635069599999,2896.5939,17,0.4055,1019.3901,0
2021-10-24 09:30:00,2514.00000000,2515.00000000,2497.00000000,2500.00000000,29.74450000,1635069599999,74513.67390000,348,15.22710000,38150.46360000,0
2021-10-24 10:00:00,2500.00000000,2506.00000000,2495.00000000,2496.00000000,36.88750000,1635071399999,92119.13350000,210,21.08540000,52640.57640000,0
